benchmark_id,query_id,query_text,query_norm,route,resolution_method,resolution_confidence,resolution_note,row_count,canonical_intent,persona_hint,observed_intents,observed_personas,source_files,predicted_route,confidence,decision_source,raw_route,correct,false_short_circuit,latency_ms,probability_short_circuit,probability_medium,probability_complex,probability_llm_needed
qirv1-0001,3b9f8f47e431645a,what schools should i apply to for nursing not Florida under 40k,what schools should i apply to for nursing not florida under 40k,complex,intent_policy,0.98,Recognized intents consistently map to one frozen V1 route,1,recommendation,high_school_student,recommendation:1,high_school_student:1,Data - Shivansh.csv,complex,0.9636444347791265,calibrated_model,complex,True,False,7.621217999997043,0.007733000027654976,0.01663020339018553,0.9636444347791265,0.011992361803032906
qirv1-0002,b4521e66ebe09d8f,colleges on the East Coast under 30k with strong research and internships,colleges on the east coast under 30k with strong research and internships,complex,intent_policy,0.98,Recognized intents consistently map to one frozen V1 route,2,multi_constraint,counselor_teacher,multi_constraint:2,college_student:1|counselor_teacher:1,Data - Shivansh.csv,complex,0.9487121855202995,calibrated_model,complex,True,False,7.550887000007833,0.021218006203907958,0.026781441233098714,0.9487121855202995,0.0032883670426939026
qirv1-0003,0400ac4ceff3aa72,can we integrate your platform with our CRM system,can we integrate your platform with our crm system,complex,unanimous_observed,1.0,All valid historical route labels agree,1,technical,college_b2b,technical:1,college_b2b:1,Data - Ridhi.csv,medium,0.5895175123946039,calibrated_model,medium,False,False,7.457352999978184,0.014488060373671112,0.5895175123946039,0.23514080583261918,0.16085362139910594
qirv1-0004,5d0bc196497e70f1,affordable political science schools in Texas with good job placement,affordable political science schools in texas with good job placement,complex,intent_policy,0.98,Recognized intents consistently map to one frozen V1 route,1,multi_constraint,college_student,multi_constraint:1,college_student:1,Data - Shivansh.csv,complex,0.9245243206633367,calibrated_model,complex,True,False,7.508078000000751,0.005937003573777344,0.06641878441730935,0.9245243206633367,0.003119891345576572
qirv1-0005,6d61f025e104a1f1,what is the helicopter parent trap and how to avoid it,what is the helicopter parent trap and how to avoid it,llm_needed,intent_policy,0.98,Recognized intents consistently map to one frozen V1 route,1,emotional_advisory,parent,emotional_advisory:1,parent:1,Data - Ridhi.csv,llm_needed,0.6262218479065037,calibrated_model,llm_needed,True,False,7.665400000007594,0.1098183386858776,0.262258343975125,0.0017014694324936676,0.6262218479065037
qirv1-0006,952dcaf6392fdcca,do colleges consider course load senior year,do colleges consider course load senior year,medium,intent_policy,0.98,Recognized intents consistently map to one frozen V1 route,1,admissions_process,high_school_student,admissions_process:1,high_school_student:1,Data - Anika.csv,medium,0.5738443479876841,calibrated_model,medium,True,False,7.347898000006126,0.05431014018534767,0.5738443479876841,0.01743840019736922,0.35440711162959887
qirv1-0007,e0da91823fd164b4,how employers view interdisciplinary certificates,how employers view interdisciplinary certificates,medium,unanimous_observed,1.0,All valid historical route labels agree,1,guidance,advisor,guidance:1,advisor:1,Data - Anika.csv,medium,0.7361314232164248,calibrated_model,medium,True,False,7.424831999998105,0.07422816917931775,0.7361314232164248,0.01324944201556307,0.17639096558869446
qirv1-0008,a296ec02e7ceeb39,how to advise students about the value of internships and when to pursue them,how to advise students about the value of internships and when to pursue them,llm_needed,intent_policy,0.98,Recognized intents consistently map to one frozen V1 route,1,advisory,advisor,advisory:1,advisor:1,Data - Ridhi.csv,llm_needed,0.6407474331601545,calibrated_model,llm_needed,True,False,7.550125999983948,0.3302535113650758,0.02714304758079868,0.0018560078939709962,0.6407474331601545
qirv1-0009,7fd98a5676790124,does Duke have data science,does duke have data science,short_circuit,intent_policy,0.98,Recognized intents consistently map to one frozen V1 route,2,attribute_lookup,advisor,attribute_lookup:2,advisor:1|college_student:1,Data - Shivansh.csv,short_circuit,0.8181225370186573,calibrated_model,short_circuit,True,False,7.333490999997139,0.8181225370186573,0.14585178322681136,0.01382724415458865,0.02219843559994264
qirv1-0010,9687890832257857,how to counsel students on negotiating their first salary,how to counsel students on negotiating their first salary,llm_needed,intent_policy,0.98,Recognized intents consistently map to one frozen V1 route,1,advisory,advisor,advisory:1,advisor:1,Data - Ridhi.csv,llm_needed,0.8316499975015433,calibrated_model,llm_needed,True,False,7.51155400001835,0.10051105503374584,0.06415663716112054,0.0036823103035902825,0.8316499975015433
qirv1-0011,7b80daaaf7c4038b,which universities have strong programs placing students in rural health corps positions,which universities have strong programs placing students in rural health corps positions,medium,intent_policy,0.98,Recognized intents consistently map to one frozen V1 route,1,filtered_search,nonprofit_advisor,filtered_search:1,nonprofit_advisor:1,Data Anthony.csv,medium,0.9445756345670754,calibrated_model,medium,True,False,7.664188999996213,0.02916042990791316,0.9445756345670754,0.008392589397580256,0.017871346127431242
qirv1-0012,9eb48d246441bcae,how to write an email to a professor that doesn't sound dumb,how to write an email to a professor that doesn't sound dumb,llm_needed,intent_policy,0.98,Recognized intents consistently map to one frozen V1 route,1,advisory,college_student,advisory:1,college_student:1,Data - Ridhi.csv,llm_needed,0.8302451962100137,calibrated_model,llm_needed,True,False,7.677643999983275,0.10532637045422254,0.062136478350994694,0.002291954984769106,0.8302451962100137
qirv1-0013,a46c32400ae1cec7,what is a holds advisor and what kinds of holds affect students most,what is a holds advisor and what kinds of holds affect students most,medium,unanimous_observed,1.0,All valid historical route labels agree,1,factual,advisor,factual:1,advisor:1,Data - Ridhi.csv,medium,0.6004991297778769,calibrated_model,medium,True,False,7.5507569999899715,0.046445581012484145,0.6004991297778769,0.01035236405846547,0.3427029251511735
qirv1-0014,da93aa7f97553ffb,what essays does Columbia require,what essays does columbia require,medium,intent_policy,0.98,Recognized intents consistently map to one frozen V1 route,2,admissions_process,counselor_teacher,admissions_process:2,college_student:1|counselor_teacher:1,Data - Shivansh.csv,short_circuit,0.6677014613040342,calibrated_model,short_circuit,False,True,7.233984999999166,0.6677014613040342,0.2212978894940796,0.015781433668919237,0.09521921553296701
qirv1-0015,8c8ab5748f07e8eb,affordable computer science schools near Chicago with good internships,affordable computer science schools near chicago with good internships,complex,intent_policy,0.98,Recognized intents consistently map to one frozen V1 route,3,multi_constraint,college_student,multi_constraint:3,advisor:1|college_student:1|counselor_teacher:1,Data - Shivansh.csv,complex,0.9464094087683753,calibrated_model,complex,True,False,7.514999999983729,0.0030243215450194874,0.044825688666839565,0.9464094087683753,0.005740581019765597
qirv1-0016,524d61e17e357686,Arizona State,arizona state,short_circuit,intent_policy,0.98,Recognized intents consistently map to one frozen V1 route,14,exact_lookup,college_student,exact_lookup:14,college_student:6|counselor_teacher:2|high_school_student:1|parent:5,Data - Shivansh.csv,short_circuit,0.860472085115053,calibrated_model,short_circuit,True,False,7.209159000012733,0.860472085115053,0.038052041453012005,0.08460369195959612,0.016872181472338862
qirv1-0017,947b5030f8c7b108,schools with mental health resources,schools with mental health resources,llm_needed,intent_policy,0.98,Recognized intents consistently map to one frozen V1 route,1,campus_life_fit,parent,campus_life_fit:1,parent:1,Data - Anika.csv,llm_needed,0.1341746960625438,low_confidence_fallback,short_circuit,True,False,7.20804700000599,0.506449605974721,0.334883192791676,0.024492505171059203,0.1341746960625438
qirv1-0018,7c1a92dfd094b137,what jobs hire people with history degrees,what jobs hire people with history degrees,llm_needed,intent_policy,0.98,Recognized intents consistently map to one frozen V1 route,1,advisory,college_student,advisory:1,college_student:1,Data - Ridhi.csv,llm_needed,0.7983712201186158,calibrated_model,llm_needed,True,False,7.585320999993428,0.06342787637090695,0.12407254560452304,0.014128357905954186,0.7983712201186158
qirv1-0019,c64a6d14bbdf407a,what role should teachers play in college counseling conversations,what role should teachers play in college counseling conversations,llm_needed,intent_policy,0.98,Recognized intents consistently map to one frozen V1 route,1,advisory,counselor,advisory:1,counselor:1,Data - Ridhi.csv,llm_needed,0.733090758896889,calibrated_model,llm_needed,True,False,7.498279000003549,0.021962756049893353,0.236086961657156,0.008859523396061693,0.733090758896889
qirv1-0020,c9720398654d70f3,how to build a robust institutional advancement and fundraising office,how to build a robust institutional advancement and fundraising office,short_circuit,intent_policy,0.98,Recognized intents consistently map to one frozen V1 route,1,attribute_lookup,college,attribute_lookup:1,college:1,Data - Edward.csv,short_circuit,0.8845666395108546,calibrated_model,short_circuit,True,False,7.5988460000075975,0.8845666395108546,0.04751836608273341,0.003354937846247927,0.06456005656016404
qirv1-0021,02ae62b4add038e6,How do design graduates improve weak portfolios for employment?,how do design graduates improve weak portfolios for employment,llm_needed,intent_policy,0.98,Recognized intents consistently map to one frozen V1 route,1,advisory,employer_recruiter,advisory:1,employer_recruiter:1,Data - Nimisha.csv,llm_needed,0.8707968010156097,calibrated_model,llm_needed,True,False,7.534808000002613,0.038396371059200546,0.08360742565821337,0.007199402266976539,0.8707968010156097
qirv1-0022,5f5f4d30730cdbea,how to create a retention dashboard to track institutional progress,how to create a retention dashboard to track institutional progress,short_circuit,intent_policy,0.98,Recognized intents consistently map to one frozen V1 route,1,attribute_lookup,college,attribute_lookup:1,college:1,Data - Edward.csv,short_circuit,0.7858270783298913,calibrated_model,short_circuit,True,False,7.604917999998406,0.7858270783298913,0.12247308089582502,0.002943696785443846,0.08875614398883984
qirv1-0023,53333db75d7d2eb8,how to tailor advising approaches for adult learners returning to college,how to tailor advising approaches for adult learners returning to college,llm_needed,intent_policy,0.98,Recognized intents consistently map to one frozen V1 route,1,emotional_advisory,advisor,emotional_advisory:1,advisor:1,Data - Edward.csv,llm_needed,0.5954393422998283,calibrated_model,llm_needed,True,False,7.612031000007846,0.36072198356633484,0.03522569923079807,0.008612974903038762,0.5954393422998283
qirv1-0024,0808f3c939926fc3,universities with low textbook costs,universities with low textbook costs,short_circuit,intent_policy,0.98,Recognized intents consistently map to one frozen V1 route,1,attribute_lookup,highschool_student,attribute_lookup:1,highschool_student:1,Data - Ridhi.csv,llm_needed,0.013912788157491814,low_confidence_fallback,short_circuit,False,False,7.540237000000616,0.5549901943782001,0.36878988541830804,0.062307132046000045,0.013912788157491814
qirv1-0025,97981feafbe26568,edtech build ai bootcamp,edtech build ai bootcamp,complex,intent_policy,0.98,Recognized intents consistently map to one frozen V1 route,1,strategy,edtech_founder,strategy:1,edtech_founder:1,Data - Nimisha.csv,complex,0.7194713635287351,calibrated_model,complex,True,False,7.3911190000046645,0.12555664899950472,0.027383596035676597,0.7194713635287351,0.1275883914360837
qirv1-0026,213b81af95304278,UC Berkeley vibe,uc berkeley vibe,llm_needed,intent_policy,0.98,Recognized intents consistently map to one frozen V1 route,1,campus_life_fit,parent,campus_life_fit:1,parent:1,Data - Shivansh.csv,llm_needed,0.1434108074461737,low_confidence_fallback,short_circuit,True,False,7.193370000010191,0.37202200650917794,0.2379412395925661,0.24662594645208216,0.1434108074461737
qirv1-0027,2cb6aa429b15e11a,what to do if my roommate and I don't get along,what to do if my roommate and i don't get along,llm_needed,intent_policy,0.98,Recognized intents consistently map to one frozen V1 route,1,emotional_advisory,college_student,emotional_advisory:1,college_student:1,Data - Ridhi.csv,llm_needed,0.9586215495276499,calibrated_model,llm_needed,True,False,7.6015409999854455,0.012425731327535166,0.016766669635427788,0.012186049509387177,0.9586215495276499
qirv1-0028,1779acb47ca5dabb,University of Florida internships,university of florida internships,short_circuit,intent_policy,0.98,Recognized intents consistently map to one frozen V1 route,1,attribute_lookup,counselor_teacher,attribute_lookup:1,counselor_teacher:1,Data - Shivansh.csv,short_circuit,0.8656968780094632,calibrated_model,short_circuit,True,False,7.346976000007999,0.8656968780094632,0.0297918488862375,0.09276783308509495,0.011743440019204453
qirv1-0029,bfd8338264ff591c,institutional branding guidelines,institutional branding guidelines,medium,intent_policy,0.98,Recognized intents consistently map to one frozen V1 route,1,profile_management,college_b2b,profile_management:1,college_b2b:1,Data - Anika.csv,medium,0.7625811701342237,calibrated_model,medium,True,False,7.270583999996916,0.16632887908053254,0.7625811701342237,0.02638602701992694,0.04470392376531679
qirv1-0030,b06f1c09c139cba7,Stanford tuition vs UC Berkeley tuition,stanford tuition vs uc berkeley tuition,complex,intent_policy,0.98,Recognized intents consistently map to one frozen V1 route,1,comparison,counselor_teacher,comparison:1,counselor_teacher:1,Data - Shivansh.csv,complex,0.736597560793182,calibrated_model,complex,True,False,7.280090999984168,0.2485848680899426,0.011791896558648582,0.736597560793182,0.0030256745582267716
qirv1-0031,5ad3c3f9c879c3c8,recommend medium-sized colleges near a major tech hub for aerospace engineering reach schools,recommend medium-sized colleges near a major tech hub for aerospace engineering reach schools,complex,intent_policy,0.98,Recognized intents consistently map to one frozen V1 route,1,recommendation,parent,recommendation:1,parent:1,Data - Shivansh.csv,complex,0.9602252058890911,calibrated_model,complex,True,False,7.897904000003564,0.0026390327557459466,0.03241575461541927,0.9602252058890911,0.0047200067397437425
qirv1-0032,51eaaa6550887c77,how to appeal waitlist decisions,how to appeal waitlist decisions,medium,intent_policy,0.98,Recognized intents consistently map to one frozen V1 route,1,admissions_process,parent,admissions_process:1,parent:1,Data - Anika.csv,llm_needed,0.41475745746343123,low_confidence_fallback,llm_needed,False,False,7.258931999984952,0.32722945269959186,0.25480043616602155,0.0032126536709554134,0.41475745746343123
qirv1-0033,95c38609200d027a,universities with strong linguistics research,universities with strong linguistics research,short_circuit,intent_policy,0.98,Recognized intents consistently map to one frozen V1 route,1,attribute_lookup,highschool_student,attribute_lookup:1,highschool_student:1,Data - Ridhi.csv,short_circuit,0.6173452898908901,calibrated_model,short_circuit,True,False,7.398933999979818,0.6173452898908901,0.0785938785432926,0.2969645388936235,0.007096292672193784
qirv1-0034,8f019668a887d788,schools with campus-wide language exchange programs,schools with campus-wide language exchange programs,short_circuit,intent_policy,0.98,Recognized intents consistently map to one frozen V1 route,1,attribute_lookup,highschool_student,attribute_lookup:1,highschool_student:1,Data - Edward.csv,short_circuit,0.8886891640252429,calibrated_model,short_circuit,True,False,7.4290999999959695,0.8886891640252429,0.08319545799771094,0.005580156101744751,0.0225352218753014
qirv1-0035,b5255a77b69a281c,University of Washington scholarships,university of washington scholarships,medium,intent_policy,0.98,Recognized intents consistently map to one frozen V1 route,2,cost_financial_aid,high_school_student,cost_financial_aid:2,advisor:1|high_school_student:1,Data - Shivansh.csv,short_circuit,0.8821137229022421,calibrated_model,short_circuit,False,True,7.279661000012538,0.8821137229022421,0.08481250287762636,0.009780657886376542,0.02329311633375505
qirv1-0036,eb20888e3dd74966,large computer science colleges near a major tech hub under 40k not too competitive,large computer science colleges near a major tech hub under 40k not too competitive,complex,intent_policy,0.98,Recognized intents consistently map to one frozen V1 route,1,multi_constraint,college_student,multi_constraint:1,college_student:1,Data - Shivansh.csv,complex,0.9487607663419767,calibrated_model,complex,True,False,7.657937000004722,0.0028109279768381377,0.039440659705621404,0.9487607663419767,0.0089876459755637
qirv1-0037,f55d8880534f6c75,best biology schools in Texas,best biology schools in texas,medium,intent_policy,0.98,Recognized intents consistently map to one frozen V1 route,2,filtered_search,advisor,filtered_search:2,advisor:1|parent:1,Data - Shivansh.csv,medium,0.9560037627868075,calibrated_model,medium,True,False,7.799320999993142,0.0026981999566794436,0.9560037627868075,0.035401256326998504,0.005896780929514391
qirv1-0038,8095165ca59b0105,good schools for kids who are smart but not great test takers,good schools for kids who are smart but not great test takers,llm_needed,intent_policy,0.98,Recognized intents consistently map to one frozen V1 route,1,advisory,parent,advisory:1,parent:1,Data Anthony.csv,llm_needed,0.518750205913077,calibrated_model,llm_needed,True,False,9.343131000008498,0.0007586239540233599,0.1366234158859866,0.34386775424691307,0.518750205913077
qirv1-0039,1a055ea9425b2406,colleges with strong literacy education programs,colleges with strong literacy education programs,medium,intent_policy,0.98,Recognized intents consistently map to one frozen V1 route,1,filtered_search,urban_teacher,filtered_search:1,urban_teacher:1,Data Anthony.csv,short_circuit,0.6349507836471857,calibrated_model,short_circuit,False,True,7.665559999992411,0.6349507836471857,0.32769048853269966,0.03689020428681364,0.000468523533300993
qirv1-0040,54d9a43114ae3d42,affordable mechanical engineering schools near a tech hub with good internships,affordable mechanical engineering schools near a tech hub with good internships,complex,intent_policy,0.98,Recognized intents consistently map to one frozen V1 route,1,multi_constraint,college_student,multi_constraint:1,college_student:1,Data - Shivansh.csv,complex,0.956880743099442,calibrated_model,complex,True,False,7.793369000012262,0.0031373333365848784,0.03232245250363875,0.956880743099442,0.007659471060334367
qirv1-0041,b3f0d31b5c8a67ff,urban universities with strong practicum placements in city schools,urban universities with strong practicum placements in city schools,medium,intent_policy,0.98,Recognized intents consistently map to one frozen V1 route,1,filtered_search,urban_teacher,filtered_search:1,urban_teacher:1,Data Anthony.csv,medium,0.8022364254811832,calibrated_model,medium,True,False,7.589619000015091,0.07543523208302765,0.8022364254811832,0.11516514512465471,0.007163197311134364
qirv1-0042,6d73544aa022e282,colleges where alumni commonly return to give back to their communities,colleges where alumni commonly return to give back to their communities,medium,intent_policy,0.98,Recognized intents consistently map to one frozen V1 route,1,filtered_search,nonprofit_advisor,filtered_search:1,nonprofit_advisor:1,Data Anthony.csv,medium,0.5390285155305267,calibrated_model,medium,True,False,7.768712999990157,0.2389253423794858,0.5390285155305267,0.02022039613700936,0.20182574595297811
qirv1-0043,14548b70b21a2266,what is the FAFSA and when should we fill it out,what is the fafsa and when should we fill it out,llm_needed,intent_policy,0.98,Recognized intents consistently map to one frozen V1 route,1,advisory,parent,advisory:1,parent:1,Data - Ridhi.csv,llm_needed,0.5258891420050023,calibrated_model,llm_needed,True,False,7.619976000000861,0.040875305960924625,0.4130115918977215,0.020223960136351565,0.5258891420050023
qirv1-0044,05d3837270e671e7,application volume trend modeling,application volume trend modeling,complex,intent_policy,0.98,Recognized intents consistently map to one frozen V1 route,1,analytics_request,college_b2b,analytics_request:1,college_b2b:1,Data - Anika.csv,complex,0.6171184771847226,calibrated_model,complex,True,False,7.342547999996896,0.10720018849036096,0.1370401702604622,0.6171184771847226,0.1386411640644543
qirv1-0045,a7955f28929cdefc,Can graduate applicants receive recommendation letters from industry mentors?,can graduate applicants receive recommendation letters from industry mentors,llm_needed,intent_policy,0.98,Recognized intents consistently map to one frozen V1 route,1,advisory,graduate_applicant,advisory:1,graduate_applicant:1,Data - Nimisha.csv,llm_needed,0.8083009885708031,calibrated_model,llm_needed,True,False,7.7560800000071595,0.010041087755882496,0.14441061478655612,0.03724730888675818,0.8083009885708031
qirv1-0046,aafcfd95fb9b80ab,Vanderbilt vs Princeton for philosophy,vanderbilt vs princeton for philosophy,complex,intent_policy,0.98,Recognized intents consistently map to one frozen V1 route,1,comparison,advisor,comparison:1,advisor:1,Data - Shivansh.csv,complex,0.94537525339747,calibrated_model,complex,True,False,7.373956999998654,0.02956928942787256,0.019345942742109757,0.94537525339747,0.005709514432547688
qirv1-0047,202d1f805744ab63,hiring mgr AI grads applied weak,hiring mgr ai grads applied weak,llm_needed,intent_policy,0.98,Recognized intents consistently map to one frozen V1 route,2,advisory,industry_hiring_manager,advisory:2,industry_hiring_manager:2,Data - Nimisha.csv,llm_needed,0.9444294050541749,calibrated_model,llm_needed,True,False,7.408050000009325,0.018848441825870695,0.02188760300679408,0.014834550113160372,0.9444294050541749
qirv1-0048,5f419d54f346d5ec,affordable private + good dorms,affordable private + good dorms,complex,intent_policy,0.98,Recognized intents consistently map to one frozen V1 route,1,multi_constraint,high_school_student,multi_constraint:1,high_school_student:1,Data Anthony.csv,complex,0.7594615259330598,calibrated_model,complex,True,False,7.2922340000047825,0.023679712434606422,0.005336451016907384,0.7594615259330598,0.21152231061542634
qirv1-0049,bc563b633a1ffa67,schools in colorado,schools in colorado,medium,intent_policy,0.98,Recognized intents consistently map to one frozen V1 route,1,filtered_search,high_school_student,filtered_search:1,high_school_student:1,Data - Anika.csv,medium,0.9424172616437438,calibrated_model,medium,True,False,7.186306999983572,0.00978429948393252,0.9424172616437438,0.028896277558058625,0.018902161314265035
qirv1-0050,17b220811ffce736,how employers evaluate certificates vs minors,how employers evaluate certificates vs minors,medium,unanimous_observed,1.0,All valid historical route labels agree,1,guidance,advisor,guidance:1,advisor:1,Data - Anika.csv,medium,0.45393348011580953,calibrated_model,medium,True,False,7.526180000013483,0.08316821126750584,0.45393348011580953,0.38312494842483785,0.07977336019184672
qirv1-0051,33efef71cee6f963,universities with strong psychology,universities with strong psychology,medium,intent_policy,0.98,Recognized intents consistently map to one frozen V1 route,6,filtered_search,parent,filtered_search:6,advisor:2|counselor_teacher:1|parent:3,Data - Shivansh.csv,complex,0.46082757305845745,short_circuit_gate,short_circuit,False,False,7.277176000002328,0.4685438014927312,0.06875639171435134,0.46082757305845745,0.001872233734460096
qirv1-0052,5d2a54ddc406c958,Community college housing options?,community college housing options,short_circuit,intent_policy,0.98,Recognized intents consistently map to one frozen V1 route,1,exact_lookup,community_college_student,exact_lookup:1,community_college_student:1,Data - Nimisha.csv,short_circuit,0.9548277368431846,calibrated_model,short_circuit,True,False,7.30301400000144,0.9548277368431846,0.016624956193554735,0.0023919268886090335,0.026155380074651766
qirv1-0053,f9154bfc76868471,schools where public health majors get field placements not just lectures,schools where public health majors get field placements not just lectures,medium,intent_policy,0.98,Recognized intents consistently map to one frozen V1 route,1,filtered_search,high_school_student,filtered_search:1,high_school_student:1,Data Anthony.csv,medium,0.8730749797666298,calibrated_model,medium,True,False,7.573930000006612,0.007443143333532445,0.8730749797666298,0.08994203573451746,0.029539841165320185
qirv1-0054,33f9e68a3cb2ed49,how to get more colleges to visit or engage with your high school,how to get more colleges to visit or engage with your high school,llm_needed,intent_policy,0.98,Recognized intents consistently map to one frozen V1 route,1,advisory,counselor,advisory:1,counselor:1,Data - Ridhi.csv,llm_needed,0.7233658514384093,calibrated_model,llm_needed,True,False,7.488550999994459,0.030635432785742645,0.23623314642393925,0.00976556935190877,0.7233658514384093
qirv1-0055,7aa7805abf1f7b15,eng to consulitng how,eng to consulitng how,llm_needed,intent_policy,0.98,Recognized intents consistently map to one frozen V1 route,1,advisory,college_student,advisory:1,college_student:1,Data - Nimisha.csv,llm_needed,0.8870721686765629,calibrated_model,llm_needed,True,False,7.204139999998915,0.10416343030469528,0.006107776750477539,0.002656624268264298,0.8870721686765629
qirv1-0056,949b936ce84c98a5,Brown vs Stanford for computer science,brown vs stanford for computer science,complex,intent_policy,0.98,Recognized intents consistently map to one frozen V1 route,1,comparison,advisor,comparison:1,advisor:1,Data - Shivansh.csv,complex,0.9501065736452601,calibrated_model,complex,True,False,7.470286000000215,0.024896807873585555,0.020458707901198945,0.9501065736452601,0.004537910579955516
qirv1-0057,32840d06393fa4f9,how to advise students preparing for behavioral job interviews,how to advise students preparing for behavioral job interviews,short_circuit,intent_policy,0.98,Recognized intents consistently map to one frozen V1 route,1,attribute_lookup,advisor,attribute_lookup:1,advisor:1,Data - Edward.csv,llm_needed,0.7598574474349995,calibrated_model,llm_needed,False,False,7.546359000002667,0.1647245804551084,0.07430656706101608,0.001111405048876082,0.7598574474349995
qirv1-0058,e88b98f4fb900861,Columbia vs NYU,columbia vs nyu,complex,intent_policy,0.98,Recognized intents consistently map to one frozen V1 route,1,comparison,advisor,comparison:1,advisor:1,Data - Shivansh.csv,complex,0.8821286599744195,calibrated_model,complex,True,False,7.235599000011916,0.10396163035922856,0.011088889181793328,0.8821286599744195,0.0028208204845585456
qirv1-0059,5b034c846f7bc696,Brown tuition vs UC Irvine tuition,brown tuition vs uc irvine tuition,complex,intent_policy,0.98,Recognized intents consistently map to one frozen V1 route,1,comparison,college_student,comparison:1,college_student:1,Data - Shivansh.csv,complex,0.6433621375274101,calibrated_model,complex,True,False,7.358087000000069,0.3378365165885789,0.015871280401651523,0.6433621375274101,0.002930065482359382
qirv1-0060,d31a310033358519,does Caltech have biology,does caltech have biology,short_circuit,intent_policy,0.98,Recognized intents consistently map to one frozen V1 route,1,attribute_lookup,parent,attribute_lookup:1,parent:1,Data - Shivansh.csv,short_circuit,0.8539749482882604,calibrated_model,short_circuit,True,False,7.279731000011225,0.8539749482882604,0.09651024946991883,0.0250762093650775,0.02443859287674328
qirv1-0061,8179baaa7bdea545,cs schools w good social life pls,cs schools w good social life pls,complex,intent_policy,0.98,Recognized intents consistently map to one frozen V1 route,1,multi_constraint,high_school_student,multi_constraint:1,high_school_student:1,Data Anthony.csv,complex,0.4767479455145794,calibrated_model,complex,True,False,7.351325000001907,0.05888876357793691,0.1661726995607577,0.4767479455145794,0.298190591346726
qirv1-0062,1a76a3d23a408224,schools like University of Florida but cheaper,schools like university of florida but cheaper,complex,intent_policy,0.98,Recognized intents consistently map to one frozen V1 route,5,recommendation,counselor_teacher,recommendation:5,college_student:1|counselor_teacher:4,Data - Shivansh.csv,complex,0.9597816433460089,calibrated_model,complex,True,False,7.579158999988067,0.01720845902000753,0.01714053643661833,0.9597816433460089,0.005869361197365135
qirv1-0063,551d54428129421a,schools with health administration programs aligned with regional hospital needs,schools with health administration programs aligned with regional hospital needs,medium,intent_policy,0.98,Recognized intents consistently map to one frozen V1 route,1,filtered_search,district_advisor,filtered_search:1,district_advisor:1,Data Anthony.csv,medium,0.5331394099467296,calibrated_model,medium,True,False,7.755629000001818,0.39036831787991905,0.5331394099467296,0.07074367593083619,0.00574859624251517
qirv1-0064,e3681fa197f93132,schools with campus zip lines or adventure courses,schools with campus zip lines or adventure courses,short_circuit,intent_policy,0.98,Recognized intents consistently map to one frozen V1 route,1,attribute_lookup,highschool_student,attribute_lookup:1,highschool_student:1,Data - Edward.csv,short_circuit,0.705319708124743,calibrated_model,short_circuit,True,False,7.395868000003247,0.705319708124743,0.2323320767075352,0.0035507078014825485,0.05879750736623927
qirv1-0065,4a9fc5ff75b57ae8,Caltech vs USC for chemistry,caltech vs usc for chemistry,complex,intent_policy,0.98,Recognized intents consistently map to one frozen V1 route,1,comparison,college_student,comparison:1,college_student:1,Data - Shivansh.csv,complex,0.9264173916981718,calibrated_model,complex,True,False,7.222183999999743,0.03374755620115806,0.03575770288208147,0.9264173916981718,0.004077349218588734
qirv1-0066,868086d63eb0b8c9,recommend small colleges in the Midwest for chemistry not too competitive,recommend small colleges in the midwest for chemistry not too competitive,complex,intent_policy,0.98,Recognized intents consistently map to one frozen V1 route,1,recommendation,advisor,recommendation:1,advisor:1,Data - Shivansh.csv,complex,0.9435326652944026,calibrated_model,complex,True,False,7.553832000013472,0.0019434443108041976,0.041547124515250416,0.9435326652944026,0.012976765879542744
qirv1-0067,3ae0c5ffa4c31ef4,scholarship officer undergrad success,scholarship officer undergrad success,llm_needed,intent_policy,0.98,Recognized intents consistently map to one frozen V1 route,2,advisory,scholarship_foundation_officer,advisory:2,scholarship_foundation_officer:2,Data - Nimisha.csv,llm_needed,0.7649431994874689,calibrated_model,llm_needed,True,False,7.322751000003791,0.07803571045658651,0.1456342814085193,0.011386808647425292,0.7649431994874689
qirv1-0068,18c77e9a71b2cf75,how do i apply to NYU,how do i apply to nyu,medium,intent_policy,0.98,Recognized intents consistently map to one frozen V1 route,2,admissions_process,parent,admissions_process:2,parent:2,Data - Shivansh.csv,llm_needed,0.9368169902723807,calibrated_model,llm_needed,False,False,7.18089700001201,0.05296024174657843,0.0007359939301818211,0.009486774050858945,0.9368169902723807
qirv1-0069,57621245452aab2f,universities with strong interfaith community service programs,universities with strong interfaith community service programs,medium,intent_policy,0.98,Recognized intents consistently map to one frozen V1 route,1,filtered_search,nonprofit_advisor,filtered_search:1,nonprofit_advisor:1,Data Anthony.csv,short_circuit,0.757781825955897,calibrated_model,short_circuit,False,True,7.649079999993091,0.757781825955897,0.21524712405838486,0.02179877702635326,0.005172272959364827
qirv1-0070,ac81328e3afb5958,colleges near a major tech hub full ride options with strong research and internships,colleges near a major tech hub full ride options with strong research and internships,complex,intent_policy,0.98,Recognized intents consistently map to one frozen V1 route,3,multi_constraint,parent,multi_constraint:3,advisor:1|high_school_student:1|parent:1,Data - Shivansh.csv,complex,0.919587323238888,calibrated_model,complex,True,False,7.696007999982157,0.004992460478022548,0.06872567234010073,0.919587323238888,0.0066945439429887165
qirv1-0071,5e61222de7f07ece,schools with on-campus escape rooms,schools with on-campus escape rooms,medium,unanimous_observed,1.0,All valid historical route labels agree,1,filter_search,high_school_student,filter_search:1,high_school_student:1,Data Anthony.csv,short_circuit,0.7541341516960413,calibrated_model,short_circuit,False,True,7.36610199999177,0.7541341516960413,0.1798127611241683,0.015425668482771895,0.05062741869701857
qirv1-0072,911ed1e14af36ecf,is a biology degree useful if i dont want to be a doctor,is a biology degree useful if i dont want to be a doctor,llm_needed,intent_policy,0.98,Recognized intents consistently map to one frozen V1 route,1,reflective_advisory,high_school_student,reflective_advisory:1,high_school_student:1,Data Anthony.csv,llm_needed,0.847368674619128,calibrated_model,llm_needed,True,False,7.562879000005296,0.05314981392958291,0.06750419820071844,0.03197731325057073,0.847368674619128
qirv1-0073,c3e4f9753b0693dd,UT Austin vs Purdue for pre-med,ut austin vs purdue for pre-med,complex,intent_policy,0.98,Recognized intents consistently map to one frozen V1 route,1,comparison,high_school_student,comparison:1,high_school_student:1,Data - Shivansh.csv,complex,0.8932311882010467,calibrated_model,complex,True,False,7.298706000000266,0.03756932846419094,0.06294865207306403,0.8932311882010467,0.006250831261698279
qirv1-0074,36f8b29442be468a,transf CS prereq missing,transf cs prereq missing,llm_needed,intent_policy,0.98,Recognized intents consistently map to one frozen V1 route,1,advisory,transfer_student,advisory:1,transfer_student:1,Data - Nimisha.csv,llm_needed,0.8606346544297502,calibrated_model,llm_needed,True,False,7.172310000015614,0.07281299496772546,0.026409611227459384,0.040142739375065045,0.8606346544297502
qirv1-0075,30f78dcb4b260b21,Are there mentorship opportunities for community college students in business majors?,are there mentorship opportunities for community college students in business majors,llm_needed,intent_policy,0.98,Recognized intents consistently map to one frozen V1 route,1,advisory,community_college_student,advisory:1,community_college_student:1,Data - Nimisha.csv,llm_needed,0.8100682675333974,calibrated_model,llm_needed,True,False,8.107195000008005,0.08510613164868469,0.10119511245985434,0.0036304883580635648,0.8100682675333974
qirv1-0076,35eefda69722e67f,what are the social pressures at selective universities and how do parents help,what are the social pressures at selective universities and how do parents help,llm_needed,intent_policy,0.98,Recognized intents consistently map to one frozen V1 route,1,advisory,parent,advisory:1,parent:1,Data - Ridhi.csv,llm_needed,0.9546243424943004,calibrated_model,llm_needed,True,False,7.642078000003494,0.010914079403399038,0.03091386801193362,0.0035477100903669543,0.9546243424943004
qirv1-0077,92419668bb02d7b6,universities with public transportation access,universities with public transportation access,short_circuit,intent_policy,0.98,Recognized intents consistently map to one frozen V1 route,1,attribute_lookup,highschool_student,attribute_lookup:1,highschool_student:1,Data - Ridhi.csv,llm_needed,0.0015070267768411895,low_confidence_fallback,short_circuit,False,False,7.397530999980972,0.5421415171899637,0.4464684199936149,0.009883036039580193,0.0015070267768411895
qirv1-0078,6d12ddeceebf8864,college fit vs prestige,college fit vs prestige,complex,unanimous_observed,1.0,All valid historical route labels agree,1,guidance,counselor_teacher,guidance:1,counselor_teacher:1,Data - Anika.csv,complex,0.8952953555228262,calibrated_model,complex,True,False,7.18277100000364,0.009643609932227007,0.010207943614489954,0.8952953555228262,0.08485309093045686
qirv1-0079,8a225e0e7876ce9a,scholarship officer rural cs poor,scholarship officer rural cs poor,llm_needed,intent_policy,0.98,Recognized intents consistently map to one frozen V1 route,1,advisory,scholarship_foundation_officer,advisory:1,scholarship_foundation_officer:1,Data - Nimisha.csv,llm_needed,0.9335066645904563,calibrated_model,llm_needed,True,False,7.257078999998612,0.01746007989337335,0.03456661860014407,0.014466636916026232,0.9335066645904563
qirv1-0080,390a189868116719,UC San Diego job placement for architecture,uc san diego job placement for architecture,medium,intent_policy,0.98,Recognized intents consistently map to one frozen V1 route,1,career_outcomes,high_school_student,career_outcomes:1,high_school_student:1,Data - Shivansh.csv,medium,0.746209426238445,calibrated_model,medium,True,False,7.369889999978341,0.19423175107405766,0.746209426238445,0.04251822266085405,0.017040600026643222
qirv1-0081,8b9d3fbe9fd908d6,universities with public policy undergraduate programs,universities with public policy undergraduate programs,short_circuit,intent_policy,0.98,Recognized intents consistently map to one frozen V1 route,1,attribute_lookup,highschool_student,attribute_lookup:1,highschool_student:1,Data - Edward.csv,short_circuit,0.8204436453777979,calibrated_model,short_circuit,True,False,7.67244399997935,0.8204436453777979,0.14735034441821068,0.029677484529808663,0.0025285256741826695
qirv1-0082,0decd83a9ef32282,large public health colleges in warm states good financial aid reach schools,large public health colleges in warm states good financial aid reach schools,complex,intent_policy,0.98,Recognized intents consistently map to one frozen V1 route,1,multi_constraint,advisor,multi_constraint:1,advisor:1,Data - Shivansh.csv,complex,0.7504408077701491,calibrated_model,complex,True,False,7.676921999973274,0.006237646221884362,0.24132605440504365,0.7504408077701491,0.001995491602922893
qirv1-0083,d75d37af5064229e,cs yield down why,cs yield down why,complex,intent_policy,0.98,Recognized intents consistently map to one frozen V1 route,1,strategy,college_admissions_officer,strategy:1,college_admissions_officer:1,Data - Nimisha.csv,complex,0.48531537790010243,calibrated_model,complex,True,False,7.298335999990968,0.07915430148155904,0.08994155959958684,0.48531537790010243,0.34558876101875163
qirv1-0084,a5651c4800d0a718,schools that support communication with families students and have accessible housing,schools that support communication with families students and have accessible housing,medium,intent_policy,0.98,Recognized intents consistently map to one frozen V1 route,5,filtered_search,parent,filtered_search:5,parent:5,Data - Edward.csv,medium,0.8996179296100625,calibrated_model,medium,True,False,7.772821000003205,0.07657866918220724,0.8996179296100625,0.00323784341366719,0.020565557794062956
qirv1-0085,c54d6650d4b651c3,engineering schools where undergrads publish before senior year,engineering schools where undergrads publish before senior year,complex,intent_policy,0.98,Recognized intents consistently map to one frozen V1 route,1,multi_constraint,high_school_student,multi_constraint:1,high_school_student:1,Data - Nimisha.csv,medium,0.7676162584851163,calibrated_model,medium,False,False,7.540908000009949,0.03835701766921399,0.7676162584851163,0.09102775634474114,0.10299896750092873
qirv1-0086,a880557d20182818,how to structure a first semester advising appointment for a new freshman,how to structure a first semester advising appointment for a new freshman,llm_needed,intent_policy,0.98,Recognized intents consistently map to one frozen V1 route,1,advisory,advisor,advisory:1,advisor:1,Data - Ridhi.csv,llm_needed,0.5434311658769574,calibrated_model,llm_needed,True,False,7.630425000002106,0.42061812575034696,0.028054844145481653,0.007895864227214043,0.5434311658769574
qirv1-0087,7d983aca7e88908f,how to evaluate the impact of campus employment on student retention,how to evaluate the impact of campus employment on student retention,short_circuit,intent_policy,0.98,Recognized intents consistently map to one frozen V1 route,1,attribute_lookup,college,attribute_lookup:1,college:1,Data - Edward.csv,short_circuit,0.901105300295065,calibrated_model,short_circuit,True,False,7.5691810000080295,0.901105300295065,0.02726788785163121,0.0009897898413984022,0.07063702201190551
qirv1-0088,080e32dc8be56efc,which colleges produce the most teachers who go on to become instructional coaches,which colleges produce the most teachers who go on to become instructional coaches,medium,intent_policy,0.98,Recognized intents consistently map to one frozen V1 route,1,filtered_search,urban_teacher,filtered_search:1,urban_teacher:1,Data Anthony.csv,medium,0.8529480802165681,calibrated_model,medium,True,False,8.016164999986586,0.015056368722935672,0.8529480802165681,0.0071796916155708115,0.12481585944492535
qirv1-0089,57ee9429d33b9dbd,eng debt trap?,eng debt trap,llm_needed,intent_policy,0.98,Recognized intents consistently map to one frozen V1 route,1,advisory,parent,advisory:1,parent:1,Data - Nimisha.csv,llm_needed,0.7844693110116809,calibrated_model,llm_needed,True,False,7.182179000011502,0.12336502677601931,0.04657876743505072,0.045586894777249115,0.7844693110116809
qirv1-0090,426390f38da9d45d,affordable colleges with strong data science,affordable colleges with strong data science,complex,intent_policy,0.98,Recognized intents consistently map to one frozen V1 route,1,multi_constraint,high_school_student,multi_constraint:1,high_school_student:1,Data - Anika.csv,complex,0.9198649632013461,calibrated_model,complex,True,False,7.4312030000101,0.04907291793950478,0.02741392826740299,0.9198649632013461,0.0036481905917460067
qirv1-0091,1c8261b026d51397,what is a tuition payment plan,what is a tuition payment plan,medium,unanimous_observed,1.0,All valid historical route labels agree,1,factual,parent,factual:1,parent:1,Data - Ridhi.csv,medium,0.5373722240130255,calibrated_model,medium,True,False,7.391530000006696,0.2978806196403747,0.5373722240130255,0.01905264142836656,0.14569451491823315
qirv1-0092,01177784523b7aae,what is deferral in admissions,what is deferral in admissions,medium,intent_policy,0.98,Recognized intents consistently map to one frozen V1 route,1,admissions_process,college_student,admissions_process:1,college_student:1,Data - Anika.csv,medium,0.7960959812616872,calibrated_model,medium,True,False,7.308384999987538,0.06676281321650328,0.7960959812616872,0.03740407260901587,0.09973713291279362
qirv1-0093,aa574f3bc1098bbf,how to help students navigate roommate conflicts,how to help students navigate roommate conflicts,llm_needed,intent_policy,0.98,Recognized intents consistently map to one frozen V1 route,1,emotional_advisory,advisor,emotional_advisory:1,advisor:1,Data - Edward.csv,llm_needed,0.8406079573961606,calibrated_model,llm_needed,True,False,7.412057999999888,0.14257590983044485,0.014045592872874777,0.00277053990051994,0.8406079573961606
qirv1-0094,63ff8751253ad471,career changer law 2 cs dumb?,career changer law 2 cs dumb,llm_needed,intent_policy,0.98,Recognized intents consistently map to one frozen V1 route,1,emotional_advisory,career_changer,emotional_advisory:1,career_changer:1,Data - Nimisha.csv,llm_needed,0.8401211093456292,calibrated_model,llm_needed,True,False,7.465437999996993,0.04755869360624033,0.023406818652388476,0.08891337839574205,0.8401211093456292
qirv1-0095,7af46f1c6cfee9c7,how to request an extension on an assignment,how to request an extension on an assignment,llm_needed,intent_policy,0.98,Recognized intents consistently map to one frozen V1 route,1,advisory,college_student,advisory:1,college_student:1,Data - Ridhi.csv,llm_needed,0.28088282731507996,low_confidence_fallback,short_circuit,True,False,7.411757999989277,0.5626292666769684,0.1533333140217575,0.0031545919861939316,0.28088282731507996
qirv1-0096,5fb9cb513e4e6018,schools with active running or track clubs,schools with active running or track clubs,short_circuit,intent_policy,0.98,Recognized intents consistently map to one frozen V1 route,1,attribute_lookup,highschool_student,attribute_lookup:1,highschool_student:1,Data - Edward.csv,short_circuit,0.908921381617572,calibrated_model,short_circuit,True,False,7.378625000001193,0.908921381617572,0.05855274818260745,0.002065558875969669,0.03046031132385098
qirv1-0097,31a83b7de52aeb40,universities with social work degrees,universities with social work degrees,short_circuit,intent_policy,0.98,Recognized intents consistently map to one frozen V1 route,1,attribute_lookup,highschool_student,attribute_lookup:1,highschool_student:1,Data - Edward.csv,short_circuit,0.6634759910592283,calibrated_model,short_circuit,True,False,7.387762000007569,0.6634759910592283,0.31743416566529153,0.010903140310963526,0.008186702964516658
qirv1-0098,28fa239a0e94f363,How can transfer students manage differences in extracurricular opportunities?,how can transfer students manage differences in extracurricular opportunities,llm_needed,intent_policy,0.98,Recognized intents consistently map to one frozen V1 route,1,advisory,transfer_student,advisory:1,transfer_student:1,Data - Nimisha.csv,llm_needed,0.9035791731331334,calibrated_model,llm_needed,True,False,7.716565999999148,0.052370665204940714,0.04045327307977347,0.0035968885821523167,0.9035791731331334
qirv1-0099,f08b6bde2ea32500,mech eng 2 yr to 4 yr worth?,mech eng 2 yr to 4 yr worth,llm_needed,intent_policy,0.98,Recognized intents consistently map to one frozen V1 route,1,advisory,transfer_student,advisory:1,transfer_student:1,Data - Nimisha.csv,llm_needed,0.9424704650907377,calibrated_model,llm_needed,True,False,7.241641000007348,0.036950120542707625,0.00950718464239584,0.011072229724158793,0.9424704650907377
qirv1-0100,176956e9e1c587d5,universities with cultural exchange programs,universities with cultural exchange programs,short_circuit,intent_policy,0.98,Recognized intents consistently map to one frozen V1 route,1,attribute_lookup,highschool_student,attribute_lookup:1,highschool_student:1,Data - Ridhi.csv,short_circuit,0.9183346819597348,calibrated_model,short_circuit,True,False,7.57634400000029,0.9183346819597348,0.061993001945804926,0.010310979272369956,0.009361336822090283
qirv1-0101,796f2dad6575b323,Princeton financial aid for out of state,princeton financial aid for out of state,medium,intent_policy,0.98,Recognized intents consistently map to one frozen V1 route,3,cost_financial_aid,advisor,cost_financial_aid:3,advisor:1|college_student:1|counselor_teacher:1,Data - Shivansh.csv,llm_needed,0.04185081397519822,low_confidence_fallback,short_circuit,False,False,7.336567999999488,0.4769540915765849,0.4495527379897561,0.0316423564584608,0.04185081397519822
qirv1-0102,5b0a38d9ec0d75a1,universities with research in computational biology,universities with research in computational biology,short_circuit,intent_policy,0.98,Recognized intents consistently map to one frozen V1 route,1,attribute_lookup,highschool_student,attribute_lookup:1,highschool_student:1,Data - Ridhi.csv,short_circuit,0.7938051215557227,calibrated_model,short_circuit,True,False,7.588967999993201,0.7938051215557227,0.10081175508903872,0.10179828603943386,0.0035848373158046246
qirv1-0103,c78476a725e7b332,colleges with rooftop yogahigh,colleges with rooftop yogahigh,medium,unanimous_observed,1.0,All valid historical route labels agree,1,filter_search,high_school_student,filter_search:1,high_school_student:1,Data Anthony.csv,llm_needed,0.003937222908980262,low_confidence_fallback,short_circuit,False,False,7.325336000008065,0.5197435231873122,0.4499173031012745,0.026401950802432895,0.003937222908980262
qirv1-0104,0682d4ed720c5fc2,universities where freshmen cannot be cut from engineering,universities where freshmen cannot be cut from engineering,short_circuit,intent_policy,0.98,Recognized intents consistently map to one frozen V1 route,1,attribute_lookup,parent,attribute_lookup:1,parent:1,Data - Nimisha.csv,medium,0.522445495958919,calibrated_model,medium,False,False,7.4637550000034025,0.09541962260683616,0.522445495958919,0.2800597377676241,0.10207514366662085
qirv1-0105,8226823fc69fb7a3,schools with strong bioinformatics programs,schools with strong bioinformatics programs,short_circuit,intent_policy,0.98,Recognized intents consistently map to one frozen V1 route,1,attribute_lookup,highschool_student,attribute_lookup:1,highschool_student:1,Data - Edward.csv,llm_needed,0.04343215780804941,low_confidence_fallback,short_circuit,False,False,7.381261000006134,0.414051110419041,0.30883025793754126,0.23368647383536822,0.04343215780804941
qirv1-0106,52525c0adea26706,colleges that provide strong alumni mentoring for first gen students,colleges that provide strong alumni mentoring for first gen students,medium,intent_policy,0.98,Recognized intents consistently map to one frozen V1 route,1,filtered_search,school_counselor,filtered_search:1,school_counselor:1,Data Anthony.csv,medium,0.8842804392382463,calibrated_model,medium,True,False,7.5700029999836715,0.030415401357563956,0.8842804392382463,0.057080654254621645,0.028223505149568017
qirv1-0107,8370621ed402a1ee,four year cost of University of Washington including housing,four year cost of university of washington including housing,medium,intent_policy,0.98,Recognized intents consistently map to one frozen V1 route,2,career_outcomes,parent,admissions_process:1|career_outcomes:1,parent:2,Data - Shivansh.csv,short_circuit,0.7853951115457445,calibrated_model,short_circuit,False,True,7.882245000018884,0.7853951115457445,0.1289345118882372,0.020808519197617767,0.06486185736840053
qirv1-0108,0b9f9e17db407820,best colleges for on-campus housing with high graduation rates in California,best colleges for on-campus housing with high graduation rates in california,medium,intent_policy,0.98,Recognized intents consistently map to one frozen V1 route,5,filtered_search,college_student,filtered_search:5,college_student:5,Data - Edward.csv,medium,0.8383187939846928,calibrated_model,medium,True,False,7.689385000020366,0.15174508824088642,0.8383187939846928,0.006245591441928936,0.0036905263324919658
qirv1-0109,4e56d52c459500af,what colleges fit a student with a 3.5 gpa,what colleges fit a student with a 3.5 gpa,llm_needed,intent_policy,0.98,Recognized intents consistently map to one frozen V1 route,1,advisory,counselor,advisory:1,counselor:1,Data Anthony.csv,llm_needed,0.5544239715644568,calibrated_model,llm_needed,True,False,7.366332000003695,0.12841428894118437,0.27118296825497024,0.045978771239388594,0.5544239715644568
qirv1-0110,64b9019b2a10fd06,how do we keep our admissions staff account access up to date when team members leave or join,how do we keep our admissions staff account access up to date when team members leave or join,llm_needed,intent_policy,0.98,Recognized intents consistently map to one frozen V1 route,1,advisory,college_b2b,advisory:1,college_b2b:1,Data - Ridhi.csv,llm_needed,0.6899223331421637,calibrated_model,llm_needed,True,False,7.732224999983828,0.04220683023335314,0.2574413509143973,0.010429485710085937,0.6899223331421637
qirv1-0111,bb57671c13254ded,how to advocate for systemic changes in curriculum or policy that affect students,how to advocate for systemic changes in curriculum or policy that affect students,llm_needed,intent_policy,0.98,Recognized intents consistently map to one frozen V1 route,1,advisory,advisor,advisory:1,advisor:1,Data - Ridhi.csv,medium,0.5153225944372327,calibrated_model,medium,False,False,7.676070000002255,0.11832068532708455,0.5153225944372327,0.004003892680988255,0.3623528275546945
qirv1-0112,fed3b773785f35cd,job placement for Northwestern,job placement for northwestern,short_circuit,intent_policy,0.98,Recognized intents consistently map to one frozen V1 route,2,attribute_lookup,advisor,attribute_lookup:2,advisor:2,Data - Shivansh.csv,medium,0.643305326208166,calibrated_model,medium,False,False,7.6940339999964635,0.2817277722144363,0.643305326208166,0.05922416034669522,0.01574274123070245
qirv1-0113,73150c804ba4b092,How can community college students connect with university alumni for mentorship?,how can community college students connect with university alumni for mentorship,llm_needed,intent_policy,0.98,Recognized intents consistently map to one frozen V1 route,1,advisory,community_college_student,advisory:1,community_college_student:1,Data - Nimisha.csv,llm_needed,0.6916361632492308,calibrated_model,llm_needed,True,False,7.886321999990287,0.287805214124686,0.014695712874745507,0.005862909751337662,0.6916361632492308
qirv1-0114,b784919b862d6c4e,Boston University vs Columbia,boston university vs columbia,complex,intent_policy,0.98,Recognized intents consistently map to one frozen V1 route,1,comparison,high_school_student,comparison:1,high_school_student:1,Data - Shivansh.csv,complex,0.8491189267364284,calibrated_model,complex,True,False,7.264362000000801,0.13746911563790462,0.010018428290734203,0.8491189267364284,0.0033935293349327315
qirv1-0115,1b721ba038375fda,universities with peer-led study programs,universities with peer-led study programs,short_circuit,intent_policy,0.98,Recognized intents consistently map to one frozen V1 route,1,attribute_lookup,highschool_student,attribute_lookup:1,highschool_student:1,Data - Ridhi.csv,short_circuit,0.9029347549393331,calibrated_model,short_circuit,True,False,7.366042000001016,0.9029347549393331,0.058271967332133884,0.035862851877919634,0.002930425850613329
qirv1-0116,9312906a7a9dc34c,MIT acceptance rate,mit acceptance rate,short_circuit,intent_policy,0.98,Recognized intents consistently map to one frozen V1 route,1,attribute_lookup,high_school_student,attribute_lookup:1,high_school_student:1,Data Anthony.csv,short_circuit,0.8960692917538413,calibrated_model,short_circuit,True,False,7.1914560000152505,0.8960692917538413,0.057572138500722146,0.01771790474636724,0.02864066499906931
qirv1-0117,ba697a14a8308350,create reach target safety list for film in Texas under 40k,create reach target safety list for film in texas under 40k,complex,intent_policy,0.98,Recognized intents consistently map to one frozen V1 route,1,comparison,advisor,comparison:1,advisor:1,Data - Shivansh.csv,complex,0.47484806768198046,calibrated_model,complex,True,False,7.460518000016236,0.22440420690746712,0.2476507924943034,0.47484806768198046,0.05309693291624906
qirv1-0118,9518c2660cbfbc62,career changer teacher2data,career changer teacher2data,llm_needed,intent_policy,0.98,Recognized intents consistently map to one frozen V1 route,1,advisory,career_changer,advisory:1,career_changer:1,Data - Nimisha.csv,llm_needed,0.8361328649887807,calibrated_model,llm_needed,True,False,7.221001999994314,0.04369094061101275,0.10210596690220186,0.01807022749800462,0.8361328649887807
qirv1-0119,ca05659c5667d051,how to support international students who are academically struggling,how to support international students who are academically struggling,llm_needed,intent_policy,0.98,Recognized intents consistently map to one frozen V1 route,1,emotional_advisory,advisor,emotional_advisory:1,advisor:1,Data - Edward.csv,llm_needed,0.9651702253423463,calibrated_model,llm_needed,True,False,7.718069000020478,0.00989645666251961,0.015361259290580123,0.009572058704553865,0.9651702253423463
qirv1-0120,ca78bb2c078ba5f9,Duke tuition vs Purdue tuition,duke tuition vs purdue tuition,complex,intent_policy,0.98,Recognized intents consistently map to one frozen V1 route,1,comparison,parent,comparison:1,parent:1,Data - Shivansh.csv,complex,0.7276887127285615,calibrated_model,complex,True,False,7.362004000015077,0.25640023677029844,0.01328949125428955,0.7276887127285615,0.002621559246850503
qirv1-0121,455aac8687b13da5,schools with strong programs in philosophy and logic,schools with strong programs in philosophy and logic,medium,intent_policy,0.98,Recognized intents consistently map to one frozen V1 route,1,filtered_search,independent_counselor,filtered_search:1,independent_counselor:1,Data Anthony.csv,medium,0.742483117426386,calibrated_model,medium,True,False,7.496995999986211,0.02367144676268899,0.742483117426386,0.21593382508034853,0.01791161073057642
qirv1-0122,0f1c7741c924aefc,career outcomes for anthropology majors,career outcomes for anthropology majors,medium,intent_policy,0.98,Recognized intents consistently map to one frozen V1 route,1,career_outcomes,parent,career_outcomes:1,parent:1,Data - Anika.csv,medium,0.7809068782067817,calibrated_model,medium,True,False,7.345233000023654,0.05536318604062177,0.7809068782067817,0.08850560969287717,0.07522432605971938
qirv1-0123,635a35514efdd148,switch bio 2 biomed eng jr yr dumb?,switch bio 2 biomed eng jr yr dumb,llm_needed,intent_policy,0.98,Recognized intents consistently map to one frozen V1 route,1,advisory,college_student,advisory:1,college_student:1,Data - Nimisha.csv,llm_needed,0.8353854778891504,calibrated_model,llm_needed,True,False,7.287817000019459,0.04990318984495153,0.03857874613994357,0.07613258612595451,0.8353854778891504
qirv1-0124,11726805d19cf43d,small engineering colleges with division I sports,small engineering colleges with division i sports,complex,intent_policy,0.98,Recognized intents consistently map to one frozen V1 route,1,multi_constraint,high_school_student,multi_constraint:1,high_school_student:1,Data - Nimisha.csv,complex,0.7397156073331971,calibrated_model,complex,True,False,7.396959999994124,0.18639988161474155,0.051873116955659694,0.7397156073331971,0.022011394096401682
qirv1-0125,3dd8048b0ef54735,Cornell campus culture,cornell campus culture,llm_needed,intent_policy,0.98,Recognized intents consistently map to one frozen V1 route,1,campus_life_fit,counselor_teacher,campus_life_fit:1,counselor_teacher:1,Data - Shivansh.csv,llm_needed,0.6420884898539466,calibrated_model,llm_needed,True,False,7.188581000008298,0.3075932090350115,0.04127317593751883,0.00904512517352307,0.6420884898539466
qirv1-0126,3c1512fc5ca6288b,how to build institutional infrastructure for a study abroad office,how to build institutional infrastructure for a study abroad office,short_circuit,intent_policy,0.98,Recognized intents consistently map to one frozen V1 route,1,attribute_lookup,college,attribute_lookup:1,college:1,Data - Edward.csv,short_circuit,0.7604986325122319,calibrated_model,short_circuit,True,False,7.7800450000040655,0.7604986325122319,0.14960086657057212,0.004845500119266201,0.08505500079792977
qirv1-0127,909f56cdb2e10701,Transfer student social events?,transfer student social events,short_circuit,intent_policy,0.98,Recognized intents consistently map to one frozen V1 route,1,attribute_lookup,transfer_student,attribute_lookup:1,transfer_student:1,Data - Nimisha.csv,short_circuit,0.9439836108596605,calibrated_model,short_circuit,True,False,7.247080000013284,0.9439836108596605,0.022417284756880238,0.005597402866432968,0.028001701517026325
qirv1-0128,7d70054e62a58ecf,internships for Stanford,internships for stanford,short_circuit,intent_policy,0.98,Recognized intents consistently map to one frozen V1 route,1,attribute_lookup,college_student,attribute_lookup:1,college_student:1,Data - Shivansh.csv,llm_needed,0.021805215134807866,low_confidence_fallback,short_circuit,False,False,7.206624999980704,0.5881355514289693,0.03763963431208409,0.3524195991241388,0.021805215134807866
qirv1-0129,942e329a3293404f,how to build a campus recreation center that serves all students equitably,how to build a campus recreation center that serves all students equitably,short_circuit,intent_policy,0.98,Recognized intents consistently map to one frozen V1 route,1,attribute_lookup,college,attribute_lookup:1,college:1,Data - Edward.csv,short_circuit,0.8552395958064776,calibrated_model,short_circuit,True,False,7.5474509999935435,0.8552395958064776,0.037133099175909866,0.00198546437787952,0.1056418406397331
qirv1-0130,16aec004adbfa8a2,Boston University vs UC Irvine for finance,boston university vs uc irvine for finance,complex,intent_policy,0.98,Recognized intents consistently map to one frozen V1 route,1,comparison,counselor_teacher,comparison:1,counselor_teacher:1,Data - Shivansh.csv,complex,0.8565613472742627,calibrated_model,complex,True,False,7.3563850000084585,0.09751161592014951,0.04225836363793797,0.8565613472742627,0.003668673167649787
qirv1-0131,91f8c8d1dff2a13a,schools with explicit racial equity programs for campus inclusion,schools with explicit racial equity programs for campus inclusion,medium,intent_policy,0.98,Recognized intents consistently map to one frozen V1 route,1,filtered_search,school_counselor,filtered_search:1,school_counselor:1,Data Anthony.csv,medium,0.5554783255599153,calibrated_model,medium,True,False,7.514148999973713,0.4184092130381907,0.5554783255599153,0.007187925450049521,0.018924535951844592
qirv1-0132,3fd71ba6ed8f6e7a,how to engage parents who are over-involved in their student's applications,how to engage parents who are over-involved in their student's applications,llm_needed,intent_policy,0.98,Recognized intents consistently map to one frozen V1 route,1,advisory,counselor,advisory:1,counselor:1,Data - Ridhi.csv,llm_needed,0.9446419676765538,calibrated_model,llm_needed,True,False,7.84999499998662,0.04026557007378818,0.01172549432410625,0.0033669679255516546,0.9446419676765538
qirv1-0133,1e103fdeb16ccc3e,Columbia,columbia,short_circuit,intent_policy,0.98,Recognized intents consistently map to one frozen V1 route,9,exact_lookup,advisor,exact_lookup:9,advisor:4|college_student:1|counselor_teacher:2|parent:2,Data - Shivansh.csv,short_circuit,0.9173724843944443,calibrated_model,short_circuit,True,False,7.060811999991756,0.9173724843944443,0.03155904725589873,0.03678426278018743,0.014284205569469527
qirv1-0134,285b25bb30d716dc,does UC San Diego have philosophy,does uc san diego have philosophy,short_circuit,intent_policy,0.98,Recognized intents consistently map to one frozen V1 route,1,attribute_lookup,college_student,attribute_lookup:1,college_student:1,Data - Shivansh.csv,short_circuit,0.7740938635739631,calibrated_model,short_circuit,True,False,7.278048000017634,0.7740938635739631,0.13476577404352452,0.021508703651887312,0.069631658730625
qirv1-0135,a7422b301e4ef47d,what are common mistakes students make in the college application process,what are common mistakes students make in the college application process,llm_needed,intent_policy,0.98,Recognized intents consistently map to one frozen V1 route,1,advisory,counselor,advisory:1,counselor:1,Data - Ridhi.csv,llm_needed,0.8494210355404771,calibrated_model,llm_needed,True,False,7.611399000012398,0.01316776889751594,0.12977207742730085,0.0076391181347060895,0.8494210355404771
qirv1-0136,9e38a4ee87b9b00e,colleges that support mental health well,colleges that support mental health well,medium,intent_policy,0.98,Recognized intents consistently map to one frozen V1 route,1,filtered_search,counselor,filtered_search:1,counselor:1,Data Anthony.csv,medium,0.9201863916993845,calibrated_model,medium,True,False,7.321548999982497,0.05474739970550788,0.9201863916993845,0.01400022614794075,0.01106598244716688
qirv1-0137,ca176957f19b74a1,schools with 3D printing labs open to all students,schools with 3d printing labs open to all students,short_circuit,intent_policy,0.98,Recognized intents consistently map to one frozen V1 route,1,attribute_lookup,college_student,attribute_lookup:1,college_student:1,Data - Edward.csv,llm_needed,0.33710838489125816,low_confidence_fallback,medium,False,False,7.447253999998793,0.29601119089298744,0.34405659757628254,0.022823826639471956,0.33710838489125816
qirv1-0138,3bd8a4a3c55452da,what is your platform's approach to supporting community colleges specifically,what is your platform's approach to supporting community colleges specifically,medium,unanimous_observed,1.0,All valid historical route labels agree,1,factual,college_b2b,factual:1,college_b2b:1,Data - Ridhi.csv,medium,0.674340183049842,calibrated_model,medium,True,False,7.807324999987486,0.013009941549199792,0.674340183049842,0.00844715966282975,0.30420271573812846
qirv1-0139,1cf4facb000234fe,create reach target safety list for economics in California under 30k,create reach target safety list for economics in california under 30k,complex,intent_policy,0.98,Recognized intents consistently map to one frozen V1 route,1,multi_constraint,advisor,multi_constraint:1,advisor:1,Data - Shivansh.csv,llm_needed,0.07033204554453965,low_confidence_fallback,medium,False,False,7.646294000011267,0.17220810721342997,0.44334451624297433,0.31411533099905603,0.07033204554453965
qirv1-0140,324b50a30067d4ed,feeling overwhelmed in college what should I do,feeling overwhelmed in college what should i do,llm_needed,intent_policy,0.98,Recognized intents consistently map to one frozen V1 route,1,emotional_advisory,college_student,emotional_advisory:1,college_student:1,Data - Edward.csv,llm_needed,0.9320106310773054,calibrated_model,llm_needed,True,False,7.532432999994398,0.008980684471096017,0.04960834434245351,0.00940034010914509,0.9320106310773054
qirv1-0141,b981a35ed74be267,what is the best practice for responding to student inquiries through your system,what is the best practice for responding to student inquiries through your system,llm_needed,intent_policy,0.98,Recognized intents consistently map to one frozen V1 route,1,advisory,college_b2b,advisory:1,college_b2b:1,Data - Ridhi.csv,medium,0.6011163288827611,calibrated_model,medium,False,False,7.606400000014446,0.16555891368479805,0.6011163288827611,0.0036283086559873536,0.2296964487764536
qirv1-0142,3cb70c515310d8a4,schools with art and creative talent scholarships,schools with art and creative talent scholarships,short_circuit,intent_policy,0.98,Recognized intents consistently map to one frozen V1 route,1,attribute_lookup,highschool_student,attribute_lookup:1,highschool_student:1,Data - Edward.csv,llm_needed,0.05165035290613771,low_confidence_fallback,short_circuit,False,False,7.398461999997608,0.5366130190569478,0.37401258489428274,0.0377240431426317,0.05165035290613771
qirv1-0143,5b123fe707bd5239,how to deal with a professor who gives confusing instructions,how to deal with a professor who gives confusing instructions,llm_needed,intent_policy,0.98,Recognized intents consistently map to one frozen V1 route,1,advisory,college_student,advisory:1,college_student:1,Data - Ridhi.csv,llm_needed,0.8475373389341673,calibrated_model,llm_needed,True,False,7.464685999991616,0.11466471467069628,0.035072106710620006,0.0027258396845165887,0.8475373389341673
qirv1-0144,996f0f56ba9fb5fe,schools with active intramural esports leagues,schools with active intramural esports leagues,short_circuit,intent_policy,0.98,Recognized intents consistently map to one frozen V1 route,1,attribute_lookup,highschool_student,attribute_lookup:1,highschool_student:1,Data - Edward.csv,short_circuit,0.8557142365820631,calibrated_model,short_circuit,True,False,7.321458999996366,0.8557142365820631,0.08133163054667922,0.012250382247778177,0.05070375062347952
qirv1-0145,ed3fabdc84bae143,does USC have electrical engineering,does usc have electrical engineering,short_circuit,intent_policy,0.98,Recognized intents consistently map to one frozen V1 route,1,attribute_lookup,advisor,attribute_lookup:1,advisor:1,Data - Shivansh.csv,short_circuit,0.8104821615398173,calibrated_model,short_circuit,True,False,7.452523000011979,0.8104821615398173,0.08316813241739592,0.07871854190131368,0.02763116414147311
qirv1-0146,06c2eb5e1d296e32,colleges with strong parental communication policies,colleges with strong parental communication policies,short_circuit,intent_policy,0.98,Recognized intents consistently map to one frozen V1 route,1,attribute_lookup,parent,attribute_lookup:1,parent:1,Data - Edward.csv,medium,0.5044082372590967,calibrated_model,medium,False,False,7.372263999997131,0.43239476168005037,0.5044082372590967,0.05998374117059943,0.0032132598902535306
qirv1-0147,1850316812fc133f,what extracurriculars do top colleges actually care about,what extracurriculars do top colleges actually care about,llm_needed,intent_policy,0.98,Recognized intents consistently map to one frozen V1 route,1,advisory,parent,advisory:1,parent:1,Data - Ridhi.csv,medium,0.5563921866013918,calibrated_model,medium,False,False,7.508857999994234,0.0032079545611736295,0.5563921866013918,0.0025011740971701917,0.4378986847402644
qirv1-0148,b48db612f199cb8b,colleges with hidden libraries,colleges with hidden libraries,medium,unanimous_observed,1.0,All valid historical route labels agree,1,filter_search,high_school_student,filter_search:1,high_school_student:1,Data Anthony.csv,medium,0.5229891244039759,calibrated_model,medium,True,False,7.230890000016643,0.4505178847736451,0.5229891244039759,0.022655940068391316,0.003837050753987633
qirv1-0149,d5189f829991f10d,what is the drop add period and how do I use it,what is the drop add period and how do i use it,medium,unanimous_observed,1.0,All valid historical route labels agree,1,factual,college_student,factual:1,college_student:1,Data - Ridhi.csv,llm_needed,0.8017041129566014,calibrated_model,llm_needed,False,False,7.31771200000253,0.022696327976057567,0.17215297461582146,0.003446584451519632,0.8017041129566014
qirv1-0150,e83593ee04328843,colleges near research parks,colleges near research parks,medium,intent_policy,0.98,Recognized intents consistently map to one frozen V1 route,1,filtered_search,parent,filtered_search:1,parent:1,Data - Anika.csv,medium,0.6601118465056892,calibrated_model,medium,True,False,7.279159999995954,0.019785343025861258,0.6601118465056892,0.3177282835952269,0.002374526873222482
qirv1-0151,9ab4ea03cbac9488,colleges emphasizing culturally responsive teaching curricula,colleges emphasizing culturally responsive teaching curricula,medium,intent_policy,0.98,Recognized intents consistently map to one frozen V1 route,1,filtered_search,urban_teacher,filtered_search:1,urban_teacher:1,Data Anthony.csv,medium,0.7750107413674977,calibrated_model,medium,True,False,7.72763700001633,0.08283915191686429,0.7750107413674977,0.02079485885056152,0.12135524786507634
qirv1-0152,1cd9ae10698c12d9,how to evaluate the impact of guaranteed admission programs on enrollment quality,how to evaluate the impact of guaranteed admission programs on enrollment quality,short_circuit,intent_policy,0.98,Recognized intents consistently map to one frozen V1 route,1,attribute_lookup,college,attribute_lookup:1,college:1,Data - Edward.csv,short_circuit,0.9593377929229644,calibrated_model,short_circuit,True,False,7.703531999993629,0.9593377929229644,0.015973517345789414,0.00955070913206591,0.015137980599180192
qirv1-0153,7c3df0d8834deef8,comparing cs salary outcomes across regions for my son,comparing cs salary outcomes across regions for my son,short_circuit,intent_policy,0.98,Recognized intents consistently map to one frozen V1 route,1,attribute_lookup,parent,attribute_lookup:1,parent:1,Data - Nimisha.csv,llm_needed,0.35615696089753685,low_confidence_fallback,complex,False,False,7.501214000001255,0.13484933136401298,0.06031322236864817,0.44868048536980193,0.35615696089753685
qirv1-0154,a7983cf31f1794b9,does baylor have good support services for students from low income backgrounds,does baylor have good support services for students from low income backgrounds,short_circuit,intent_policy,0.98,Recognized intents consistently map to one frozen V1 route,1,attribute_lookup,parent,attribute_lookup:1,parent:1,Data Anthony.csv,llm_needed,0.3409646713435431,low_confidence_fallback,medium,False,False,7.59113199998751,0.21003011717486367,0.3980296351790155,0.05097557630257771,0.3409646713435431
qirv1-0155,210e546b1c7c4e8c,how to design a campus food pantry to address student hunger,how to design a campus food pantry to address student hunger,short_circuit,intent_policy,0.98,Recognized intents consistently map to one frozen V1 route,1,attribute_lookup,college,attribute_lookup:1,college:1,Data - Edward.csv,short_circuit,0.682715230536053,calibrated_model,short_circuit,True,False,7.504018999981099,0.682715230536053,0.004671823897979654,0.0021004469684089617,0.3105124985975584
qirv1-0156,24f425d8d4cd3d77,USC vs UC San Diego for nursing,usc vs uc san diego for nursing,complex,intent_policy,0.98,Recognized intents consistently map to one frozen V1 route,1,comparison,advisor,comparison:1,advisor:1,Data - Shivansh.csv,complex,0.9183523006293998,calibrated_model,complex,True,False,7.208657999996149,0.03153315010177501,0.041325998244622075,0.9183523006293998,0.008788551024203091
qirv1-0157,62194659860a3c27,how to network as an introvert in college,how to network as an introvert in college,llm_needed,intent_policy,0.98,Recognized intents consistently map to one frozen V1 route,1,advisory,college_student,advisory:1,college_student:1,Data - Ridhi.csv,llm_needed,0.8287578045041185,calibrated_model,llm_needed,True,False,7.508317999992187,0.1460610958584533,0.024203507063889265,0.0009775925735388525,0.8287578045041185
qirv1-0158,d84703caddbbd664,does Harvard have business,does harvard have business,short_circuit,intent_policy,0.98,Recognized intents consistently map to one frozen V1 route,2,attribute_lookup,college_student,attribute_lookup:2,college_student:1|counselor_teacher:1,Data - Shivansh.csv,short_circuit,0.814018051945733,calibrated_model,short_circuit,True,False,7.263461000007965,0.814018051945733,0.1513060148221876,0.02361985677318494,0.011056076458894388
qirv1-0159,4c3308853e6a6b6f,archived admissions data access,archived admissions data access,medium,intent_policy,0.98,Recognized intents consistently map to one frozen V1 route,1,profile_management,college_b2b,profile_management:1,college_b2b:1,Data - Anika.csv,medium,0.6149384829056972,calibrated_model,medium,True,False,7.412158999983376,0.12211352970785505,0.6149384829056972,0.24646079305027113,0.01648719433617662
qirv1-0160,936ad80f7bc3b7cb,what schools should i apply to for mechanical engineering near the beach low tuition,what schools should i apply to for mechanical engineering near the beach low tuition,complex,intent_policy,0.98,Recognized intents consistently map to one frozen V1 route,1,recommendation,counselor_teacher,recommendation:1,counselor_teacher:1,Data - Shivansh.csv,complex,0.9443786327083742,calibrated_model,complex,True,False,7.794832000001861,0.001974124381053062,0.016301535300510903,0.9443786327083742,0.03734570761006177
qirv1-0161,99f3e3e1ca08964b,schools with honors programs that aren’t stressful,schools with honors programs that aren't stressful,llm_needed,intent_policy,0.98,Recognized intents consistently map to one frozen V1 route,1,emotional_advisory,highschool_student,emotional_advisory:1,highschool_student:1,Data - Ridhi.csv,llm_needed,0.18680274178433542,low_confidence_fallback,medium,True,False,7.513447000008,0.28083176485039124,0.41815692656074926,0.11420856680452414,0.18680274178433542
qirv1-0162,6101a526c7fceb7a,Duke tuition vs University of Maryland tuition,duke tuition vs university of maryland tuition,complex,intent_policy,0.98,Recognized intents consistently map to one frozen V1 route,1,comparison,counselor_teacher,comparison:1,counselor_teacher:1,Data - Shivansh.csv,complex,0.5694270972776198,calibrated_model,complex,True,False,7.38489700000855,0.41671584481378887,0.010697462506070189,0.5694270972776198,0.0031595954025212957
qirv1-0163,1d39b5112612e4d9,University of Maryland average ACT,university of maryland average act,short_circuit,intent_policy,0.98,Recognized intents consistently map to one frozen V1 route,1,attribute_lookup,high_school_student,attribute_lookup:1,high_school_student:1,Data - Shivansh.csv,short_circuit,0.9117182067135818,calibrated_model,short_circuit,True,False,7.294959999995854,0.9117182067135818,0.0443433280068678,0.016477604648048146,0.02746086063150212
qirv1-0164,2f6991564513fdea,colleges near state borders,colleges near state borders,medium,intent_policy,0.98,Recognized intents consistently map to one frozen V1 route,1,filtered_search,parent,filtered_search:1,parent:1,Data - Anika.csv,medium,0.7491306509044544,calibrated_model,medium,True,False,7.537611999993032,0.0402006146083224,0.7491306509044544,0.20604021120167318,0.004628523285549981
qirv1-0165,2f0cb1bc44dced89,recommend large colleges in the Midwest for economics not too competitive,recommend large colleges in the midwest for economics not too competitive,complex,intent_policy,0.98,Recognized intents consistently map to one frozen V1 route,1,recommendation,parent,recommendation:1,parent:1,Data - Shivansh.csv,complex,0.9597459404120724,calibrated_model,complex,True,False,7.621759000016937,0.0024195209039779963,0.021921796720294623,0.9597459404120724,0.01591274196365507
qirv1-0166,6d8e5b52501e07fd,universities with student-run environmental law organizations,universities with student-run environmental law organizations,short_circuit,intent_policy,0.98,Recognized intents consistently map to one frozen V1 route,1,attribute_lookup,highschool_student,attribute_lookup:1,highschool_student:1,Data - Edward.csv,short_circuit,0.894881394547577,calibrated_model,short_circuit,True,False,7.51920799999084,0.894881394547577,0.06583865768096463,0.03661710363736261,0.002662844134095842
qirv1-0167,fbe4638101802eb8,recommend medium-sized colleges near a major tech hub for economics reach schools,recommend medium-sized colleges near a major tech hub for economics reach schools,complex,intent_policy,0.98,Recognized intents consistently map to one frozen V1 route,1,recommendation,advisor,recommendation:1,advisor:1,Data - Shivansh.csv,complex,0.9388288174882011,calibrated_model,complex,True,False,7.592615999982399,0.0018993494986336856,0.05635872625079108,0.9388288174882011,0.002913106762374018
qirv1-0168,a6aefda9352925c7,affordable nursing schools in Texas with good job placement,affordable nursing schools in texas with good job placement,complex,intent_policy,0.98,Recognized intents consistently map to one frozen V1 route,1,multi_constraint,high_school_student,multi_constraint:1,high_school_student:1,Data - Shivansh.csv,complex,0.9250979552184334,calibrated_model,complex,True,False,7.515611000002309,0.0022828916251625823,0.06839734201771457,0.9250979552184334,0.004221811138689473
qirv1-0169,bb423e39d4b0b1d5,help me compare colleges for entrepreneurship resources based on robust internships and online course options,help me compare colleges for entrepreneurship resources based on robust internships and online course options,complex,intent_policy,0.98,Recognized intents consistently map to one frozen V1 route,5,multi_constraint,college_student,multi_constraint:5,college_student:5,Data - Edward.csv,complex,0.8992121647972805,calibrated_model,complex,True,False,7.820369000000937,0.040984652250634385,0.04109742752387826,0.8992121647972805,0.018705755428206693
qirv1-0170,d36cd70a16d28378,Community college STEM faculty office hours?,community college stem faculty office hours,short_circuit,intent_policy,0.98,Recognized intents consistently map to one frozen V1 route,1,attribute_lookup,community_college_student,attribute_lookup:1,community_college_student:1,Data - Nimisha.csv,short_circuit,0.8749814675998443,calibrated_model,short_circuit,True,False,7.464365999993561,0.8749814675998443,0.02193145191761947,0.014682450085868897,0.0884046303966673
qirv1-0171,1727d078605058bd,how do we position our school against peer institutions on your platform,how do we position our school against peer institutions on your platform,llm_needed,intent_policy,0.98,Recognized intents consistently map to one frozen V1 route,1,advisory,college_b2b,advisory:1,college_b2b:1,Data - Ridhi.csv,llm_needed,0.6020051956637659,calibrated_model,llm_needed,True,False,7.63949299999922,0.006176554207786878,0.347269450857973,0.044548799270474275,0.6020051956637659
qirv1-0172,79b5a4c2d318de0e,Princeton job placement for biology,princeton job placement for biology,medium,intent_policy,0.98,Recognized intents consistently map to one frozen V1 route,1,career_outcomes,counselor_teacher,career_outcomes:1,counselor_teacher:1,Data - Shivansh.csv,medium,0.7135977437918615,calibrated_model,medium,True,False,7.408141000013302,0.19502271423163328,0.7135977437918615,0.08138580236039365,0.009993739616111696
qirv1-0173,83d7d1808d1a8a2f,Community college STEM lab safety training?,community college stem lab safety training,short_circuit,intent_policy,0.98,Recognized intents consistently map to one frozen V1 route,1,attribute_lookup,community_college_student,attribute_lookup:1,community_college_student:1,Data - Nimisha.csv,short_circuit,0.9220597349949057,calibrated_model,short_circuit,True,False,7.531400000004851,0.9220597349949057,0.014388334950098116,0.02960882360954196,0.033943106445454285
qirv1-0174,44162869e01615f1,colleges that accept community college associate degrees,colleges that accept community college associate degrees,short_circuit,intent_policy,0.98,Recognized intents consistently map to one frozen V1 route,1,attribute_lookup,college_student,attribute_lookup:1,college_student:1,Data - Edward.csv,short_circuit,0.7036351164125213,calibrated_model,short_circuit,True,False,7.466179000005013,0.7036351164125213,0.244817337237345,0.0046503293889459665,0.04689721696118764
qirv1-0175,a293fa8c17d0bfcb,which schools offer campus culture and inclusion and allow early application deadlines,which schools offer campus culture and inclusion and allow early application deadlines,short_circuit,intent_policy,0.98,Recognized intents consistently map to one frozen V1 route,5,attribute_lookup,parent,attribute_lookup:5,parent:5,Data - Edward.csv,short_circuit,0.7292236718005145,calibrated_model,short_circuit,True,False,9.274161999996977,0.7292236718005145,0.23955345684345042,0.00770021742555651,0.023522653930478515
qirv1-0176,2acc96a119c2bc84,Grad program funding packages?,grad program funding packages,short_circuit,intent_policy,0.98,Recognized intents consistently map to one frozen V1 route,1,attribute_lookup,graduate_applicant,attribute_lookup:1,graduate_applicant:1,Data - Nimisha.csv,short_circuit,0.8914067071396716,calibrated_model,short_circuit,True,False,7.590200999999297,0.8914067071396716,0.023516375597902744,0.018929576878482124,0.06614734038394358
qirv1-0177,4c47a9ce1eee9e92,colleges where graduates frequently enter community service roles,colleges where graduates frequently enter community service roles,medium,intent_policy,0.98,Recognized intents consistently map to one frozen V1 route,1,filtered_search,nonprofit_advisor,filtered_search:1,nonprofit_advisor:1,Data Anthony.csv,medium,0.8182396724926916,calibrated_model,medium,True,False,7.651705000000675,0.13477747571878476,0.8182396724926916,0.01547970371934485,0.031503148069178734
qirv1-0178,5c4fa5af668371a9,how to build a comprehensive new staff and administrator onboarding program,how to build a comprehensive new staff and administrator onboarding program,short_circuit,intent_policy,0.98,Recognized intents consistently map to one frozen V1 route,1,attribute_lookup,college,attribute_lookup:1,college:1,Data - Edward.csv,short_circuit,0.9476059509979419,calibrated_model,short_circuit,True,False,7.595980999980156,0.9476059509979419,0.01448002596290156,0.011811257422614454,0.026102765616542064
qirv1-0179,602c7d4aabf66704,how to train faculty in active learning and inclusive pedagogy,how to train faculty in active learning and inclusive pedagogy,short_circuit,intent_policy,0.98,Recognized intents consistently map to one frozen V1 route,1,attribute_lookup,college,attribute_lookup:1,college:1,Data - Edward.csv,short_circuit,0.8533315969260405,calibrated_model,short_circuit,True,False,7.539336000007779,0.8533315969260405,0.04622042452279731,0.010315370215237572,0.09013260833592453
qirv1-0180,044666f47bd5c495,elite non coastal universities,elite non coastal universities,complex,intent_policy,0.98,Recognized intents consistently map to one frozen V1 route,1,recommendation,advisor,recommendation:1,advisor:1,Data - Anika.csv,llm_needed,0.05702113555861359,low_confidence_fallback,complex,False,False,7.377603999998428,0.09757929569491991,0.4142227704813932,0.43117679826507316,0.05702113555861359
qirv1-0181,146c63efebf87e35,schools with strong writing culture,schools with strong writing culture,llm_needed,intent_policy,0.98,Recognized intents consistently map to one frozen V1 route,1,campus_life_fit,college_student,campus_life_fit:1,college_student:1,Data - Anika.csv,llm_needed,0.7548560966921426,calibrated_model,llm_needed,True,False,7.297262999998111,0.03723776709025656,0.19516366301271493,0.012742473204885781,0.7548560966921426
qirv1-0182,7bb9ddcbf141ad76,Rice University research opportunities,rice university research opportunities,short_circuit,intent_policy,0.98,Recognized intents consistently map to one frozen V1 route,1,attribute_lookup,parent,attribute_lookup:1,parent:1,Data - Shivansh.csv,short_circuit,0.9551821133234387,calibrated_model,short_circuit,True,False,7.348148999994919,0.9551821133234387,0.011180500679664048,0.017595102806759577,0.01604228319013767
qirv1-0183,b4e8f550f6179aee,how do I advise a student who did their CC online and wants a rural residential experience,how do i advise a student who did their cc online and wants a rural residential experience,llm_needed,intent_policy,0.98,Recognized intents consistently map to one frozen V1 route,1,advisory,community_college_advisor,advisory:1,community_college_advisor:1,Data Anthony.csv,llm_needed,0.9892135398367451,calibrated_model,llm_needed,True,False,8.010705000003782,0.002554016874587416,0.006923289035264566,0.001309154253402722,0.9892135398367451
qirv1-0184,6d6a94daa7c4f113,create reach target safety list for psychology in California full ride options,create reach target safety list for psychology in california full ride options,medium,intent_policy,0.98,Recognized intents consistently map to one frozen V1 route,1,career_outcomes,advisor,career_outcomes:1,advisor:1,Data - Shivansh.csv,llm_needed,0.15754140907342395,low_confidence_fallback,complex,False,False,7.685707999996794,0.0937844593115809,0.36602377382955037,0.38265035778544476,0.15754140907342395
qirv1-0185,18969e73afe7f7ff,best colleges for honors seminar quality with robust internships in California,best colleges for honors seminar quality with robust internships in california,medium,intent_policy,0.98,Recognized intents consistently map to one frozen V1 route,5,filtered_search,teacher,filtered_search:5,teacher:5,Data - Edward.csv,medium,0.8757359696706334,calibrated_model,medium,True,False,7.6335010000150305,0.054667505336946115,0.8757359696706334,0.05673012934176851,0.012866395650651905
qirv1-0186,4ab85d68c034240f,which universities cap class sizes early,which universities cap class sizes early,medium,intent_policy,0.98,Recognized intents consistently map to one frozen V1 route,1,filtered_search,counselor,filtered_search:1,counselor:1,Data Anthony.csv,medium,0.7726979379825026,calibrated_model,medium,True,False,7.384486999995943,0.1476117094417163,0.7726979379825026,0.07179511319761682,0.007895239378164278
qirv1-0187,afc5ea957a778685,good colleges for students who want flexibility in pacing,good colleges for students who want flexibility in pacing,complex,intent_policy,0.98,Recognized intents consistently map to one frozen V1 route,1,recommendation,parent,recommendation:1,parent:1,Data - Anika.csv,complex,0.8037864999800592,calibrated_model,complex,True,False,7.471779000013612,0.00498666318790227,0.1455960591052616,0.8037864999800592,0.04563077772677693
qirv1-0188,2c7d64e6392ad1b4,edtech founder project CS,edtech founder project cs,complex,intent_policy,0.98,Recognized intents consistently map to one frozen V1 route,1,strategy,edtech_founder,strategy:1,edtech_founder:1,Data - Nimisha.csv,complex,0.9259974141678281,calibrated_model,complex,True,False,7.18739900000287,0.029161659573051852,0.019135085088979105,0.9259974141678281,0.02570584117014103
qirv1-0189,0d2f1e847ad1efed,rankings for Georgia Tech,rankings for georgia tech,short_circuit,intent_policy,0.98,Recognized intents consistently map to one frozen V1 route,1,attribute_lookup,parent,attribute_lookup:1,parent:1,Data - Shivansh.csv,short_circuit,0.7843530789492242,calibrated_model,short_circuit,True,False,7.422396999999137,0.7843530789492242,0.07030520468160241,0.1375301130364239,0.007811603332749511
qirv1-0190,c9d1bed90cdb9507,how to build a more racially and ethnically diverse incoming class,how to build a more racially and ethnically diverse incoming class,medium,intent_policy,0.98,Recognized intents consistently map to one frozen V1 route,1,filtered_search,college,filtered_search:1,college:1,Data - Edward.csv,short_circuit,0.7630375616818168,calibrated_model,short_circuit,False,True,7.538813999985905,0.7630375616818168,0.044757535311527985,0.015437444651857575,0.17676745835479765
qirv1-0191,ea9d40f91fe95aa8,good schools if you want to start a startup eventually,good schools if you want to start a startup eventually,medium,intent_policy,0.98,Recognized intents consistently map to one frozen V1 route,1,filtered_search,high_school_student,filtered_search:1,high_school_student:1,Data Anthony.csv,medium,0.5084924024145897,calibrated_model,medium,True,False,7.485233999972252,0.029775368653825945,0.5084924024145897,0.19456174151708208,0.2671704874145023
qirv1-0192,213e47fd9965099c,MIT financial aid for out of state,mit financial aid for out of state,medium,intent_policy,0.98,Recognized intents consistently map to one frozen V1 route,2,cost_financial_aid,high_school_student,cost_financial_aid:2,advisor:1|high_school_student:1,Data - Shivansh.csv,llm_needed,0.06403798094721326,low_confidence_fallback,short_circuit,False,False,7.237953000014841,0.4644634225670827,0.4196683989648456,0.05183019752085844,0.06403798094721326
qirv1-0193,b1a10cc17732f8a0,how to develop a student success technology ecosystem,how to develop a student success technology ecosystem,short_circuit,intent_policy,0.98,Recognized intents consistently map to one frozen V1 route,1,attribute_lookup,college,attribute_lookup:1,college:1,Data - Edward.csv,short_circuit,0.9179865192380454,calibrated_model,short_circuit,True,False,7.457022000011193,0.9179865192380454,0.00847388186036977,0.0022468789099460537,0.07129271999163875
qirv1-0194,9bfa927933c04b9d,small electrical engineering colleges near Chicago under 30k,small electrical engineering colleges near chicago under 30k,complex,intent_policy,0.98,Recognized intents consistently map to one frozen V1 route,1,multi_constraint,advisor,multi_constraint:1,advisor:1,Data - Shivansh.csv,complex,0.9695147436707653,calibrated_model,complex,True,False,7.42961000000264,0.01590272868807277,0.012145862105049714,0.9695147436707653,0.0024366655361121926
qirv1-0195,84b29eee2f36cf1b,comp sci gpa reset after transfer?,comp sci gpa reset after transfer,llm_needed,intent_policy,0.98,Recognized intents consistently map to one frozen V1 route,1,advisory,transfer_student,advisory:1,transfer_student:1,Data - Nimisha.csv,llm_needed,0.6417648642415538,calibrated_model,llm_needed,True,False,7.381280000004153,0.25938514812137287,0.03527772967280838,0.06357225796426498,0.6417648642415538
qirv1-0196,74d13d2e6f88dc2c,how to conduct an effective sophomore year check-in about college planning,how to conduct an effective sophomore year check-in about college planning,llm_needed,intent_policy,0.98,Recognized intents consistently map to one frozen V1 route,1,advisory,counselor,advisory:1,counselor:1,Data - Ridhi.csv,llm_needed,0.660071116886527,calibrated_model,llm_needed,True,False,7.692622000007532,0.30127613741896747,0.03643511775692802,0.002217627937577529,0.660071116886527
qirv1-0197,5604c58da9d5e1c3,how to document and share college counseling resources with students digitally,how to document and share college counseling resources with students digitally,llm_needed,intent_policy,0.98,Recognized intents consistently map to one frozen V1 route,1,advisory,counselor,advisory:1,counselor:1,Data - Ridhi.csv,llm_needed,0.5925294690087198,calibrated_model,llm_needed,True,False,7.579590999995389,0.3938596870652627,0.008246105435402518,0.005364738490614854,0.5925294690087198
qirv1-0198,7c1632e30a454c99,How can project-based CS labs enhance learning outcomes?,how can project-based cs labs enhance learning outcomes,complex,intent_policy,0.98,Recognized intents consistently map to one frozen V1 route,1,strategy,edtech_founder,strategy:1,edtech_founder:1,Data - Nimisha.csv,llm_needed,0.4048144645796727,low_confidence_fallback,complex,False,False,7.481468000008817,0.09450504716128429,0.05508492199125579,0.4455955662677871,0.4048144645796727
qirv1-0199,24522fae6d6a9f7f,NYU average SAT,nyu average sat,short_circuit,intent_policy,0.98,Recognized intents consistently map to one frozen V1 route,1,attribute_lookup,parent,attribute_lookup:1,parent:1,Data - Shivansh.csv,short_circuit,0.824853059523461,calibrated_model,short_circuit,True,False,7.1817190000160736,0.824853059523461,0.13730547575202934,0.014663800470498117,0.023177664254011392
qirv1-0200,2bd01ddef65d7857,civil eng infrastructure bill demand spike,civil eng infrastructure bill demand spike,short_circuit,intent_policy,0.98,Recognized intents consistently map to one frozen V1 route,1,attribute_lookup,government_workforce_analyst,attribute_lookup:1,government_workforce_analyst:1,Data - Nimisha.csv,llm_needed,0.3450876042427282,low_confidence_fallback,llm_needed,False,False,7.326469000020097,0.30316709853056345,0.06239108049618005,0.28935421673052836,0.3450876042427282
qirv1-0201,c062a4547dc26b08,how to advise students who want to transfer from a 4-year to a community college,how to advise students who want to transfer from a 4-year to a community college,llm_needed,intent_policy,0.98,Recognized intents consistently map to one frozen V1 route,1,emotional_advisory,advisor,emotional_advisory:1,advisor:1,Data - Edward.csv,llm_needed,0.7563603254223982,calibrated_model,llm_needed,True,False,7.60321499998895,0.23063393621147096,0.011764152000363619,0.0012415863657672603,0.7563603254223982
qirv1-0202,46caf52faa2af1ac,cheapest architecture schools near a tech hub,cheapest architecture schools near a tech hub,medium,intent_policy,0.98,Recognized intents consistently map to one frozen V1 route,1,cost_financial_aid,counselor_teacher,cost_financial_aid:1,counselor_teacher:1,Data - Shivansh.csv,medium,0.9608962985659201,calibrated_model,medium,True,False,7.5731279999899925,0.005263134587270385,0.9608962985659201,0.030028220818048606,0.00381234602876083
qirv1-0203,3b3ab72b0d740cac,engineering programs with strong alumni mentorship networks,engineering programs with strong alumni mentorship networks,short_circuit,intent_policy,0.98,Recognized intents consistently map to one frozen V1 route,1,attribute_lookup,high_school_student,attribute_lookup:1,high_school_student:1,Data - Nimisha.csv,llm_needed,0.054938909913046376,low_confidence_fallback,short_circuit,False,False,7.499311000003672,0.5877224373722676,0.07374060212115711,0.2835980505935289,0.054938909913046376
qirv1-0204,b1ace66383c3464e,how to get leadership positions in student clubs,how to get leadership positions in student clubs,llm_needed,intent_policy,0.98,Recognized intents consistently map to one frozen V1 route,1,advisory,college_student,advisory:1,college_student:1,Data - Ridhi.csv,llm_needed,0.5617947320129937,calibrated_model,llm_needed,True,False,7.445992000015167,0.38658065211189835,0.05060539906035274,0.0010192168147552057,0.5617947320129937
qirv1-0205,7c8662bafe8ce252,how to evaluate and improve campus climate survey results,how to evaluate and improve campus climate survey results,short_circuit,intent_policy,0.98,Recognized intents consistently map to one frozen V1 route,1,attribute_lookup,college,attribute_lookup:1,college:1,Data - Edward.csv,short_circuit,0.9128258744951833,calibrated_model,short_circuit,True,False,7.561536999986629,0.9128258744951833,0.01578552836258858,0.00828559980487528,0.06310299733735292
qirv1-0206,9db7c2e250152753,University of Florida job placement for engineering,university of florida job placement for engineering,medium,intent_policy,0.98,Recognized intents consistently map to one frozen V1 route,1,career_outcomes,college_student,career_outcomes:1,college_student:1,Data - Shivansh.csv,medium,0.5020013544964873,calibrated_model,medium,True,False,7.681028999996897,0.39620514929907086,0.5020013544964873,0.09035381663019687,0.011439679574245002
qirv1-0207,38a4790159e77dcc,edtech build cs portfolio tool,edtech build cs portfolio tool,complex,intent_policy,0.98,Recognized intents consistently map to one frozen V1 route,1,strategy,edtech_founder,strategy:1,edtech_founder:1,Data - Nimisha.csv,complex,0.7407694314224155,calibrated_model,complex,True,False,7.311088999983895,0.10386010344135806,0.026923921017292008,0.7407694314224155,0.1284465441189343
qirv1-0208,79deefc291b045b2,student wants tech career but dislikes coding,student wants tech career but dislikes coding,llm_needed,intent_policy,0.98,Recognized intents consistently map to one frozen V1 route,1,advisory,counselor,advisory:1,counselor:1,Data - Nimisha.csv,complex,0.5941472629571171,calibrated_model,complex,False,False,7.6400229999933345,0.11202492500490528,0.02163297297529361,0.5941472629571171,0.272194839062684
qirv1-0209,4015989df9463919,how to help a student who is academically capable but unmotivated,how to help a student who is academically capable but unmotivated,llm_needed,intent_policy,0.98,Recognized intents consistently map to one frozen V1 route,1,emotional_advisory,advisor,emotional_advisory:1,advisor:1,Data - Edward.csv,llm_needed,0.9368816232703147,calibrated_model,llm_needed,True,False,7.573057999991306,0.0045121170962287545,0.0006418212484235721,0.05796443838503296,0.9368816232703147
qirv1-0210,ee3016a3265463d2,Purdue vs MIT,purdue vs mit,complex,intent_policy,0.98,Recognized intents consistently map to one frozen V1 route,1,comparison,high_school_student,comparison:1,high_school_student:1,Data - Shivansh.csv,complex,0.9437966679749764,calibrated_model,complex,True,False,7.190825000009227,0.03791258085202917,0.014666434318886382,0.9437966679749764,0.0036243168541080883
qirv1-0211,c04f6777b8c726e5,intl student stem OPT stress,intl student stem opt stress,llm_needed,intent_policy,0.98,Recognized intents consistently map to one frozen V1 route,1,emotional_advisory,international_student,emotional_advisory:1,international_student:1,Data - Nimisha.csv,llm_needed,0.8748180060789346,calibrated_model,llm_needed,True,False,7.300740000005135,0.0775690243461631,0.014770079208725797,0.032842890366176485,0.8748180060789346
qirv1-0212,f9c00c703199b4e2,universities with research in sociogenomics,universities with research in sociogenomics,short_circuit,intent_policy,0.98,Recognized intents consistently map to one frozen V1 route,1,attribute_lookup,highschool_student,attribute_lookup:1,highschool_student:1,Data - Edward.csv,short_circuit,0.9274737999520982,calibrated_model,short_circuit,True,False,7.351655000007895,0.9274737999520982,0.051462354924013264,0.019180888505012053,0.001882956618876392
qirv1-0213,bb63b04da47d8670,cc student lab access low,cc student lab access low,llm_needed,intent_policy,0.98,Recognized intents consistently map to one frozen V1 route,2,advisory,community_college_student,advisory:2,community_college_student:2,Data - Nimisha.csv,llm_needed,0.8289575007037482,calibrated_model,llm_needed,True,False,7.189322000016318,0.07913575997766416,0.04908103633018612,0.042825702988401576,0.8289575007037482
qirv1-0214,29cd26cae92f6f18,schools with campus ambassador programs,schools with campus ambassador programs,short_circuit,intent_policy,0.98,Recognized intents consistently map to one frozen V1 route,1,attribute_lookup,highschool_student,attribute_lookup:1,highschool_student:1,Data - Edward.csv,short_circuit,0.9450692403316395,calibrated_model,short_circuit,True,False,7.444888999998511,0.9450692403316395,0.04231136117302261,0.004012179783602387,0.008607218711735616
qirv1-0215,e4ea2aa553fd4080,schools w strong programs for students intersted in rural journalism or local news,schools w strong programs for students intersted in rural journalism or local news,medium,intent_policy,0.98,Recognized intents consistently map to one frozen V1 route,1,filtered_search,district_advisor,filtered_search:1,district_advisor:1,Data Anthony.csv,medium,0.9448206546995896,calibrated_model,medium,True,False,7.637238000000934,0.004711521040510231,0.9448206546995896,0.03753179470961201,0.012936029550288004
qirv1-0216,31631378981385ac,How can community college students find research opportunities at universities?,how can community college students find research opportunities at universities,llm_needed,intent_policy,0.98,Recognized intents consistently map to one frozen V1 route,1,advisory,community_college_student,advisory:1,community_college_student:1,Data - Nimisha.csv,llm_needed,0.7500032072978864,calibrated_model,llm_needed,True,False,7.729129000011881,0.24063998020316701,0.007172064655903758,0.0021847478430428464,0.7500032072978864
qirv1-0217,0a9a1c24f257513d,how does your platform support community college and transfer student pathways,how does your platform support community college and transfer student pathways,medium,unanimous_observed,1.0,All valid historical route labels agree,1,factual,college_b2b,factual:1,college_b2b:1,Data - Ridhi.csv,short_circuit,0.6593768158783693,calibrated_model,short_circuit,False,True,7.5905009999814865,0.6593768158783693,0.25331956122309,0.004868541887566338,0.08243508101097445
qirv1-0218,70610cccbe94fa73,how to run effective group advising or workshop sessions,how to run effective group advising or workshop sessions,short_circuit,intent_policy,0.98,Recognized intents consistently map to one frozen V1 route,1,attribute_lookup,advisor,attribute_lookup:1,advisor:1,Data - Edward.csv,llm_needed,0.6078488494967527,calibrated_model,llm_needed,False,False,7.422927999982676,0.3676771435098332,0.023160898617861154,0.0013131083755529664,0.6078488494967527
qirv1-0219,d709daa610964a05,how to build a resource library for advisors that includes major and career information,how to build a resource library for advisors that includes major and career information,llm_needed,intent_policy,0.98,Recognized intents consistently map to one frozen V1 route,1,advisory,advisor,advisory:1,advisor:1,Data - Ridhi.csv,short_circuit,0.7572434982314844,calibrated_model,short_circuit,False,True,7.623222000006535,0.7572434982314844,0.09775321952907222,0.003229113356122734,0.14177416888332073
qirv1-0220,ff6bfe0c3028f679,University of Washington vs UCLA for business,university of washington vs ucla for business,complex,intent_policy,0.98,Recognized intents consistently map to one frozen V1 route,1,comparison,counselor_teacher,comparison:1,counselor_teacher:1,Data - Shivansh.csv,complex,0.8816459516244762,calibrated_model,complex,True,False,7.328320999988591,0.09960592932753783,0.017114486045186922,0.8816459516244762,0.0016336330027990984
qirv1-0221,f69b611a17c95374,small philosophy colleges in California low tuition,small philosophy colleges in california low tuition,complex,intent_policy,0.98,Recognized intents consistently map to one frozen V1 route,1,multi_constraint,counselor_teacher,multi_constraint:1,counselor_teacher:1,Data - Shivansh.csv,complex,0.9003639173719615,calibrated_model,complex,True,False,7.563791000023912,0.004840478308935188,0.07953117963009261,0.9003639173719615,0.015264424689010734
qirv1-0222,3888a0dd7fd6494d,colleges near a major tech hub low tuition with strong research and internships,colleges near a major tech hub low tuition with strong research and internships,complex,intent_policy,0.98,Recognized intents consistently map to one frozen V1 route,1,multi_constraint,counselor_teacher,multi_constraint:1,counselor_teacher:1,Data - Shivansh.csv,complex,0.929282441964264,calibrated_model,complex,True,False,7.536700000002838,0.00697759915668972,0.06063547559616241,0.929282441964264,0.0031044832828839557
qirv1-0223,f5f24029a3c91b46,what is Phi Beta Kappa and is it worth pursuing,what is phi beta kappa and is it worth pursuing,medium,unanimous_observed,1.0,All valid historical route labels agree,1,factual,college_student,factual:1,college_student:1,Data - Ridhi.csv,llm_needed,0.8306711477692325,calibrated_model,llm_needed,False,False,7.417247000006455,0.009588429969513234,0.15506247756730987,0.004677944693944404,0.8306711477692325
qirv1-0224,ddf1e1c1fe837412,best practices for running a career advising drop-in,best practices for running a career advising drop-in,llm_needed,intent_policy,0.98,Recognized intents consistently map to one frozen V1 route,1,advisory,advisor,advisory:1,advisor:1,Data - Ridhi.csv,llm_needed,0.5644472732594852,calibrated_model,llm_needed,True,False,7.428619000023673,0.08973266177423789,0.33807734865400985,0.007742716312267099,0.5644472732594852
qirv1-0225,5903ad31f0f02874,how does your platform handle colleges going through accreditation review,how does your platform handle colleges going through accreditation review,medium,unanimous_observed,1.0,All valid historical route labels agree,1,factual,college_b2b,factual:1,college_b2b:1,Data - Ridhi.csv,medium,0.7522838711692098,calibrated_model,medium,True,False,7.571295999980521,0.07725405493949489,0.7522838711692098,0.08353908582811202,0.08692298806318337
qirv1-0226,3ba847a375c5c8c1,how to help students communicate with financial aid about appeal or special circumstances,how to help students communicate with financial aid about appeal or special circumstances,llm_needed,intent_policy,0.98,Recognized intents consistently map to one frozen V1 route,1,advisory,advisor,advisory:1,advisor:1,Data - Ridhi.csv,llm_needed,0.7702342349382757,calibrated_model,llm_needed,True,False,7.677201999996441,0.18606243065436848,0.04222212007328299,0.0014812143340728967,0.7702342349382757
qirv1-0227,e897f8d72719c0fd,how to help a student who is a strong writer but low test scores decide where to apply,how to help a student who is a strong writer but low test scores decide where to apply,llm_needed,intent_policy,0.98,Recognized intents consistently map to one frozen V1 route,1,advisory,counselor,advisory:1,counselor:1,Data - Ridhi.csv,llm_needed,0.9126256137899785,calibrated_model,llm_needed,True,False,7.842411000012817,0.0036755065452031646,0.007750924942834731,0.07594795472198367,0.9126256137899785
qirv1-0228,1fd72d9859baf9d6,which schools offer study abroad options and allow no SAT requirement,which schools offer study abroad options and allow no sat requirement,short_circuit,intent_policy,0.98,Recognized intents consistently map to one frozen V1 route,5,attribute_lookup,college_student,attribute_lookup:5,college_student:5,Data - Edward.csv,short_circuit,0.7786492462929328,calibrated_model,short_circuit,True,False,7.562688000007256,0.7786492462929328,0.19831467744095,0.014481475814826427,0.008554600451290766
qirv1-0229,ec876077af575c09,school profile publishing workflow,school profile publishing workflow,medium,intent_policy,0.98,Recognized intents consistently map to one frozen V1 route,1,profile_management,college_b2b,profile_management:1,college_b2b:1,Data - Anika.csv,medium,0.807704546175192,calibrated_model,medium,True,False,7.260585000011588,0.09432180812648089,0.807704546175192,0.02796799238958327,0.07000565330874371
qirv1-0230,12c1c6312e4c06d1,longitudinal admissions data export,longitudinal admissions data export,medium,intent_policy,0.98,Recognized intents consistently map to one frozen V1 route,1,profile_management,college_b2b,profile_management:1,college_b2b:1,Data - Anika.csv,medium,0.6786018782595763,calibrated_model,medium,True,False,7.331948999990345,0.12028757844218263,0.6786018782595763,0.1639544696364833,0.037156073661757764
qirv1-0231,9748d9bc39295ebf,cs major building portfolio without internships,cs major building portfolio without internships,llm_needed,intent_policy,0.98,Recognized intents consistently map to one frozen V1 route,1,advisory,college_student,advisory:1,college_student:1,Data - Nimisha.csv,llm_needed,0.6647093883655031,calibrated_model,llm_needed,True,False,7.3506539999925735,0.047759845222944096,0.051509104755098796,0.23602166165645397,0.6647093883655031
qirv1-0232,759ba5dcdb276107,UC Berkeley vs USC for finance,uc berkeley vs usc for finance,complex,intent_policy,0.98,Recognized intents consistently map to one frozen V1 route,1,comparison,college_student,comparison:1,college_student:1,Data - Shivansh.csv,complex,0.8936566980087371,calibrated_model,complex,True,False,7.206625000009126,0.031310290052024854,0.06996107813750167,0.8936566980087371,0.005071933801736216
qirv1-0233,ec664bca8992ec55,mid sized universities with strong human factors engineering,mid sized universities with strong human factors engineering,complex,intent_policy,0.98,Recognized intents consistently map to one frozen V1 route,1,multi_constraint,college_student,multi_constraint:1,college_student:1,Data - Anika.csv,complex,0.8292125152460011,calibrated_model,complex,True,False,7.672204000016336,0.09448391766763643,0.056447233382778905,0.8292125152460011,0.019856333703583445
qirv1-0234,18dac85e786f5a10,what tools are available to advisors for tracking student academic progress,what tools are available to advisors for tracking student academic progress,medium,unanimous_observed,1.0,All valid historical route labels agree,1,tool_request,advisor,tool_request:1,advisor:1,Data - Ridhi.csv,llm_needed,0.33105710786569087,low_confidence_fallback,short_circuit,False,False,7.600700000011784,0.371135454014617,0.2621017767551475,0.03570566136454462,0.33105710786569087
qirv1-0235,e9a21b332b1b9868,visibility in recommendation engine,visibility in recommendation engine,medium,unanimous_observed,1.0,All valid historical route labels agree,1,guidance,college_b2b,guidance:1,college_b2b:1,Data - Anika.csv,medium,0.6868451847560292,calibrated_model,medium,True,False,7.307061999995312,0.033243086855506615,0.6868451847560292,0.17410515603501883,0.10580657235344537
qirv1-0236,c05cdd6b39de4a5c,schools with strong programs for students who grew up abroad or are third culture kids,schools with strong programs for students who grew up abroad or are third culture kids,medium,intent_policy,0.98,Recognized intents consistently map to one frozen V1 route,1,filtered_search,independent_counselor,filtered_search:1,independent_counselor:1,Data Anthony.csv,llm_needed,0.5097855698572379,calibrated_model,llm_needed,False,False,7.642036999982338,0.005052644508803347,0.4775532176735231,0.007608567960435662,0.5097855698572379
qirv1-0237,6e0e59a35b18a823,can I take grad-level classes as an undergrad,can i take grad-level classes as an undergrad,short_circuit,intent_policy,0.98,Recognized intents consistently map to one frozen V1 route,1,attribute_lookup,college_student,attribute_lookup:1,college_student:1,Data - Edward.csv,llm_needed,0.37171167269587063,low_confidence_fallback,llm_needed,False,False,7.4074799999834795,0.37166219391180544,0.23092218937417816,0.025703944018145828,0.37171167269587063
qirv1-0238,3348614fa20bf621,affordable architecture schools in Texas with good internships,affordable architecture schools in texas with good internships,complex,intent_policy,0.98,Recognized intents consistently map to one frozen V1 route,1,multi_constraint,parent,multi_constraint:1,parent:1,Data - Shivansh.csv,complex,0.9324945262676776,calibrated_model,complex,True,False,7.494772999990573,0.002828195194486676,0.05885375214496411,0.9324945262676776,0.00582352639287162
qirv1-0239,32baaa712b1edc1c,does wake forest track student progress well,does wake forest track student progress well,short_circuit,intent_policy,0.98,Recognized intents consistently map to one frozen V1 route,1,attribute_lookup,parent,attribute_lookup:1,parent:1,Data Anthony.csv,short_circuit,0.6737239779795491,calibrated_model,short_circuit,True,False,7.515560999991067,0.6737239779795491,0.2240258026699146,0.027713219619208942,0.07453699973132741
qirv1-0240,1901a216bd8894f7,universities that train graduates for local government leadership roles,universities that train graduates for local government leadership roles,medium,intent_policy,0.98,Recognized intents consistently map to one frozen V1 route,1,filtered_search,district_advisor,filtered_search:1,district_advisor:1,Data Anthony.csv,medium,0.8174595234080426,calibrated_model,medium,True,False,7.696086999999352,0.15578765981193163,0.8174595234080426,0.015643550852304604,0.01110926592772112
qirv1-0241,b8b4644271cbe25e,recommend small colleges near Chicago for psychology,recommend small colleges near chicago for psychology,complex,intent_policy,0.98,Recognized intents consistently map to one frozen V1 route,1,recommendation,parent,recommendation:1,parent:1,Data - Shivansh.csv,complex,0.9776461280263004,calibrated_model,complex,True,False,7.541018000011945,0.005926311263380321,0.01439261896524781,0.9776461280263004,0.002034941745071525
qirv1-0242,2ebca07aae96a5e2,engineering schools with 4 year graduation guarantee,engineering schools with 4 year graduation guarantee,short_circuit,intent_policy,0.98,Recognized intents consistently map to one frozen V1 route,1,attribute_lookup,parent,attribute_lookup:1,parent:1,Data - Nimisha.csv,llm_needed,0.09789026283425557,low_confidence_fallback,short_circuit,False,False,7.394634999997152,0.5171470713545622,0.30141552191729803,0.08354714389388418,0.09789026283425557
qirv1-0243,85ca377cdb0c638a,Columbia chill campus,columbia chill campus,llm_needed,intent_policy,0.98,Recognized intents consistently map to one frozen V1 route,1,campus_life_fit,college_student,campus_life_fit:1,college_student:1,Data - Shivansh.csv,short_circuit,0.7184677535890326,calibrated_model,short_circuit,False,True,7.150579000011703,0.7184677535890326,0.03732570448877018,0.024324529960491368,0.2198820119617058
qirv1-0244,e2f2e6eb75685a02,colleges where students often study multiple fields by graduation,colleges where students often study multiple fields by graduation,medium,intent_policy,0.98,Recognized intents consistently map to one frozen V1 route,1,filtered_search,independent_counselor,filtered_search:1,independent_counselor:1,Data Anthony.csv,medium,0.8344631208891004,calibrated_model,medium,True,False,7.42797699999187,0.07795100636472113,0.8344631208891004,0.05138916421625739,0.036196708529921066
qirv1-0245,71e0c2aa05e143da,what is college access work and how does it differ from traditional counseling,what is college access work and how does it differ from traditional counseling,medium,unanimous_observed,1.0,All valid historical route labels agree,1,factual,counselor,factual:1,counselor:1,Data - Ridhi.csv,medium,0.5600189310304328,calibrated_model,medium,True,False,8.004612999997107,0.07782260020361892,0.5600189310304328,0.04513938524113168,0.31701908352481667
qirv1-0246,96df81f7c3d3eea3,what college rankings actually matter and what are misleading,what college rankings actually matter and what are misleading,llm_needed,intent_policy,0.98,Recognized intents consistently map to one frozen V1 route,1,advisory,parent,advisory:1,parent:1,Data - Ridhi.csv,llm_needed,0.8195315399058664,calibrated_model,llm_needed,True,False,7.647977999994282,0.015384419541913039,0.1339249346185775,0.031159105933643006,0.8195315399058664
qirv1-0247,7fdd3cf06d6ff34b,marketing collaborative eng culture better,marketing collaborative eng culture better,complex,intent_policy,0.98,Recognized intents consistently map to one frozen V1 route,1,strategy,college_admissions_officer,strategy:1,college_admissions_officer:1,Data - Nimisha.csv,llm_needed,0.8760000909990971,calibrated_model,llm_needed,False,False,7.354308999993009,0.036455198277433515,0.0116637603571549,0.07588095036631441,0.8760000909990971
qirv1-0248,90d0b2e9d164e415,colleges near Chicago good financial aid with strong research and internships,colleges near chicago good financial aid with strong research and internships,complex,intent_policy,0.98,Recognized intents consistently map to one frozen V1 route,1,multi_constraint,advisor,multi_constraint:1,advisor:1,Data - Shivansh.csv,complex,0.9442158294449277,calibrated_model,complex,True,False,7.511733000001186,0.007350233348105947,0.046580869725316,0.9442158294449277,0.0018530674816505128
qirv1-0249,4a045a854b85c8f9,how to build institutional capacity for trauma-informed student services,how to build institutional capacity for trauma-informed student services,short_circuit,intent_policy,0.98,Recognized intents consistently map to one frozen V1 route,1,attribute_lookup,college,attribute_lookup:1,college:1,Data - Edward.csv,short_circuit,0.8775184609138086,calibrated_model,short_circuit,True,False,7.573828999994703,0.8775184609138086,0.048904465706826224,0.0015662839717794947,0.07201078940758565
qirv1-0250,40e89aa8bd521810,top public universities for tech jobs,top public universities for tech jobs,medium,intent_policy,0.98,Recognized intents consistently map to one frozen V1 route,1,career_outcomes,advisor,career_outcomes:1,advisor:1,Data - Anika.csv,medium,0.8936292366984815,calibrated_model,medium,True,False,7.380999000019983,0.03859528339690512,0.8936292366984815,0.04407159730234136,0.023703882602272065
qirv1-0251,db98e09b088723d6,does University of Maryland have political science,does university of maryland have political science,short_circuit,intent_policy,0.98,Recognized intents consistently map to one frozen V1 route,1,attribute_lookup,counselor_teacher,attribute_lookup:1,counselor_teacher:1,Data - Shivansh.csv,short_circuit,0.9199599163769981,calibrated_model,short_circuit,True,False,7.380268000019896,0.9199599163769981,0.05550891708742243,0.006888606577848125,0.017642559957731393
qirv1-0252,3f76281eea878903,do college rankings matter when you plan to work internationally after graduating,do college rankings matter when you plan to work internationally after graduating,llm_needed,intent_policy,0.98,Recognized intents consistently map to one frozen V1 route,1,reflective_advisory,counselor,reflective_advisory:1,counselor:1,Data Anthony.csv,llm_needed,0.6296153344144222,calibrated_model,llm_needed,True,False,7.668735999999399,0.03587239487018018,0.3186495591413664,0.01586271157403125,0.6296153344144222
qirv1-0253,b01159e73b8fb6bb,improve student match quality,improve student match quality,complex,intent_policy,0.98,Recognized intents consistently map to one frozen V1 route,1,recommendation,college_b2b,recommendation:1,college_b2b:1,Data - Anika.csv,llm_needed,0.15587302486897361,low_confidence_fallback,short_circuit,False,False,7.288206000026776,0.5787233052084616,0.0879436342977327,0.17746003562483223,0.15587302486897361
qirv1-0254,f26951432d626684,Boston University admissions profile average sat and gpa,boston university admissions profile average sat and gpa,medium,intent_policy,0.98,Recognized intents consistently map to one frozen V1 route,1,filtered_search,counselor_teacher,filtered_search:1,counselor_teacher:1,Data - Shivansh.csv,short_circuit,0.6119767534572396,calibrated_model,short_circuit,False,True,7.447223000013992,0.6119767534572396,0.3100313284893898,0.061273533166180304,0.016718384887190452
qirv1-0255,ea7f1ed733357092,campuses with strong diversity in stem,campuses with strong diversity in stem,medium,intent_policy,0.98,Recognized intents consistently map to one frozen V1 route,1,filtered_search,college_b2b,filtered_search:1,college_b2b:1,Data Anthony.csv,complex,0.47164770882354395,calibrated_model,complex,False,False,7.326497999997628,0.0665177825305633,0.28664464495883396,0.47164770882354395,0.1751898636870588
qirv1-0256,1537ec245c457a34,analytics for admissions funnel,analytics for admissions funnel,complex,intent_policy,0.98,Recognized intents consistently map to one frozen V1 route,1,analytics_request,college_b2b,analytics_request:1,college_b2b:1,Data - Anika.csv,complex,0.5811193798660482,calibrated_model,complex,True,False,7.23096000001533,0.14821738901090678,0.24464657782139845,0.5811193798660482,0.026016653301646427
qirv1-0257,1d0f0fdd829f9377,colleges in old mill towns or historic small cities,colleges in old mill towns or historic small cities,medium,intent_policy,0.98,Recognized intents consistently map to one frozen V1 route,1,filtered_search,high_school_student,filtered_search:1,high_school_student:1,Data Anthony.csv,medium,0.886405348338005,calibrated_model,medium,True,False,7.3586080000040965,0.01101906069093405,0.886405348338005,0.07775191966711621,0.024823671303944684
qirv1-0258,bd9ef4450c043ec9,good schools if i like problem solving more than coding,good schools if i like problem solving more than coding,llm_needed,intent_policy,0.98,Recognized intents consistently map to one frozen V1 route,1,advisory,high_school_student,advisory:1,high_school_student:1,Data Anthony.csv,complex,0.5111416024482013,calibrated_model,complex,False,False,7.415444000002935,0.009717664611808398,0.24588221537658517,0.5111416024482013,0.2332585175634051
qirv1-0259,d6635d359b38ce95,Carnegie Mellon financial aid for out of state,carnegie mellon financial aid for out of state,medium,intent_policy,0.98,Recognized intents consistently map to one frozen V1 route,3,cost_financial_aid,counselor_teacher,cost_financial_aid:3,college_student:1|counselor_teacher:2,Data - Shivansh.csv,llm_needed,0.08906426873231943,low_confidence_fallback,medium,False,False,7.550335999980007,0.4216425829772752,0.4469291752634977,0.04236397302690761,0.08906426873231943
qirv1-0260,b00a67b9efa78ab9,Are there programs for community college students to shadow professionals in their field?,are there programs for community college students to shadow professionals in their field,llm_needed,intent_policy,0.98,Recognized intents consistently map to one frozen V1 route,1,advisory,community_college_student,advisory:1,community_college_student:1,Data - Nimisha.csv,llm_needed,0.8351256555707609,calibrated_model,llm_needed,True,False,7.689764999980753,0.06536068695317054,0.09608889858659692,0.0034247588894716035,0.8351256555707609
qirv1-0261,340e819950017994,schools with zero homework classes,schools with zero homework classes,medium,unanimous_observed,1.0,All valid historical route labels agree,1,filter_search,high_school_student,filter_search:1,high_school_student:1,Data Anthony.csv,llm_needed,0.047990749337327394,low_confidence_fallback,short_circuit,False,False,7.248842999985072,0.49497866171887245,0.44880422269749287,0.008226366246307364,0.047990749337327394
qirv1-0262,3b644f7b300e30ed,how to respond to external rankings and their impact on institutional reputation,how to respond to external rankings and their impact on institutional reputation,llm_needed,intent_policy,0.98,Recognized intents consistently map to one frozen V1 route,1,emotional_advisory,college,emotional_advisory:1,college:1,Data - Edward.csv,llm_needed,0.5883278266906745,calibrated_model,llm_needed,True,False,7.637056999982406,0.3404594140383069,0.05354516202408094,0.017667597246937686,0.5883278266906745
qirv1-0263,4d719eb86716ef80,data sci grads stats light,data sci grads stats light,llm_needed,intent_policy,0.98,Recognized intents consistently map to one frozen V1 route,1,advisory,employer,advisory:1,employer:1,Data - Nimisha.csv,llm_needed,0.761921283003428,calibrated_model,llm_needed,True,False,7.2148200000015095,0.13625228945042525,0.06513956444197103,0.03668686310417571,0.761921283003428
qirv1-0264,41fd9811d7ee876d,NYU vs Columbia business,nyu vs columbia business,complex,intent_policy,0.98,Recognized intents consistently map to one frozen V1 route,1,comparison,advisor,comparison:1,advisor:1,Data - Anika.csv,complex,0.850805707792795,calibrated_model,complex,True,False,7.287695000002259,0.13631781274704555,0.010958012824842605,0.850805707792795,0.001918466635316732
qirv1-0265,dd1de572dfed9d2c,schools like Vanderbilt but cheaper,schools like vanderbilt but cheaper,complex,intent_policy,0.98,Recognized intents consistently map to one frozen V1 route,2,recommendation,parent,recommendation:2,college_student:1|parent:1,Data - Shivansh.csv,complex,0.9692034613430138,calibrated_model,complex,True,False,7.517435000011119,0.009845744495634965,0.010982187256067436,0.9692034613430138,0.009968606905283799
qirv1-0266,934bb907f78d6cc4,colleges with actual roller coasters nearby,colleges with actual roller coasters nearby,medium,unanimous_observed,1.0,All valid historical route labels agree,1,filter_search,high_school_student,filter_search:1,high_school_student:1,Data Anthony.csv,medium,0.6725530969695436,calibrated_model,medium,True,False,7.337648999993007,0.24135999163521848,0.6725530969695436,0.08043116923164208,0.005655742163595902
qirv1-0267,6456e0323dbe40b3,good school not scary,good school not scary,complex,intent_policy,0.98,Recognized intents consistently map to one frozen V1 route,1,rewrite_needed,high_school_student,rewrite_needed:1,high_school_student:1,Data Anthony.csv,complex,0.5552873910232737,calibrated_model,complex,True,False,7.165206999985685,0.01739818196372013,0.1535695345814004,0.5552873910232737,0.2737448924316057
qirv1-0268,bef5d9c9941c21d0,schools that prepare future teachers with strong trauma informed approaches,schools that prepare future teachers with strong trauma informed approaches,medium,intent_policy,0.98,Recognized intents consistently map to one frozen V1 route,1,filtered_search,urban_teacher,filtered_search:1,urban_teacher:1,Data Anthony.csv,medium,0.8858958243338523,calibrated_model,medium,True,False,7.668055000010554,0.007581721507979398,0.8858958243338523,0.027706944186433175,0.07881550997173518
qirv1-0269,67f77d22516ab4d8,melt eng admits stop,melt eng admits stop,complex,intent_policy,0.98,Recognized intents consistently map to one frozen V1 route,1,strategy,college_admissions_officer,strategy:1,college_admissions_officer:1,Data - Nimisha.csv,llm_needed,0.5432527125930459,calibrated_model,llm_needed,False,False,7.174555000005967,0.06511137332733255,0.08464268392266415,0.3069932301569574,0.5432527125930459
qirv1-0270,f9dc849bed0b1e55,is UT Austin good for cs,is ut austin good for cs,short_circuit,intent_policy,0.98,Recognized intents consistently map to one frozen V1 route,1,attribute_lookup,high_school_student,attribute_lookup:1,high_school_student:1,Data Anthony.csv,llm_needed,0.6239126834409032,calibrated_model,llm_needed,False,False,7.363596999994115,0.08622464539595733,0.023798881813181415,0.266063789349958,0.6239126834409032
qirv1-0271,080174d10a1b9e1f,selectivity vs acceptance rate,selectivity vs acceptance rate,complex,unanimous_observed,1.0,All valid historical route labels agree,1,guidance,counselor_teacher,guidance:1,counselor_teacher:1,Data - Anika.csv,complex,0.7477676440223283,calibrated_model,complex,True,False,7.525079000004098,0.21490106308081017,0.023645656833643332,0.7477676440223283,0.01368563606321818
qirv1-0272,d4b97d0a208840b2,cc hist course night?,cc hist course night,llm_needed,intent_policy,0.98,Recognized intents consistently map to one frozen V1 route,1,advisory,community_college_student,advisory:1,community_college_student:1,Data - Nimisha.csv,llm_needed,0.7606723934776544,calibrated_model,llm_needed,True,False,7.256377000004477,0.061836671431488355,0.15802288245371535,0.019468052637141978,0.7606723934776544
qirv1-0273,6f44b5d66f3a0a7d,Boston University tuition vs MIT tuition,boston university tuition vs mit tuition,complex,intent_policy,0.98,Recognized intents consistently map to one frozen V1 route,1,comparison,high_school_student,comparison:1,high_school_student:1,Data - Shivansh.csv,complex,0.6548314040545604,calibrated_model,complex,True,False,7.4072989999933725,0.33211826583250376,0.009993628437200237,0.6548314040545604,0.003056701675735621
qirv1-0274,74a79c5668feabb4,how to write effective advising case notes and summaries,how to write effective advising case notes and summaries,short_circuit,intent_policy,0.98,Recognized intents consistently map to one frozen V1 route,1,attribute_lookup,advisor,attribute_lookup:1,advisor:1,Data - Edward.csv,llm_needed,0.6373226993914042,calibrated_model,llm_needed,False,False,7.488760000001093,0.3357910705308706,0.01839901587075637,0.00848721420696877,0.6373226993914042
qirv1-0275,db3f5ab8c14999c5,NYU tuition vs Caltech tuition,nyu tuition vs caltech tuition,complex,intent_policy,0.98,Recognized intents consistently map to one frozen V1 route,1,comparison,advisor,comparison:1,advisor:1,Data - Shivansh.csv,complex,0.7038164366925215,calibrated_model,complex,True,False,7.159446000002845,0.2823603839256725,0.011606079485125697,0.7038164366925215,0.0022170998966803135
qirv1-0276,4cc3b37a24b2da6f,iowa state vs kansas state,iowa state vs kansas state,complex,intent_policy,0.98,Recognized intents consistently map to one frozen V1 route,1,comparison,high_school_student,comparison:1,high_school_student:1,Data - Anika.csv,complex,0.8892327528139402,calibrated_model,complex,True,False,7.137655999997605,0.051152674743586056,0.03965447218494674,0.8892327528139402,0.01996010025752699
qirv1-0277,08e560a87a7f8633,schools with active student government,schools with active student government,short_circuit,intent_policy,0.98,Recognized intents consistently map to one frozen V1 route,1,attribute_lookup,highschool_student,attribute_lookup:1,highschool_student:1,Data - Ridhi.csv,short_circuit,0.907961313359296,calibrated_model,short_circuit,True,False,7.316258999992442,0.907961313359296,0.04052085142903797,0.007912137199830296,0.043605698011835815
qirv1-0278,282b961075423f6d,does your platform allow us to run surveys of students who viewed our profile,does your platform allow us to run surveys of students who viewed our profile,medium,unanimous_observed,1.0,All valid historical route labels agree,1,factual,college_b2b,factual:1,college_b2b:1,Data - Ridhi.csv,llm_needed,0.4790029272515608,calibrated_model,llm_needed,False,False,7.774584000003415,0.0316940789347252,0.44189053811277706,0.04741245570093692,0.4790029272515608
qirv1-0279,cf8ab0771d2dc7b1,medium-sized economics colleges near the beach under 20k,medium-sized economics colleges near the beach under 20k,complex,intent_policy,0.98,Recognized intents consistently map to one frozen V1 route,1,multi_constraint,advisor,multi_constraint:1,advisor:1,Data - Shivansh.csv,complex,0.9664118148803809,calibrated_model,complex,True,False,7.479413999988083,0.005913128689528897,0.024346699818300316,0.9664118148803809,0.0033283566117898885
qirv1-0280,b9516ad2188df690,colleges with strong cognitive science + philosophy programs,colleges with strong cognitive science + philosophy programs,complex,intent_policy,0.98,Recognized intents consistently map to one frozen V1 route,1,multi_constraint,highschool_student,multi_constraint:1,highschool_student:1,Data - Ridhi.csv,llm_needed,0.0062502970449034995,low_confidence_fallback,short_circuit,False,False,7.455468999978621,0.5008734214124296,0.34626359835372894,0.14661268318893797,0.0062502970449034995
qirv1-0281,215617fd275140d0,unis w big hackathon culture,unis w big hackathon culture,medium,intent_policy,0.98,Recognized intents consistently map to one frozen V1 route,1,filtered_search,high_school_student,filtered_search:1,high_school_student:1,Data Anthony.csv,llm_needed,0.5179291549545451,calibrated_model,llm_needed,False,False,7.273548999989998,0.118571576241643,0.3168714506507986,0.04662781815301337,0.5179291549545451
qirv1-0282,c3b8a4c7565d5d78,how to advise students about apprenticeship programs as alternatives to traditional degrees,how to advise students about apprenticeship programs as alternatives to traditional degrees,short_circuit,intent_policy,0.98,Recognized intents consistently map to one frozen V1 route,1,attribute_lookup,advisor,attribute_lookup:1,advisor:1,Data - Edward.csv,llm_needed,0.48702803562643693,short_circuit_gate,short_circuit,False,False,7.654218999988416,0.508793800526565,0.0036547950055315173,0.0005233688414665597,0.48702803562643693
qirv1-0283,79c74441c3274fd3,universities with strong electrical engineering,universities with strong electrical engineering,medium,intent_policy,0.98,Recognized intents consistently map to one frozen V1 route,2,filtered_search,advisor,filtered_search:2,advisor:1|college_student:1,Data - Shivansh.csv,complex,0.5200601405923537,calibrated_model,complex,False,False,7.378283999997848,0.37661980196308426,0.09955737899156637,0.5200601405923537,0.0037626784529957366
qirv1-0284,4bcffae13dcb53cf,advising student intrested aerospace + physics overlap,advising student intrested aerospace + physics overlap,llm_needed,intent_policy,0.98,Recognized intents consistently map to one frozen V1 route,1,advisory,counselor,advisory:1,counselor:1,Data - Nimisha.csv,llm_needed,0.5735317634206574,calibrated_model,llm_needed,True,False,7.544273999997131,0.2772299354001858,0.05954564132995511,0.08969265984920176,0.5735317634206574
qirv1-0285,18dc63fa33d68f78,schools in west virginia,schools in west virginia,medium,intent_policy,0.98,Recognized intents consistently map to one frozen V1 route,1,filtered_search,high_school_student,filtered_search:1,high_school_student:1,Data - Anika.csv,medium,0.9564071164325841,calibrated_model,medium,True,False,7.187197999996897,0.013459831407329792,0.9564071164325841,0.013491413064988737,0.01664163909509724
qirv1-0286,ba0eadfc4fc46144,wisconsin vs minnesota alumni outcomes,wisconsin vs minnesota alumni outcomes,complex,intent_policy,0.98,Recognized intents consistently map to one frozen V1 route,1,comparison,advisor,comparison:1,advisor:1,Data - Anika.csv,complex,0.9037114436432064,calibrated_model,complex,True,False,7.427116000002343,0.042727192838963625,0.04175759095242906,0.9037114436432064,0.011803772565400798
qirv1-0287,307b4ef2c090cb94,universities with peer-led tutoring programs,universities with peer-led tutoring programs,short_circuit,intent_policy,0.98,Recognized intents consistently map to one frozen V1 route,1,attribute_lookup,highschool_student,attribute_lookup:1,highschool_student:1,Data - Ridhi.csv,short_circuit,0.9224951050290816,calibrated_model,short_circuit,True,False,7.343869999999697,0.9224951050290816,0.03544539301153273,0.035232641747602544,0.006826860211783127
qirv1-0288,b885a9a9de173f21,how to build an accelerated degree pathway for high-performing students,how to build an accelerated degree pathway for high-performing students,short_circuit,intent_policy,0.98,Recognized intents consistently map to one frozen V1 route,1,attribute_lookup,college,attribute_lookup:1,college:1,Data - Edward.csv,short_circuit,0.6479900678093252,calibrated_model,short_circuit,True,False,7.60068999997543,0.6479900678093252,0.04768833741880659,0.002955907250808154,0.30136568752106013
qirv1-0289,69cea04cd7636be1,Caltech tuition vs Cornell tuition,caltech tuition vs cornell tuition,complex,intent_policy,0.98,Recognized intents consistently map to one frozen V1 route,1,comparison,college_student,comparison:1,college_student:1,Data - Shivansh.csv,complex,0.7410903592047854,calibrated_model,complex,True,False,7.25845200000208,0.23813467645200756,0.018282446281721015,0.7410903592047854,0.0024925180614859682
qirv1-0290,b0e82bd140c197a8,University of Michigan vs Purdue for nursing,university of michigan vs purdue for nursing,complex,intent_policy,0.98,Recognized intents consistently map to one frozen V1 route,1,comparison,parent,comparison:1,parent:1,Data - Shivansh.csv,complex,0.9049366501350863,calibrated_model,complex,True,False,7.527212000013606,0.06736044751238086,0.021720683159302936,0.9049366501350863,0.005982219193229895
qirv1-0291,70349999798bd381,schools with strong industrial engineering programs,schools with strong industrial engineering programs,short_circuit,intent_policy,0.98,Recognized intents consistently map to one frozen V1 route,1,attribute_lookup,highschool_student,attribute_lookup:1,highschool_student:1,Data - Edward.csv,llm_needed,0.03018694768942168,low_confidence_fallback,short_circuit,False,False,7.47540599999752,0.45110865204207157,0.4277924589367426,0.09091194133176407,0.03018694768942168
qirv1-0292,3c6d5bf0eed1b139,what is the nearest airport to schools in really remote locations,what is the nearest airport to schools in really remote locations,llm_needed,intent_policy,0.98,Recognized intents consistently map to one frozen V1 route,1,advisory,parent,advisory:1,parent:1,Data Anthony.csv,medium,0.7609968616692333,calibrated_model,medium,False,False,7.511422999982642,0.020637354831321602,0.7609968616692333,0.0033506746644631335,0.215015108834982
qirv1-0293,b6a09b3c3ee8c084,schools with collaborative culture,schools with collaborative culture,llm_needed,intent_policy,0.98,Recognized intents consistently map to one frozen V1 route,43,campus_life_fit,parent,campus_life_fit:43,advisor:9|college_student:8|counselor_teacher:10|parent:16,Data - Anika.csv|Data - Shivansh.csv,llm_needed,0.5756278386561945,calibrated_model,llm_needed,True,False,7.40440299998113,0.18304548559830655,0.21706971453931337,0.024256961206185645,0.5756278386561945
qirv1-0294,be61cdb2593cdea9,colleges with military veteran tuition benefits,colleges with military veteran tuition benefits,short_circuit,intent_policy,0.98,Recognized intents consistently map to one frozen V1 route,1,attribute_lookup,college_student,attribute_lookup:1,college_student:1,Data - Edward.csv,short_circuit,0.7521554684342794,calibrated_model,short_circuit,True,False,7.555193999991161,0.7521554684342794,0.1921295296100751,0.048678361781822,0.007036640173823647
qirv1-0295,b253016902f8f734,regional hiring concentration effects,regional hiring concentration effects,complex,unanimous_observed,1.0,All valid historical route labels agree,1,guidance,advisor,guidance:1,advisor:1,Data - Anika.csv,complex,0.6103239378732354,calibrated_model,complex,True,False,7.338760000010325,0.03708040567034853,0.18335199973567998,0.6103239378732354,0.16924365672073607
qirv1-0296,7309c946b8a02f23,how to implement intrusive advising to support struggling students,how to implement intrusive advising to support struggling students,short_circuit,intent_policy,0.98,Recognized intents consistently map to one frozen V1 route,1,attribute_lookup,college,attribute_lookup:1,college:1,Data - Edward.csv,llm_needed,0.6002583249864438,calibrated_model,llm_needed,False,False,7.453394999998864,0.35479747132325334,0.04288443844637093,0.0020597652439319635,0.6002583249864438
qirv1-0297,92ab330736b45e96,medium-sized nursing colleges in Texas low tuition,medium-sized nursing colleges in texas low tuition,complex,intent_policy,0.98,Recognized intents consistently map to one frozen V1 route,1,multi_constraint,advisor,multi_constraint:1,advisor:1,Data - Shivansh.csv,complex,0.9608105027305901,calibrated_model,complex,True,False,7.6042259999837825,0.007318786784983988,0.023090358280715605,0.9608105027305901,0.008780352203710323
qirv1-0298,d16db84e1708130e,millersville vs kutztown,millersville vs kutztown,complex,intent_policy,0.98,Recognized intents consistently map to one frozen V1 route,1,comparison,parent,comparison:1,parent:1,Data - Anika.csv,complex,0.9859954713803107,calibrated_model,complex,True,False,7.31588799999372,0.0004091610395567345,0.011487428196433029,0.9859954713803107,0.0021079393836994655
qirv1-0299,54bd1d47af29caeb,schools with cooperative education programs and top accounting majors,schools with cooperative education programs and top accounting majors,complex,intent_policy,0.98,Recognized intents consistently map to one frozen V1 route,1,multi_constraint,highschool_student,multi_constraint:1,highschool_student:1,Data - Edward.csv,medium,0.533004342790237,calibrated_model,medium,False,False,7.634292000005871,0.4325209128346091,0.533004342790237,0.01988203201825039,0.014592712356903506
qirv1-0300,1378980107287dc4,universities with high numbers of NSF fellowship winners,universities with high numbers of nsf fellowship winners,short_circuit,intent_policy,0.98,Recognized intents consistently map to one frozen V1 route,1,attribute_lookup,highschool_student,attribute_lookup:1,highschool_student:1,Data - Edward.csv,short_circuit,0.7369332725996246,calibrated_model,short_circuit,True,False,7.470065000006798,0.7369332725996246,0.22976172806813125,0.01648167110937086,0.01682332822287332
