benchmark_id,query_id,query_text_gold,query_norm,route,resolution_method,resolution_confidence,resolution_note,row_count,canonical_intent,persona_hint,observed_intents,observed_personas,source_files,query_text_pred,predicted_route,raw_predicted_route,confidence,policy_reason,latency_ms,estimated_cost_usd,model,model_status,correct,false_short_circuit
qirv1-0001,3b9f8f47e431645a,what schools should i apply to for nursing not Florida under 40k,what schools should i apply to for nursing not florida under 40k,complex,intent_policy,0.98,Recognized intents consistently map to one frozen V1 route,1,recommendation,high_school_student,recommendation:1,high_school_student:1,Data - Shivansh.csv,what schools should i apply to for nursing not Florida under 40k,complex,complex,0.9758599112829919,accepted_model_prediction,5.099743000002377,0.0,calibrated_word_char_shape_linearsvc,real,True,False
qirv1-0002,b4521e66ebe09d8f,colleges on the East Coast under 30k with strong research and internships,colleges on the east coast under 30k with strong research and internships,complex,intent_policy,0.98,Recognized intents consistently map to one frozen V1 route,2,multi_constraint,counselor_teacher,multi_constraint:2,college_student:1|counselor_teacher:1,Data - Shivansh.csv,colleges on the East Coast under 30k with strong research and internships,complex,complex,0.943051677628096,accepted_model_prediction,5.015666000005581,0.0,calibrated_word_char_shape_linearsvc,real,True,False
qirv1-0003,0400ac4ceff3aa72,can we integrate your platform with our CRM system,can we integrate your platform with our crm system,complex,unanimous_observed,1.0,All valid historical route labels agree,1,technical,college_b2b,technical:1,college_b2b:1,Data - Ridhi.csv,can we integrate your platform with our CRM system,medium,medium,0.6688765581316914,accepted_model_prediction,4.96948599999314,0.0,calibrated_word_char_shape_linearsvc,real,False,False
qirv1-0004,5d0bc196497e70f1,affordable political science schools in Texas with good job placement,affordable political science schools in texas with good job placement,complex,intent_policy,0.98,Recognized intents consistently map to one frozen V1 route,1,multi_constraint,college_student,multi_constraint:1,college_student:1,Data - Shivansh.csv,affordable political science schools in Texas with good job placement,complex,complex,0.9426753398800313,accepted_model_prediction,4.980332000002363,0.0,calibrated_word_char_shape_linearsvc,real,True,False
qirv1-0005,6d61f025e104a1f1,what is the helicopter parent trap and how to avoid it,what is the helicopter parent trap and how to avoid it,llm_needed,intent_policy,0.98,Recognized intents consistently map to one frozen V1 route,1,emotional_advisory,parent,emotional_advisory:1,parent:1,Data - Ridhi.csv,what is the helicopter parent trap and how to avoid it,llm_needed,llm_needed,0.4842353047335131,accepted_model_prediction,4.983076999991454,0.0,calibrated_word_char_shape_linearsvc,real,True,False
qirv1-0006,952dcaf6392fdcca,do colleges consider course load senior year,do colleges consider course load senior year,medium,intent_policy,0.98,Recognized intents consistently map to one frozen V1 route,1,admissions_process,high_school_student,admissions_process:1,high_school_student:1,Data - Anika.csv,do colleges consider course load senior year,medium,medium,0.7279026579199032,accepted_model_prediction,4.883247000009305,0.0,calibrated_word_char_shape_linearsvc,real,True,False
qirv1-0007,e0da91823fd164b4,how employers view interdisciplinary certificates,how employers view interdisciplinary certificates,medium,unanimous_observed,1.0,All valid historical route labels agree,1,guidance,advisor,guidance:1,advisor:1,Data - Anika.csv,how employers view interdisciplinary certificates,medium,medium,0.8605560495453016,accepted_model_prediction,4.840291000007824,0.0,calibrated_word_char_shape_linearsvc,real,True,False
qirv1-0008,a296ec02e7ceeb39,how to advise students about the value of internships and when to pursue them,how to advise students about the value of internships and when to pursue them,llm_needed,intent_policy,0.98,Recognized intents consistently map to one frozen V1 route,1,advisory,advisor,advisory:1,advisor:1,Data - Ridhi.csv,how to advise students about the value of internships and when to pursue them,medium,short_circuit,0.609432313341575,short_circuit_safety_escalation,4.887101999997867,0.0,calibrated_word_char_shape_linearsvc,real,False,False
qirv1-0009,7fd98a5676790124,does Duke have data science,does duke have data science,short_circuit,intent_policy,0.98,Recognized intents consistently map to one frozen V1 route,2,attribute_lookup,advisor,attribute_lookup:2,advisor:1|college_student:1,Data - Shivansh.csv,does Duke have data science,short_circuit,short_circuit,0.8999704877707201,accepted_model_prediction,4.751927000000933,0.0,calibrated_word_char_shape_linearsvc,real,True,False
qirv1-0010,9687890832257857,how to counsel students on negotiating their first salary,how to counsel students on negotiating their first salary,llm_needed,intent_policy,0.98,Recognized intents consistently map to one frozen V1 route,1,advisory,advisor,advisory:1,advisor:1,Data - Ridhi.csv,how to counsel students on negotiating their first salary,llm_needed,llm_needed,0.8460846965915229,accepted_model_prediction,4.846321000002263,0.0,calibrated_word_char_shape_linearsvc,real,True,False
qirv1-0011,7b80daaaf7c4038b,which universities have strong programs placing students in rural health corps positions,which universities have strong programs placing students in rural health corps positions,medium,intent_policy,0.98,Recognized intents consistently map to one frozen V1 route,1,filtered_search,nonprofit_advisor,filtered_search:1,nonprofit_advisor:1,Data Anthony.csv,which universities have strong programs placing students in rural health corps positions,medium,medium,0.9518207095839983,accepted_model_prediction,4.983808000005752,0.0,calibrated_word_char_shape_linearsvc,real,True,False
qirv1-0012,9eb48d246441bcae,how to write an email to a professor that doesn't sound dumb,how to write an email to a professor that doesn't sound dumb,llm_needed,intent_policy,0.98,Recognized intents consistently map to one frozen V1 route,1,advisory,college_student,advisory:1,college_student:1,Data - Ridhi.csv,how to write an email to a professor that doesn't sound dumb,llm_needed,llm_needed,0.9117225340660736,accepted_model_prediction,4.318703999999229,0.0,calibrated_word_char_shape_linearsvc,real,True,False
qirv1-0013,a46c32400ae1cec7,what is a holds advisor and what kinds of holds affect students most,what is a holds advisor and what kinds of holds affect students most,medium,unanimous_observed,1.0,All valid historical route labels agree,1,factual,advisor,factual:1,advisor:1,Data - Ridhi.csv,what is a holds advisor and what kinds of holds affect students most,medium,medium,0.6261183039371825,accepted_model_prediction,4.114534999999364,0.0,calibrated_word_char_shape_linearsvc,real,True,False
qirv1-0014,da93aa7f97553ffb,what essays does Columbia require,what essays does columbia require,medium,intent_policy,0.98,Recognized intents consistently map to one frozen V1 route,2,admissions_process,counselor_teacher,admissions_process:2,college_student:1|counselor_teacher:1,Data - Shivansh.csv,what essays does Columbia require,medium,medium,0.9061268705450095,accepted_model_prediction,3.9421839999960184,0.0,calibrated_word_char_shape_linearsvc,real,True,False
qirv1-0015,8c8ab5748f07e8eb,affordable computer science schools near Chicago with good internships,affordable computer science schools near chicago with good internships,complex,intent_policy,0.98,Recognized intents consistently map to one frozen V1 route,3,multi_constraint,college_student,multi_constraint:3,advisor:1|college_student:1|counselor_teacher:1,Data - Shivansh.csv,affordable computer science schools near Chicago with good internships,complex,complex,0.9229717555826008,accepted_model_prediction,3.989246000003277,0.0,calibrated_word_char_shape_linearsvc,real,True,False
qirv1-0016,524d61e17e357686,Arizona State,arizona state,short_circuit,intent_policy,0.98,Recognized intents consistently map to one frozen V1 route,14,exact_lookup,college_student,exact_lookup:14,college_student:6|counselor_teacher:2|high_school_student:1|parent:5,Data - Shivansh.csv,Arizona State,medium,short_circuit,0.7422552894942308,short_circuit_safety_escalation,4.074934999991342,0.0,calibrated_word_char_shape_linearsvc,real,False,False
qirv1-0017,947b5030f8c7b108,schools with mental health resources,schools with mental health resources,llm_needed,intent_policy,0.98,Recognized intents consistently map to one frozen V1 route,1,campus_life_fit,parent,campus_life_fit:1,parent:1,Data - Anika.csv,schools with mental health resources,llm_needed,short_circuit,0.3948466130294023,global_low_confidence_escalation,3.926561000000106,0.0,calibrated_word_char_shape_linearsvc,real,True,False
qirv1-0018,7c1a92dfd094b137,what jobs hire people with history degrees,what jobs hire people with history degrees,llm_needed,intent_policy,0.98,Recognized intents consistently map to one frozen V1 route,1,advisory,college_student,advisory:1,college_student:1,Data - Ridhi.csv,what jobs hire people with history degrees,llm_needed,llm_needed,0.8312483626722617,accepted_model_prediction,3.9581489999989117,0.0,calibrated_word_char_shape_linearsvc,real,True,False
qirv1-0019,c64a6d14bbdf407a,what role should teachers play in college counseling conversations,what role should teachers play in college counseling conversations,llm_needed,intent_policy,0.98,Recognized intents consistently map to one frozen V1 route,1,advisory,counselor,advisory:1,counselor:1,Data - Ridhi.csv,what role should teachers play in college counseling conversations,llm_needed,llm_needed,0.7627636939891316,accepted_model_prediction,4.043307000003438,0.0,calibrated_word_char_shape_linearsvc,real,True,False
qirv1-0020,c9720398654d70f3,how to build a robust institutional advancement and fundraising office,how to build a robust institutional advancement and fundraising office,short_circuit,intent_policy,0.98,Recognized intents consistently map to one frozen V1 route,1,attribute_lookup,college,attribute_lookup:1,college:1,Data - Edward.csv,how to build a robust institutional advancement and fundraising office,short_circuit,short_circuit,0.8983055750088483,accepted_model_prediction,4.079841999995892,0.0,calibrated_word_char_shape_linearsvc,real,True,False
qirv1-0021,02ae62b4add038e6,How do design graduates improve weak portfolios for employment?,how do design graduates improve weak portfolios for employment,llm_needed,intent_policy,0.98,Recognized intents consistently map to one frozen V1 route,1,advisory,employer_recruiter,advisory:1,employer_recruiter:1,Data - Nimisha.csv,How do design graduates improve weak portfolios for employment?,llm_needed,llm_needed,0.8588838689322266,accepted_model_prediction,4.03008799999327,0.0,calibrated_word_char_shape_linearsvc,real,True,False
qirv1-0022,5f5f4d30730cdbea,how to create a retention dashboard to track institutional progress,how to create a retention dashboard to track institutional progress,short_circuit,intent_policy,0.98,Recognized intents consistently map to one frozen V1 route,1,attribute_lookup,college,attribute_lookup:1,college:1,Data - Edward.csv,how to create a retention dashboard to track institutional progress,medium,short_circuit,0.7504141171050258,short_circuit_safety_escalation,4.029997000003505,0.0,calibrated_word_char_shape_linearsvc,real,False,False
qirv1-0023,53333db75d7d2eb8,how to tailor advising approaches for adult learners returning to college,how to tailor advising approaches for adult learners returning to college,llm_needed,intent_policy,0.98,Recognized intents consistently map to one frozen V1 route,1,emotional_advisory,advisor,emotional_advisory:1,advisor:1,Data - Edward.csv,how to tailor advising approaches for adult learners returning to college,llm_needed,llm_needed,0.6393779873386624,accepted_model_prediction,4.043797999997878,0.0,calibrated_word_char_shape_linearsvc,real,True,False
qirv1-0024,0808f3c939926fc3,universities with low textbook costs,universities with low textbook costs,short_circuit,intent_policy,0.98,Recognized intents consistently map to one frozen V1 route,1,attribute_lookup,highschool_student,attribute_lookup:1,highschool_student:1,Data - Ridhi.csv,universities with low textbook costs,medium,medium,0.4845539917531269,accepted_model_prediction,3.9576779999919154,0.0,calibrated_word_char_shape_linearsvc,real,False,False
qirv1-0025,97981feafbe26568,edtech build ai bootcamp,edtech build ai bootcamp,complex,intent_policy,0.98,Recognized intents consistently map to one frozen V1 route,1,strategy,edtech_founder,strategy:1,edtech_founder:1,Data - Nimisha.csv,edtech build ai bootcamp,complex,complex,0.7790555321871482,accepted_model_prediction,3.976265999995121,0.0,calibrated_word_char_shape_linearsvc,real,True,False
qirv1-0026,213b81af95304278,UC Berkeley vibe,uc berkeley vibe,llm_needed,intent_policy,0.98,Recognized intents consistently map to one frozen V1 route,1,campus_life_fit,parent,campus_life_fit:1,parent:1,Data - Shivansh.csv,UC Berkeley vibe,llm_needed,llm_needed,0.7625958806720234,accepted_model_prediction,3.9454799999987245,0.0,calibrated_word_char_shape_linearsvc,real,True,False
qirv1-0027,2cb6aa429b15e11a,what to do if my roommate and I don't get along,what to do if my roommate and i don't get along,llm_needed,intent_policy,0.98,Recognized intents consistently map to one frozen V1 route,1,emotional_advisory,college_student,emotional_advisory:1,college_student:1,Data - Ridhi.csv,what to do if my roommate and I don't get along,llm_needed,llm_needed,0.9561439230165175,accepted_model_prediction,4.1271839999978965,0.0,calibrated_word_char_shape_linearsvc,real,True,False
qirv1-0028,1779acb47ca5dabb,University of Florida internships,university of florida internships,short_circuit,intent_policy,0.98,Recognized intents consistently map to one frozen V1 route,1,attribute_lookup,counselor_teacher,attribute_lookup:1,counselor_teacher:1,Data - Shivansh.csv,University of Florida internships,short_circuit,short_circuit,0.8509236439513189,accepted_model_prediction,3.959831000003078,0.0,calibrated_word_char_shape_linearsvc,real,True,False
qirv1-0029,bfd8338264ff591c,institutional branding guidelines,institutional branding guidelines,medium,intent_policy,0.98,Recognized intents consistently map to one frozen V1 route,1,profile_management,college_b2b,profile_management:1,college_b2b:1,Data - Anika.csv,institutional branding guidelines,medium,medium,0.7205200723345445,accepted_model_prediction,3.9418239999946536,0.0,calibrated_word_char_shape_linearsvc,real,True,False
qirv1-0030,b06f1c09c139cba7,Stanford tuition vs UC Berkeley tuition,stanford tuition vs uc berkeley tuition,complex,intent_policy,0.98,Recognized intents consistently map to one frozen V1 route,1,comparison,counselor_teacher,comparison:1,counselor_teacher:1,Data - Shivansh.csv,Stanford tuition vs UC Berkeley tuition,complex,complex,0.9513418280374885,accepted_model_prediction,4.0083040000098435,0.0,calibrated_word_char_shape_linearsvc,real,True,False
qirv1-0031,5ad3c3f9c879c3c8,recommend medium-sized colleges near a major tech hub for aerospace engineering reach schools,recommend medium-sized colleges near a major tech hub for aerospace engineering reach schools,complex,intent_policy,0.98,Recognized intents consistently map to one frozen V1 route,1,recommendation,parent,recommendation:1,parent:1,Data - Shivansh.csv,recommend medium-sized colleges near a major tech hub for aerospace engineering reach schools,complex,complex,0.9471942548855657,accepted_model_prediction,4.087553999994498,0.0,calibrated_word_char_shape_linearsvc,real,True,False
qirv1-0032,51eaaa6550887c77,how to appeal waitlist decisions,how to appeal waitlist decisions,medium,intent_policy,0.98,Recognized intents consistently map to one frozen V1 route,1,admissions_process,parent,admissions_process:1,parent:1,Data - Anika.csv,how to appeal waitlist decisions,medium,medium,0.4996742681483555,accepted_model_prediction,3.94913499999916,0.0,calibrated_word_char_shape_linearsvc,real,True,False
qirv1-0033,95c38609200d027a,universities with strong linguistics research,universities with strong linguistics research,short_circuit,intent_policy,0.98,Recognized intents consistently map to one frozen V1 route,1,attribute_lookup,highschool_student,attribute_lookup:1,highschool_student:1,Data - Ridhi.csv,universities with strong linguistics research,medium,short_circuit,0.593413166148269,short_circuit_safety_escalation,3.9827159999958894,0.0,calibrated_word_char_shape_linearsvc,real,False,False
qirv1-0034,8f019668a887d788,schools with campus-wide language exchange programs,schools with campus-wide language exchange programs,short_circuit,intent_policy,0.98,Recognized intents consistently map to one frozen V1 route,1,attribute_lookup,highschool_student,attribute_lookup:1,highschool_student:1,Data - Edward.csv,schools with campus-wide language exchange programs,short_circuit,short_circuit,0.9168465322397704,accepted_model_prediction,3.9661410000064734,0.0,calibrated_word_char_shape_linearsvc,real,True,False
qirv1-0035,b5255a77b69a281c,University of Washington scholarships,university of washington scholarships,medium,intent_policy,0.98,Recognized intents consistently map to one frozen V1 route,2,cost_financial_aid,high_school_student,cost_financial_aid:2,advisor:1|high_school_student:1,Data - Shivansh.csv,University of Washington scholarships,medium,medium,0.7472385420333314,accepted_model_prediction,4.088406000008149,0.0,calibrated_word_char_shape_linearsvc,real,True,False
qirv1-0036,eb20888e3dd74966,large computer science colleges near a major tech hub under 40k not too competitive,large computer science colleges near a major tech hub under 40k not too competitive,complex,intent_policy,0.98,Recognized intents consistently map to one frozen V1 route,1,multi_constraint,college_student,multi_constraint:1,college_student:1,Data - Shivansh.csv,large computer science colleges near a major tech hub under 40k not too competitive,complex,complex,0.9379336662183696,accepted_model_prediction,4.08178600000042,0.0,calibrated_word_char_shape_linearsvc,real,True,False
qirv1-0037,f55d8880534f6c75,best biology schools in Texas,best biology schools in texas,medium,intent_policy,0.98,Recognized intents consistently map to one frozen V1 route,2,filtered_search,advisor,filtered_search:2,advisor:1|parent:1,Data - Shivansh.csv,best biology schools in Texas,medium,medium,0.9464064404278728,accepted_model_prediction,3.9343529999911198,0.0,calibrated_word_char_shape_linearsvc,real,True,False
qirv1-0038,8095165ca59b0105,good schools for kids who are smart but not great test takers,good schools for kids who are smart but not great test takers,llm_needed,intent_policy,0.98,Recognized intents consistently map to one frozen V1 route,1,advisory,parent,advisory:1,parent:1,Data Anthony.csv,good schools for kids who are smart but not great test takers,llm_needed,llm_needed,0.5868618832749884,accepted_model_prediction,4.002935999992019,0.0,calibrated_word_char_shape_linearsvc,real,True,False
qirv1-0039,1a055ea9425b2406,colleges with strong literacy education programs,colleges with strong literacy education programs,medium,intent_policy,0.98,Recognized intents consistently map to one frozen V1 route,1,filtered_search,urban_teacher,filtered_search:1,urban_teacher:1,Data Anthony.csv,colleges with strong literacy education programs,medium,short_circuit,0.7450625718151674,short_circuit_safety_escalation,3.9437370000001692,0.0,calibrated_word_char_shape_linearsvc,real,True,False
qirv1-0040,54d9a43114ae3d42,affordable mechanical engineering schools near a tech hub with good internships,affordable mechanical engineering schools near a tech hub with good internships,complex,intent_policy,0.98,Recognized intents consistently map to one frozen V1 route,1,multi_constraint,college_student,multi_constraint:1,college_student:1,Data - Shivansh.csv,affordable mechanical engineering schools near a tech hub with good internships,complex,complex,0.9464115448916702,accepted_model_prediction,4.045560999998088,0.0,calibrated_word_char_shape_linearsvc,real,True,False
qirv1-0041,b3f0d31b5c8a67ff,urban universities with strong practicum placements in city schools,urban universities with strong practicum placements in city schools,medium,intent_policy,0.98,Recognized intents consistently map to one frozen V1 route,1,filtered_search,urban_teacher,filtered_search:1,urban_teacher:1,Data Anthony.csv,urban universities with strong practicum placements in city schools,medium,medium,0.8258142489630517,accepted_model_prediction,3.996856999989973,0.0,calibrated_word_char_shape_linearsvc,real,True,False
qirv1-0042,6d73544aa022e282,colleges where alumni commonly return to give back to their communities,colleges where alumni commonly return to give back to their communities,medium,intent_policy,0.98,Recognized intents consistently map to one frozen V1 route,1,filtered_search,nonprofit_advisor,filtered_search:1,nonprofit_advisor:1,Data Anthony.csv,colleges where alumni commonly return to give back to their communities,llm_needed,medium,0.44117335241585476,global_low_confidence_escalation,4.037568999990526,0.0,calibrated_word_char_shape_linearsvc,real,False,False
qirv1-0043,14548b70b21a2266,what is the FAFSA and when should we fill it out,what is the fafsa and when should we fill it out,llm_needed,intent_policy,0.98,Recognized intents consistently map to one frozen V1 route,1,advisory,parent,advisory:1,parent:1,Data - Ridhi.csv,what is the FAFSA and when should we fill it out,medium,medium,0.49087528032076716,accepted_model_prediction,3.9395299999966937,0.0,calibrated_word_char_shape_linearsvc,real,False,False
qirv1-0044,05d3837270e671e7,application volume trend modeling,application volume trend modeling,complex,intent_policy,0.98,Recognized intents consistently map to one frozen V1 route,1,analytics_request,college_b2b,analytics_request:1,college_b2b:1,Data - Anika.csv,application volume trend modeling,complex,complex,0.7752915050186614,accepted_model_prediction,3.965009999987501,0.0,calibrated_word_char_shape_linearsvc,real,True,False
qirv1-0045,a7955f28929cdefc,Can graduate applicants receive recommendation letters from industry mentors?,can graduate applicants receive recommendation letters from industry mentors,llm_needed,intent_policy,0.98,Recognized intents consistently map to one frozen V1 route,1,advisory,graduate_applicant,advisory:1,graduate_applicant:1,Data - Nimisha.csv,Can graduate applicants receive recommendation letters from industry mentors?,llm_needed,llm_needed,0.8584599736152599,accepted_model_prediction,4.022575999997002,0.0,calibrated_word_char_shape_linearsvc,real,True,False
qirv1-0046,aafcfd95fb9b80ab,Vanderbilt vs Princeton for philosophy,vanderbilt vs princeton for philosophy,complex,intent_policy,0.98,Recognized intents consistently map to one frozen V1 route,1,comparison,advisor,comparison:1,advisor:1,Data - Shivansh.csv,Vanderbilt vs Princeton for philosophy,complex,complex,0.9170374004283257,accepted_model_prediction,3.9637170000048627,0.0,calibrated_word_char_shape_linearsvc,real,True,False
qirv1-0047,202d1f805744ab63,hiring mgr AI grads applied weak,hiring mgr ai grads applied weak,llm_needed,intent_policy,0.98,Recognized intents consistently map to one frozen V1 route,2,advisory,industry_hiring_manager,advisory:2,industry_hiring_manager:2,Data - Nimisha.csv,hiring mgr AI grads applied weak,llm_needed,llm_needed,0.93398600842019,accepted_model_prediction,3.9249390000009043,0.0,calibrated_word_char_shape_linearsvc,real,True,False
qirv1-0048,5f419d54f346d5ec,affordable private + good dorms,affordable private + good dorms,complex,intent_policy,0.98,Recognized intents consistently map to one frozen V1 route,1,multi_constraint,high_school_student,multi_constraint:1,high_school_student:1,Data Anthony.csv,affordable private + good dorms,complex,complex,0.681201956369398,accepted_model_prediction,3.9880340000024717,0.0,calibrated_word_char_shape_linearsvc,real,True,False
qirv1-0049,bc563b633a1ffa67,schools in colorado,schools in colorado,medium,intent_policy,0.98,Recognized intents consistently map to one frozen V1 route,1,filtered_search,high_school_student,filtered_search:1,high_school_student:1,Data - Anika.csv,schools in colorado,medium,medium,0.9288016850929753,accepted_model_prediction,3.923096000008286,0.0,calibrated_word_char_shape_linearsvc,real,True,False
qirv1-0050,17b220811ffce736,how employers evaluate certificates vs minors,how employers evaluate certificates vs minors,medium,unanimous_observed,1.0,All valid historical route labels agree,1,guidance,advisor,guidance:1,advisor:1,Data - Anika.csv,how employers evaluate certificates vs minors,complex,complex,0.48928556482145874,accepted_model_prediction,3.945669999993129,0.0,calibrated_word_char_shape_linearsvc,real,False,False
qirv1-0051,33efef71cee6f963,universities with strong psychology,universities with strong psychology,medium,intent_policy,0.98,Recognized intents consistently map to one frozen V1 route,6,filtered_search,parent,filtered_search:6,advisor:2|counselor_teacher:1|parent:3,Data - Shivansh.csv,universities with strong psychology,medium,medium,0.6236982502071217,accepted_model_prediction,3.933901999999989,0.0,calibrated_word_char_shape_linearsvc,real,True,False
qirv1-0052,5d2a54ddc406c958,Community college housing options?,community college housing options,short_circuit,intent_policy,0.98,Recognized intents consistently map to one frozen V1 route,1,exact_lookup,community_college_student,exact_lookup:1,community_college_student:1,Data - Nimisha.csv,Community college housing options?,short_circuit,short_circuit,0.9734373563740953,accepted_model_prediction,4.0956459999961226,0.0,calibrated_word_char_shape_linearsvc,real,True,False
qirv1-0053,f9154bfc76868471,schools where public health majors get field placements not just lectures,schools where public health majors get field placements not just lectures,medium,intent_policy,0.98,Recognized intents consistently map to one frozen V1 route,1,filtered_search,high_school_student,filtered_search:1,high_school_student:1,Data Anthony.csv,schools where public health majors get field placements not just lectures,medium,medium,0.8947789453603048,accepted_model_prediction,4.48627699999804,0.0,calibrated_word_char_shape_linearsvc,real,True,False
qirv1-0054,33f9e68a3cb2ed49,how to get more colleges to visit or engage with your high school,how to get more colleges to visit or engage with your high school,llm_needed,intent_policy,0.98,Recognized intents consistently map to one frozen V1 route,1,advisory,counselor,advisory:1,counselor:1,Data - Ridhi.csv,how to get more colleges to visit or engage with your high school,llm_needed,llm_needed,0.8081774359773969,accepted_model_prediction,4.2085369999966815,0.0,calibrated_word_char_shape_linearsvc,real,True,False
qirv1-0055,7aa7805abf1f7b15,eng to consulitng how,eng to consulitng how,llm_needed,intent_policy,0.98,Recognized intents consistently map to one frozen V1 route,1,advisory,college_student,advisory:1,college_student:1,Data - Nimisha.csv,eng to consulitng how,llm_needed,llm_needed,0.8332446108207896,accepted_model_prediction,3.9438470000021653,0.0,calibrated_word_char_shape_linearsvc,real,True,False
qirv1-0056,949b936ce84c98a5,Brown vs Stanford for computer science,brown vs stanford for computer science,complex,intent_policy,0.98,Recognized intents consistently map to one frozen V1 route,1,comparison,advisor,comparison:1,advisor:1,Data - Shivansh.csv,Brown vs Stanford for computer science,complex,complex,0.9364934633532771,accepted_model_prediction,3.9782789999947,0.0,calibrated_word_char_shape_linearsvc,real,True,False
qirv1-0057,32840d06393fa4f9,how to advise students preparing for behavioral job interviews,how to advise students preparing for behavioral job interviews,short_circuit,intent_policy,0.98,Recognized intents consistently map to one frozen V1 route,1,attribute_lookup,advisor,attribute_lookup:1,advisor:1,Data - Edward.csv,how to advise students preparing for behavioral job interviews,llm_needed,llm_needed,0.7585106050019707,accepted_model_prediction,4.129246999994507,0.0,calibrated_word_char_shape_linearsvc,real,False,False
qirv1-0058,e88b98f4fb900861,Columbia vs NYU,columbia vs nyu,complex,intent_policy,0.98,Recognized intents consistently map to one frozen V1 route,1,comparison,advisor,comparison:1,advisor:1,Data - Shivansh.csv,Columbia vs NYU,complex,complex,0.9407445613060511,accepted_model_prediction,3.893761000000495,0.0,calibrated_word_char_shape_linearsvc,real,True,False
qirv1-0059,5b034c846f7bc696,Brown tuition vs UC Irvine tuition,brown tuition vs uc irvine tuition,complex,intent_policy,0.98,Recognized intents consistently map to one frozen V1 route,1,comparison,college_student,comparison:1,college_student:1,Data - Shivansh.csv,Brown tuition vs UC Irvine tuition,complex,complex,0.95385959215284,accepted_model_prediction,3.928874000010296,0.0,calibrated_word_char_shape_linearsvc,real,True,False
qirv1-0060,d31a310033358519,does Caltech have biology,does caltech have biology,short_circuit,intent_policy,0.98,Recognized intents consistently map to one frozen V1 route,1,attribute_lookup,parent,attribute_lookup:1,parent:1,Data - Shivansh.csv,does Caltech have biology,short_circuit,short_circuit,0.9215656460083809,accepted_model_prediction,3.8963249999994787,0.0,calibrated_word_char_shape_linearsvc,real,True,False
qirv1-0061,8179baaa7bdea545,cs schools w good social life pls,cs schools w good social life pls,complex,intent_policy,0.98,Recognized intents consistently map to one frozen V1 route,1,multi_constraint,high_school_student,multi_constraint:1,high_school_student:1,Data Anthony.csv,cs schools w good social life pls,complex,complex,0.5316635497225833,accepted_model_prediction,3.92048199999806,0.0,calibrated_word_char_shape_linearsvc,real,True,False
qirv1-0062,1a76a3d23a408224,schools like University of Florida but cheaper,schools like university of florida but cheaper,complex,intent_policy,0.98,Recognized intents consistently map to one frozen V1 route,5,recommendation,counselor_teacher,recommendation:5,college_student:1|counselor_teacher:4,Data - Shivansh.csv,schools like University of Florida but cheaper,complex,complex,0.9656113336191456,accepted_model_prediction,3.9521089999965398,0.0,calibrated_word_char_shape_linearsvc,real,True,False
qirv1-0063,551d54428129421a,schools with health administration programs aligned with regional hospital needs,schools with health administration programs aligned with regional hospital needs,medium,intent_policy,0.98,Recognized intents consistently map to one frozen V1 route,1,filtered_search,district_advisor,filtered_search:1,district_advisor:1,Data Anthony.csv,schools with health administration programs aligned with regional hospital needs,medium,medium,0.5739108753977958,accepted_model_prediction,4.037828999997828,0.0,calibrated_word_char_shape_linearsvc,real,True,False
qirv1-0064,e3681fa197f93132,schools with campus zip lines or adventure courses,schools with campus zip lines or adventure courses,short_circuit,intent_policy,0.98,Recognized intents consistently map to one frozen V1 route,1,attribute_lookup,highschool_student,attribute_lookup:1,highschool_student:1,Data - Edward.csv,schools with campus zip lines or adventure courses,medium,short_circuit,0.6695611689490525,short_circuit_safety_escalation,3.9497060000002193,0.0,calibrated_word_char_shape_linearsvc,real,False,False
qirv1-0065,4a9fc5ff75b57ae8,Caltech vs USC for chemistry,caltech vs usc for chemistry,complex,intent_policy,0.98,Recognized intents consistently map to one frozen V1 route,1,comparison,college_student,comparison:1,college_student:1,Data - Shivansh.csv,Caltech vs USC for chemistry,complex,complex,0.9297025230968593,accepted_model_prediction,3.9090340000029755,0.0,calibrated_word_char_shape_linearsvc,real,True,False
qirv1-0066,868086d63eb0b8c9,recommend small colleges in the Midwest for chemistry not too competitive,recommend small colleges in the midwest for chemistry not too competitive,complex,intent_policy,0.98,Recognized intents consistently map to one frozen V1 route,1,recommendation,advisor,recommendation:1,advisor:1,Data - Shivansh.csv,recommend small colleges in the Midwest for chemistry not too competitive,complex,complex,0.9250251755436395,accepted_model_prediction,4.011599999998339,0.0,calibrated_word_char_shape_linearsvc,real,True,False
qirv1-0067,3ae0c5ffa4c31ef4,scholarship officer undergrad success,scholarship officer undergrad success,llm_needed,intent_policy,0.98,Recognized intents consistently map to one frozen V1 route,2,advisory,scholarship_foundation_officer,advisory:2,scholarship_foundation_officer:2,Data - Nimisha.csv,scholarship officer undergrad success,llm_needed,llm_needed,0.7699257994890054,accepted_model_prediction,3.984598000002393,0.0,calibrated_word_char_shape_linearsvc,real,True,False
qirv1-0068,18c77e9a71b2cf75,how do i apply to NYU,how do i apply to nyu,medium,intent_policy,0.98,Recognized intents consistently map to one frozen V1 route,2,admissions_process,parent,admissions_process:2,parent:2,Data - Shivansh.csv,how do i apply to NYU,medium,medium,0.9346973413927158,accepted_model_prediction,3.9506469999963656,0.0,calibrated_word_char_shape_linearsvc,real,True,False
qirv1-0069,57621245452aab2f,universities with strong interfaith community service programs,universities with strong interfaith community service programs,medium,intent_policy,0.98,Recognized intents consistently map to one frozen V1 route,1,filtered_search,nonprofit_advisor,filtered_search:1,nonprofit_advisor:1,Data Anthony.csv,universities with strong interfaith community service programs,medium,short_circuit,0.7005633811739971,short_circuit_safety_escalation,3.9914190000018834,0.0,calibrated_word_char_shape_linearsvc,real,True,False
qirv1-0070,ac81328e3afb5958,colleges near a major tech hub full ride options with strong research and internships,colleges near a major tech hub full ride options with strong research and internships,complex,intent_policy,0.98,Recognized intents consistently map to one frozen V1 route,3,multi_constraint,parent,multi_constraint:3,advisor:1|high_school_student:1|parent:1,Data - Shivansh.csv,colleges near a major tech hub full ride options with strong research and internships,complex,complex,0.940246677687235,accepted_model_prediction,4.0254410000102325,0.0,calibrated_word_char_shape_linearsvc,real,True,False
qirv1-0071,5e61222de7f07ece,schools with on-campus escape rooms,schools with on-campus escape rooms,medium,unanimous_observed,1.0,All valid historical route labels agree,1,filter_search,high_school_student,filter_search:1,high_school_student:1,Data Anthony.csv,schools with on-campus escape rooms,short_circuit,short_circuit,0.8248856734136744,accepted_model_prediction,3.913341000000514,0.0,calibrated_word_char_shape_linearsvc,real,False,True
qirv1-0072,911ed1e14af36ecf,is a biology degree useful if i dont want to be a doctor,is a biology degree useful if i dont want to be a doctor,llm_needed,intent_policy,0.98,Recognized intents consistently map to one frozen V1 route,1,reflective_advisory,high_school_student,reflective_advisory:1,high_school_student:1,Data Anthony.csv,is a biology degree useful if i dont want to be a doctor,llm_needed,llm_needed,0.8808676152933669,accepted_model_prediction,3.9795410000067477,0.0,calibrated_word_char_shape_linearsvc,real,True,False
qirv1-0073,c3e4f9753b0693dd,UT Austin vs Purdue for pre-med,ut austin vs purdue for pre-med,complex,intent_policy,0.98,Recognized intents consistently map to one frozen V1 route,1,comparison,high_school_student,comparison:1,high_school_student:1,Data - Shivansh.csv,UT Austin vs Purdue for pre-med,complex,complex,0.9141298416515399,accepted_model_prediction,4.082205999992539,0.0,calibrated_word_char_shape_linearsvc,real,True,False
qirv1-0074,36f8b29442be468a,transf CS prereq missing,transf cs prereq missing,llm_needed,intent_policy,0.98,Recognized intents consistently map to one frozen V1 route,1,advisory,transfer_student,advisory:1,transfer_student:1,Data - Nimisha.csv,transf CS prereq missing,llm_needed,llm_needed,0.8470407772913685,accepted_model_prediction,4.079592000010734,0.0,calibrated_word_char_shape_linearsvc,real,True,False
qirv1-0075,30f78dcb4b260b21,Are there mentorship opportunities for community college students in business majors?,are there mentorship opportunities for community college students in business majors,llm_needed,intent_policy,0.98,Recognized intents consistently map to one frozen V1 route,1,advisory,community_college_student,advisory:1,community_college_student:1,Data - Nimisha.csv,Are there mentorship opportunities for community college students in business majors?,llm_needed,llm_needed,0.910395039448162,accepted_model_prediction,4.253575000007004,0.0,calibrated_word_char_shape_linearsvc,real,True,False
qirv1-0076,35eefda69722e67f,what are the social pressures at selective universities and how do parents help,what are the social pressures at selective universities and how do parents help,llm_needed,intent_policy,0.98,Recognized intents consistently map to one frozen V1 route,1,advisory,parent,advisory:1,parent:1,Data - Ridhi.csv,what are the social pressures at selective universities and how do parents help,llm_needed,llm_needed,0.9620842659007663,accepted_model_prediction,4.007282999992867,0.0,calibrated_word_char_shape_linearsvc,real,True,False
qirv1-0077,92419668bb02d7b6,universities with public transportation access,universities with public transportation access,short_circuit,intent_policy,0.98,Recognized intents consistently map to one frozen V1 route,1,attribute_lookup,highschool_student,attribute_lookup:1,highschool_student:1,Data - Ridhi.csv,universities with public transportation access,medium,short_circuit,0.5129148383415788,short_circuit_safety_escalation,4.002236000005155,0.0,calibrated_word_char_shape_linearsvc,real,False,False
qirv1-0078,6d12ddeceebf8864,college fit vs prestige,college fit vs prestige,complex,unanimous_observed,1.0,All valid historical route labels agree,1,guidance,counselor_teacher,guidance:1,counselor_teacher:1,Data - Anika.csv,college fit vs prestige,complex,complex,0.8698459748229873,accepted_model_prediction,3.890516999987881,0.0,calibrated_word_char_shape_linearsvc,real,True,False
qirv1-0079,8a225e0e7876ce9a,scholarship officer rural cs poor,scholarship officer rural cs poor,llm_needed,intent_policy,0.98,Recognized intents consistently map to one frozen V1 route,1,advisory,scholarship_foundation_officer,advisory:1,scholarship_foundation_officer:1,Data - Nimisha.csv,scholarship officer rural cs poor,llm_needed,llm_needed,0.950920958511797,accepted_model_prediction,3.9068509999964363,0.0,calibrated_word_char_shape_linearsvc,real,True,False
qirv1-0080,390a189868116719,UC San Diego job placement for architecture,uc san diego job placement for architecture,medium,intent_policy,0.98,Recognized intents consistently map to one frozen V1 route,1,career_outcomes,high_school_student,career_outcomes:1,high_school_student:1,Data - Shivansh.csv,UC San Diego job placement for architecture,medium,medium,0.8844375884687871,accepted_model_prediction,3.911708000003955,0.0,calibrated_word_char_shape_linearsvc,real,True,False
qirv1-0081,8b9d3fbe9fd908d6,universities with public policy undergraduate programs,universities with public policy undergraduate programs,short_circuit,intent_policy,0.98,Recognized intents consistently map to one frozen V1 route,1,attribute_lookup,highschool_student,attribute_lookup:1,highschool_student:1,Data - Edward.csv,universities with public policy undergraduate programs,short_circuit,short_circuit,0.8587109806177464,accepted_model_prediction,3.9609229999939544,0.0,calibrated_word_char_shape_linearsvc,real,True,False
qirv1-0082,0decd83a9ef32282,large public health colleges in warm states good financial aid reach schools,large public health colleges in warm states good financial aid reach schools,complex,intent_policy,0.98,Recognized intents consistently map to one frozen V1 route,1,multi_constraint,advisor,multi_constraint:1,advisor:1,Data - Shivansh.csv,large public health colleges in warm states good financial aid reach schools,complex,complex,0.8599337636062993,accepted_model_prediction,4.021995000002221,0.0,calibrated_word_char_shape_linearsvc,real,True,False
qirv1-0083,d75d37af5064229e,cs yield down why,cs yield down why,complex,intent_policy,0.98,Recognized intents consistently map to one frozen V1 route,1,strategy,college_admissions_officer,strategy:1,college_admissions_officer:1,Data - Nimisha.csv,cs yield down why,complex,complex,0.5749205417295532,accepted_model_prediction,3.8887230000028694,0.0,calibrated_word_char_shape_linearsvc,real,True,False
qirv1-0084,a5651c4800d0a718,schools that support communication with families students and have accessible housing,schools that support communication with families students and have accessible housing,medium,intent_policy,0.98,Recognized intents consistently map to one frozen V1 route,5,filtered_search,parent,filtered_search:5,parent:5,Data - Edward.csv,schools that support communication with families students and have accessible housing,medium,medium,0.8972588126414148,accepted_model_prediction,4.099411999987979,0.0,calibrated_word_char_shape_linearsvc,real,True,False
qirv1-0085,c54d6650d4b651c3,engineering schools where undergrads publish before senior year,engineering schools where undergrads publish before senior year,complex,intent_policy,0.98,Recognized intents consistently map to one frozen V1 route,1,multi_constraint,high_school_student,multi_constraint:1,high_school_student:1,Data - Nimisha.csv,engineering schools where undergrads publish before senior year,medium,medium,0.819346246247174,accepted_model_prediction,4.0012229999888405,0.0,calibrated_word_char_shape_linearsvc,real,False,False
qirv1-0086,a880557d20182818,how to structure a first semester advising appointment for a new freshman,how to structure a first semester advising appointment for a new freshman,llm_needed,intent_policy,0.98,Recognized intents consistently map to one frozen V1 route,1,advisory,advisor,advisory:1,advisor:1,Data - Ridhi.csv,how to structure a first semester advising appointment for a new freshman,llm_needed,llm_needed,0.5619245744960345,accepted_model_prediction,4.047744000004627,0.0,calibrated_word_char_shape_linearsvc,real,True,False
qirv1-0087,7d983aca7e88908f,how to evaluate the impact of campus employment on student retention,how to evaluate the impact of campus employment on student retention,short_circuit,intent_policy,0.98,Recognized intents consistently map to one frozen V1 route,1,attribute_lookup,college,attribute_lookup:1,college:1,Data - Edward.csv,how to evaluate the impact of campus employment on student retention,short_circuit,short_circuit,0.8828013643387916,accepted_model_prediction,3.9915290000038794,0.0,calibrated_word_char_shape_linearsvc,real,True,False
qirv1-0088,080e32dc8be56efc,which colleges produce the most teachers who go on to become instructional coaches,which colleges produce the most teachers who go on to become instructional coaches,medium,intent_policy,0.98,Recognized intents consistently map to one frozen V1 route,1,filtered_search,urban_teacher,filtered_search:1,urban_teacher:1,Data Anthony.csv,which colleges produce the most teachers who go on to become instructional coaches,medium,medium,0.7570053996429809,accepted_model_prediction,4.0777289999880395,0.0,calibrated_word_char_shape_linearsvc,real,True,False
qirv1-0089,57ee9429d33b9dbd,eng debt trap?,eng debt trap,llm_needed,intent_policy,0.98,Recognized intents consistently map to one frozen V1 route,1,advisory,parent,advisory:1,parent:1,Data - Nimisha.csv,eng debt trap?,llm_needed,llm_needed,0.6152317203822235,accepted_model_prediction,3.876535999992825,0.0,calibrated_word_char_shape_linearsvc,real,True,False
qirv1-0090,426390f38da9d45d,affordable colleges with strong data science,affordable colleges with strong data science,complex,intent_policy,0.98,Recognized intents consistently map to one frozen V1 route,1,multi_constraint,high_school_student,multi_constraint:1,high_school_student:1,Data - Anika.csv,affordable colleges with strong data science,complex,complex,0.950635458590498,accepted_model_prediction,3.9414940000028764,0.0,calibrated_word_char_shape_linearsvc,real,True,False
qirv1-0091,1c8261b026d51397,what is a tuition payment plan,what is a tuition payment plan,medium,unanimous_observed,1.0,All valid historical route labels agree,1,factual,parent,factual:1,parent:1,Data - Ridhi.csv,what is a tuition payment plan,medium,medium,0.5309395384635153,accepted_model_prediction,3.911177000006205,0.0,calibrated_word_char_shape_linearsvc,real,True,False
qirv1-0092,01177784523b7aae,what is deferral in admissions,what is deferral in admissions,medium,intent_policy,0.98,Recognized intents consistently map to one frozen V1 route,1,admissions_process,college_student,admissions_process:1,college_student:1,Data - Anika.csv,what is deferral in admissions,medium,medium,0.655182667618988,accepted_model_prediction,4.0756060000006755,0.0,calibrated_word_char_shape_linearsvc,real,True,False
qirv1-0093,aa574f3bc1098bbf,how to help students navigate roommate conflicts,how to help students navigate roommate conflicts,llm_needed,intent_policy,0.98,Recognized intents consistently map to one frozen V1 route,1,emotional_advisory,advisor,emotional_advisory:1,advisor:1,Data - Edward.csv,how to help students navigate roommate conflicts,llm_needed,llm_needed,0.687456047766041,accepted_model_prediction,3.981284000005303,0.0,calibrated_word_char_shape_linearsvc,real,True,False
qirv1-0094,63ff8751253ad471,career changer law 2 cs dumb?,career changer law 2 cs dumb,llm_needed,intent_policy,0.98,Recognized intents consistently map to one frozen V1 route,1,emotional_advisory,career_changer,emotional_advisory:1,career_changer:1,Data - Nimisha.csv,career changer law 2 cs dumb?,llm_needed,llm_needed,0.8845998250430034,accepted_model_prediction,3.9430559999971138,0.0,calibrated_word_char_shape_linearsvc,real,True,False
qirv1-0095,7af46f1c6cfee9c7,how to request an extension on an assignment,how to request an extension on an assignment,llm_needed,intent_policy,0.98,Recognized intents consistently map to one frozen V1 route,1,advisory,college_student,advisory:1,college_student:1,Data - Ridhi.csv,how to request an extension on an assignment,medium,short_circuit,0.5828382065959836,short_circuit_safety_escalation,3.9637570000081723,0.0,calibrated_word_char_shape_linearsvc,real,False,False
qirv1-0096,5fb9cb513e4e6018,schools with active running or track clubs,schools with active running or track clubs,short_circuit,intent_policy,0.98,Recognized intents consistently map to one frozen V1 route,1,attribute_lookup,highschool_student,attribute_lookup:1,highschool_student:1,Data - Edward.csv,schools with active running or track clubs,short_circuit,short_circuit,0.8912580600842549,accepted_model_prediction,3.9599220000070545,0.0,calibrated_word_char_shape_linearsvc,real,True,False
qirv1-0097,31a83b7de52aeb40,universities with social work degrees,universities with social work degrees,short_circuit,intent_policy,0.98,Recognized intents consistently map to one frozen V1 route,1,attribute_lookup,highschool_student,attribute_lookup:1,highschool_student:1,Data - Edward.csv,universities with social work degrees,medium,short_circuit,0.7562312393063321,short_circuit_safety_escalation,3.964848999999049,0.0,calibrated_word_char_shape_linearsvc,real,False,False
qirv1-0098,28fa239a0e94f363,How can transfer students manage differences in extracurricular opportunities?,how can transfer students manage differences in extracurricular opportunities,llm_needed,intent_policy,0.98,Recognized intents consistently map to one frozen V1 route,1,advisory,transfer_student,advisory:1,transfer_student:1,Data - Nimisha.csv,How can transfer students manage differences in extracurricular opportunities?,llm_needed,llm_needed,0.8888774964163627,accepted_model_prediction,4.059210999997731,0.0,calibrated_word_char_shape_linearsvc,real,True,False
qirv1-0099,f08b6bde2ea32500,mech eng 2 yr to 4 yr worth?,mech eng 2 yr to 4 yr worth,llm_needed,intent_policy,0.98,Recognized intents consistently map to one frozen V1 route,1,advisory,transfer_student,advisory:1,transfer_student:1,Data - Nimisha.csv,mech eng 2 yr to 4 yr worth?,llm_needed,llm_needed,0.9733790263688337,accepted_model_prediction,3.920841999999425,0.0,calibrated_word_char_shape_linearsvc,real,True,False
qirv1-0100,176956e9e1c587d5,universities with cultural exchange programs,universities with cultural exchange programs,short_circuit,intent_policy,0.98,Recognized intents consistently map to one frozen V1 route,1,attribute_lookup,highschool_student,attribute_lookup:1,highschool_student:1,Data - Ridhi.csv,universities with cultural exchange programs,short_circuit,short_circuit,0.9405907153977888,accepted_model_prediction,4.088726000006204,0.0,calibrated_word_char_shape_linearsvc,real,True,False
qirv1-0101,796f2dad6575b323,Princeton financial aid for out of state,princeton financial aid for out of state,medium,intent_policy,0.98,Recognized intents consistently map to one frozen V1 route,3,cost_financial_aid,advisor,cost_financial_aid:3,advisor:1|college_student:1|counselor_teacher:1,Data - Shivansh.csv,Princeton financial aid for out of state,medium,medium,0.9410865188679053,accepted_model_prediction,3.9557650000006106,0.0,calibrated_word_char_shape_linearsvc,real,True,False
qirv1-0102,5b0a38d9ec0d75a1,universities with research in computational biology,universities with research in computational biology,short_circuit,intent_policy,0.98,Recognized intents consistently map to one frozen V1 route,1,attribute_lookup,highschool_student,attribute_lookup:1,highschool_student:1,Data - Ridhi.csv,universities with research in computational biology,medium,short_circuit,0.7832978580369012,short_circuit_safety_escalation,3.9969970000015564,0.0,calibrated_word_char_shape_linearsvc,real,False,False
qirv1-0103,c78476a725e7b332,colleges with rooftop yogahigh,colleges with rooftop yogahigh,medium,unanimous_observed,1.0,All valid historical route labels agree,1,filter_search,high_school_student,filter_search:1,high_school_student:1,Data Anthony.csv,colleges with rooftop yogahigh,medium,medium,0.6128793974410781,accepted_model_prediction,3.9219140000028574,0.0,calibrated_word_char_shape_linearsvc,real,True,False
qirv1-0104,0682d4ed720c5fc2,universities where freshmen cannot be cut from engineering,universities where freshmen cannot be cut from engineering,short_circuit,intent_policy,0.98,Recognized intents consistently map to one frozen V1 route,1,attribute_lookup,parent,attribute_lookup:1,parent:1,Data - Nimisha.csv,universities where freshmen cannot be cut from engineering,medium,medium,0.6353818285813253,accepted_model_prediction,3.970856999998773,0.0,calibrated_word_char_shape_linearsvc,real,False,False
qirv1-0105,8226823fc69fb7a3,schools with strong bioinformatics programs,schools with strong bioinformatics programs,short_circuit,intent_policy,0.98,Recognized intents consistently map to one frozen V1 route,1,attribute_lookup,highschool_student,attribute_lookup:1,highschool_student:1,Data - Edward.csv,schools with strong bioinformatics programs,medium,short_circuit,0.47914646638646796,short_circuit_safety_escalation,4.049276000003488,0.0,calibrated_word_char_shape_linearsvc,real,False,False
qirv1-0106,52525c0adea26706,colleges that provide strong alumni mentoring for first gen students,colleges that provide strong alumni mentoring for first gen students,medium,intent_policy,0.98,Recognized intents consistently map to one frozen V1 route,1,filtered_search,school_counselor,filtered_search:1,school_counselor:1,Data Anthony.csv,colleges that provide strong alumni mentoring for first gen students,medium,medium,0.9048471136372688,accepted_model_prediction,3.987252999991142,0.0,calibrated_word_char_shape_linearsvc,real,True,False
qirv1-0107,8370621ed402a1ee,four year cost of University of Washington including housing,four year cost of university of washington including housing,medium,intent_policy,0.98,Recognized intents consistently map to one frozen V1 route,2,career_outcomes,parent,admissions_process:1|career_outcomes:1,parent:2,Data - Shivansh.csv,four year cost of University of Washington including housing,complex,complex,0.5181566269016028,accepted_model_prediction,4.413827000007586,0.0,calibrated_word_char_shape_linearsvc,real,False,False
qirv1-0108,0b9f9e17db407820,best colleges for on-campus housing with high graduation rates in California,best colleges for on-campus housing with high graduation rates in california,medium,intent_policy,0.98,Recognized intents consistently map to one frozen V1 route,5,filtered_search,college_student,filtered_search:5,college_student:5,Data - Edward.csv,best colleges for on-campus housing with high graduation rates in California,medium,medium,0.8471099124720111,accepted_model_prediction,4.617344999999773,0.0,calibrated_word_char_shape_linearsvc,real,True,False
qirv1-0109,4e56d52c459500af,what colleges fit a student with a 3.5 gpa,what colleges fit a student with a 3.5 gpa,llm_needed,intent_policy,0.98,Recognized intents consistently map to one frozen V1 route,1,advisory,counselor,advisory:1,counselor:1,Data Anthony.csv,what colleges fit a student with a 3.5 gpa,llm_needed,llm_needed,0.7780928532380665,accepted_model_prediction,5.341628000010701,0.0,calibrated_word_char_shape_linearsvc,real,True,False
qirv1-0110,64b9019b2a10fd06,how do we keep our admissions staff account access up to date when team members leave or join,how do we keep our admissions staff account access up to date when team members leave or join,llm_needed,intent_policy,0.98,Recognized intents consistently map to one frozen V1 route,1,advisory,college_b2b,advisory:1,college_b2b:1,Data - Ridhi.csv,how do we keep our admissions staff account access up to date when team members leave or join,llm_needed,llm_needed,0.6178003737548651,accepted_model_prediction,4.4585549999993646,0.0,calibrated_word_char_shape_linearsvc,real,True,False
qirv1-0111,bb57671c13254ded,how to advocate for systemic changes in curriculum or policy that affect students,how to advocate for systemic changes in curriculum or policy that affect students,llm_needed,intent_policy,0.98,Recognized intents consistently map to one frozen V1 route,1,advisory,advisor,advisory:1,advisor:1,Data - Ridhi.csv,how to advocate for systemic changes in curriculum or policy that affect students,medium,medium,0.524418890995407,accepted_model_prediction,4.151331000002756,0.0,calibrated_word_char_shape_linearsvc,real,False,False
qirv1-0112,fed3b773785f35cd,job placement for Northwestern,job placement for northwestern,short_circuit,intent_policy,0.98,Recognized intents consistently map to one frozen V1 route,2,attribute_lookup,advisor,attribute_lookup:2,advisor:2,Data - Shivansh.csv,job placement for Northwestern,medium,medium,0.732274149838116,accepted_model_prediction,3.991468999998915,0.0,calibrated_word_char_shape_linearsvc,real,False,False
qirv1-0113,73150c804ba4b092,How can community college students connect with university alumni for mentorship?,how can community college students connect with university alumni for mentorship,llm_needed,intent_policy,0.98,Recognized intents consistently map to one frozen V1 route,1,advisory,community_college_student,advisory:1,community_college_student:1,Data - Nimisha.csv,How can community college students connect with university alumni for mentorship?,llm_needed,llm_needed,0.7066861845541658,accepted_model_prediction,4.045511000001056,0.0,calibrated_word_char_shape_linearsvc,real,True,False
qirv1-0114,b784919b862d6c4e,Boston University vs Columbia,boston university vs columbia,complex,intent_policy,0.98,Recognized intents consistently map to one frozen V1 route,1,comparison,high_school_student,comparison:1,high_school_student:1,Data - Shivansh.csv,Boston University vs Columbia,complex,complex,0.9306318385350066,accepted_model_prediction,4.102445999990323,0.0,calibrated_word_char_shape_linearsvc,real,True,False
qirv1-0115,1b721ba038375fda,universities with peer-led study programs,universities with peer-led study programs,short_circuit,intent_policy,0.98,Recognized intents consistently map to one frozen V1 route,1,attribute_lookup,highschool_student,attribute_lookup:1,highschool_student:1,Data - Ridhi.csv,universities with peer-led study programs,short_circuit,short_circuit,0.9347149690459262,accepted_model_prediction,3.9799109999876237,0.0,calibrated_word_char_shape_linearsvc,real,True,False
qirv1-0116,9312906a7a9dc34c,MIT acceptance rate,mit acceptance rate,short_circuit,intent_policy,0.98,Recognized intents consistently map to one frozen V1 route,1,attribute_lookup,high_school_student,attribute_lookup:1,high_school_student:1,Data Anthony.csv,MIT acceptance rate,short_circuit,short_circuit,0.9362929654841512,accepted_model_prediction,3.9268210000074077,0.0,calibrated_word_char_shape_linearsvc,real,True,False
qirv1-0117,ba697a14a8308350,create reach target safety list for film in Texas under 40k,create reach target safety list for film in texas under 40k,complex,intent_policy,0.98,Recognized intents consistently map to one frozen V1 route,1,comparison,advisor,comparison:1,advisor:1,Data - Shivansh.csv,create reach target safety list for film in Texas under 40k,complex,complex,0.4568339082291522,accepted_model_prediction,3.988825000007523,0.0,calibrated_word_char_shape_linearsvc,real,True,False
qirv1-0118,9518c2660cbfbc62,career changer teacher2data,career changer teacher2data,llm_needed,intent_policy,0.98,Recognized intents consistently map to one frozen V1 route,1,advisory,career_changer,advisory:1,career_changer:1,Data - Nimisha.csv,career changer teacher2data,llm_needed,llm_needed,0.8432547345968282,accepted_model_prediction,3.9420439999986456,0.0,calibrated_word_char_shape_linearsvc,real,True,False
qirv1-0119,ca05659c5667d051,how to support international students who are academically struggling,how to support international students who are academically struggling,llm_needed,intent_policy,0.98,Recognized intents consistently map to one frozen V1 route,1,emotional_advisory,advisor,emotional_advisory:1,advisor:1,Data - Edward.csv,how to support international students who are academically struggling,llm_needed,llm_needed,0.9491807548158496,accepted_model_prediction,4.0450999999990245,0.0,calibrated_word_char_shape_linearsvc,real,True,False
qirv1-0120,ca78bb2c078ba5f9,Duke tuition vs Purdue tuition,duke tuition vs purdue tuition,complex,intent_policy,0.98,Recognized intents consistently map to one frozen V1 route,1,comparison,parent,comparison:1,parent:1,Data - Shivansh.csv,Duke tuition vs Purdue tuition,complex,complex,0.9479360220529293,accepted_model_prediction,3.9301059999985455,0.0,calibrated_word_char_shape_linearsvc,real,True,False
qirv1-0121,455aac8687b13da5,schools with strong programs in philosophy and logic,schools with strong programs in philosophy and logic,medium,intent_policy,0.98,Recognized intents consistently map to one frozen V1 route,1,filtered_search,independent_counselor,filtered_search:1,independent_counselor:1,Data Anthony.csv,schools with strong programs in philosophy and logic,medium,medium,0.7089509808495057,accepted_model_prediction,3.9865210000016305,0.0,calibrated_word_char_shape_linearsvc,real,True,False
qirv1-0122,0f1c7741c924aefc,career outcomes for anthropology majors,career outcomes for anthropology majors,medium,intent_policy,0.98,Recognized intents consistently map to one frozen V1 route,1,career_outcomes,parent,career_outcomes:1,parent:1,Data - Anika.csv,career outcomes for anthropology majors,medium,medium,0.8096423985817255,accepted_model_prediction,3.9842779999901268,0.0,calibrated_word_char_shape_linearsvc,real,True,False
qirv1-0123,635a35514efdd148,switch bio 2 biomed eng jr yr dumb?,switch bio 2 biomed eng jr yr dumb,llm_needed,intent_policy,0.98,Recognized intents consistently map to one frozen V1 route,1,advisory,college_student,advisory:1,college_student:1,Data - Nimisha.csv,switch bio 2 biomed eng jr yr dumb?,llm_needed,llm_needed,0.9484234363178771,accepted_model_prediction,3.942143999992709,0.0,calibrated_word_char_shape_linearsvc,real,True,False
qirv1-0124,11726805d19cf43d,small engineering colleges with division I sports,small engineering colleges with division i sports,complex,intent_policy,0.98,Recognized intents consistently map to one frozen V1 route,1,multi_constraint,high_school_student,multi_constraint:1,high_school_student:1,Data - Nimisha.csv,small engineering colleges with division I sports,complex,complex,0.7271216063633942,accepted_model_prediction,3.9554649999899993,0.0,calibrated_word_char_shape_linearsvc,real,True,False
qirv1-0125,3dd8048b0ef54735,Cornell campus culture,cornell campus culture,llm_needed,intent_policy,0.98,Recognized intents consistently map to one frozen V1 route,1,campus_life_fit,counselor_teacher,campus_life_fit:1,counselor_teacher:1,Data - Shivansh.csv,Cornell campus culture,llm_needed,llm_needed,0.9325478723221233,accepted_model_prediction,3.9213029999984883,0.0,calibrated_word_char_shape_linearsvc,real,True,False
qirv1-0126,3c1512fc5ca6288b,how to build institutional infrastructure for a study abroad office,how to build institutional infrastructure for a study abroad office,short_circuit,intent_policy,0.98,Recognized intents consistently map to one frozen V1 route,1,attribute_lookup,college,attribute_lookup:1,college:1,Data - Edward.csv,how to build institutional infrastructure for a study abroad office,medium,short_circuit,0.7444258017238399,short_circuit_safety_escalation,4.0320510000100285,0.0,calibrated_word_char_shape_linearsvc,real,False,False
qirv1-0127,909f56cdb2e10701,Transfer student social events?,transfer student social events,short_circuit,intent_policy,0.98,Recognized intents consistently map to one frozen V1 route,1,attribute_lookup,transfer_student,attribute_lookup:1,transfer_student:1,Data - Nimisha.csv,Transfer student social events?,short_circuit,short_circuit,0.9516556669404003,accepted_model_prediction,3.9373569999980873,0.0,calibrated_word_char_shape_linearsvc,real,True,False
qirv1-0128,7d70054e62a58ecf,internships for Stanford,internships for stanford,short_circuit,intent_policy,0.98,Recognized intents consistently map to one frozen V1 route,1,attribute_lookup,college_student,attribute_lookup:1,college_student:1,Data - Shivansh.csv,internships for Stanford,short_circuit,short_circuit,0.8370389077403962,accepted_model_prediction,3.930698000004895,0.0,calibrated_word_char_shape_linearsvc,real,True,False
qirv1-0129,942e329a3293404f,how to build a campus recreation center that serves all students equitably,how to build a campus recreation center that serves all students equitably,short_circuit,intent_policy,0.98,Recognized intents consistently map to one frozen V1 route,1,attribute_lookup,college,attribute_lookup:1,college:1,Data - Edward.csv,how to build a campus recreation center that serves all students equitably,short_circuit,short_circuit,0.8770115799041345,accepted_model_prediction,4.028314999999338,0.0,calibrated_word_char_shape_linearsvc,real,True,False
qirv1-0130,16aec004adbfa8a2,Boston University vs UC Irvine for finance,boston university vs uc irvine for finance,complex,intent_policy,0.98,Recognized intents consistently map to one frozen V1 route,1,comparison,counselor_teacher,comparison:1,counselor_teacher:1,Data - Shivansh.csv,Boston University vs UC Irvine for finance,complex,complex,0.9500380774416363,accepted_model_prediction,3.9803220000038664,0.0,calibrated_word_char_shape_linearsvc,real,True,False
qirv1-0131,91f8c8d1dff2a13a,schools with explicit racial equity programs for campus inclusion,schools with explicit racial equity programs for campus inclusion,medium,intent_policy,0.98,Recognized intents consistently map to one frozen V1 route,1,filtered_search,school_counselor,filtered_search:1,school_counselor:1,Data Anthony.csv,schools with explicit racial equity programs for campus inclusion,medium,medium,0.7339364867452782,accepted_model_prediction,4.018219999991857,0.0,calibrated_word_char_shape_linearsvc,real,True,False
qirv1-0132,3fd71ba6ed8f6e7a,how to engage parents who are over-involved in their student's applications,how to engage parents who are over-involved in their student's applications,llm_needed,intent_policy,0.98,Recognized intents consistently map to one frozen V1 route,1,advisory,counselor,advisory:1,counselor:1,Data - Ridhi.csv,how to engage parents who are over-involved in their student's applications,llm_needed,llm_needed,0.9622203430144453,accepted_model_prediction,4.027564000011807,0.0,calibrated_word_char_shape_linearsvc,real,True,False
qirv1-0133,1e103fdeb16ccc3e,Columbia,columbia,short_circuit,intent_policy,0.98,Recognized intents consistently map to one frozen V1 route,9,exact_lookup,advisor,exact_lookup:9,advisor:4|college_student:1|counselor_teacher:2|parent:2,Data - Shivansh.csv,Columbia,short_circuit,short_circuit,0.8718668296819221,accepted_model_prediction,3.86043100000677,0.0,calibrated_word_char_shape_linearsvc,real,True,False
qirv1-0134,285b25bb30d716dc,does UC San Diego have philosophy,does uc san diego have philosophy,short_circuit,intent_policy,0.98,Recognized intents consistently map to one frozen V1 route,1,attribute_lookup,college_student,attribute_lookup:1,college_student:1,Data - Shivansh.csv,does UC San Diego have philosophy,short_circuit,short_circuit,0.8597152124942355,accepted_model_prediction,3.925809999998364,0.0,calibrated_word_char_shape_linearsvc,real,True,False
qirv1-0135,a7422b301e4ef47d,what are common mistakes students make in the college application process,what are common mistakes students make in the college application process,llm_needed,intent_policy,0.98,Recognized intents consistently map to one frozen V1 route,1,advisory,counselor,advisory:1,counselor:1,Data - Ridhi.csv,what are common mistakes students make in the college application process,llm_needed,llm_needed,0.9020072030225311,accepted_model_prediction,4.199171999999862,0.0,calibrated_word_char_shape_linearsvc,real,True,False
qirv1-0136,9e38a4ee87b9b00e,colleges that support mental health well,colleges that support mental health well,medium,intent_policy,0.98,Recognized intents consistently map to one frozen V1 route,1,filtered_search,counselor,filtered_search:1,counselor:1,Data Anthony.csv,colleges that support mental health well,medium,medium,0.8881013759819641,accepted_model_prediction,4.004758999997193,0.0,calibrated_word_char_shape_linearsvc,real,True,False
qirv1-0137,ca176957f19b74a1,schools with 3D printing labs open to all students,schools with 3d printing labs open to all students,short_circuit,intent_policy,0.98,Recognized intents consistently map to one frozen V1 route,1,attribute_lookup,college_student,attribute_lookup:1,college_student:1,Data - Edward.csv,schools with 3D printing labs open to all students,llm_needed,llm_needed,0.3980932597150992,global_low_confidence_escalation,4.223910000007436,0.0,calibrated_word_char_shape_linearsvc,real,False,False
qirv1-0138,3bd8a4a3c55452da,what is your platform's approach to supporting community colleges specifically,what is your platform's approach to supporting community colleges specifically,medium,unanimous_observed,1.0,All valid historical route labels agree,1,factual,college_b2b,factual:1,college_b2b:1,Data - Ridhi.csv,what is your platform's approach to supporting community colleges specifically,medium,medium,0.6797493412257616,accepted_model_prediction,4.101654999999482,0.0,calibrated_word_char_shape_linearsvc,real,True,False
qirv1-0139,1cf4facb000234fe,create reach target safety list for economics in California under 30k,create reach target safety list for economics in california under 30k,complex,intent_policy,0.98,Recognized intents consistently map to one frozen V1 route,1,multi_constraint,advisor,multi_constraint:1,advisor:1,Data - Shivansh.csv,create reach target safety list for economics in California under 30k,llm_needed,medium,0.3788506448480338,global_low_confidence_escalation,4.0507780000069715,0.0,calibrated_word_char_shape_linearsvc,real,False,False
qirv1-0140,324b50a30067d4ed,feeling overwhelmed in college what should I do,feeling overwhelmed in college what should i do,llm_needed,intent_policy,0.98,Recognized intents consistently map to one frozen V1 route,1,emotional_advisory,college_student,emotional_advisory:1,college_student:1,Data - Edward.csv,feeling overwhelmed in college what should I do,llm_needed,llm_needed,0.9499579470290159,accepted_model_prediction,3.9710880000001225,0.0,calibrated_word_char_shape_linearsvc,real,True,False
qirv1-0141,b981a35ed74be267,what is the best practice for responding to student inquiries through your system,what is the best practice for responding to student inquiries through your system,llm_needed,intent_policy,0.98,Recognized intents consistently map to one frozen V1 route,1,advisory,college_b2b,advisory:1,college_b2b:1,Data - Ridhi.csv,what is the best practice for responding to student inquiries through your system,medium,medium,0.6184956419811616,accepted_model_prediction,4.053381999995054,0.0,calibrated_word_char_shape_linearsvc,real,False,False
qirv1-0142,3cb70c515310d8a4,schools with art and creative talent scholarships,schools with art and creative talent scholarships,short_circuit,intent_policy,0.98,Recognized intents consistently map to one frozen V1 route,1,attribute_lookup,highschool_student,attribute_lookup:1,highschool_student:1,Data - Edward.csv,schools with art and creative talent scholarships,medium,medium,0.7243445528768908,accepted_model_prediction,3.9457510000033835,0.0,calibrated_word_char_shape_linearsvc,real,False,False
qirv1-0143,5b123fe707bd5239,how to deal with a professor who gives confusing instructions,how to deal with a professor who gives confusing instructions,llm_needed,intent_policy,0.98,Recognized intents consistently map to one frozen V1 route,1,advisory,college_student,advisory:1,college_student:1,Data - Ridhi.csv,how to deal with a professor who gives confusing instructions,llm_needed,llm_needed,0.9173127880987547,accepted_model_prediction,4.01676699999598,0.0,calibrated_word_char_shape_linearsvc,real,True,False
qirv1-0144,996f0f56ba9fb5fe,schools with active intramural esports leagues,schools with active intramural esports leagues,short_circuit,intent_policy,0.98,Recognized intents consistently map to one frozen V1 route,1,attribute_lookup,highschool_student,attribute_lookup:1,highschool_student:1,Data - Edward.csv,schools with active intramural esports leagues,short_circuit,short_circuit,0.8835353978347295,accepted_model_prediction,3.951017999995088,0.0,calibrated_word_char_shape_linearsvc,real,True,False
qirv1-0145,ed3fabdc84bae143,does USC have electrical engineering,does usc have electrical engineering,short_circuit,intent_policy,0.98,Recognized intents consistently map to one frozen V1 route,1,attribute_lookup,advisor,attribute_lookup:1,advisor:1,Data - Shivansh.csv,does USC have electrical engineering,short_circuit,short_circuit,0.896800937525095,accepted_model_prediction,3.9130610000057686,0.0,calibrated_word_char_shape_linearsvc,real,True,False
qirv1-0146,06c2eb5e1d296e32,colleges with strong parental communication policies,colleges with strong parental communication policies,short_circuit,intent_policy,0.98,Recognized intents consistently map to one frozen V1 route,1,attribute_lookup,parent,attribute_lookup:1,parent:1,Data - Edward.csv,colleges with strong parental communication policies,medium,medium,0.46698741051129405,accepted_model_prediction,3.9825059999998302,0.0,calibrated_word_char_shape_linearsvc,real,False,False
qirv1-0147,1850316812fc133f,what extracurriculars do top colleges actually care about,what extracurriculars do top colleges actually care about,llm_needed,intent_policy,0.98,Recognized intents consistently map to one frozen V1 route,1,advisory,parent,advisory:1,parent:1,Data - Ridhi.csv,what extracurriculars do top colleges actually care about,medium,medium,0.6243112155845626,accepted_model_prediction,4.009445999997752,0.0,calibrated_word_char_shape_linearsvc,real,False,False
qirv1-0148,b48db612f199cb8b,colleges with hidden libraries,colleges with hidden libraries,medium,unanimous_observed,1.0,All valid historical route labels agree,1,filter_search,high_school_student,filter_search:1,high_school_student:1,Data Anthony.csv,colleges with hidden libraries,medium,medium,0.5761476002576184,accepted_model_prediction,4.023547000002736,0.0,calibrated_word_char_shape_linearsvc,real,True,False
qirv1-0149,d5189f829991f10d,what is the drop add period and how do I use it,what is the drop add period and how do i use it,medium,unanimous_observed,1.0,All valid historical route labels agree,1,factual,college_student,factual:1,college_student:1,Data - Ridhi.csv,what is the drop add period and how do I use it,llm_needed,llm_needed,0.7160820980602888,accepted_model_prediction,3.9405920000064043,0.0,calibrated_word_char_shape_linearsvc,real,False,False
qirv1-0150,e83593ee04328843,colleges near research parks,colleges near research parks,medium,intent_policy,0.98,Recognized intents consistently map to one frozen V1 route,1,filtered_search,parent,filtered_search:1,parent:1,Data - Anika.csv,colleges near research parks,medium,medium,0.8045791077703747,accepted_model_prediction,3.9422149999950307,0.0,calibrated_word_char_shape_linearsvc,real,True,False
qirv1-0151,9ab4ea03cbac9488,colleges emphasizing culturally responsive teaching curricula,colleges emphasizing culturally responsive teaching curricula,medium,intent_policy,0.98,Recognized intents consistently map to one frozen V1 route,1,filtered_search,urban_teacher,filtered_search:1,urban_teacher:1,Data Anthony.csv,colleges emphasizing culturally responsive teaching curricula,medium,medium,0.7871016432596761,accepted_model_prediction,4.019600999995987,0.0,calibrated_word_char_shape_linearsvc,real,True,False
qirv1-0152,1cd9ae10698c12d9,how to evaluate the impact of guaranteed admission programs on enrollment quality,how to evaluate the impact of guaranteed admission programs on enrollment quality,short_circuit,intent_policy,0.98,Recognized intents consistently map to one frozen V1 route,1,attribute_lookup,college,attribute_lookup:1,college:1,Data - Edward.csv,how to evaluate the impact of guaranteed admission programs on enrollment quality,short_circuit,short_circuit,0.954672891430362,accepted_model_prediction,4.043287000001783,0.0,calibrated_word_char_shape_linearsvc,real,True,False
qirv1-0153,7c3df0d8834deef8,comparing cs salary outcomes across regions for my son,comparing cs salary outcomes across regions for my son,short_circuit,intent_policy,0.98,Recognized intents consistently map to one frozen V1 route,1,attribute_lookup,parent,attribute_lookup:1,parent:1,Data - Nimisha.csv,comparing cs salary outcomes across regions for my son,llm_needed,llm_needed,0.5280427736337396,accepted_model_prediction,3.992740999990474,0.0,calibrated_word_char_shape_linearsvc,real,False,False
qirv1-0154,a7983cf31f1794b9,does baylor have good support services for students from low income backgrounds,does baylor have good support services for students from low income backgrounds,short_circuit,intent_policy,0.98,Recognized intents consistently map to one frozen V1 route,1,attribute_lookup,parent,attribute_lookup:1,parent:1,Data Anthony.csv,does baylor have good support services for students from low income backgrounds,llm_needed,llm_needed,0.4452731674780994,global_low_confidence_escalation,4.0268720000113944,0.0,calibrated_word_char_shape_linearsvc,real,False,False
qirv1-0155,210e546b1c7c4e8c,how to design a campus food pantry to address student hunger,how to design a campus food pantry to address student hunger,short_circuit,intent_policy,0.98,Recognized intents consistently map to one frozen V1 route,1,attribute_lookup,college,attribute_lookup:1,college:1,Data - Edward.csv,how to design a campus food pantry to address student hunger,medium,short_circuit,0.6528446704101184,short_circuit_safety_escalation,4.019270999989999,0.0,calibrated_word_char_shape_linearsvc,real,False,False
qirv1-0156,24f425d8d4cd3d77,USC vs UC San Diego for nursing,usc vs uc san diego for nursing,complex,intent_policy,0.98,Recognized intents consistently map to one frozen V1 route,1,comparison,advisor,comparison:1,advisor:1,Data - Shivansh.csv,USC vs UC San Diego for nursing,complex,complex,0.9428114258783343,accepted_model_prediction,3.9592810000073086,0.0,calibrated_word_char_shape_linearsvc,real,True,False
qirv1-0157,62194659860a3c27,how to network as an introvert in college,how to network as an introvert in college,llm_needed,intent_policy,0.98,Recognized intents consistently map to one frozen V1 route,1,advisory,college_student,advisory:1,college_student:1,Data - Ridhi.csv,how to network as an introvert in college,llm_needed,llm_needed,0.9392035799518405,accepted_model_prediction,3.9322800000007874,0.0,calibrated_word_char_shape_linearsvc,real,True,False
qirv1-0158,d84703caddbbd664,does Harvard have business,does harvard have business,short_circuit,intent_policy,0.98,Recognized intents consistently map to one frozen V1 route,2,attribute_lookup,college_student,attribute_lookup:2,college_student:1|counselor_teacher:1,Data - Shivansh.csv,does Harvard have business,short_circuit,short_circuit,0.9337880925763025,accepted_model_prediction,4.004868999999189,0.0,calibrated_word_char_shape_linearsvc,real,True,False
qirv1-0159,4c3308853e6a6b6f,archived admissions data access,archived admissions data access,medium,intent_policy,0.98,Recognized intents consistently map to one frozen V1 route,1,profile_management,college_b2b,profile_management:1,college_b2b:1,Data - Anika.csv,archived admissions data access,medium,medium,0.5010956210516616,accepted_model_prediction,3.927952999987383,0.0,calibrated_word_char_shape_linearsvc,real,True,False
qirv1-0160,936ad80f7bc3b7cb,what schools should i apply to for mechanical engineering near the beach low tuition,what schools should i apply to for mechanical engineering near the beach low tuition,complex,intent_policy,0.98,Recognized intents consistently map to one frozen V1 route,1,recommendation,counselor_teacher,recommendation:1,counselor_teacher:1,Data - Shivansh.csv,what schools should i apply to for mechanical engineering near the beach low tuition,complex,complex,0.9418847585706901,accepted_model_prediction,4.177249999997912,0.0,calibrated_word_char_shape_linearsvc,real,True,False
qirv1-0161,99f3e3e1ca08964b,schools with honors programs that aren’t stressful,schools with honors programs that aren't stressful,llm_needed,intent_policy,0.98,Recognized intents consistently map to one frozen V1 route,1,emotional_advisory,highschool_student,emotional_advisory:1,highschool_student:1,Data - Ridhi.csv,schools with honors programs that aren’t stressful,llm_needed,llm_needed,0.44583239555436305,global_low_confidence_escalation,4.052931000003923,0.0,calibrated_word_char_shape_linearsvc,real,True,False
qirv1-0162,6101a526c7fceb7a,Duke tuition vs University of Maryland tuition,duke tuition vs university of maryland tuition,complex,intent_policy,0.98,Recognized intents consistently map to one frozen V1 route,1,comparison,counselor_teacher,comparison:1,counselor_teacher:1,Data - Shivansh.csv,Duke tuition vs University of Maryland tuition,complex,complex,0.9413797365517937,accepted_model_prediction,3.9209119999981112,0.0,calibrated_word_char_shape_linearsvc,real,True,False
qirv1-0163,1d39b5112612e4d9,University of Maryland average ACT,university of maryland average act,short_circuit,intent_policy,0.98,Recognized intents consistently map to one frozen V1 route,1,attribute_lookup,high_school_student,attribute_lookup:1,high_school_student:1,Data - Shivansh.csv,University of Maryland average ACT,short_circuit,short_circuit,0.9294435214748157,accepted_model_prediction,3.9185389999971676,0.0,calibrated_word_char_shape_linearsvc,real,True,False
qirv1-0164,2f6991564513fdea,colleges near state borders,colleges near state borders,medium,intent_policy,0.98,Recognized intents consistently map to one frozen V1 route,1,filtered_search,parent,filtered_search:1,parent:1,Data - Anika.csv,colleges near state borders,medium,medium,0.836499647703948,accepted_model_prediction,3.948244000000045,0.0,calibrated_word_char_shape_linearsvc,real,True,False
qirv1-0165,2f0cb1bc44dced89,recommend large colleges in the Midwest for economics not too competitive,recommend large colleges in the midwest for economics not too competitive,complex,intent_policy,0.98,Recognized intents consistently map to one frozen V1 route,1,recommendation,parent,recommendation:1,parent:1,Data - Shivansh.csv,recommend large colleges in the Midwest for economics not too competitive,complex,complex,0.9330890292689452,accepted_model_prediction,4.052650999994967,0.0,calibrated_word_char_shape_linearsvc,real,True,False
qirv1-0166,6d8e5b52501e07fd,universities with student-run environmental law organizations,universities with student-run environmental law organizations,short_circuit,intent_policy,0.98,Recognized intents consistently map to one frozen V1 route,1,attribute_lookup,highschool_student,attribute_lookup:1,highschool_student:1,Data - Edward.csv,universities with student-run environmental law organizations,short_circuit,short_circuit,0.8301474738323636,accepted_model_prediction,3.989304999990395,0.0,calibrated_word_char_shape_linearsvc,real,True,False
qirv1-0167,fbe4638101802eb8,recommend medium-sized colleges near a major tech hub for economics reach schools,recommend medium-sized colleges near a major tech hub for economics reach schools,complex,intent_policy,0.98,Recognized intents consistently map to one frozen V1 route,1,recommendation,advisor,recommendation:1,advisor:1,Data - Shivansh.csv,recommend medium-sized colleges near a major tech hub for economics reach schools,complex,complex,0.9377540453367713,accepted_model_prediction,4.044770000007247,0.0,calibrated_word_char_shape_linearsvc,real,True,False
qirv1-0168,a6aefda9352925c7,affordable nursing schools in Texas with good job placement,affordable nursing schools in texas with good job placement,complex,intent_policy,0.98,Recognized intents consistently map to one frozen V1 route,1,multi_constraint,high_school_student,multi_constraint:1,high_school_student:1,Data - Shivansh.csv,affordable nursing schools in Texas with good job placement,complex,complex,0.9460024665512204,accepted_model_prediction,3.9950949999933982,0.0,calibrated_word_char_shape_linearsvc,real,True,False
qirv1-0169,bb423e39d4b0b1d5,help me compare colleges for entrepreneurship resources based on robust internships and online course options,help me compare colleges for entrepreneurship resources based on robust internships and online course options,complex,intent_policy,0.98,Recognized intents consistently map to one frozen V1 route,5,multi_constraint,college_student,multi_constraint:5,college_student:5,Data - Edward.csv,help me compare colleges for entrepreneurship resources based on robust internships and online course options,complex,complex,0.9471035614101858,accepted_model_prediction,4.123499000002084,0.0,calibrated_word_char_shape_linearsvc,real,True,False
qirv1-0170,d36cd70a16d28378,Community college STEM faculty office hours?,community college stem faculty office hours,short_circuit,intent_policy,0.98,Recognized intents consistently map to one frozen V1 route,1,attribute_lookup,community_college_student,attribute_lookup:1,community_college_student:1,Data - Nimisha.csv,Community college STEM faculty office hours?,medium,short_circuit,0.7894944871040201,short_circuit_safety_escalation,3.9842879999980596,0.0,calibrated_word_char_shape_linearsvc,real,False,False
qirv1-0171,1727d078605058bd,how do we position our school against peer institutions on your platform,how do we position our school against peer institutions on your platform,llm_needed,intent_policy,0.98,Recognized intents consistently map to one frozen V1 route,1,advisory,college_b2b,advisory:1,college_b2b:1,Data - Ridhi.csv,how do we position our school against peer institutions on your platform,llm_needed,llm_needed,0.6268055233494928,accepted_model_prediction,4.037789000008729,0.0,calibrated_word_char_shape_linearsvc,real,True,False
qirv1-0172,79b5a4c2d318de0e,Princeton job placement for biology,princeton job placement for biology,medium,intent_policy,0.98,Recognized intents consistently map to one frozen V1 route,1,career_outcomes,counselor_teacher,career_outcomes:1,counselor_teacher:1,Data - Shivansh.csv,Princeton job placement for biology,medium,medium,0.7967152702536558,accepted_model_prediction,3.997667999996679,0.0,calibrated_word_char_shape_linearsvc,real,True,False
qirv1-0173,83d7d1808d1a8a2f,Community college STEM lab safety training?,community college stem lab safety training,short_circuit,intent_policy,0.98,Recognized intents consistently map to one frozen V1 route,1,attribute_lookup,community_college_student,attribute_lookup:1,community_college_student:1,Data - Nimisha.csv,Community college STEM lab safety training?,short_circuit,short_circuit,0.9293298409763224,accepted_model_prediction,3.981623999990802,0.0,calibrated_word_char_shape_linearsvc,real,True,False
qirv1-0174,44162869e01615f1,colleges that accept community college associate degrees,colleges that accept community college associate degrees,short_circuit,intent_policy,0.98,Recognized intents consistently map to one frozen V1 route,1,attribute_lookup,college_student,attribute_lookup:1,college_student:1,Data - Edward.csv,colleges that accept community college associate degrees,medium,short_circuit,0.785517509460563,short_circuit_safety_escalation,3.9795709999879136,0.0,calibrated_word_char_shape_linearsvc,real,False,False
qirv1-0175,a293fa8c17d0bfcb,which schools offer campus culture and inclusion and allow early application deadlines,which schools offer campus culture and inclusion and allow early application deadlines,short_circuit,intent_policy,0.98,Recognized intents consistently map to one frozen V1 route,5,attribute_lookup,parent,attribute_lookup:5,parent:5,Data - Edward.csv,which schools offer campus culture and inclusion and allow early application deadlines,medium,short_circuit,0.5561799938207104,short_circuit_safety_escalation,4.027653000008513,0.0,calibrated_word_char_shape_linearsvc,real,False,False
qirv1-0176,2acc96a119c2bc84,Grad program funding packages?,grad program funding packages,short_circuit,intent_policy,0.98,Recognized intents consistently map to one frozen V1 route,1,attribute_lookup,graduate_applicant,attribute_lookup:1,graduate_applicant:1,Data - Nimisha.csv,Grad program funding packages?,short_circuit,short_circuit,0.8186216659875996,accepted_model_prediction,3.9087939999973287,0.0,calibrated_word_char_shape_linearsvc,real,True,False
qirv1-0177,4c47a9ce1eee9e92,colleges where graduates frequently enter community service roles,colleges where graduates frequently enter community service roles,medium,intent_policy,0.98,Recognized intents consistently map to one frozen V1 route,1,filtered_search,nonprofit_advisor,filtered_search:1,nonprofit_advisor:1,Data Anthony.csv,colleges where graduates frequently enter community service roles,medium,medium,0.8140208910272789,accepted_model_prediction,4.070388000002367,0.0,calibrated_word_char_shape_linearsvc,real,True,False
qirv1-0178,5c4fa5af668371a9,how to build a comprehensive new staff and administrator onboarding program,how to build a comprehensive new staff and administrator onboarding program,short_circuit,intent_policy,0.98,Recognized intents consistently map to one frozen V1 route,1,attribute_lookup,college,attribute_lookup:1,college:1,Data - Edward.csv,how to build a comprehensive new staff and administrator onboarding program,short_circuit,short_circuit,0.9382334014917434,accepted_model_prediction,4.011640000001648,0.0,calibrated_word_char_shape_linearsvc,real,True,False
qirv1-0179,602c7d4aabf66704,how to train faculty in active learning and inclusive pedagogy,how to train faculty in active learning and inclusive pedagogy,short_circuit,intent_policy,0.98,Recognized intents consistently map to one frozen V1 route,1,attribute_lookup,college,attribute_lookup:1,college:1,Data - Edward.csv,how to train faculty in active learning and inclusive pedagogy,short_circuit,short_circuit,0.8783482579789873,accepted_model_prediction,4.008704999989732,0.0,calibrated_word_char_shape_linearsvc,real,True,False
qirv1-0180,044666f47bd5c495,elite non coastal universities,elite non coastal universities,complex,intent_policy,0.98,Recognized intents consistently map to one frozen V1 route,1,recommendation,advisor,recommendation:1,advisor:1,Data - Anika.csv,elite non coastal universities,complex,complex,0.6205620480717395,accepted_model_prediction,3.918158999994148,0.0,calibrated_word_char_shape_linearsvc,real,True,False
qirv1-0181,146c63efebf87e35,schools with strong writing culture,schools with strong writing culture,llm_needed,intent_policy,0.98,Recognized intents consistently map to one frozen V1 route,1,campus_life_fit,college_student,campus_life_fit:1,college_student:1,Data - Anika.csv,schools with strong writing culture,llm_needed,llm_needed,0.8699995354001944,accepted_model_prediction,3.9358849999899803,0.0,calibrated_word_char_shape_linearsvc,real,True,False
qirv1-0182,7bb9ddcbf141ad76,Rice University research opportunities,rice university research opportunities,short_circuit,intent_policy,0.98,Recognized intents consistently map to one frozen V1 route,1,attribute_lookup,parent,attribute_lookup:1,parent:1,Data - Shivansh.csv,Rice University research opportunities,short_circuit,short_circuit,0.9366731332731026,accepted_model_prediction,3.923976999999468,0.0,calibrated_word_char_shape_linearsvc,real,True,False
qirv1-0183,b4e8f550f6179aee,how do I advise a student who did their CC online and wants a rural residential experience,how do i advise a student who did their cc online and wants a rural residential experience,llm_needed,intent_policy,0.98,Recognized intents consistently map to one frozen V1 route,1,advisory,community_college_advisor,advisory:1,community_college_advisor:1,Data Anthony.csv,how do I advise a student who did their CC online and wants a rural residential experience,llm_needed,llm_needed,0.9847515129586886,accepted_model_prediction,4.2181520000070805,0.0,calibrated_word_char_shape_linearsvc,real,True,False
qirv1-0184,6d6a94daa7c4f113,create reach target safety list for psychology in California full ride options,create reach target safety list for psychology in california full ride options,medium,intent_policy,0.98,Recognized intents consistently map to one frozen V1 route,1,career_outcomes,advisor,career_outcomes:1,advisor:1,Data - Shivansh.csv,create reach target safety list for psychology in California full ride options,llm_needed,llm_needed,0.4937470405770091,accepted_model_prediction,4.052090999991265,0.0,calibrated_word_char_shape_linearsvc,real,False,False
qirv1-0185,18969e73afe7f7ff,best colleges for honors seminar quality with robust internships in California,best colleges for honors seminar quality with robust internships in california,medium,intent_policy,0.98,Recognized intents consistently map to one frozen V1 route,5,filtered_search,teacher,filtered_search:5,teacher:5,Data - Edward.csv,best colleges for honors seminar quality with robust internships in California,medium,medium,0.8725657988466661,accepted_model_prediction,4.035555999990947,0.0,calibrated_word_char_shape_linearsvc,real,True,False
qirv1-0186,4ab85d68c034240f,which universities cap class sizes early,which universities cap class sizes early,medium,intent_policy,0.98,Recognized intents consistently map to one frozen V1 route,1,filtered_search,counselor,filtered_search:1,counselor:1,Data Anthony.csv,which universities cap class sizes early,medium,medium,0.8595255716897702,accepted_model_prediction,3.9612630000078752,0.0,calibrated_word_char_shape_linearsvc,real,True,False
qirv1-0187,afc5ea957a778685,good colleges for students who want flexibility in pacing,good colleges for students who want flexibility in pacing,complex,intent_policy,0.98,Recognized intents consistently map to one frozen V1 route,1,recommendation,parent,recommendation:1,parent:1,Data - Anika.csv,good colleges for students who want flexibility in pacing,complex,complex,0.8794900507698421,accepted_model_prediction,3.979851000011081,0.0,calibrated_word_char_shape_linearsvc,real,True,False
qirv1-0188,2c7d64e6392ad1b4,edtech founder project CS,edtech founder project cs,complex,intent_policy,0.98,Recognized intents consistently map to one frozen V1 route,1,strategy,edtech_founder,strategy:1,edtech_founder:1,Data - Nimisha.csv,edtech founder project CS,complex,complex,0.9262814395840557,accepted_model_prediction,3.9440270000028477,0.0,calibrated_word_char_shape_linearsvc,real,True,False
qirv1-0189,0d2f1e847ad1efed,rankings for Georgia Tech,rankings for georgia tech,short_circuit,intent_policy,0.98,Recognized intents consistently map to one frozen V1 route,1,attribute_lookup,parent,attribute_lookup:1,parent:1,Data - Shivansh.csv,rankings for Georgia Tech,short_circuit,short_circuit,0.9218574515147931,accepted_model_prediction,3.956246000001329,0.0,calibrated_word_char_shape_linearsvc,real,True,False
qirv1-0190,c9d1bed90cdb9507,how to build a more racially and ethnically diverse incoming class,how to build a more racially and ethnically diverse incoming class,medium,intent_policy,0.98,Recognized intents consistently map to one frozen V1 route,1,filtered_search,college,filtered_search:1,college:1,Data - Edward.csv,how to build a more racially and ethnically diverse incoming class,short_circuit,short_circuit,0.851092817868917,accepted_model_prediction,3.9991610000100764,0.0,calibrated_word_char_shape_linearsvc,real,False,True
qirv1-0191,ea9d40f91fe95aa8,good schools if you want to start a startup eventually,good schools if you want to start a startup eventually,medium,intent_policy,0.98,Recognized intents consistently map to one frozen V1 route,1,filtered_search,high_school_student,filtered_search:1,high_school_student:1,Data Anthony.csv,good schools if you want to start a startup eventually,medium,medium,0.53346593256581,accepted_model_prediction,3.983497000007219,0.0,calibrated_word_char_shape_linearsvc,real,True,False
qirv1-0192,213e47fd9965099c,MIT financial aid for out of state,mit financial aid for out of state,medium,intent_policy,0.98,Recognized intents consistently map to one frozen V1 route,2,cost_financial_aid,high_school_student,cost_financial_aid:2,advisor:1|high_school_student:1,Data - Shivansh.csv,MIT financial aid for out of state,medium,medium,0.943276118138341,accepted_model_prediction,3.962344999990819,0.0,calibrated_word_char_shape_linearsvc,real,True,False
qirv1-0193,b1a10cc17732f8a0,how to develop a student success technology ecosystem,how to develop a student success technology ecosystem,short_circuit,intent_policy,0.98,Recognized intents consistently map to one frozen V1 route,1,attribute_lookup,college,attribute_lookup:1,college:1,Data - Edward.csv,how to develop a student success technology ecosystem,short_circuit,short_circuit,0.9031915998145323,accepted_model_prediction,4.013361999994913,0.0,calibrated_word_char_shape_linearsvc,real,True,False
qirv1-0194,9bfa927933c04b9d,small electrical engineering colleges near Chicago under 30k,small electrical engineering colleges near chicago under 30k,complex,intent_policy,0.98,Recognized intents consistently map to one frozen V1 route,1,multi_constraint,advisor,multi_constraint:1,advisor:1,Data - Shivansh.csv,small electrical engineering colleges near Chicago under 30k,complex,complex,0.9504138306183707,accepted_model_prediction,4.001454000004401,0.0,calibrated_word_char_shape_linearsvc,real,True,False
qirv1-0195,84b29eee2f36cf1b,comp sci gpa reset after transfer?,comp sci gpa reset after transfer,llm_needed,intent_policy,0.98,Recognized intents consistently map to one frozen V1 route,1,advisory,transfer_student,advisory:1,transfer_student:1,Data - Nimisha.csv,comp sci gpa reset after transfer?,llm_needed,llm_needed,0.6777731897631938,accepted_model_prediction,4.053421999998363,0.0,calibrated_word_char_shape_linearsvc,real,True,False
qirv1-0196,74d13d2e6f88dc2c,how to conduct an effective sophomore year check-in about college planning,how to conduct an effective sophomore year check-in about college planning,llm_needed,intent_policy,0.98,Recognized intents consistently map to one frozen V1 route,1,advisory,counselor,advisory:1,counselor:1,Data - Ridhi.csv,how to conduct an effective sophomore year check-in about college planning,llm_needed,llm_needed,0.6574732005827199,accepted_model_prediction,4.085291000009761,0.0,calibrated_word_char_shape_linearsvc,real,True,False
qirv1-0197,5604c58da9d5e1c3,how to document and share college counseling resources with students digitally,how to document and share college counseling resources with students digitally,llm_needed,intent_policy,0.98,Recognized intents consistently map to one frozen V1 route,1,advisory,counselor,advisory:1,counselor:1,Data - Ridhi.csv,how to document and share college counseling resources with students digitally,llm_needed,llm_needed,0.5614358993997206,accepted_model_prediction,4.1283260000000155,0.0,calibrated_word_char_shape_linearsvc,real,True,False
qirv1-0198,7c1632e30a454c99,How can project-based CS labs enhance learning outcomes?,how can project-based cs labs enhance learning outcomes,complex,intent_policy,0.98,Recognized intents consistently map to one frozen V1 route,1,strategy,edtech_founder,strategy:1,edtech_founder:1,Data - Nimisha.csv,How can project-based CS labs enhance learning outcomes?,llm_needed,complex,0.41787024411420265,global_low_confidence_escalation,4.102957000000629,0.0,calibrated_word_char_shape_linearsvc,real,False,False
qirv1-0199,24522fae6d6a9f7f,NYU average SAT,nyu average sat,short_circuit,intent_policy,0.98,Recognized intents consistently map to one frozen V1 route,1,attribute_lookup,parent,attribute_lookup:1,parent:1,Data - Shivansh.csv,NYU average SAT,short_circuit,short_circuit,0.8921005995839382,accepted_model_prediction,3.9428750000070067,0.0,calibrated_word_char_shape_linearsvc,real,True,False
qirv1-0200,2bd01ddef65d7857,civil eng infrastructure bill demand spike,civil eng infrastructure bill demand spike,short_circuit,intent_policy,0.98,Recognized intents consistently map to one frozen V1 route,1,attribute_lookup,government_workforce_analyst,attribute_lookup:1,government_workforce_analyst:1,Data - Nimisha.csv,civil eng infrastructure bill demand spike,medium,short_circuit,0.46454726243729416,short_circuit_safety_escalation,3.986913000005643,0.0,calibrated_word_char_shape_linearsvc,real,False,False
qirv1-0201,c062a4547dc26b08,how to advise students who want to transfer from a 4-year to a community college,how to advise students who want to transfer from a 4-year to a community college,llm_needed,intent_policy,0.98,Recognized intents consistently map to one frozen V1 route,1,emotional_advisory,advisor,emotional_advisory:1,advisor:1,Data - Edward.csv,how to advise students who want to transfer from a 4-year to a community college,llm_needed,llm_needed,0.8131156842832145,accepted_model_prediction,3.9956560000007357,0.0,calibrated_word_char_shape_linearsvc,real,True,False
qirv1-0202,46caf52faa2af1ac,cheapest architecture schools near a tech hub,cheapest architecture schools near a tech hub,medium,intent_policy,0.98,Recognized intents consistently map to one frozen V1 route,1,cost_financial_aid,counselor_teacher,cost_financial_aid:1,counselor_teacher:1,Data - Shivansh.csv,cheapest architecture schools near a tech hub,medium,medium,0.9674157415450333,accepted_model_prediction,3.9776689999939663,0.0,calibrated_word_char_shape_linearsvc,real,True,False
qirv1-0203,3b3ab72b0d740cac,engineering programs with strong alumni mentorship networks,engineering programs with strong alumni mentorship networks,short_circuit,intent_policy,0.98,Recognized intents consistently map to one frozen V1 route,1,attribute_lookup,high_school_student,attribute_lookup:1,high_school_student:1,Data - Nimisha.csv,engineering programs with strong alumni mentorship networks,medium,short_circuit,0.7102035324770282,short_circuit_safety_escalation,4.051809999992884,0.0,calibrated_word_char_shape_linearsvc,real,False,False
qirv1-0204,b1ace66383c3464e,how to get leadership positions in student clubs,how to get leadership positions in student clubs,llm_needed,intent_policy,0.98,Recognized intents consistently map to one frozen V1 route,1,advisory,college_student,advisory:1,college_student:1,Data - Ridhi.csv,how to get leadership positions in student clubs,llm_needed,llm_needed,0.5465275218920896,accepted_model_prediction,3.9433959999968238,0.0,calibrated_word_char_shape_linearsvc,real,True,False
qirv1-0205,7c8662bafe8ce252,how to evaluate and improve campus climate survey results,how to evaluate and improve campus climate survey results,short_circuit,intent_policy,0.98,Recognized intents consistently map to one frozen V1 route,1,attribute_lookup,college,attribute_lookup:1,college:1,Data - Edward.csv,how to evaluate and improve campus climate survey results,short_circuit,short_circuit,0.9069742031996512,accepted_model_prediction,3.9860609999919916,0.0,calibrated_word_char_shape_linearsvc,real,True,False
qirv1-0206,9db7c2e250152753,University of Florida job placement for engineering,university of florida job placement for engineering,medium,intent_policy,0.98,Recognized intents consistently map to one frozen V1 route,1,career_outcomes,college_student,career_outcomes:1,college_student:1,Data - Shivansh.csv,University of Florida job placement for engineering,medium,medium,0.8728030902897075,accepted_model_prediction,4.1339749999877995,0.0,calibrated_word_char_shape_linearsvc,real,True,False
qirv1-0207,38a4790159e77dcc,edtech build cs portfolio tool,edtech build cs portfolio tool,complex,intent_policy,0.98,Recognized intents consistently map to one frozen V1 route,1,strategy,edtech_founder,strategy:1,edtech_founder:1,Data - Nimisha.csv,edtech build cs portfolio tool,complex,complex,0.8263258824639207,accepted_model_prediction,3.941693000001578,0.0,calibrated_word_char_shape_linearsvc,real,True,False
qirv1-0208,79deefc291b045b2,student wants tech career but dislikes coding,student wants tech career but dislikes coding,llm_needed,intent_policy,0.98,Recognized intents consistently map to one frozen V1 route,1,advisory,counselor,advisory:1,counselor:1,Data - Nimisha.csv,student wants tech career but dislikes coding,complex,complex,0.7098808391232344,accepted_model_prediction,3.9932020000037483,0.0,calibrated_word_char_shape_linearsvc,real,False,False
qirv1-0209,4015989df9463919,how to help a student who is academically capable but unmotivated,how to help a student who is academically capable but unmotivated,llm_needed,intent_policy,0.98,Recognized intents consistently map to one frozen V1 route,1,emotional_advisory,advisor,emotional_advisory:1,advisor:1,Data - Edward.csv,how to help a student who is academically capable but unmotivated,llm_needed,llm_needed,0.8735216886273734,accepted_model_prediction,4.03853999999626,0.0,calibrated_word_char_shape_linearsvc,real,True,False
qirv1-0210,ee3016a3265463d2,Purdue vs MIT,purdue vs mit,complex,intent_policy,0.98,Recognized intents consistently map to one frozen V1 route,1,comparison,high_school_student,comparison:1,high_school_student:1,Data - Shivansh.csv,Purdue vs MIT,complex,complex,0.9502750540614736,accepted_model_prediction,3.91208900001061,0.0,calibrated_word_char_shape_linearsvc,real,True,False
qirv1-0211,c04f6777b8c726e5,intl student stem OPT stress,intl student stem opt stress,llm_needed,intent_policy,0.98,Recognized intents consistently map to one frozen V1 route,1,emotional_advisory,international_student,emotional_advisory:1,international_student:1,Data - Nimisha.csv,intl student stem OPT stress,llm_needed,llm_needed,0.8984524812018474,accepted_model_prediction,4.0111090000038985,0.0,calibrated_word_char_shape_linearsvc,real,True,False
qirv1-0212,f9c00c703199b4e2,universities with research in sociogenomics,universities with research in sociogenomics,short_circuit,intent_policy,0.98,Recognized intents consistently map to one frozen V1 route,1,attribute_lookup,highschool_student,attribute_lookup:1,highschool_student:1,Data - Edward.csv,universities with research in sociogenomics,short_circuit,short_circuit,0.9560036502827544,accepted_model_prediction,4.007993000001875,0.0,calibrated_word_char_shape_linearsvc,real,True,False
qirv1-0213,bb63b04da47d8670,cc student lab access low,cc student lab access low,llm_needed,intent_policy,0.98,Recognized intents consistently map to one frozen V1 route,2,advisory,community_college_student,advisory:2,community_college_student:2,Data - Nimisha.csv,cc student lab access low,llm_needed,llm_needed,0.8289388939566537,accepted_model_prediction,3.974143000007757,0.0,calibrated_word_char_shape_linearsvc,real,True,False
qirv1-0214,29cd26cae92f6f18,schools with campus ambassador programs,schools with campus ambassador programs,short_circuit,intent_policy,0.98,Recognized intents consistently map to one frozen V1 route,1,attribute_lookup,highschool_student,attribute_lookup:1,highschool_student:1,Data - Edward.csv,schools with campus ambassador programs,short_circuit,short_circuit,0.9510353292441186,accepted_model_prediction,4.035765999987007,0.0,calibrated_word_char_shape_linearsvc,real,True,False
qirv1-0215,e4ea2aa553fd4080,schools w strong programs for students intersted in rural journalism or local news,schools w strong programs for students intersted in rural journalism or local news,medium,intent_policy,0.98,Recognized intents consistently map to one frozen V1 route,1,filtered_search,district_advisor,filtered_search:1,district_advisor:1,Data Anthony.csv,schools w strong programs for students intersted in rural journalism or local news,medium,medium,0.943050017256004,accepted_model_prediction,4.049377000001186,0.0,calibrated_word_char_shape_linearsvc,real,True,False
qirv1-0216,31631378981385ac,How can community college students find research opportunities at universities?,how can community college students find research opportunities at universities,llm_needed,intent_policy,0.98,Recognized intents consistently map to one frozen V1 route,1,advisory,community_college_student,advisory:1,community_college_student:1,Data - Nimisha.csv,How can community college students find research opportunities at universities?,llm_needed,llm_needed,0.8488661946509001,accepted_model_prediction,4.029277000000775,0.0,calibrated_word_char_shape_linearsvc,real,True,False
qirv1-0217,0a9a1c24f257513d,how does your platform support community college and transfer student pathways,how does your platform support community college and transfer student pathways,medium,unanimous_observed,1.0,All valid historical route labels agree,1,factual,college_b2b,factual:1,college_b2b:1,Data - Ridhi.csv,how does your platform support community college and transfer student pathways,medium,medium,0.5911332349082997,accepted_model_prediction,4.030128000010791,0.0,calibrated_word_char_shape_linearsvc,real,True,False
qirv1-0218,70610cccbe94fa73,how to run effective group advising or workshop sessions,how to run effective group advising or workshop sessions,short_circuit,intent_policy,0.98,Recognized intents consistently map to one frozen V1 route,1,attribute_lookup,advisor,attribute_lookup:1,advisor:1,Data - Edward.csv,how to run effective group advising or workshop sessions,llm_needed,llm_needed,0.6551607158226899,accepted_model_prediction,4.001223000003051,0.0,calibrated_word_char_shape_linearsvc,real,False,False
qirv1-0219,d709daa610964a05,how to build a resource library for advisors that includes major and career information,how to build a resource library for advisors that includes major and career information,llm_needed,intent_policy,0.98,Recognized intents consistently map to one frozen V1 route,1,advisory,advisor,advisory:1,advisor:1,Data - Ridhi.csv,how to build a resource library for advisors that includes major and career information,medium,short_circuit,0.7866539947102096,short_circuit_safety_escalation,4.083167999993975,0.0,calibrated_word_char_shape_linearsvc,real,False,False
qirv1-0220,ff6bfe0c3028f679,University of Washington vs UCLA for business,university of washington vs ucla for business,complex,intent_policy,0.98,Recognized intents consistently map to one frozen V1 route,1,comparison,counselor_teacher,comparison:1,counselor_teacher:1,Data - Shivansh.csv,University of Washington vs UCLA for business,complex,complex,0.931732578536804,accepted_model_prediction,3.9430350000060344,0.0,calibrated_word_char_shape_linearsvc,real,True,False
qirv1-0221,f69b611a17c95374,small philosophy colleges in California low tuition,small philosophy colleges in california low tuition,complex,intent_policy,0.98,Recognized intents consistently map to one frozen V1 route,1,multi_constraint,counselor_teacher,multi_constraint:1,counselor_teacher:1,Data - Shivansh.csv,small philosophy colleges in California low tuition,complex,complex,0.8809909525804388,accepted_model_prediction,4.000102000006223,0.0,calibrated_word_char_shape_linearsvc,real,True,False
qirv1-0222,3888a0dd7fd6494d,colleges near a major tech hub low tuition with strong research and internships,colleges near a major tech hub low tuition with strong research and internships,complex,intent_policy,0.98,Recognized intents consistently map to one frozen V1 route,1,multi_constraint,counselor_teacher,multi_constraint:1,counselor_teacher:1,Data - Shivansh.csv,colleges near a major tech hub low tuition with strong research and internships,complex,complex,0.939446247857806,accepted_model_prediction,3.9986699999872144,0.0,calibrated_word_char_shape_linearsvc,real,True,False
qirv1-0223,f5f24029a3c91b46,what is Phi Beta Kappa and is it worth pursuing,what is phi beta kappa and is it worth pursuing,medium,unanimous_observed,1.0,All valid historical route labels agree,1,factual,college_student,factual:1,college_student:1,Data - Ridhi.csv,what is Phi Beta Kappa and is it worth pursuing,llm_needed,llm_needed,0.798654890904873,accepted_model_prediction,3.9192499999956,0.0,calibrated_word_char_shape_linearsvc,real,False,False
qirv1-0224,ddf1e1c1fe837412,best practices for running a career advising drop-in,best practices for running a career advising drop-in,llm_needed,intent_policy,0.98,Recognized intents consistently map to one frozen V1 route,1,advisory,advisor,advisory:1,advisor:1,Data - Ridhi.csv,best practices for running a career advising drop-in,llm_needed,llm_needed,0.5718182349833697,accepted_model_prediction,4.103888999992478,0.0,calibrated_word_char_shape_linearsvc,real,True,False
qirv1-0225,5903ad31f0f02874,how does your platform handle colleges going through accreditation review,how does your platform handle colleges going through accreditation review,medium,unanimous_observed,1.0,All valid historical route labels agree,1,factual,college_b2b,factual:1,college_b2b:1,Data - Ridhi.csv,how does your platform handle colleges going through accreditation review,medium,medium,0.6998310744723245,accepted_model_prediction,4.023417000013296,0.0,calibrated_word_char_shape_linearsvc,real,True,False
qirv1-0226,3ba847a375c5c8c1,how to help students communicate with financial aid about appeal or special circumstances,how to help students communicate with financial aid about appeal or special circumstances,llm_needed,intent_policy,0.98,Recognized intents consistently map to one frozen V1 route,1,advisory,advisor,advisory:1,advisor:1,Data - Ridhi.csv,how to help students communicate with financial aid about appeal or special circumstances,llm_needed,llm_needed,0.7600822968162287,accepted_model_prediction,4.0628069999968375,0.0,calibrated_word_char_shape_linearsvc,real,True,False
qirv1-0227,e897f8d72719c0fd,how to help a student who is a strong writer but low test scores decide where to apply,how to help a student who is a strong writer but low test scores decide where to apply,llm_needed,intent_policy,0.98,Recognized intents consistently map to one frozen V1 route,1,advisory,counselor,advisory:1,counselor:1,Data - Ridhi.csv,how to help a student who is a strong writer but low test scores decide where to apply,llm_needed,llm_needed,0.9141388491048446,accepted_model_prediction,4.011379000004922,0.0,calibrated_word_char_shape_linearsvc,real,True,False
qirv1-0228,1fd72d9859baf9d6,which schools offer study abroad options and allow no SAT requirement,which schools offer study abroad options and allow no sat requirement,short_circuit,intent_policy,0.98,Recognized intents consistently map to one frozen V1 route,5,attribute_lookup,college_student,attribute_lookup:5,college_student:5,Data - Edward.csv,which schools offer study abroad options and allow no SAT requirement,short_circuit,short_circuit,0.9003721098537053,accepted_model_prediction,4.16003400000875,0.0,calibrated_word_char_shape_linearsvc,real,True,False
qirv1-0229,ec876077af575c09,school profile publishing workflow,school profile publishing workflow,medium,intent_policy,0.98,Recognized intents consistently map to one frozen V1 route,1,profile_management,college_b2b,profile_management:1,college_b2b:1,Data - Anika.csv,school profile publishing workflow,medium,medium,0.7667078706017217,accepted_model_prediction,4.304702000013094,0.0,calibrated_word_char_shape_linearsvc,real,True,False
qirv1-0230,12c1c6312e4c06d1,longitudinal admissions data export,longitudinal admissions data export,medium,intent_policy,0.98,Recognized intents consistently map to one frozen V1 route,1,profile_management,college_b2b,profile_management:1,college_b2b:1,Data - Anika.csv,longitudinal admissions data export,medium,medium,0.6443520780673934,accepted_model_prediction,4.027363999995259,0.0,calibrated_word_char_shape_linearsvc,real,True,False
qirv1-0231,9748d9bc39295ebf,cs major building portfolio without internships,cs major building portfolio without internships,llm_needed,intent_policy,0.98,Recognized intents consistently map to one frozen V1 route,1,advisory,college_student,advisory:1,college_student:1,Data - Nimisha.csv,cs major building portfolio without internships,llm_needed,llm_needed,0.593041652002491,accepted_model_prediction,3.9934320000014623,0.0,calibrated_word_char_shape_linearsvc,real,True,False
qirv1-0232,759ba5dcdb276107,UC Berkeley vs USC for finance,uc berkeley vs usc for finance,complex,intent_policy,0.98,Recognized intents consistently map to one frozen V1 route,1,comparison,college_student,comparison:1,college_student:1,Data - Shivansh.csv,UC Berkeley vs USC for finance,complex,complex,0.94641832950787,accepted_model_prediction,3.9652800000027355,0.0,calibrated_word_char_shape_linearsvc,real,True,False
qirv1-0233,ec664bca8992ec55,mid sized universities with strong human factors engineering,mid sized universities with strong human factors engineering,complex,intent_policy,0.98,Recognized intents consistently map to one frozen V1 route,1,multi_constraint,college_student,multi_constraint:1,college_student:1,Data - Anika.csv,mid sized universities with strong human factors engineering,complex,complex,0.8918407811255623,accepted_model_prediction,4.03841000000682,0.0,calibrated_word_char_shape_linearsvc,real,True,False
qirv1-0234,18dac85e786f5a10,what tools are available to advisors for tracking student academic progress,what tools are available to advisors for tracking student academic progress,medium,unanimous_observed,1.0,All valid historical route labels agree,1,tool_request,advisor,tool_request:1,advisor:1,Data - Ridhi.csv,what tools are available to advisors for tracking student academic progress,medium,short_circuit,0.527584934359053,short_circuit_safety_escalation,4.444273000004273,0.0,calibrated_word_char_shape_linearsvc,real,True,False
qirv1-0235,e9a21b332b1b9868,visibility in recommendation engine,visibility in recommendation engine,medium,unanimous_observed,1.0,All valid historical route labels agree,1,guidance,college_b2b,guidance:1,college_b2b:1,Data - Anika.csv,visibility in recommendation engine,medium,medium,0.6764279860577345,accepted_model_prediction,4.004178000002412,0.0,calibrated_word_char_shape_linearsvc,real,True,False
qirv1-0236,c05cdd6b39de4a5c,schools with strong programs for students who grew up abroad or are third culture kids,schools with strong programs for students who grew up abroad or are third culture kids,medium,intent_policy,0.98,Recognized intents consistently map to one frozen V1 route,1,filtered_search,independent_counselor,filtered_search:1,independent_counselor:1,Data Anthony.csv,schools with strong programs for students who grew up abroad or are third culture kids,llm_needed,llm_needed,0.6646669571543433,accepted_model_prediction,4.047634000002631,0.0,calibrated_word_char_shape_linearsvc,real,False,False
qirv1-0237,6e0e59a35b18a823,can I take grad-level classes as an undergrad,can i take grad-level classes as an undergrad,short_circuit,intent_policy,0.98,Recognized intents consistently map to one frozen V1 route,1,attribute_lookup,college_student,attribute_lookup:1,college_student:1,Data - Edward.csv,can I take grad-level classes as an undergrad,llm_needed,short_circuit,0.4417060530806549,global_low_confidence_escalation,4.057557999999517,0.0,calibrated_word_char_shape_linearsvc,real,False,False
qirv1-0238,3348614fa20bf621,affordable architecture schools in Texas with good internships,affordable architecture schools in texas with good internships,complex,intent_policy,0.98,Recognized intents consistently map to one frozen V1 route,1,multi_constraint,parent,multi_constraint:1,parent:1,Data - Shivansh.csv,affordable architecture schools in Texas with good internships,complex,complex,0.9393740816085895,accepted_model_prediction,4.013151999998854,0.0,calibrated_word_char_shape_linearsvc,real,True,False
qirv1-0239,32baaa712b1edc1c,does wake forest track student progress well,does wake forest track student progress well,short_circuit,intent_policy,0.98,Recognized intents consistently map to one frozen V1 route,1,attribute_lookup,parent,attribute_lookup:1,parent:1,Data Anthony.csv,does wake forest track student progress well,medium,short_circuit,0.7676954879434819,short_circuit_safety_escalation,4.006411000005983,0.0,calibrated_word_char_shape_linearsvc,real,False,False
qirv1-0240,1901a216bd8894f7,universities that train graduates for local government leadership roles,universities that train graduates for local government leadership roles,medium,intent_policy,0.98,Recognized intents consistently map to one frozen V1 route,1,filtered_search,district_advisor,filtered_search:1,district_advisor:1,Data Anthony.csv,universities that train graduates for local government leadership roles,medium,medium,0.7535832784538098,accepted_model_prediction,4.080573999999615,0.0,calibrated_word_char_shape_linearsvc,real,True,False
qirv1-0241,b8b4644271cbe25e,recommend small colleges near Chicago for psychology,recommend small colleges near chicago for psychology,complex,intent_policy,0.98,Recognized intents consistently map to one frozen V1 route,1,recommendation,parent,recommendation:1,parent:1,Data - Shivansh.csv,recommend small colleges near Chicago for psychology,complex,complex,0.965721747682576,accepted_model_prediction,4.09072899999785,0.0,calibrated_word_char_shape_linearsvc,real,True,False
qirv1-0242,2ebca07aae96a5e2,engineering schools with 4 year graduation guarantee,engineering schools with 4 year graduation guarantee,short_circuit,intent_policy,0.98,Recognized intents consistently map to one frozen V1 route,1,attribute_lookup,parent,attribute_lookup:1,parent:1,Data - Nimisha.csv,engineering schools with 4 year graduation guarantee,llm_needed,medium,0.3886281303777748,global_low_confidence_escalation,4.001514000009365,0.0,calibrated_word_char_shape_linearsvc,real,False,False
qirv1-0243,85ca377cdb0c638a,Columbia chill campus,columbia chill campus,llm_needed,intent_policy,0.98,Recognized intents consistently map to one frozen V1 route,1,campus_life_fit,college_student,campus_life_fit:1,college_student:1,Data - Shivansh.csv,Columbia chill campus,llm_needed,llm_needed,0.8994477514715347,accepted_model_prediction,3.926079999999388,0.0,calibrated_word_char_shape_linearsvc,real,True,False
qirv1-0244,e2f2e6eb75685a02,colleges where students often study multiple fields by graduation,colleges where students often study multiple fields by graduation,medium,intent_policy,0.98,Recognized intents consistently map to one frozen V1 route,1,filtered_search,independent_counselor,filtered_search:1,independent_counselor:1,Data Anthony.csv,colleges where students often study multiple fields by graduation,medium,medium,0.7078230265894399,accepted_model_prediction,4.007473000001482,0.0,calibrated_word_char_shape_linearsvc,real,True,False
qirv1-0245,71e0c2aa05e143da,what is college access work and how does it differ from traditional counseling,what is college access work and how does it differ from traditional counseling,medium,unanimous_observed,1.0,All valid historical route labels agree,1,factual,counselor,factual:1,counselor:1,Data - Ridhi.csv,what is college access work and how does it differ from traditional counseling,medium,medium,0.4537489888939444,accepted_model_prediction,4.015956000003484,0.0,calibrated_word_char_shape_linearsvc,real,True,False
qirv1-0246,96df81f7c3d3eea3,what college rankings actually matter and what are misleading,what college rankings actually matter and what are misleading,llm_needed,intent_policy,0.98,Recognized intents consistently map to one frozen V1 route,1,advisory,parent,advisory:1,parent:1,Data - Ridhi.csv,what college rankings actually matter and what are misleading,llm_needed,llm_needed,0.8386770349054743,accepted_model_prediction,3.980491999996616,0.0,calibrated_word_char_shape_linearsvc,real,True,False
qirv1-0247,7fdd3cf06d6ff34b,marketing collaborative eng culture better,marketing collaborative eng culture better,complex,intent_policy,0.98,Recognized intents consistently map to one frozen V1 route,1,strategy,college_admissions_officer,strategy:1,college_admissions_officer:1,Data - Nimisha.csv,marketing collaborative eng culture better,llm_needed,llm_needed,0.8511715745663726,accepted_model_prediction,4.094023999996921,0.0,calibrated_word_char_shape_linearsvc,real,False,False
qirv1-0248,90d0b2e9d164e415,colleges near Chicago good financial aid with strong research and internships,colleges near chicago good financial aid with strong research and internships,complex,intent_policy,0.98,Recognized intents consistently map to one frozen V1 route,1,multi_constraint,advisor,multi_constraint:1,advisor:1,Data - Shivansh.csv,colleges near Chicago good financial aid with strong research and internships,complex,complex,0.9539912182170948,accepted_model_prediction,4.025108999996974,0.0,calibrated_word_char_shape_linearsvc,real,True,False
qirv1-0249,4a045a854b85c8f9,how to build institutional capacity for trauma-informed student services,how to build institutional capacity for trauma-informed student services,short_circuit,intent_policy,0.98,Recognized intents consistently map to one frozen V1 route,1,attribute_lookup,college,attribute_lookup:1,college:1,Data - Edward.csv,how to build institutional capacity for trauma-informed student services,short_circuit,short_circuit,0.9090687503279972,accepted_model_prediction,4.044129000007501,0.0,calibrated_word_char_shape_linearsvc,real,True,False
qirv1-0250,40e89aa8bd521810,top public universities for tech jobs,top public universities for tech jobs,medium,intent_policy,0.98,Recognized intents consistently map to one frozen V1 route,1,career_outcomes,advisor,career_outcomes:1,advisor:1,Data - Anika.csv,top public universities for tech jobs,medium,medium,0.9385864876343749,accepted_model_prediction,4.036357000003932,0.0,calibrated_word_char_shape_linearsvc,real,True,False
qirv1-0251,db98e09b088723d6,does University of Maryland have political science,does university of maryland have political science,short_circuit,intent_policy,0.98,Recognized intents consistently map to one frozen V1 route,1,attribute_lookup,counselor_teacher,attribute_lookup:1,counselor_teacher:1,Data - Shivansh.csv,does University of Maryland have political science,short_circuit,short_circuit,0.8997864843622946,accepted_model_prediction,4.035896000004868,0.0,calibrated_word_char_shape_linearsvc,real,True,False
qirv1-0252,3f76281eea878903,do college rankings matter when you plan to work internationally after graduating,do college rankings matter when you plan to work internationally after graduating,llm_needed,intent_policy,0.98,Recognized intents consistently map to one frozen V1 route,1,reflective_advisory,counselor,reflective_advisory:1,counselor:1,Data Anthony.csv,do college rankings matter when you plan to work internationally after graduating,llm_needed,llm_needed,0.6420736152900816,accepted_model_prediction,4.215737999999192,0.0,calibrated_word_char_shape_linearsvc,real,True,False
qirv1-0253,b01159e73b8fb6bb,improve student match quality,improve student match quality,complex,intent_policy,0.98,Recognized intents consistently map to one frozen V1 route,1,recommendation,college_b2b,recommendation:1,college_b2b:1,Data - Anika.csv,improve student match quality,medium,short_circuit,0.6338426035323758,short_circuit_safety_escalation,3.9708780000040633,0.0,calibrated_word_char_shape_linearsvc,real,False,False
qirv1-0254,f26951432d626684,Boston University admissions profile average sat and gpa,boston university admissions profile average sat and gpa,medium,intent_policy,0.98,Recognized intents consistently map to one frozen V1 route,1,filtered_search,counselor_teacher,filtered_search:1,counselor_teacher:1,Data - Shivansh.csv,Boston University admissions profile average sat and gpa,llm_needed,complex,0.42161550277941107,global_low_confidence_escalation,4.0005720000095835,0.0,calibrated_word_char_shape_linearsvc,real,False,False
qirv1-0255,ea7f1ed733357092,campuses with strong diversity in stem,campuses with strong diversity in stem,medium,intent_policy,0.98,Recognized intents consistently map to one frozen V1 route,1,filtered_search,college_b2b,filtered_search:1,college_b2b:1,Data Anthony.csv,campuses with strong diversity in stem,llm_needed,complex,0.43126652635313095,global_low_confidence_escalation,3.9859510000042064,0.0,calibrated_word_char_shape_linearsvc,real,False,False
qirv1-0256,1537ec245c457a34,analytics for admissions funnel,analytics for admissions funnel,complex,intent_policy,0.98,Recognized intents consistently map to one frozen V1 route,1,analytics_request,college_b2b,analytics_request:1,college_b2b:1,Data - Anika.csv,analytics for admissions funnel,complex,complex,0.6159427546988151,accepted_model_prediction,3.960321999997518,0.0,calibrated_word_char_shape_linearsvc,real,True,False
qirv1-0257,1d0f0fdd829f9377,colleges in old mill towns or historic small cities,colleges in old mill towns or historic small cities,medium,intent_policy,0.98,Recognized intents consistently map to one frozen V1 route,1,filtered_search,high_school_student,filtered_search:1,high_school_student:1,Data Anthony.csv,colleges in old mill towns or historic small cities,medium,medium,0.9360565876125607,accepted_model_prediction,4.168395999997188,0.0,calibrated_word_char_shape_linearsvc,real,True,False
qirv1-0258,bd9ef4450c043ec9,good schools if i like problem solving more than coding,good schools if i like problem solving more than coding,llm_needed,intent_policy,0.98,Recognized intents consistently map to one frozen V1 route,1,advisory,high_school_student,advisory:1,high_school_student:1,Data Anthony.csv,good schools if i like problem solving more than coding,complex,complex,0.45389229431667527,accepted_model_prediction,4.056696999995779,0.0,calibrated_word_char_shape_linearsvc,real,False,False
qirv1-0259,d6635d359b38ce95,Carnegie Mellon financial aid for out of state,carnegie mellon financial aid for out of state,medium,intent_policy,0.98,Recognized intents consistently map to one frozen V1 route,3,cost_financial_aid,counselor_teacher,cost_financial_aid:3,college_student:1|counselor_teacher:2,Data - Shivansh.csv,Carnegie Mellon financial aid for out of state,medium,medium,0.914078568843887,accepted_model_prediction,3.964318000001299,0.0,calibrated_word_char_shape_linearsvc,real,True,False
qirv1-0260,b00a67b9efa78ab9,Are there programs for community college students to shadow professionals in their field?,are there programs for community college students to shadow professionals in their field,llm_needed,intent_policy,0.98,Recognized intents consistently map to one frozen V1 route,1,advisory,community_college_student,advisory:1,community_college_student:1,Data - Nimisha.csv,Are there programs for community college students to shadow professionals in their field?,llm_needed,llm_needed,0.8929445659221206,accepted_model_prediction,4.2417869999979985,0.0,calibrated_word_char_shape_linearsvc,real,True,False
qirv1-0261,340e819950017994,schools with zero homework classes,schools with zero homework classes,medium,unanimous_observed,1.0,All valid historical route labels agree,1,filter_search,high_school_student,filter_search:1,high_school_student:1,Data Anthony.csv,schools with zero homework classes,medium,short_circuit,0.5453476728452454,short_circuit_safety_escalation,3.9866920000122263,0.0,calibrated_word_char_shape_linearsvc,real,True,False
qirv1-0262,3b644f7b300e30ed,how to respond to external rankings and their impact on institutional reputation,how to respond to external rankings and their impact on institutional reputation,llm_needed,intent_policy,0.98,Recognized intents consistently map to one frozen V1 route,1,emotional_advisory,college,emotional_advisory:1,college:1,Data - Edward.csv,how to respond to external rankings and their impact on institutional reputation,llm_needed,llm_needed,0.5497258953086693,accepted_model_prediction,4.105430999999271,0.0,calibrated_word_char_shape_linearsvc,real,True,False
qirv1-0263,4d719eb86716ef80,data sci grads stats light,data sci grads stats light,llm_needed,intent_policy,0.98,Recognized intents consistently map to one frozen V1 route,1,advisory,employer,advisory:1,employer:1,Data - Nimisha.csv,data sci grads stats light,llm_needed,llm_needed,0.7581968904729196,accepted_model_prediction,3.9781790000006367,0.0,calibrated_word_char_shape_linearsvc,real,True,False
qirv1-0264,41fd9811d7ee876d,NYU vs Columbia business,nyu vs columbia business,complex,intent_policy,0.98,Recognized intents consistently map to one frozen V1 route,1,comparison,advisor,comparison:1,advisor:1,Data - Anika.csv,NYU vs Columbia business,complex,complex,0.9647258364923577,accepted_model_prediction,3.9333609999943064,0.0,calibrated_word_char_shape_linearsvc,real,True,False
qirv1-0265,dd1de572dfed9d2c,schools like Vanderbilt but cheaper,schools like vanderbilt but cheaper,complex,intent_policy,0.98,Recognized intents consistently map to one frozen V1 route,2,recommendation,parent,recommendation:2,college_student:1|parent:1,Data - Shivansh.csv,schools like Vanderbilt but cheaper,complex,complex,0.9722490845268598,accepted_model_prediction,3.9479229999983545,0.0,calibrated_word_char_shape_linearsvc,real,True,False
qirv1-0266,934bb907f78d6cc4,colleges with actual roller coasters nearby,colleges with actual roller coasters nearby,medium,unanimous_observed,1.0,All valid historical route labels agree,1,filter_search,high_school_student,filter_search:1,high_school_student:1,Data Anthony.csv,colleges with actual roller coasters nearby,medium,medium,0.8273242029105247,accepted_model_prediction,3.952380000001199,0.0,calibrated_word_char_shape_linearsvc,real,True,False
qirv1-0267,6456e0323dbe40b3,good school not scary,good school not scary,complex,intent_policy,0.98,Recognized intents consistently map to one frozen V1 route,1,rewrite_needed,high_school_student,rewrite_needed:1,high_school_student:1,Data Anthony.csv,good school not scary,complex,complex,0.7062636801001104,accepted_model_prediction,3.8772460000018327,0.0,calibrated_word_char_shape_linearsvc,real,True,False
qirv1-0268,bef5d9c9941c21d0,schools that prepare future teachers with strong trauma informed approaches,schools that prepare future teachers with strong trauma informed approaches,medium,intent_policy,0.98,Recognized intents consistently map to one frozen V1 route,1,filtered_search,urban_teacher,filtered_search:1,urban_teacher:1,Data Anthony.csv,schools that prepare future teachers with strong trauma informed approaches,medium,medium,0.8686055574446417,accepted_model_prediction,4.048765000007393,0.0,calibrated_word_char_shape_linearsvc,real,True,False
qirv1-0269,67f77d22516ab4d8,melt eng admits stop,melt eng admits stop,complex,intent_policy,0.98,Recognized intents consistently map to one frozen V1 route,1,strategy,college_admissions_officer,strategy:1,college_admissions_officer:1,Data - Nimisha.csv,melt eng admits stop,complex,complex,0.45731050795081635,accepted_model_prediction,3.9021449999978586,0.0,calibrated_word_char_shape_linearsvc,real,True,False
qirv1-0270,f9dc849bed0b1e55,is UT Austin good for cs,is ut austin good for cs,short_circuit,intent_policy,0.98,Recognized intents consistently map to one frozen V1 route,1,attribute_lookup,high_school_student,attribute_lookup:1,high_school_student:1,Data Anthony.csv,is UT Austin good for cs,llm_needed,llm_needed,0.3891404782399372,global_low_confidence_escalation,3.900681999994049,0.0,calibrated_word_char_shape_linearsvc,real,False,False
qirv1-0271,080174d10a1b9e1f,selectivity vs acceptance rate,selectivity vs acceptance rate,complex,unanimous_observed,1.0,All valid historical route labels agree,1,guidance,counselor_teacher,guidance:1,counselor_teacher:1,Data - Anika.csv,selectivity vs acceptance rate,complex,complex,0.9134228643166743,accepted_model_prediction,3.9086139999966463,0.0,calibrated_word_char_shape_linearsvc,real,True,False
qirv1-0272,d4b97d0a208840b2,cc hist course night?,cc hist course night,llm_needed,intent_policy,0.98,Recognized intents consistently map to one frozen V1 route,1,advisory,community_college_student,advisory:1,community_college_student:1,Data - Nimisha.csv,cc hist course night?,llm_needed,llm_needed,0.8612073841793716,accepted_model_prediction,3.9507180000128983,0.0,calibrated_word_char_shape_linearsvc,real,True,False
qirv1-0273,6f44b5d66f3a0a7d,Boston University tuition vs MIT tuition,boston university tuition vs mit tuition,complex,intent_policy,0.98,Recognized intents consistently map to one frozen V1 route,1,comparison,high_school_student,comparison:1,high_school_student:1,Data - Shivansh.csv,Boston University tuition vs MIT tuition,complex,complex,0.9401459517857734,accepted_model_prediction,3.9435869999948636,0.0,calibrated_word_char_shape_linearsvc,real,True,False
qirv1-0274,74a79c5668feabb4,how to write effective advising case notes and summaries,how to write effective advising case notes and summaries,short_circuit,intent_policy,0.98,Recognized intents consistently map to one frozen V1 route,1,attribute_lookup,advisor,attribute_lookup:1,advisor:1,Data - Edward.csv,how to write effective advising case notes and summaries,llm_needed,llm_needed,0.6052632962257747,accepted_model_prediction,4.0198220000036144,0.0,calibrated_word_char_shape_linearsvc,real,False,False
qirv1-0275,db3f5ab8c14999c5,NYU tuition vs Caltech tuition,nyu tuition vs caltech tuition,complex,intent_policy,0.98,Recognized intents consistently map to one frozen V1 route,1,comparison,advisor,comparison:1,advisor:1,Data - Shivansh.csv,NYU tuition vs Caltech tuition,complex,complex,0.9554946379368007,accepted_model_prediction,4.115226000010352,0.0,calibrated_word_char_shape_linearsvc,real,True,False
qirv1-0276,4cc3b37a24b2da6f,iowa state vs kansas state,iowa state vs kansas state,complex,intent_policy,0.98,Recognized intents consistently map to one frozen V1 route,1,comparison,high_school_student,comparison:1,high_school_student:1,Data - Anika.csv,iowa state vs kansas state,complex,complex,0.9273141275140301,accepted_model_prediction,4.0906890000087515,0.0,calibrated_word_char_shape_linearsvc,real,True,False
qirv1-0277,08e560a87a7f8633,schools with active student government,schools with active student government,short_circuit,intent_policy,0.98,Recognized intents consistently map to one frozen V1 route,1,attribute_lookup,highschool_student,attribute_lookup:1,highschool_student:1,Data - Ridhi.csv,schools with active student government,short_circuit,short_circuit,0.9257235871691023,accepted_model_prediction,4.018430000002127,0.0,calibrated_word_char_shape_linearsvc,real,True,False
qirv1-0278,282b961075423f6d,does your platform allow us to run surveys of students who viewed our profile,does your platform allow us to run surveys of students who viewed our profile,medium,unanimous_observed,1.0,All valid historical route labels agree,1,factual,college_b2b,factual:1,college_b2b:1,Data - Ridhi.csv,does your platform allow us to run surveys of students who viewed our profile,llm_needed,llm_needed,0.6179891075917029,accepted_model_prediction,4.1458620000014434,0.0,calibrated_word_char_shape_linearsvc,real,False,False
qirv1-0279,cf8ab0771d2dc7b1,medium-sized economics colleges near the beach under 20k,medium-sized economics colleges near the beach under 20k,complex,intent_policy,0.98,Recognized intents consistently map to one frozen V1 route,1,multi_constraint,advisor,multi_constraint:1,advisor:1,Data - Shivansh.csv,medium-sized economics colleges near the beach under 20k,complex,complex,0.9499066055563383,accepted_model_prediction,4.0495359999965785,0.0,calibrated_word_char_shape_linearsvc,real,True,False
qirv1-0280,b9516ad2188df690,colleges with strong cognitive science + philosophy programs,colleges with strong cognitive science + philosophy programs,complex,intent_policy,0.98,Recognized intents consistently map to one frozen V1 route,1,multi_constraint,highschool_student,multi_constraint:1,highschool_student:1,Data - Ridhi.csv,colleges with strong cognitive science + philosophy programs,medium,medium,0.5206014104173465,accepted_model_prediction,4.064378999999008,0.0,calibrated_word_char_shape_linearsvc,real,False,False
qirv1-0281,215617fd275140d0,unis w big hackathon culture,unis w big hackathon culture,medium,intent_policy,0.98,Recognized intents consistently map to one frozen V1 route,1,filtered_search,high_school_student,filtered_search:1,high_school_student:1,Data Anthony.csv,unis w big hackathon culture,llm_needed,llm_needed,0.4943352277721797,accepted_model_prediction,3.998049000003334,0.0,calibrated_word_char_shape_linearsvc,real,False,False
qirv1-0282,c3b8a4c7565d5d78,how to advise students about apprenticeship programs as alternatives to traditional degrees,how to advise students about apprenticeship programs as alternatives to traditional degrees,short_circuit,intent_policy,0.98,Recognized intents consistently map to one frozen V1 route,1,attribute_lookup,advisor,attribute_lookup:1,advisor:1,Data - Edward.csv,how to advise students about apprenticeship programs as alternatives to traditional degrees,medium,short_circuit,0.5186456903396849,short_circuit_safety_escalation,4.13365400000032,0.0,calibrated_word_char_shape_linearsvc,real,False,False
qirv1-0283,79c74441c3274fd3,universities with strong electrical engineering,universities with strong electrical engineering,medium,intent_policy,0.98,Recognized intents consistently map to one frozen V1 route,2,filtered_search,advisor,filtered_search:2,advisor:1|college_student:1,Data - Shivansh.csv,universities with strong electrical engineering,medium,medium,0.7639544089124403,accepted_model_prediction,4.022755999997685,0.0,calibrated_word_char_shape_linearsvc,real,True,False
qirv1-0284,4bcffae13dcb53cf,advising student intrested aerospace + physics overlap,advising student intrested aerospace + physics overlap,llm_needed,intent_policy,0.98,Recognized intents consistently map to one frozen V1 route,1,advisory,counselor,advisory:1,counselor:1,Data - Nimisha.csv,advising student intrested aerospace + physics overlap,llm_needed,llm_needed,0.7038990036490277,accepted_model_prediction,4.024078000000486,0.0,calibrated_word_char_shape_linearsvc,real,True,False
qirv1-0285,18dc63fa33d68f78,schools in west virginia,schools in west virginia,medium,intent_policy,0.98,Recognized intents consistently map to one frozen V1 route,1,filtered_search,high_school_student,filtered_search:1,high_school_student:1,Data - Anika.csv,schools in west virginia,medium,medium,0.9321496711368041,accepted_model_prediction,3.9311879999957,0.0,calibrated_word_char_shape_linearsvc,real,True,False
qirv1-0286,ba0eadfc4fc46144,wisconsin vs minnesota alumni outcomes,wisconsin vs minnesota alumni outcomes,complex,intent_policy,0.98,Recognized intents consistently map to one frozen V1 route,1,comparison,advisor,comparison:1,advisor:1,Data - Anika.csv,wisconsin vs minnesota alumni outcomes,complex,complex,0.9401820338574182,accepted_model_prediction,3.97657700000309,0.0,calibrated_word_char_shape_linearsvc,real,True,False
qirv1-0287,307b4ef2c090cb94,universities with peer-led tutoring programs,universities with peer-led tutoring programs,short_circuit,intent_policy,0.98,Recognized intents consistently map to one frozen V1 route,1,attribute_lookup,highschool_student,attribute_lookup:1,highschool_student:1,Data - Ridhi.csv,universities with peer-led tutoring programs,short_circuit,short_circuit,0.9412466863182254,accepted_model_prediction,3.9443480000045383,0.0,calibrated_word_char_shape_linearsvc,real,True,False
qirv1-0288,b885a9a9de173f21,how to build an accelerated degree pathway for high-performing students,how to build an accelerated degree pathway for high-performing students,short_circuit,intent_policy,0.98,Recognized intents consistently map to one frozen V1 route,1,attribute_lookup,college,attribute_lookup:1,college:1,Data - Edward.csv,how to build an accelerated degree pathway for high-performing students,medium,short_circuit,0.7018969873788561,short_circuit_safety_escalation,4.074664999990318,0.0,calibrated_word_char_shape_linearsvc,real,False,False
qirv1-0289,69cea04cd7636be1,Caltech tuition vs Cornell tuition,caltech tuition vs cornell tuition,complex,intent_policy,0.98,Recognized intents consistently map to one frozen V1 route,1,comparison,college_student,comparison:1,college_student:1,Data - Shivansh.csv,Caltech tuition vs Cornell tuition,complex,complex,0.9477714298479526,accepted_model_prediction,3.9538630000066632,0.0,calibrated_word_char_shape_linearsvc,real,True,False
qirv1-0290,b0e82bd140c197a8,University of Michigan vs Purdue for nursing,university of michigan vs purdue for nursing,complex,intent_policy,0.98,Recognized intents consistently map to one frozen V1 route,1,comparison,parent,comparison:1,parent:1,Data - Shivansh.csv,University of Michigan vs Purdue for nursing,complex,complex,0.9220558035985755,accepted_model_prediction,3.955115000010778,0.0,calibrated_word_char_shape_linearsvc,real,True,False
qirv1-0291,70349999798bd381,schools with strong industrial engineering programs,schools with strong industrial engineering programs,short_circuit,intent_policy,0.98,Recognized intents consistently map to one frozen V1 route,1,attribute_lookup,highschool_student,attribute_lookup:1,highschool_student:1,Data - Edward.csv,schools with strong industrial engineering programs,medium,medium,0.5490418948419334,accepted_model_prediction,3.980071000000862,0.0,calibrated_word_char_shape_linearsvc,real,False,False
qirv1-0292,3c6d5bf0eed1b139,what is the nearest airport to schools in really remote locations,what is the nearest airport to schools in really remote locations,llm_needed,intent_policy,0.98,Recognized intents consistently map to one frozen V1 route,1,advisory,parent,advisory:1,parent:1,Data Anthony.csv,what is the nearest airport to schools in really remote locations,medium,medium,0.6381285496883143,accepted_model_prediction,4.021314000013376,0.0,calibrated_word_char_shape_linearsvc,real,False,False
qirv1-0293,b6a09b3c3ee8c084,schools with collaborative culture,schools with collaborative culture,llm_needed,intent_policy,0.98,Recognized intents consistently map to one frozen V1 route,43,campus_life_fit,parent,campus_life_fit:43,advisor:9|college_student:8|counselor_teacher:10|parent:16,Data - Anika.csv|Data - Shivansh.csv,schools with collaborative culture,llm_needed,llm_needed,0.6976451304081209,accepted_model_prediction,3.9852790000054483,0.0,calibrated_word_char_shape_linearsvc,real,True,False
qirv1-0294,be61cdb2593cdea9,colleges with military veteran tuition benefits,colleges with military veteran tuition benefits,short_circuit,intent_policy,0.98,Recognized intents consistently map to one frozen V1 route,1,attribute_lookup,college_student,attribute_lookup:1,college_student:1,Data - Edward.csv,colleges with military veteran tuition benefits,short_circuit,short_circuit,0.8528760402880259,accepted_model_prediction,3.9935020000001487,0.0,calibrated_word_char_shape_linearsvc,real,True,False
qirv1-0295,b253016902f8f734,regional hiring concentration effects,regional hiring concentration effects,complex,unanimous_observed,1.0,All valid historical route labels agree,1,guidance,advisor,guidance:1,advisor:1,Data - Anika.csv,regional hiring concentration effects,complex,complex,0.6853408157916708,accepted_model_prediction,3.997687999998334,0.0,calibrated_word_char_shape_linearsvc,real,True,False
qirv1-0296,7309c946b8a02f23,how to implement intrusive advising to support struggling students,how to implement intrusive advising to support struggling students,short_circuit,intent_policy,0.98,Recognized intents consistently map to one frozen V1 route,1,attribute_lookup,college,attribute_lookup:1,college:1,Data - Edward.csv,how to implement intrusive advising to support struggling students,medium,short_circuit,0.47764482622538235,short_circuit_safety_escalation,4.04210599999999,0.0,calibrated_word_char_shape_linearsvc,real,False,False
qirv1-0297,92ab330736b45e96,medium-sized nursing colleges in Texas low tuition,medium-sized nursing colleges in texas low tuition,complex,intent_policy,0.98,Recognized intents consistently map to one frozen V1 route,1,multi_constraint,advisor,multi_constraint:1,advisor:1,Data - Shivansh.csv,medium-sized nursing colleges in Texas low tuition,complex,complex,0.9396018818964725,accepted_model_prediction,4.133203000009189,0.0,calibrated_word_char_shape_linearsvc,real,True,False
qirv1-0298,d16db84e1708130e,millersville vs kutztown,millersville vs kutztown,complex,intent_policy,0.98,Recognized intents consistently map to one frozen V1 route,1,comparison,parent,comparison:1,parent:1,Data - Anika.csv,millersville vs kutztown,complex,complex,0.9732380370177389,accepted_model_prediction,4.219763999998349,0.0,calibrated_word_char_shape_linearsvc,real,True,False
qirv1-0299,54bd1d47af29caeb,schools with cooperative education programs and top accounting majors,schools with cooperative education programs and top accounting majors,complex,intent_policy,0.98,Recognized intents consistently map to one frozen V1 route,1,multi_constraint,highschool_student,multi_constraint:1,highschool_student:1,Data - Edward.csv,schools with cooperative education programs and top accounting majors,medium,medium,0.5914666958138116,accepted_model_prediction,4.087414000011336,0.0,calibrated_word_char_shape_linearsvc,real,False,False
qirv1-0300,1378980107287dc4,universities with high numbers of NSF fellowship winners,universities with high numbers of nsf fellowship winners,short_circuit,intent_policy,0.98,Recognized intents consistently map to one frozen V1 route,1,attribute_lookup,highschool_student,attribute_lookup:1,highschool_student:1,Data - Edward.csv,universities with high numbers of NSF fellowship winners,medium,short_circuit,0.68235573866827,short_circuit_safety_escalation,4.038420000000542,0.0,calibrated_word_char_shape_linearsvc,real,False,False
