benchmark_id,query_id,query_text,query_norm,route,resolution_method,resolution_confidence,resolution_note,row_count,canonical_intent,persona_hint,observed_intents,observed_personas,source_files,predicted_route,confidence,decision_source,raw_route,correct,false_short_circuit,latency_ms,probability_short_circuit,probability_medium,probability_complex,probability_llm_needed
qirv1-0001,3b9f8f47e431645a,what schools should i apply to for nursing not Florida under 40k,what schools should i apply to for nursing not florida under 40k,complex,intent_policy,0.98,Recognized intents consistently map to one frozen V1 route,1,recommendation,high_school_student,recommendation:1,high_school_student:1,Data - Shivansh.csv,complex,0.9249927318837597,calibrated_model,complex,True,False,7.981430000000955,0.011520399277541884,0.035976001248339835,0.9249927318837597,0.02751086759035858
qirv1-0002,b4521e66ebe09d8f,colleges on the East Coast under 30k with strong research and internships,colleges on the east coast under 30k with strong research and internships,complex,intent_policy,0.98,Recognized intents consistently map to one frozen V1 route,2,multi_constraint,counselor_teacher,multi_constraint:2,college_student:1|counselor_teacher:1,Data - Shivansh.csv,complex,0.9063091160687918,calibrated_model,complex,True,False,7.53813299999706,0.031001260631877543,0.05977796837598521,0.9063091160687918,0.0029116549233452987
qirv1-0003,0400ac4ceff3aa72,can we integrate your platform with our CRM system,can we integrate your platform with our crm system,complex,unanimous_observed,1.0,All valid historical route labels agree,1,technical,college_b2b,technical:1,college_b2b:1,Data - Ridhi.csv,medium,0.5455019829618963,calibrated_model,medium,False,False,7.4163559999931294,0.006930190472307803,0.5455019829618963,0.3072748981904436,0.14029292837535215
qirv1-0004,5d0bc196497e70f1,affordable political science schools in Texas with good job placement,affordable political science schools in texas with good job placement,complex,intent_policy,0.98,Recognized intents consistently map to one frozen V1 route,1,multi_constraint,college_student,multi_constraint:1,college_student:1,Data - Shivansh.csv,complex,0.8226840953822778,calibrated_model,complex,True,False,7.574761000000763,0.005671458180165809,0.1691381565765324,0.8226840953822778,0.0025062898610239896
qirv1-0005,6d61f025e104a1f1,what is the helicopter parent trap and how to avoid it,what is the helicopter parent trap and how to avoid it,llm_needed,intent_policy,0.98,Recognized intents consistently map to one frozen V1 route,1,emotional_advisory,parent,emotional_advisory:1,parent:1,Data - Ridhi.csv,llm_needed,0.5486723264830454,calibrated_model,llm_needed,True,False,7.576705000019501,0.1537751064622372,0.295792324724473,0.001760242330244241,0.5486723264830454
qirv1-0006,952dcaf6392fdcca,do colleges consider course load senior year,do colleges consider course load senior year,medium,intent_policy,0.98,Recognized intents consistently map to one frozen V1 route,1,admissions_process,high_school_student,admissions_process:1,high_school_student:1,Data - Anika.csv,medium,0.5409577532106038,calibrated_model,medium,True,False,7.359049000001505,0.0698134741126443,0.5409577532106038,0.013492095366961143,0.37573667730979093
qirv1-0007,e0da91823fd164b4,how employers view interdisciplinary certificates,how employers view interdisciplinary certificates,medium,unanimous_observed,1.0,All valid historical route labels agree,1,guidance,advisor,guidance:1,advisor:1,Data - Anika.csv,medium,0.7759403314697759,calibrated_model,medium,True,False,7.458654000004117,0.061038762562781367,0.7759403314697759,0.01105824891016755,0.15196265705727507
qirv1-0008,a296ec02e7ceeb39,how to advise students about the value of internships and when to pursue them,how to advise students about the value of internships and when to pursue them,llm_needed,intent_policy,0.98,Recognized intents consistently map to one frozen V1 route,1,advisory,advisor,advisory:1,advisor:1,Data - Ridhi.csv,llm_needed,0.5300434072608292,calibrated_model,llm_needed,True,False,7.626106000003574,0.4299696416595382,0.03900387189939462,0.000983079180237812,0.5300434072608292
qirv1-0009,7fd98a5676790124,does Duke have data science,does duke have data science,short_circuit,intent_policy,0.98,Recognized intents consistently map to one frozen V1 route,2,attribute_lookup,advisor,attribute_lookup:2,advisor:1|college_student:1,Data - Shivansh.csv,short_circuit,0.8180551693852006,calibrated_model,short_circuit,True,False,7.225479999988238,0.8180551693852006,0.14372098565571334,0.01283354981490034,0.02539029514418567
qirv1-0010,9687890832257857,how to counsel students on negotiating their first salary,how to counsel students on negotiating their first salary,llm_needed,intent_policy,0.98,Recognized intents consistently map to one frozen V1 route,1,advisory,advisor,advisory:1,advisor:1,Data - Ridhi.csv,llm_needed,0.7690848785154053,calibrated_model,llm_needed,True,False,7.514619000005496,0.1442996288973877,0.08367150548682971,0.00294398710037721,0.7690848785154053
qirv1-0011,7b80daaaf7c4038b,which universities have strong programs placing students in rural health corps positions,which universities have strong programs placing students in rural health corps positions,medium,intent_policy,0.98,Recognized intents consistently map to one frozen V1 route,1,filtered_search,nonprofit_advisor,filtered_search:1,nonprofit_advisor:1,Data Anthony.csv,medium,0.9235914097845076,calibrated_model,medium,True,False,7.769975000002205,0.03327591418288407,0.9235914097845076,0.01682118434048928,0.026311491692119087
qirv1-0012,9eb48d246441bcae,how to write an email to a professor that doesn't sound dumb,how to write an email to a professor that doesn't sound dumb,llm_needed,intent_policy,0.98,Recognized intents consistently map to one frozen V1 route,1,advisory,college_student,advisory:1,college_student:1,Data - Ridhi.csv,llm_needed,0.7999859647849129,calibrated_model,llm_needed,True,False,7.454075999987708,0.1305800647246431,0.06748520562991085,0.0019487648605331436,0.7999859647849129
qirv1-0013,a46c32400ae1cec7,what is a holds advisor and what kinds of holds affect students most,what is a holds advisor and what kinds of holds affect students most,medium,unanimous_observed,1.0,All valid historical route labels agree,1,factual,advisor,factual:1,advisor:1,Data - Ridhi.csv,medium,0.6003692238498347,calibrated_model,medium,True,False,7.466749000002437,0.05191979906553043,0.6003692238498347,0.010601003544327796,0.3371099735403071
qirv1-0014,da93aa7f97553ffb,what essays does Columbia require,what essays does columbia require,medium,intent_policy,0.98,Recognized intents consistently map to one frozen V1 route,2,admissions_process,counselor_teacher,admissions_process:2,college_student:1|counselor_teacher:1,Data - Shivansh.csv,short_circuit,0.6631233314408007,calibrated_model,short_circuit,False,True,7.238133000015523,0.6631233314408007,0.21949403685048394,0.015349213216705349,0.10203341849200993
qirv1-0015,8c8ab5748f07e8eb,affordable computer science schools near Chicago with good internships,affordable computer science schools near chicago with good internships,complex,intent_policy,0.98,Recognized intents consistently map to one frozen V1 route,3,multi_constraint,college_student,multi_constraint:3,advisor:1|college_student:1|counselor_teacher:1,Data - Shivansh.csv,complex,0.8414331326922294,calibrated_model,complex,True,False,7.490163999989363,0.002271910644869583,0.15218354227587383,0.8414331326922294,0.004111414387027219
qirv1-0016,524d61e17e357686,Arizona State,arizona state,short_circuit,intent_policy,0.98,Recognized intents consistently map to one frozen V1 route,14,exact_lookup,college_student,exact_lookup:14,college_student:6|counselor_teacher:2|high_school_student:1|parent:5,Data - Shivansh.csv,short_circuit,0.8579497708885625,calibrated_model,short_circuit,True,False,7.0574360000250635,0.8579497708885625,0.033385964226054714,0.08691629236054145,0.021747972524841275
qirv1-0017,947b5030f8c7b108,schools with mental health resources,schools with mental health resources,llm_needed,intent_policy,0.98,Recognized intents consistently map to one frozen V1 route,1,campus_life_fit,parent,campus_life_fit:1,parent:1,Data - Anika.csv,llm_needed,0.16102576735071528,low_confidence_fallback,short_circuit,True,False,7.261666999994532,0.5335702529595644,0.27997197325763556,0.025432006432084948,0.16102576735071528
qirv1-0018,7c1a92dfd094b137,what jobs hire people with history degrees,what jobs hire people with history degrees,llm_needed,intent_policy,0.98,Recognized intents consistently map to one frozen V1 route,1,advisory,college_student,advisory:1,college_student:1,Data - Ridhi.csv,llm_needed,0.8170101631693917,calibrated_model,llm_needed,True,False,7.564271999996208,0.07066107535536573,0.09851662523389053,0.013812136241352033,0.8170101631693917
qirv1-0019,c64a6d14bbdf407a,what role should teachers play in college counseling conversations,what role should teachers play in college counseling conversations,llm_needed,intent_policy,0.98,Recognized intents consistently map to one frozen V1 route,1,advisory,counselor,advisory:1,counselor:1,Data - Ridhi.csv,llm_needed,0.7588311744676443,calibrated_model,llm_needed,True,False,7.5459669999986545,0.029215641337873934,0.20329751276954008,0.008655671424941785,0.7588311744676443
qirv1-0020,c9720398654d70f3,how to build a robust institutional advancement and fundraising office,how to build a robust institutional advancement and fundraising office,short_circuit,intent_policy,0.98,Recognized intents consistently map to one frozen V1 route,1,attribute_lookup,college,attribute_lookup:1,college:1,Data - Edward.csv,short_circuit,0.8152222899397259,calibrated_model,short_circuit,True,False,7.4844330000019,0.8152222899397259,0.06551959987605517,0.002908701299633975,0.11634940888458489
qirv1-0021,02ae62b4add038e6,How do design graduates improve weak portfolios for employment?,how do design graduates improve weak portfolios for employment,llm_needed,intent_policy,0.98,Recognized intents consistently map to one frozen V1 route,1,advisory,employer_recruiter,advisory:1,employer_recruiter:1,Data - Nimisha.csv,llm_needed,0.8521228904583014,calibrated_model,llm_needed,True,False,7.465967999991108,0.04595707863944378,0.09241910576069946,0.009500925141555419,0.8521228904583014
qirv1-0022,5f5f4d30730cdbea,how to create a retention dashboard to track institutional progress,how to create a retention dashboard to track institutional progress,short_circuit,intent_policy,0.98,Recognized intents consistently map to one frozen V1 route,1,attribute_lookup,college,attribute_lookup:1,college:1,Data - Edward.csv,short_circuit,0.759635409668676,calibrated_model,short_circuit,True,False,7.465546999981143,0.759635409668676,0.13950002139750653,0.002359467678765665,0.09850510125505176
qirv1-0023,53333db75d7d2eb8,how to tailor advising approaches for adult learners returning to college,how to tailor advising approaches for adult learners returning to college,llm_needed,intent_policy,0.98,Recognized intents consistently map to one frozen V1 route,1,emotional_advisory,advisor,emotional_advisory:1,advisor:1,Data - Edward.csv,llm_needed,0.556006714353961,calibrated_model,llm_needed,True,False,7.5752820000047905,0.397647097322793,0.03925583016515126,0.007090358158094734,0.556006714353961
qirv1-0024,0808f3c939926fc3,universities with low textbook costs,universities with low textbook costs,short_circuit,intent_policy,0.98,Recognized intents consistently map to one frozen V1 route,1,attribute_lookup,highschool_student,attribute_lookup:1,highschool_student:1,Data - Ridhi.csv,llm_needed,0.011231700959734197,low_confidence_fallback,short_circuit,False,False,7.413689999992812,0.47395464627677014,0.4267433395818849,0.0880703131816107,0.011231700959734197
qirv1-0025,97981feafbe26568,edtech build ai bootcamp,edtech build ai bootcamp,complex,intent_policy,0.98,Recognized intents consistently map to one frozen V1 route,1,strategy,edtech_founder,strategy:1,edtech_founder:1,Data - Nimisha.csv,complex,0.7121813281354553,calibrated_model,complex,True,False,7.195843999994622,0.1292448474919933,0.014362730161771614,0.7121813281354553,0.14421109421077982
qirv1-0026,213b81af95304278,UC Berkeley vibe,uc berkeley vibe,llm_needed,intent_policy,0.98,Recognized intents consistently map to one frozen V1 route,1,campus_life_fit,parent,campus_life_fit:1,parent:1,Data - Shivansh.csv,llm_needed,0.18884013459450713,low_confidence_fallback,short_circuit,True,False,7.091750000000729,0.33728130720313093,0.2691054972337725,0.2047730609685894,0.18884013459450713
qirv1-0027,2cb6aa429b15e11a,what to do if my roommate and I don't get along,what to do if my roommate and i don't get along,llm_needed,intent_policy,0.98,Recognized intents consistently map to one frozen V1 route,1,emotional_advisory,college_student,emotional_advisory:1,college_student:1,Data - Ridhi.csv,llm_needed,0.9474165247783648,calibrated_model,llm_needed,True,False,7.415193000014142,0.017643405291318286,0.021963830231319686,0.012976239698997269,0.9474165247783648
qirv1-0028,1779acb47ca5dabb,University of Florida internships,university of florida internships,short_circuit,intent_policy,0.98,Recognized intents consistently map to one frozen V1 route,1,attribute_lookup,counselor_teacher,attribute_lookup:1,counselor_teacher:1,Data - Shivansh.csv,short_circuit,0.859031264711046,calibrated_model,short_circuit,True,False,7.193810000018175,0.859031264711046,0.05645177307866564,0.07085916832122084,0.013657793889067528
qirv1-0029,bfd8338264ff591c,institutional branding guidelines,institutional branding guidelines,medium,intent_policy,0.98,Recognized intents consistently map to one frozen V1 route,1,profile_management,college_b2b,profile_management:1,college_b2b:1,Data - Anika.csv,medium,0.7568532622912633,calibrated_model,medium,True,False,7.246137999999291,0.16331662008946438,0.7568532622912633,0.022073184260884504,0.05775693335838803
qirv1-0030,b06f1c09c139cba7,Stanford tuition vs UC Berkeley tuition,stanford tuition vs uc berkeley tuition,complex,intent_policy,0.98,Recognized intents consistently map to one frozen V1 route,1,comparison,counselor_teacher,comparison:1,counselor_teacher:1,Data - Shivansh.csv,complex,0.7750909199554942,calibrated_model,complex,True,False,7.352005000001327,0.20878145805345505,0.0121056136753891,0.7750909199554942,0.004022008315661538
qirv1-0031,5ad3c3f9c879c3c8,recommend medium-sized colleges near a major tech hub for aerospace engineering reach schools,recommend medium-sized colleges near a major tech hub for aerospace engineering reach schools,complex,intent_policy,0.98,Recognized intents consistently map to one frozen V1 route,1,recommendation,parent,recommendation:1,parent:1,Data - Shivansh.csv,complex,0.860254922213306,calibrated_model,complex,True,False,7.7457200000026205,0.0018022289575751066,0.13421633646627698,0.860254922213306,0.0037265123628417683
qirv1-0032,51eaaa6550887c77,how to appeal waitlist decisions,how to appeal waitlist decisions,medium,intent_policy,0.98,Recognized intents consistently map to one frozen V1 route,1,admissions_process,parent,admissions_process:1,parent:1,Data - Anika.csv,llm_needed,0.3695035345176964,low_confidence_fallback,llm_needed,False,False,7.2934860000088975,0.3320882788517438,0.296210797917542,0.0021973887130178585,0.3695035345176964
qirv1-0033,95c38609200d027a,universities with strong linguistics research,universities with strong linguistics research,short_circuit,intent_policy,0.98,Recognized intents consistently map to one frozen V1 route,1,attribute_lookup,highschool_student,attribute_lookup:1,highschool_student:1,Data - Ridhi.csv,llm_needed,0.005569956626548349,low_confidence_fallback,short_circuit,False,False,7.2861529999954655,0.5224608633316707,0.09168830654526172,0.3802808734965191,0.005569956626548349
qirv1-0034,8f019668a887d788,schools with campus-wide language exchange programs,schools with campus-wide language exchange programs,short_circuit,intent_policy,0.98,Recognized intents consistently map to one frozen V1 route,1,attribute_lookup,highschool_student,attribute_lookup:1,highschool_student:1,Data - Edward.csv,short_circuit,0.864048086113692,calibrated_model,short_circuit,True,False,7.390236000020423,0.864048086113692,0.10775475496535054,0.005614441498622477,0.022582717422334992
qirv1-0035,b5255a77b69a281c,University of Washington scholarships,university of washington scholarships,medium,intent_policy,0.98,Recognized intents consistently map to one frozen V1 route,2,cost_financial_aid,high_school_student,cost_financial_aid:2,advisor:1|high_school_student:1,Data - Shivansh.csv,short_circuit,0.8248108691111389,calibrated_model,short_circuit,False,True,7.190954999998667,0.8248108691111389,0.13690131344309983,0.008474425921836927,0.02981339152392429
qirv1-0036,eb20888e3dd74966,large computer science colleges near a major tech hub under 40k not too competitive,large computer science colleges near a major tech hub under 40k not too competitive,complex,intent_policy,0.98,Recognized intents consistently map to one frozen V1 route,1,multi_constraint,college_student,multi_constraint:1,college_student:1,Data - Shivansh.csv,complex,0.8490601865315163,calibrated_model,complex,True,False,7.570103000006156,0.002405928394034218,0.13837894247931548,0.8490601865315163,0.010154942595133911
qirv1-0037,f55d8880534f6c75,best biology schools in Texas,best biology schools in texas,medium,intent_policy,0.98,Recognized intents consistently map to one frozen V1 route,2,filtered_search,advisor,filtered_search:2,advisor:1|parent:1,Data - Shivansh.csv,medium,0.8076304912254768,calibrated_model,medium,True,False,7.335233999981483,0.002778582166830837,0.8076304912254768,0.1799859797727763,0.009604946834916106
qirv1-0038,8095165ca59b0105,good schools for kids who are smart but not great test takers,good schools for kids who are smart but not great test takers,llm_needed,intent_policy,0.98,Recognized intents consistently map to one frozen V1 route,1,advisory,parent,advisory:1,parent:1,Data Anthony.csv,llm_needed,0.5208666700600936,calibrated_model,llm_needed,True,False,7.402028000001337,0.0008844858108411367,0.14973896266551948,0.3285098814635457,0.5208666700600936
qirv1-0039,1a055ea9425b2406,colleges with strong literacy education programs,colleges with strong literacy education programs,medium,intent_policy,0.98,Recognized intents consistently map to one frozen V1 route,1,filtered_search,urban_teacher,filtered_search:1,urban_teacher:1,Data Anthony.csv,llm_needed,0.000315183443984032,low_confidence_fallback,short_circuit,False,False,7.30101999999988,0.5864264100982685,0.3653366230880688,0.04792178336967878,0.000315183443984032
qirv1-0040,54d9a43114ae3d42,affordable mechanical engineering schools near a tech hub with good internships,affordable mechanical engineering schools near a tech hub with good internships,complex,intent_policy,0.98,Recognized intents consistently map to one frozen V1 route,1,multi_constraint,college_student,multi_constraint:1,college_student:1,Data - Shivansh.csv,complex,0.9062806376442193,calibrated_model,complex,True,False,7.683164000013676,0.0020515751199443122,0.08669130750229327,0.9062806376442193,0.004976479733543209
qirv1-0041,b3f0d31b5c8a67ff,urban universities with strong practicum placements in city schools,urban universities with strong practicum placements in city schools,medium,intent_policy,0.98,Recognized intents consistently map to one frozen V1 route,1,filtered_search,urban_teacher,filtered_search:1,urban_teacher:1,Data Anthony.csv,medium,0.7616941746654474,calibrated_model,medium,True,False,7.524076999999352,0.0640219570377266,0.7616941746654474,0.1674863023896478,0.0067975659071780525
qirv1-0042,6d73544aa022e282,colleges where alumni commonly return to give back to their communities,colleges where alumni commonly return to give back to their communities,medium,intent_policy,0.98,Recognized intents consistently map to one frozen V1 route,1,filtered_search,nonprofit_advisor,filtered_search:1,nonprofit_advisor:1,Data Anthony.csv,llm_needed,0.25213945139414384,low_confidence_fallback,medium,False,False,7.475446000000829,0.28436283189350403,0.4476414334330883,0.015856283279263746,0.25213945139414384
qirv1-0043,14548b70b21a2266,what is the FAFSA and when should we fill it out,what is the fafsa and when should we fill it out,llm_needed,intent_policy,0.98,Recognized intents consistently map to one frozen V1 route,1,advisory,parent,advisory:1,parent:1,Data - Ridhi.csv,medium,0.4700559003712257,calibrated_model,medium,False,False,7.483440000015662,0.05524597041043542,0.4700559003712257,0.018763403794521245,0.4559347254238176
qirv1-0044,05d3837270e671e7,application volume trend modeling,application volume trend modeling,complex,intent_policy,0.98,Recognized intents consistently map to one frozen V1 route,1,analytics_request,college_b2b,analytics_request:1,college_b2b:1,Data - Anika.csv,complex,0.6700847685861749,calibrated_model,complex,True,False,7.239394999999149,0.10876082757222481,0.09458148452698685,0.6700847685861749,0.12657291931461334
qirv1-0045,a7955f28929cdefc,Can graduate applicants receive recommendation letters from industry mentors?,can graduate applicants receive recommendation letters from industry mentors,llm_needed,intent_policy,0.98,Recognized intents consistently map to one frozen V1 route,1,advisory,graduate_applicant,advisory:1,graduate_applicant:1,Data - Nimisha.csv,llm_needed,0.8107286351827586,calibrated_model,llm_needed,True,False,7.564962999992986,0.007781156935165202,0.13849113246081196,0.04299907542126411,0.8107286351827586
qirv1-0046,aafcfd95fb9b80ab,Vanderbilt vs Princeton for philosophy,vanderbilt vs princeton for philosophy,complex,intent_policy,0.98,Recognized intents consistently map to one frozen V1 route,1,comparison,advisor,comparison:1,advisor:1,Data - Shivansh.csv,complex,0.9414327462011367,calibrated_model,complex,True,False,7.312471999995296,0.028954625678746446,0.02240865557018085,0.9414327462011367,0.007203972549936051
qirv1-0047,202d1f805744ab63,hiring mgr AI grads applied weak,hiring mgr ai grads applied weak,llm_needed,intent_policy,0.98,Recognized intents consistently map to one frozen V1 route,2,advisory,industry_hiring_manager,advisory:2,industry_hiring_manager:2,Data - Nimisha.csv,llm_needed,0.9359360293537174,calibrated_model,llm_needed,True,False,7.2102110000002995,0.025866076960970246,0.01386831989420617,0.024329573791106188,0.9359360293537174
qirv1-0048,5f419d54f346d5ec,affordable private + good dorms,affordable private + good dorms,complex,intent_policy,0.98,Recognized intents consistently map to one frozen V1 route,1,multi_constraint,high_school_student,multi_constraint:1,high_school_student:1,Data Anthony.csv,complex,0.8218641765334612,calibrated_model,complex,True,False,7.216682999995783,0.018371723864002626,0.004956164577475689,0.8218641765334612,0.15480793502506046
qirv1-0049,bc563b633a1ffa67,schools in colorado,schools in colorado,medium,intent_policy,0.98,Recognized intents consistently map to one frozen V1 route,1,filtered_search,high_school_student,filtered_search:1,high_school_student:1,Data - Anika.csv,medium,0.9006934502727421,calibrated_model,medium,True,False,7.239706000007118,0.010315372296166697,0.9006934502727421,0.06172280921692785,0.027268368214163407
qirv1-0050,17b220811ffce736,how employers evaluate certificates vs minors,how employers evaluate certificates vs minors,medium,unanimous_observed,1.0,All valid historical route labels agree,1,guidance,advisor,guidance:1,advisor:1,Data - Anika.csv,medium,0.5241583752881945,calibrated_model,medium,True,False,7.437084000002869,0.06890849425847648,0.5241583752881945,0.3237399981274757,0.08319313232585333
qirv1-0051,33efef71cee6f963,universities with strong psychology,universities with strong psychology,medium,intent_policy,0.98,Recognized intents consistently map to one frozen V1 route,6,filtered_search,parent,filtered_search:6,advisor:2|counselor_teacher:1|parent:3,Data - Shivansh.csv,complex,0.5351894195271085,calibrated_model,complex,False,False,7.197937999990245,0.3957687725233152,0.06787716219902232,0.5351894195271085,0.0011646457505540646
qirv1-0052,5d2a54ddc406c958,Community college housing options?,community college housing options,short_circuit,intent_policy,0.98,Recognized intents consistently map to one frozen V1 route,1,exact_lookup,community_college_student,exact_lookup:1,community_college_student:1,Data - Nimisha.csv,short_circuit,0.9198723590216263,calibrated_model,short_circuit,True,False,7.279721000003292,0.9198723590216263,0.02011607300442338,0.0040092216802711305,0.05600234629367912
qirv1-0053,f9154bfc76868471,schools where public health majors get field placements not just lectures,schools where public health majors get field placements not just lectures,medium,intent_policy,0.98,Recognized intents consistently map to one frozen V1 route,1,filtered_search,high_school_student,filtered_search:1,high_school_student:1,Data Anthony.csv,medium,0.8844058628709955,calibrated_model,medium,True,False,7.646154000013894,0.007609416971014607,0.8844058628709955,0.08136205762569308,0.02662266253229691
qirv1-0054,33f9e68a3cb2ed49,how to get more colleges to visit or engage with your high school,how to get more colleges to visit or engage with your high school,llm_needed,intent_policy,0.98,Recognized intents consistently map to one frozen V1 route,1,advisory,counselor,advisory:1,counselor:1,Data - Ridhi.csv,llm_needed,0.6814204891967907,calibrated_model,llm_needed,True,False,7.501695000001973,0.03566940990473231,0.2717068765875981,0.011203224310879008,0.6814204891967907
qirv1-0055,7aa7805abf1f7b15,eng to consulitng how,eng to consulitng how,llm_needed,intent_policy,0.98,Recognized intents consistently map to one frozen V1 route,1,advisory,college_student,advisory:1,college_student:1,Data - Nimisha.csv,llm_needed,0.8074486855265111,calibrated_model,llm_needed,True,False,7.211492999999791,0.1849462159169093,0.004679747879963534,0.002925350676616183,0.8074486855265111
qirv1-0056,949b936ce84c98a5,Brown vs Stanford for computer science,brown vs stanford for computer science,complex,intent_policy,0.98,Recognized intents consistently map to one frozen V1 route,1,comparison,advisor,comparison:1,advisor:1,Data - Shivansh.csv,complex,0.9512419508047372,calibrated_model,complex,True,False,7.399805000005699,0.02366218961930087,0.020095660491791376,0.9512419508047372,0.005000199084170677
qirv1-0057,32840d06393fa4f9,how to advise students preparing for behavioral job interviews,how to advise students preparing for behavioral job interviews,short_circuit,intent_policy,0.98,Recognized intents consistently map to one frozen V1 route,1,attribute_lookup,advisor,attribute_lookup:1,advisor:1,Data - Edward.csv,llm_needed,0.62879386777804,calibrated_model,llm_needed,False,False,7.430511999984901,0.2635208131395595,0.10697225428028216,0.0007130648021181803,0.62879386777804
qirv1-0058,e88b98f4fb900861,Columbia vs NYU,columbia vs nyu,complex,intent_policy,0.98,Recognized intents consistently map to one frozen V1 route,1,comparison,advisor,comparison:1,advisor:1,Data - Shivansh.csv,complex,0.8518382841068245,calibrated_model,complex,True,False,7.1370539999975335,0.13463807838492606,0.010465308756198556,0.8518382841068245,0.0030583287520508117
qirv1-0059,5b034c846f7bc696,Brown tuition vs UC Irvine tuition,brown tuition vs uc irvine tuition,complex,intent_policy,0.98,Recognized intents consistently map to one frozen V1 route,1,comparison,college_student,comparison:1,college_student:1,Data - Shivansh.csv,complex,0.6578154870954602,calibrated_model,complex,True,False,7.262167999982694,0.32309112912514787,0.015450910587429994,0.6578154870954602,0.0036424731919619652
qirv1-0060,d31a310033358519,does Caltech have biology,does caltech have biology,short_circuit,intent_policy,0.98,Recognized intents consistently map to one frozen V1 route,1,attribute_lookup,parent,attribute_lookup:1,parent:1,Data - Shivansh.csv,short_circuit,0.8730912653878785,calibrated_model,short_circuit,True,False,7.1297510000079,0.8730912653878785,0.06625479938733896,0.028234756604277034,0.03241917862050547
qirv1-0061,8179baaa7bdea545,cs schools w good social life pls,cs schools w good social life pls,complex,intent_policy,0.98,Recognized intents consistently map to one frozen V1 route,1,multi_constraint,high_school_student,multi_constraint:1,high_school_student:1,Data Anthony.csv,complex,0.5663805380505821,calibrated_model,complex,True,False,7.265103000008821,0.04561477043350807,0.11738093940578238,0.5663805380505821,0.2706237521101273
qirv1-0062,1a76a3d23a408224,schools like University of Florida but cheaper,schools like university of florida but cheaper,complex,intent_policy,0.98,Recognized intents consistently map to one frozen V1 route,5,recommendation,counselor_teacher,recommendation:5,college_student:1|counselor_teacher:4,Data - Shivansh.csv,complex,0.9496286966095262,calibrated_model,complex,True,False,7.493288999995684,0.016195661438547213,0.02197386076752617,0.9496286966095262,0.012201781184400448
qirv1-0063,551d54428129421a,schools with health administration programs aligned with regional hospital needs,schools with health administration programs aligned with regional hospital needs,medium,intent_policy,0.98,Recognized intents consistently map to one frozen V1 route,1,filtered_search,district_advisor,filtered_search:1,district_advisor:1,Data Anthony.csv,medium,0.5256129561478713,calibrated_model,medium,True,False,7.671931999993831,0.3796890291382748,0.5256129561478713,0.08974315763258307,0.004954857081270858
qirv1-0064,e3681fa197f93132,schools with campus zip lines or adventure courses,schools with campus zip lines or adventure courses,short_circuit,intent_policy,0.98,Recognized intents consistently map to one frozen V1 route,1,attribute_lookup,highschool_student,attribute_lookup:1,highschool_student:1,Data - Edward.csv,short_circuit,0.6806819036883449,calibrated_model,short_circuit,True,False,7.363957000023902,0.6806819036883449,0.2475307980486279,0.0029439939766267736,0.06884330428640044
qirv1-0065,4a9fc5ff75b57ae8,Caltech vs USC for chemistry,caltech vs usc for chemistry,complex,intent_policy,0.98,Recognized intents consistently map to one frozen V1 route,1,comparison,college_student,comparison:1,college_student:1,Data - Shivansh.csv,complex,0.920040139956957,calibrated_model,complex,True,False,7.189581999995198,0.04283478154585011,0.032531790449501684,0.920040139956957,0.004593288047691233
qirv1-0066,868086d63eb0b8c9,recommend small colleges in the Midwest for chemistry not too competitive,recommend small colleges in the midwest for chemistry not too competitive,complex,intent_policy,0.98,Recognized intents consistently map to one frozen V1 route,1,recommendation,advisor,recommendation:1,advisor:1,Data - Shivansh.csv,complex,0.7990495397057287,calibrated_model,complex,True,False,7.4508300000104555,0.001003828180325626,0.17986047499664404,0.7990495397057287,0.020086157117301676
qirv1-0067,3ae0c5ffa4c31ef4,scholarship officer undergrad success,scholarship officer undergrad success,llm_needed,intent_policy,0.98,Recognized intents consistently map to one frozen V1 route,2,advisory,scholarship_foundation_officer,advisory:2,scholarship_foundation_officer:2,Data - Nimisha.csv,llm_needed,0.7551810942977718,calibrated_model,llm_needed,True,False,7.292895000006183,0.0888956148970747,0.1466211012589346,0.009302189546218944,0.7551810942977718
qirv1-0068,18c77e9a71b2cf75,how do i apply to NYU,how do i apply to nyu,medium,intent_policy,0.98,Recognized intents consistently map to one frozen V1 route,2,admissions_process,parent,admissions_process:2,parent:2,Data - Shivansh.csv,llm_needed,0.870834361173291,calibrated_model,llm_needed,False,False,7.205973000026233,0.11740446577971377,0.001628245032422391,0.010132928014572867,0.870834361173291
qirv1-0069,57621245452aab2f,universities with strong interfaith community service programs,universities with strong interfaith community service programs,medium,intent_policy,0.98,Recognized intents consistently map to one frozen V1 route,1,filtered_search,nonprofit_advisor,filtered_search:1,nonprofit_advisor:1,Data Anthony.csv,short_circuit,0.6707084577665539,calibrated_model,short_circuit,False,True,7.424630999992132,0.6707084577665539,0.29022895774587226,0.03308070480021565,0.0059818796873582535
qirv1-0070,ac81328e3afb5958,colleges near a major tech hub full ride options with strong research and internships,colleges near a major tech hub full ride options with strong research and internships,complex,intent_policy,0.98,Recognized intents consistently map to one frozen V1 route,3,multi_constraint,parent,multi_constraint:3,advisor:1|high_school_student:1|parent:1,Data - Shivansh.csv,complex,0.8326745897962562,calibrated_model,complex,True,False,7.5503559999958725,0.002994699553040227,0.1602361443495841,0.8326745897962562,0.004094566301119593
qirv1-0071,5e61222de7f07ece,schools with on-campus escape rooms,schools with on-campus escape rooms,medium,unanimous_observed,1.0,All valid historical route labels agree,1,filter_search,high_school_student,filter_search:1,high_school_student:1,Data Anthony.csv,short_circuit,0.7209703855082595,calibrated_model,short_circuit,False,True,7.28590199997825,0.7209703855082595,0.20356858837856498,0.014415974116213514,0.06104505199696183
qirv1-0072,911ed1e14af36ecf,is a biology degree useful if i dont want to be a doctor,is a biology degree useful if i dont want to be a doctor,llm_needed,intent_policy,0.98,Recognized intents consistently map to one frozen V1 route,1,reflective_advisory,high_school_student,reflective_advisory:1,high_school_student:1,Data Anthony.csv,llm_needed,0.8628928999100861,calibrated_model,llm_needed,True,False,7.503026999984286,0.05143975235612965,0.05234177595302686,0.033325571780757304,0.8628928999100861
qirv1-0073,c3e4f9753b0693dd,UT Austin vs Purdue for pre-med,ut austin vs purdue for pre-med,complex,intent_policy,0.98,Recognized intents consistently map to one frozen V1 route,1,comparison,high_school_student,comparison:1,high_school_student:1,Data - Shivansh.csv,complex,0.9088559564430914,calibrated_model,complex,True,False,7.282967000008966,0.03832919960613854,0.047047621598357736,0.9088559564430914,0.005767222352412391
qirv1-0074,36f8b29442be468a,transf CS prereq missing,transf cs prereq missing,llm_needed,intent_policy,0.98,Recognized intents consistently map to one frozen V1 route,1,advisory,transfer_student,advisory:1,transfer_student:1,Data - Nimisha.csv,llm_needed,0.8660821676899304,calibrated_model,llm_needed,True,False,7.192037000010032,0.07946080628188772,0.01612401562023461,0.03833301040794721,0.8660821676899304
qirv1-0075,30f78dcb4b260b21,Are there mentorship opportunities for community college students in business majors?,are there mentorship opportunities for community college students in business majors,llm_needed,intent_policy,0.98,Recognized intents consistently map to one frozen V1 route,1,advisory,community_college_student,advisory:1,community_college_student:1,Data - Nimisha.csv,llm_needed,0.8039906128255243,calibrated_model,llm_needed,True,False,7.836769999983062,0.08960973826424756,0.10043773600117041,0.00596191290905772,0.8039906128255243
qirv1-0076,35eefda69722e67f,what are the social pressures at selective universities and how do parents help,what are the social pressures at selective universities and how do parents help,llm_needed,intent_policy,0.98,Recognized intents consistently map to one frozen V1 route,1,advisory,parent,advisory:1,parent:1,Data - Ridhi.csv,llm_needed,0.9181803768329315,calibrated_model,llm_needed,True,False,7.5954300000091735,0.0198849889870994,0.055798492897753627,0.0061361412822154016,0.9181803768329315
qirv1-0077,92419668bb02d7b6,universities with public transportation access,universities with public transportation access,short_circuit,intent_policy,0.98,Recognized intents consistently map to one frozen V1 route,1,attribute_lookup,highschool_student,attribute_lookup:1,highschool_student:1,Data - Ridhi.csv,medium,0.5143057596399472,calibrated_model,medium,False,False,7.315027000004193,0.4721703220326992,0.5143057596399472,0.012140831729573314,0.0013830865977802103
qirv1-0078,6d12ddeceebf8864,college fit vs prestige,college fit vs prestige,complex,unanimous_observed,1.0,All valid historical route labels agree,1,guidance,counselor_teacher,guidance:1,counselor_teacher:1,Data - Anika.csv,complex,0.912251419585667,calibrated_model,complex,True,False,7.14714400001526,0.007183001792112158,0.006720906104569552,0.912251419585667,0.07384467251765141
qirv1-0079,8a225e0e7876ce9a,scholarship officer rural cs poor,scholarship officer rural cs poor,llm_needed,intent_policy,0.98,Recognized intents consistently map to one frozen V1 route,1,advisory,scholarship_foundation_officer,advisory:1,scholarship_foundation_officer:1,Data - Nimisha.csv,llm_needed,0.9353151052012239,calibrated_model,llm_needed,True,False,7.224477999983492,0.022251257738329575,0.0274812245803879,0.014952412480058547,0.9353151052012239
qirv1-0080,390a189868116719,UC San Diego job placement for architecture,uc san diego job placement for architecture,medium,intent_policy,0.98,Recognized intents consistently map to one frozen V1 route,1,career_outcomes,high_school_student,career_outcomes:1,high_school_student:1,Data - Shivansh.csv,medium,0.7820484958316177,calibrated_model,medium,True,False,7.319796000018641,0.1713995747953485,0.7820484958316177,0.027641936826966945,0.018909992546066682
qirv1-0081,8b9d3fbe9fd908d6,universities with public policy undergraduate programs,universities with public policy undergraduate programs,short_circuit,intent_policy,0.98,Recognized intents consistently map to one frozen V1 route,1,attribute_lookup,highschool_student,attribute_lookup:1,highschool_student:1,Data - Edward.csv,short_circuit,0.7440672326841885,calibrated_model,short_circuit,True,False,7.630725000012717,0.7440672326841885,0.2163894352622753,0.03719039177894074,0.002352940274595473
qirv1-0082,0decd83a9ef32282,large public health colleges in warm states good financial aid reach schools,large public health colleges in warm states good financial aid reach schools,complex,intent_policy,0.98,Recognized intents consistently map to one frozen V1 route,1,multi_constraint,advisor,multi_constraint:1,advisor:1,Data - Shivansh.csv,complex,0.6347359412366343,calibrated_model,complex,True,False,7.543282000000318,0.005708111009651527,0.35823095273349975,0.6347359412366343,0.0013249950202143725
qirv1-0083,d75d37af5064229e,cs yield down why,cs yield down why,complex,intent_policy,0.98,Recognized intents consistently map to one frozen V1 route,1,strategy,college_admissions_officer,strategy:1,college_admissions_officer:1,Data - Nimisha.csv,complex,0.5551392098748053,calibrated_model,complex,True,False,7.118660999992699,0.08454906906477898,0.059134335667585324,0.5551392098748053,0.30117738539283045
qirv1-0084,a5651c4800d0a718,schools that support communication with families students and have accessible housing,schools that support communication with families students and have accessible housing,medium,intent_policy,0.98,Recognized intents consistently map to one frozen V1 route,5,filtered_search,parent,filtered_search:5,parent:5,Data - Edward.csv,medium,0.8519209797396673,calibrated_model,medium,True,False,7.659278999994967,0.10424056078821146,0.8519209797396673,0.005165693937431669,0.03867276553468963
qirv1-0085,c54d6650d4b651c3,engineering schools where undergrads publish before senior year,engineering schools where undergrads publish before senior year,complex,intent_policy,0.98,Recognized intents consistently map to one frozen V1 route,1,multi_constraint,high_school_student,multi_constraint:1,high_school_student:1,Data - Nimisha.csv,medium,0.7611991633917635,calibrated_model,medium,False,False,7.490563000004613,0.04616807331283985,0.7611991633917635,0.0889423124251042,0.10369045087029248
qirv1-0086,a880557d20182818,how to structure a first semester advising appointment for a new freshman,how to structure a first semester advising appointment for a new freshman,llm_needed,intent_policy,0.98,Recognized intents consistently map to one frozen V1 route,1,advisory,advisor,advisory:1,advisor:1,Data - Ridhi.csv,llm_needed,0.5148457373476271,calibrated_model,llm_needed,True,False,7.640793999996731,0.45840070314238246,0.021649016794840086,0.0051045427151503175,0.5148457373476271
qirv1-0087,7d983aca7e88908f,how to evaluate the impact of campus employment on student retention,how to evaluate the impact of campus employment on student retention,short_circuit,intent_policy,0.98,Recognized intents consistently map to one frozen V1 route,1,attribute_lookup,college,attribute_lookup:1,college:1,Data - Edward.csv,short_circuit,0.7992424547153606,calibrated_model,short_circuit,True,False,7.566767000014352,0.7992424547153606,0.040223012535685186,0.0010035795900521659,0.159530953158902
qirv1-0088,080e32dc8be56efc,which colleges produce the most teachers who go on to become instructional coaches,which colleges produce the most teachers who go on to become instructional coaches,medium,intent_policy,0.98,Recognized intents consistently map to one frozen V1 route,1,filtered_search,urban_teacher,filtered_search:1,urban_teacher:1,Data Anthony.csv,medium,0.8171444174766607,calibrated_model,medium,True,False,7.642067000006136,0.018725396476106184,0.8171444174766607,0.006727244584418271,0.157402941462815
qirv1-0089,57ee9429d33b9dbd,eng debt trap?,eng debt trap,llm_needed,intent_policy,0.98,Recognized intents consistently map to one frozen V1 route,1,advisory,parent,advisory:1,parent:1,Data - Nimisha.csv,llm_needed,0.7662907796509444,calibrated_model,llm_needed,True,False,7.07303500001899,0.1653031974331328,0.021772227747282418,0.04663379516864049,0.7662907796509444
qirv1-0090,426390f38da9d45d,affordable colleges with strong data science,affordable colleges with strong data science,complex,intent_policy,0.98,Recognized intents consistently map to one frozen V1 route,1,multi_constraint,high_school_student,multi_constraint:1,high_school_student:1,Data - Anika.csv,complex,0.8917044197019286,calibrated_model,complex,True,False,7.275412999973696,0.06822695619997154,0.03816855113720963,0.8917044197019286,0.0019000729608902652
qirv1-0091,1c8261b026d51397,what is a tuition payment plan,what is a tuition payment plan,medium,unanimous_observed,1.0,All valid historical route labels agree,1,factual,parent,factual:1,parent:1,Data - Ridhi.csv,medium,0.5351850494971129,calibrated_model,medium,True,False,7.186928000010084,0.30807037938044096,0.5351850494971129,0.015491348629683738,0.14125322249276243
qirv1-0092,01177784523b7aae,what is deferral in admissions,what is deferral in admissions,medium,intent_policy,0.98,Recognized intents consistently map to one frozen V1 route,1,admissions_process,college_student,admissions_process:1,college_student:1,Data - Anika.csv,medium,0.7924413106091684,calibrated_model,medium,True,False,7.218996999995397,0.0802408771465936,0.7924413106091684,0.04797233710549021,0.07934547513874762
qirv1-0093,aa574f3bc1098bbf,how to help students navigate roommate conflicts,how to help students navigate roommate conflicts,llm_needed,intent_policy,0.98,Recognized intents consistently map to one frozen V1 route,1,emotional_advisory,advisor,emotional_advisory:1,advisor:1,Data - Edward.csv,llm_needed,0.7236131798898717,calibrated_model,llm_needed,True,False,7.283618000002434,0.2590734964201274,0.01488887548529654,0.0024244482047042592,0.7236131798898717
qirv1-0094,63ff8751253ad471,career changer law 2 cs dumb?,career changer law 2 cs dumb,llm_needed,intent_policy,0.98,Recognized intents consistently map to one frozen V1 route,1,emotional_advisory,career_changer,emotional_advisory:1,career_changer:1,Data - Nimisha.csv,llm_needed,0.8299101928864205,calibrated_model,llm_needed,True,False,7.3206270000127915,0.06349244545649983,0.01342845255566192,0.09316890910141772,0.8299101928864205
qirv1-0095,7af46f1c6cfee9c7,how to request an extension on an assignment,how to request an extension on an assignment,llm_needed,intent_policy,0.98,Recognized intents consistently map to one frozen V1 route,1,advisory,college_student,advisory:1,college_student:1,Data - Ridhi.csv,llm_needed,0.28894093292047657,low_confidence_fallback,short_circuit,True,False,7.3361860000034085,0.5464179088898603,0.16236476422065896,0.002276393969004133,0.28894093292047657
qirv1-0096,5fb9cb513e4e6018,schools with active running or track clubs,schools with active running or track clubs,short_circuit,intent_policy,0.98,Recognized intents consistently map to one frozen V1 route,1,attribute_lookup,highschool_student,attribute_lookup:1,highschool_student:1,Data - Edward.csv,short_circuit,0.8876947754602296,calibrated_model,short_circuit,True,False,7.317159999985279,0.8876947754602296,0.06740665057631832,0.0029408437182937962,0.041957730245158385
qirv1-0097,31a83b7de52aeb40,universities with social work degrees,universities with social work degrees,short_circuit,intent_policy,0.98,Recognized intents consistently map to one frozen V1 route,1,attribute_lookup,highschool_student,attribute_lookup:1,highschool_student:1,Data - Edward.csv,short_circuit,0.6320277514175876,calibrated_model,short_circuit,True,False,7.289017999994485,0.6320277514175876,0.3421960921550667,0.017296213874842543,0.008479942552503164
qirv1-0098,28fa239a0e94f363,How can transfer students manage differences in extracurricular opportunities?,how can transfer students manage differences in extracurricular opportunities,llm_needed,intent_policy,0.98,Recognized intents consistently map to one frozen V1 route,1,advisory,transfer_student,advisory:1,transfer_student:1,Data - Nimisha.csv,llm_needed,0.877087922239383,calibrated_model,llm_needed,True,False,7.511654000012413,0.06261395105547202,0.055353870506210844,0.004944256198934057,0.877087922239383
qirv1-0099,f08b6bde2ea32500,mech eng 2 yr to 4 yr worth?,mech eng 2 yr to 4 yr worth,llm_needed,intent_policy,0.98,Recognized intents consistently map to one frozen V1 route,1,advisory,transfer_student,advisory:1,transfer_student:1,Data - Nimisha.csv,llm_needed,0.9087785321657352,calibrated_model,llm_needed,True,False,7.26006400000756,0.0728500307531532,0.005669072971844619,0.012702364109267074,0.9087785321657352
qirv1-0100,176956e9e1c587d5,universities with cultural exchange programs,universities with cultural exchange programs,short_circuit,intent_policy,0.98,Recognized intents consistently map to one frozen V1 route,1,attribute_lookup,highschool_student,attribute_lookup:1,highschool_student:1,Data - Ridhi.csv,short_circuit,0.8802026571974686,calibrated_model,short_circuit,True,False,7.508838999996215,0.8802026571974686,0.09345436524894113,0.017030840877188796,0.009312136676401484
qirv1-0101,796f2dad6575b323,Princeton financial aid for out of state,princeton financial aid for out of state,medium,intent_policy,0.98,Recognized intents consistently map to one frozen V1 route,3,cost_financial_aid,advisor,cost_financial_aid:3,advisor:1|college_student:1|counselor_teacher:1,Data - Shivansh.csv,llm_needed,0.0411822654840878,low_confidence_fallback,short_circuit,False,False,7.291132000005973,0.4880490076252542,0.4466179156521502,0.02415081123850769,0.0411822654840878
qirv1-0102,5b0a38d9ec0d75a1,universities with research in computational biology,universities with research in computational biology,short_circuit,intent_policy,0.98,Recognized intents consistently map to one frozen V1 route,1,attribute_lookup,highschool_student,attribute_lookup:1,highschool_student:1,Data - Ridhi.csv,short_circuit,0.6914137119727927,calibrated_model,short_circuit,True,False,7.329943999991428,0.6914137119727927,0.12216486274387957,0.18293541169058083,0.003486013592746921
qirv1-0103,c78476a725e7b332,colleges with rooftop yogahigh,colleges with rooftop yogahigh,medium,unanimous_observed,1.0,All valid historical route labels agree,1,filter_search,high_school_student,filter_search:1,high_school_student:1,Data Anthony.csv,medium,0.4887007974322768,calibrated_model,medium,True,False,7.261515999999801,0.4825981710637361,0.4887007974322768,0.025777902063513672,0.002923129440473469
qirv1-0104,0682d4ed720c5fc2,universities where freshmen cannot be cut from engineering,universities where freshmen cannot be cut from engineering,short_circuit,intent_policy,0.98,Recognized intents consistently map to one frozen V1 route,1,attribute_lookup,parent,attribute_lookup:1,parent:1,Data - Nimisha.csv,medium,0.45706388728213093,calibrated_model,medium,False,False,7.424952000008034,0.06477475158162832,0.45706388728213093,0.36782483251354803,0.11033652862269266
qirv1-0105,8226823fc69fb7a3,schools with strong bioinformatics programs,schools with strong bioinformatics programs,short_circuit,intent_policy,0.98,Recognized intents consistently map to one frozen V1 route,1,attribute_lookup,highschool_student,attribute_lookup:1,highschool_student:1,Data - Edward.csv,llm_needed,0.04731703249659194,low_confidence_fallback,short_circuit,False,False,7.319365000000744,0.42875024776859766,0.2577630532297706,0.26616966650503976,0.04731703249659194
qirv1-0106,52525c0adea26706,colleges that provide strong alumni mentoring for first gen students,colleges that provide strong alumni mentoring for first gen students,medium,intent_policy,0.98,Recognized intents consistently map to one frozen V1 route,1,filtered_search,school_counselor,filtered_search:1,school_counselor:1,Data Anthony.csv,medium,0.8777573060654902,calibrated_model,medium,True,False,7.773912000004657,0.029810475353403382,0.8777573060654902,0.05693634971191422,0.03549586886919234
qirv1-0107,8370621ed402a1ee,four year cost of University of Washington including housing,four year cost of university of washington including housing,medium,intent_policy,0.98,Recognized intents consistently map to one frozen V1 route,2,career_outcomes,parent,admissions_process:1|career_outcomes:1,parent:2,Data - Shivansh.csv,short_circuit,0.7294461447145509,calibrated_model,short_circuit,False,True,7.4592759999916325,0.7294461447145509,0.17037539523809217,0.019560610765303684,0.08061784928205315
qirv1-0108,0b9f9e17db407820,best colleges for on-campus housing with high graduation rates in California,best colleges for on-campus housing with high graduation rates in california,medium,intent_policy,0.98,Recognized intents consistently map to one frozen V1 route,5,filtered_search,college_student,filtered_search:5,college_student:5,Data - Edward.csv,medium,0.7784131252536705,calibrated_model,medium,True,False,7.731583999998293,0.20118732258298122,0.7784131252536705,0.011759549330028714,0.008640002833319536
qirv1-0109,4e56d52c459500af,what colleges fit a student with a 3.5 gpa,what colleges fit a student with a 3.5 gpa,llm_needed,intent_policy,0.98,Recognized intents consistently map to one frozen V1 route,1,advisory,counselor,advisory:1,counselor:1,Data Anthony.csv,llm_needed,0.5188170905141617,calibrated_model,llm_needed,True,False,7.30749300001321,0.12776374198404208,0.2956257090714175,0.05779345843037872,0.5188170905141617
qirv1-0110,64b9019b2a10fd06,how do we keep our admissions staff account access up to date when team members leave or join,how do we keep our admissions staff account access up to date when team members leave or join,llm_needed,intent_policy,0.98,Recognized intents consistently map to one frozen V1 route,1,advisory,college_b2b,advisory:1,college_b2b:1,Data - Ridhi.csv,llm_needed,0.6449772815399909,calibrated_model,llm_needed,True,False,7.724330000002055,0.053541378630465604,0.28734281488972757,0.014138524939815841,0.6449772815399909
qirv1-0111,bb57671c13254ded,how to advocate for systemic changes in curriculum or policy that affect students,how to advocate for systemic changes in curriculum or policy that affect students,llm_needed,intent_policy,0.98,Recognized intents consistently map to one frozen V1 route,1,advisory,advisor,advisory:1,advisor:1,Data - Ridhi.csv,medium,0.4556155966851953,calibrated_model,medium,False,False,7.622569999995221,0.1485602709538507,0.4556155966851953,0.0040099552961099846,0.39181417706484406
qirv1-0112,fed3b773785f35cd,job placement for Northwestern,job placement for northwestern,short_circuit,intent_policy,0.98,Recognized intents consistently map to one frozen V1 route,2,attribute_lookup,advisor,attribute_lookup:2,advisor:2,Data - Shivansh.csv,medium,0.6325558965629557,calibrated_model,medium,False,False,7.194522000020243,0.28901145519488597,0.6325558965629557,0.059447175494543925,0.018985472747614304
qirv1-0113,73150c804ba4b092,How can community college students connect with university alumni for mentorship?,how can community college students connect with university alumni for mentorship,llm_needed,intent_policy,0.98,Recognized intents consistently map to one frozen V1 route,1,advisory,community_college_student,advisory:1,community_college_student:1,Data - Nimisha.csv,llm_needed,0.6852723463264914,calibrated_model,llm_needed,True,False,7.71396100000743,0.2892099180761551,0.016471789452010294,0.009045946145343355,0.6852723463264914
qirv1-0114,b784919b862d6c4e,Boston University vs Columbia,boston university vs columbia,complex,intent_policy,0.98,Recognized intents consistently map to one frozen V1 route,1,comparison,high_school_student,comparison:1,high_school_student:1,Data - Shivansh.csv,complex,0.8277071714868226,calibrated_model,complex,True,False,7.173171000005141,0.15687545969961184,0.010810161643017624,0.8277071714868226,0.004607207170548058
qirv1-0115,1b721ba038375fda,universities with peer-led study programs,universities with peer-led study programs,short_circuit,intent_policy,0.98,Recognized intents consistently map to one frozen V1 route,1,attribute_lookup,highschool_student,attribute_lookup:1,highschool_student:1,Data - Ridhi.csv,short_circuit,0.8680492607900089,calibrated_model,short_circuit,True,False,7.326707999993687,0.8680492607900089,0.06833340347304628,0.06079997353337427,0.002817362203570648
qirv1-0116,9312906a7a9dc34c,MIT acceptance rate,mit acceptance rate,short_circuit,intent_policy,0.98,Recognized intents consistently map to one frozen V1 route,1,attribute_lookup,high_school_student,attribute_lookup:1,high_school_student:1,Data Anthony.csv,short_circuit,0.8818290835902336,calibrated_model,short_circuit,True,False,7.118551000019124,0.8818290835902336,0.06009062330637033,0.016422482258001688,0.041657810845394466
qirv1-0117,ba697a14a8308350,create reach target safety list for film in Texas under 40k,create reach target safety list for film in texas under 40k,complex,intent_policy,0.98,Recognized intents consistently map to one frozen V1 route,1,comparison,advisor,comparison:1,advisor:1,Data - Shivansh.csv,complex,0.4666307199275,calibrated_model,complex,True,False,7.496594999992112,0.26449138970373487,0.2255657116274341,0.4666307199275,0.04331217874133103
qirv1-0118,9518c2660cbfbc62,career changer teacher2data,career changer teacher2data,llm_needed,intent_policy,0.98,Recognized intents consistently map to one frozen V1 route,1,advisory,career_changer,advisory:1,career_changer:1,Data - Nimisha.csv,llm_needed,0.8435184404462612,calibrated_model,llm_needed,True,False,7.151851000003262,0.05648282910702831,0.08300245088446906,0.016996279562241468,0.8435184404462612
qirv1-0119,ca05659c5667d051,how to support international students who are academically struggling,how to support international students who are academically struggling,llm_needed,intent_policy,0.98,Recognized intents consistently map to one frozen V1 route,1,emotional_advisory,advisor,emotional_advisory:1,advisor:1,Data - Edward.csv,llm_needed,0.9412213373920081,calibrated_model,llm_needed,True,False,7.6025729999855685,0.02384842805625484,0.023405074990104007,0.011525159561633141,0.9412213373920081
qirv1-0120,ca78bb2c078ba5f9,Duke tuition vs Purdue tuition,duke tuition vs purdue tuition,complex,intent_policy,0.98,Recognized intents consistently map to one frozen V1 route,1,comparison,parent,comparison:1,parent:1,Data - Shivansh.csv,complex,0.7509031193527619,calibrated_model,complex,True,False,7.181497999994235,0.23491115938352372,0.011189238281637285,0.7509031193527619,0.002996482982077184
qirv1-0121,455aac8687b13da5,schools with strong programs in philosophy and logic,schools with strong programs in philosophy and logic,medium,intent_policy,0.98,Recognized intents consistently map to one frozen V1 route,1,filtered_search,independent_counselor,filtered_search:1,independent_counselor:1,Data Anthony.csv,medium,0.6714544044796268,calibrated_model,medium,True,False,7.373454999992646,0.0186994952927889,0.6714544044796268,0.2912433883733243,0.01860271185426
qirv1-0122,0f1c7741c924aefc,career outcomes for anthropology majors,career outcomes for anthropology majors,medium,intent_policy,0.98,Recognized intents consistently map to one frozen V1 route,1,career_outcomes,parent,career_outcomes:1,parent:1,Data - Anika.csv,medium,0.7906599542979471,calibrated_model,medium,True,False,7.312312000010479,0.054202885512918714,0.7906599542979471,0.06892291397000594,0.08621424621912843
qirv1-0123,635a35514efdd148,switch bio 2 biomed eng jr yr dumb?,switch bio 2 biomed eng jr yr dumb,llm_needed,intent_policy,0.98,Recognized intents consistently map to one frozen V1 route,1,advisory,college_student,advisory:1,college_student:1,Data - Nimisha.csv,llm_needed,0.8441843352194024,calibrated_model,llm_needed,True,False,7.293786999980512,0.05737352663315285,0.021738266277119913,0.07670387187032468,0.8441843352194024
qirv1-0124,11726805d19cf43d,small engineering colleges with division I sports,small engineering colleges with division i sports,complex,intent_policy,0.98,Recognized intents consistently map to one frozen V1 route,1,multi_constraint,high_school_student,multi_constraint:1,high_school_student:1,Data - Nimisha.csv,complex,0.7392383763437514,calibrated_model,complex,True,False,7.319223999985525,0.18232616260308698,0.05668851805036404,0.7392383763437514,0.02174694300279738
qirv1-0125,3dd8048b0ef54735,Cornell campus culture,cornell campus culture,llm_needed,intent_policy,0.98,Recognized intents consistently map to one frozen V1 route,1,campus_life_fit,counselor_teacher,campus_life_fit:1,counselor_teacher:1,Data - Shivansh.csv,llm_needed,0.6312230852785018,calibrated_model,llm_needed,True,False,7.286633999996184,0.32166507484104856,0.038706884660795034,0.008404955219654462,0.6312230852785018
qirv1-0126,3c1512fc5ca6288b,how to build institutional infrastructure for a study abroad office,how to build institutional infrastructure for a study abroad office,short_circuit,intent_policy,0.98,Recognized intents consistently map to one frozen V1 route,1,attribute_lookup,college,attribute_lookup:1,college:1,Data - Edward.csv,short_circuit,0.6806172217908886,calibrated_model,short_circuit,True,False,7.5731989999781035,0.6806172217908886,0.1718552666770976,0.003476396142255209,0.14405111538975843
qirv1-0127,909f56cdb2e10701,Transfer student social events?,transfer student social events,short_circuit,intent_policy,0.98,Recognized intents consistently map to one frozen V1 route,1,attribute_lookup,transfer_student,attribute_lookup:1,transfer_student:1,Data - Nimisha.csv,short_circuit,0.8896919136885538,calibrated_model,short_circuit,True,False,7.221943000018882,0.8896919136885538,0.03421285686880335,0.008797939235827168,0.06729729020681562
qirv1-0128,7d70054e62a58ecf,internships for Stanford,internships for stanford,short_circuit,intent_policy,0.98,Recognized intents consistently map to one frozen V1 route,1,attribute_lookup,college_student,attribute_lookup:1,college_student:1,Data - Shivansh.csv,llm_needed,0.024138238026865353,low_confidence_fallback,short_circuit,False,False,7.245826999991323,0.5716812424002512,0.037224364001228874,0.3669561555716547,0.024138238026865353
qirv1-0129,942e329a3293404f,how to build a campus recreation center that serves all students equitably,how to build a campus recreation center that serves all students equitably,short_circuit,intent_policy,0.98,Recognized intents consistently map to one frozen V1 route,1,attribute_lookup,college,attribute_lookup:1,college:1,Data - Edward.csv,short_circuit,0.7968810606842766,calibrated_model,short_circuit,True,False,7.620395999992979,0.7968810606842766,0.03741196701613841,0.001813695397422696,0.16389327690216246
qirv1-0130,16aec004adbfa8a2,Boston University vs UC Irvine for finance,boston university vs uc irvine for finance,complex,intent_policy,0.98,Recognized intents consistently map to one frozen V1 route,1,comparison,counselor_teacher,comparison:1,counselor_teacher:1,Data - Shivansh.csv,complex,0.8401184684482456,calibrated_model,complex,True,False,7.296101999997973,0.11026332355618573,0.04444867730896898,0.8401184684482456,0.0051695306865996256
qirv1-0131,91f8c8d1dff2a13a,schools with explicit racial equity programs for campus inclusion,schools with explicit racial equity programs for campus inclusion,medium,intent_policy,0.98,Recognized intents consistently map to one frozen V1 route,1,filtered_search,school_counselor,filtered_search:1,school_counselor:1,Data Anthony.csv,medium,0.6044622448965958,calibrated_model,medium,True,False,7.621026999999003,0.36324084601914947,0.6044622448965958,0.008620969624446294,0.023675939459808396
qirv1-0132,3fd71ba6ed8f6e7a,how to engage parents who are over-involved in their student's applications,how to engage parents who are over-involved in their student's applications,llm_needed,intent_policy,0.98,Recognized intents consistently map to one frozen V1 route,1,advisory,counselor,advisory:1,counselor:1,Data - Ridhi.csv,llm_needed,0.8896232635097888,calibrated_model,llm_needed,True,False,7.846026999999367,0.08951748598834597,0.01657042337121625,0.004288827130648984,0.8896232635097888
qirv1-0133,1e103fdeb16ccc3e,Columbia,columbia,short_circuit,intent_policy,0.98,Recognized intents consistently map to one frozen V1 route,9,exact_lookup,advisor,exact_lookup:9,advisor:4|college_student:1|counselor_teacher:2|parent:2,Data - Shivansh.csv,short_circuit,0.9098664604701548,calibrated_model,short_circuit,True,False,7.037848999999596,0.9098664604701548,0.031051021706260045,0.041164680265475866,0.017917837558109325
qirv1-0134,285b25bb30d716dc,does UC San Diego have philosophy,does uc san diego have philosophy,short_circuit,intent_policy,0.98,Recognized intents consistently map to one frozen V1 route,1,attribute_lookup,college_student,attribute_lookup:1,college_student:1,Data - Shivansh.csv,short_circuit,0.712370978614642,calibrated_model,short_circuit,True,False,7.3146959999803585,0.712370978614642,0.16241442172856638,0.019570675850113742,0.10564392380667796
qirv1-0135,a7422b301e4ef47d,what are common mistakes students make in the college application process,what are common mistakes students make in the college application process,llm_needed,intent_policy,0.98,Recognized intents consistently map to one frozen V1 route,1,advisory,counselor,advisory:1,counselor:1,Data - Ridhi.csv,llm_needed,0.8387919886311654,calibrated_model,llm_needed,True,False,7.594749000020329,0.019218436200706967,0.13030826295908818,0.011681312209039452,0.8387919886311654
qirv1-0136,9e38a4ee87b9b00e,colleges that support mental health well,colleges that support mental health well,medium,intent_policy,0.98,Recognized intents consistently map to one frozen V1 route,1,filtered_search,counselor,filtered_search:1,counselor:1,Data Anthony.csv,medium,0.914313052987925,calibrated_model,medium,True,False,7.5583100000073955,0.053733931492099714,0.914313052987925,0.014542410079909265,0.01741060544006602
qirv1-0137,ca176957f19b74a1,schools with 3D printing labs open to all students,schools with 3d printing labs open to all students,short_circuit,intent_policy,0.98,Recognized intents consistently map to one frozen V1 route,1,attribute_lookup,college_student,attribute_lookup:1,college_student:1,Data - Edward.csv,llm_needed,0.35898948101332956,low_confidence_fallback,llm_needed,False,False,7.411325999981955,0.28294016778438946,0.3331543446333729,0.024916006568908022,0.35898948101332956
qirv1-0138,3bd8a4a3c55452da,what is your platform's approach to supporting community colleges specifically,what is your platform's approach to supporting community colleges specifically,medium,unanimous_observed,1.0,All valid historical route labels agree,1,factual,college_b2b,factual:1,college_b2b:1,Data - Ridhi.csv,medium,0.6111661274054768,calibrated_model,medium,True,False,7.721895999992512,0.009902911024602999,0.6111661274054768,0.008905745418923817,0.37002521615099626
qirv1-0139,1cf4facb000234fe,create reach target safety list for economics in California under 30k,create reach target safety list for economics in california under 30k,complex,intent_policy,0.98,Recognized intents consistently map to one frozen V1 route,1,multi_constraint,advisor,multi_constraint:1,advisor:1,Data - Shivansh.csv,llm_needed,0.06384262811869545,low_confidence_fallback,medium,False,False,7.6025520000087,0.28807101910949834,0.4185228703830631,0.22956348238874313,0.06384262811869545
qirv1-0140,324b50a30067d4ed,feeling overwhelmed in college what should I do,feeling overwhelmed in college what should i do,llm_needed,intent_policy,0.98,Recognized intents consistently map to one frozen V1 route,1,emotional_advisory,college_student,emotional_advisory:1,college_student:1,Data - Edward.csv,llm_needed,0.927774851140725,calibrated_model,llm_needed,True,False,7.39944400001491,0.013861466375414263,0.04827308603622362,0.010090596447637216,0.927774851140725
qirv1-0141,b981a35ed74be267,what is the best practice for responding to student inquiries through your system,what is the best practice for responding to student inquiries through your system,llm_needed,intent_policy,0.98,Recognized intents consistently map to one frozen V1 route,1,advisory,college_b2b,advisory:1,college_b2b:1,Data - Ridhi.csv,medium,0.535842191054606,calibrated_model,medium,False,False,7.64948099998719,0.1662178803870367,0.535842191054606,0.00426998969856185,0.2936699388597956
qirv1-0142,3cb70c515310d8a4,schools with art and creative talent scholarships,schools with art and creative talent scholarships,short_circuit,intent_policy,0.98,Recognized intents consistently map to one frozen V1 route,1,attribute_lookup,highschool_student,attribute_lookup:1,highschool_student:1,Data - Edward.csv,llm_needed,0.05140772935767685,low_confidence_fallback,short_circuit,False,False,7.361753999987286,0.5112851861137139,0.3998662997718927,0.037440784756716576,0.05140772935767685
qirv1-0143,5b123fe707bd5239,how to deal with a professor who gives confusing instructions,how to deal with a professor who gives confusing instructions,llm_needed,intent_policy,0.98,Recognized intents consistently map to one frozen V1 route,1,advisory,college_student,advisory:1,college_student:1,Data - Ridhi.csv,llm_needed,0.7884619718853418,calibrated_model,llm_needed,True,False,7.5026260000186085,0.16534621868119748,0.04391629212854801,0.0022755173049127265,0.7884619718853418
qirv1-0144,996f0f56ba9fb5fe,schools with active intramural esports leagues,schools with active intramural esports leagues,short_circuit,intent_policy,0.98,Recognized intents consistently map to one frozen V1 route,1,attribute_lookup,highschool_student,attribute_lookup:1,highschool_student:1,Data - Edward.csv,short_circuit,0.8489979886693252,calibrated_model,short_circuit,True,False,7.451962000004642,0.8489979886693252,0.07561034782459368,0.01251269460667214,0.06287896889940901
qirv1-0145,ed3fabdc84bae143,does USC have electrical engineering,does usc have electrical engineering,short_circuit,intent_policy,0.98,Recognized intents consistently map to one frozen V1 route,1,attribute_lookup,advisor,attribute_lookup:1,advisor:1,Data - Shivansh.csv,short_circuit,0.8163857989641373,calibrated_model,short_circuit,True,False,7.3802280000165865,0.8163857989641373,0.07174970382672968,0.07734686912079351,0.034517628088339476
qirv1-0146,06c2eb5e1d296e32,colleges with strong parental communication policies,colleges with strong parental communication policies,short_circuit,intent_policy,0.98,Recognized intents consistently map to one frozen V1 route,1,attribute_lookup,parent,attribute_lookup:1,parent:1,Data - Edward.csv,medium,0.5100536878644142,calibrated_model,medium,False,False,7.351714999998649,0.4243976677728251,0.5100536878644142,0.06284214534694131,0.002706499015819376
qirv1-0147,1850316812fc133f,what extracurriculars do top colleges actually care about,what extracurriculars do top colleges actually care about,llm_needed,intent_policy,0.98,Recognized intents consistently map to one frozen V1 route,1,advisory,parent,advisory:1,parent:1,Data - Ridhi.csv,medium,0.556326164711661,calibrated_model,medium,False,False,7.440049999985376,0.0038179704620665334,0.556326164711661,0.0019483706238078975,0.4379074942024645
qirv1-0148,b48db612f199cb8b,colleges with hidden libraries,colleges with hidden libraries,medium,unanimous_observed,1.0,All valid historical route labels agree,1,filter_search,high_school_student,filter_search:1,high_school_student:1,Data Anthony.csv,medium,0.5731728652205396,calibrated_model,medium,True,False,7.229156000022385,0.401351097538946,0.5731728652205396,0.022249052781078457,0.00322698445943604
qirv1-0149,d5189f829991f10d,what is the drop add period and how do I use it,what is the drop add period and how do i use it,medium,unanimous_observed,1.0,All valid historical route labels agree,1,factual,college_student,factual:1,college_student:1,Data - Ridhi.csv,llm_needed,0.7593753067221706,calibrated_model,llm_needed,False,False,7.347385999992184,0.04342435316732885,0.19259674877883012,0.004603591331670436,0.7593753067221706
qirv1-0150,e83593ee04328843,colleges near research parks,colleges near research parks,medium,intent_policy,0.98,Recognized intents consistently map to one frozen V1 route,1,filtered_search,parent,filtered_search:1,parent:1,Data - Anika.csv,medium,0.6198232227970406,calibrated_model,medium,True,False,7.191696999996111,0.016646443075796713,0.6198232227970406,0.36131210622337334,0.002218227903789225
qirv1-0151,9ab4ea03cbac9488,colleges emphasizing culturally responsive teaching curricula,colleges emphasizing culturally responsive teaching curricula,medium,intent_policy,0.98,Recognized intents consistently map to one frozen V1 route,1,filtered_search,urban_teacher,filtered_search:1,urban_teacher:1,Data Anthony.csv,medium,0.758650533649272,calibrated_model,medium,True,False,7.60359500000618,0.09353759729981097,0.758650533649272,0.01526651978444015,0.13254534926647685
qirv1-0152,1cd9ae10698c12d9,how to evaluate the impact of guaranteed admission programs on enrollment quality,how to evaluate the impact of guaranteed admission programs on enrollment quality,short_circuit,intent_policy,0.98,Recognized intents consistently map to one frozen V1 route,1,attribute_lookup,college,attribute_lookup:1,college:1,Data - Edward.csv,short_circuit,0.942664642279417,calibrated_model,short_circuit,True,False,7.537792000022137,0.942664642279417,0.019368899402606693,0.011325884731869214,0.026640573586107053
qirv1-0153,7c3df0d8834deef8,comparing cs salary outcomes across regions for my son,comparing cs salary outcomes across regions for my son,short_circuit,intent_policy,0.98,Recognized intents consistently map to one frozen V1 route,1,attribute_lookup,parent,attribute_lookup:1,parent:1,Data - Nimisha.csv,complex,0.46608453819292645,calibrated_model,complex,False,False,7.519548000004761,0.1346733042491999,0.03533401665123117,0.46608453819292645,0.36390814090664253
qirv1-0154,a7983cf31f1794b9,does baylor have good support services for students from low income backgrounds,does baylor have good support services for students from low income backgrounds,short_circuit,intent_policy,0.98,Recognized intents consistently map to one frozen V1 route,1,attribute_lookup,parent,attribute_lookup:1,parent:1,Data Anthony.csv,llm_needed,0.3809199104416436,low_confidence_fallback,llm_needed,False,False,7.598816000012221,0.20987144731281457,0.3599040679371601,0.04930457430838168,0.3809199104416436
qirv1-0155,210e546b1c7c4e8c,how to design a campus food pantry to address student hunger,how to design a campus food pantry to address student hunger,short_circuit,intent_policy,0.98,Recognized intents consistently map to one frozen V1 route,1,attribute_lookup,college,attribute_lookup:1,college:1,Data - Edward.csv,short_circuit,0.6396946691361274,calibrated_model,short_circuit,True,False,7.396529000004648,0.6396946691361274,0.006138139475983192,0.0020314432522648574,0.3521357481356246
qirv1-0156,24f425d8d4cd3d77,USC vs UC San Diego for nursing,usc vs uc san diego for nursing,complex,intent_policy,0.98,Recognized intents consistently map to one frozen V1 route,1,comparison,advisor,comparison:1,advisor:1,Data - Shivansh.csv,complex,0.9066725784513802,calibrated_model,complex,True,False,7.193851000010909,0.032566086208056094,0.049269312819925165,0.9066725784513802,0.011492022520638441
qirv1-0157,62194659860a3c27,how to network as an introvert in college,how to network as an introvert in college,llm_needed,intent_policy,0.98,Recognized intents consistently map to one frozen V1 route,1,advisory,college_student,advisory:1,college_student:1,Data - Ridhi.csv,llm_needed,0.7566652497955276,calibrated_model,llm_needed,True,False,7.521160999999665,0.21667982599570887,0.025636019053843537,0.0010189051549198654,0.7566652497955276
qirv1-0158,d84703caddbbd664,does Harvard have business,does harvard have business,short_circuit,intent_policy,0.98,Recognized intents consistently map to one frozen V1 route,2,attribute_lookup,college_student,attribute_lookup:2,college_student:1|counselor_teacher:1,Data - Shivansh.csv,short_circuit,0.8101639392716313,calibrated_model,short_circuit,True,False,7.182538999984445,0.8101639392716313,0.15188346562201124,0.02373650780615692,0.014216087300200395
qirv1-0159,4c3308853e6a6b6f,archived admissions data access,archived admissions data access,medium,intent_policy,0.98,Recognized intents consistently map to one frozen V1 route,1,profile_management,college_b2b,profile_management:1,college_b2b:1,Data - Anika.csv,medium,0.5894529674193593,calibrated_model,medium,True,False,7.20078300000182,0.10701842571251256,0.5894529674193593,0.29274751700036655,0.010781089867761594
qirv1-0160,936ad80f7bc3b7cb,what schools should i apply to for mechanical engineering near the beach low tuition,what schools should i apply to for mechanical engineering near the beach low tuition,complex,intent_policy,0.98,Recognized intents consistently map to one frozen V1 route,1,recommendation,counselor_teacher,recommendation:1,counselor_teacher:1,Data - Shivansh.csv,complex,0.8639667570894138,calibrated_model,complex,True,False,7.591833000020642,0.0011771448157018676,0.026183501133496694,0.8639667570894138,0.10867259696138742
qirv1-0161,99f3e3e1ca08964b,schools with honors programs that aren’t stressful,schools with honors programs that aren't stressful,llm_needed,intent_policy,0.98,Recognized intents consistently map to one frozen V1 route,1,emotional_advisory,highschool_student,emotional_advisory:1,highschool_student:1,Data - Ridhi.csv,llm_needed,0.21441865458713627,low_confidence_fallback,medium,True,False,7.446050999988074,0.26026497118144204,0.3688908516628691,0.1564255225685526,0.21441865458713627
qirv1-0162,6101a526c7fceb7a,Duke tuition vs University of Maryland tuition,duke tuition vs university of maryland tuition,complex,intent_policy,0.98,Recognized intents consistently map to one frozen V1 route,1,comparison,counselor_teacher,comparison:1,counselor_teacher:1,Data - Shivansh.csv,complex,0.5704236847627483,calibrated_model,complex,True,False,7.381460000004836,0.4115685040965644,0.013037203532564904,0.5704236847627483,0.00497060760812242
qirv1-0163,1d39b5112612e4d9,University of Maryland average ACT,university of maryland average act,short_circuit,intent_policy,0.98,Recognized intents consistently map to one frozen V1 route,1,attribute_lookup,high_school_student,attribute_lookup:1,high_school_student:1,Data - Shivansh.csv,short_circuit,0.8976299350806315,calibrated_model,short_circuit,True,False,7.317541000020356,0.8976299350806315,0.05154237629220184,0.01433483662582812,0.03649285200133859
qirv1-0164,2f6991564513fdea,colleges near state borders,colleges near state borders,medium,intent_policy,0.98,Recognized intents consistently map to one frozen V1 route,1,filtered_search,parent,filtered_search:1,parent:1,Data - Anika.csv,medium,0.7364041354337982,calibrated_model,medium,True,False,7.175094999979592,0.03168440142776571,0.7364041354337982,0.22788022771930508,0.004031235419131065
qirv1-0165,2f0cb1bc44dced89,recommend large colleges in the Midwest for economics not too competitive,recommend large colleges in the midwest for economics not too competitive,complex,intent_policy,0.98,Recognized intents consistently map to one frozen V1 route,1,recommendation,parent,recommendation:1,parent:1,Data - Shivansh.csv,complex,0.8684503849071531,calibrated_model,complex,True,False,7.509008999988964,0.001426041772569938,0.10150806150811399,0.8684503849071531,0.028615511812163014
qirv1-0166,6d8e5b52501e07fd,universities with student-run environmental law organizations,universities with student-run environmental law organizations,short_circuit,intent_policy,0.98,Recognized intents consistently map to one frozen V1 route,1,attribute_lookup,highschool_student,attribute_lookup:1,highschool_student:1,Data - Edward.csv,short_circuit,0.7745852478079861,calibrated_model,short_circuit,True,False,7.45805299999347,0.7745852478079861,0.1293703920729883,0.09297820387258987,0.0030661562464357043
qirv1-0167,fbe4638101802eb8,recommend medium-sized colleges near a major tech hub for economics reach schools,recommend medium-sized colleges near a major tech hub for economics reach schools,complex,intent_policy,0.98,Recognized intents consistently map to one frozen V1 route,1,recommendation,advisor,recommendation:1,advisor:1,Data - Shivansh.csv,complex,0.7648365503235249,calibrated_model,complex,True,False,7.501805000003969,0.0010384779818005169,0.23146769224646344,0.7648365503235249,0.0026572794482111095
qirv1-0168,a6aefda9352925c7,affordable nursing schools in Texas with good job placement,affordable nursing schools in texas with good job placement,complex,intent_policy,0.98,Recognized intents consistently map to one frozen V1 route,1,multi_constraint,high_school_student,multi_constraint:1,high_school_student:1,Data - Shivansh.csv,complex,0.8184101281550132,calibrated_model,complex,True,False,7.410544999999047,0.0019355882863758996,0.17637134314427258,0.8184101281550132,0.0032829404143381864
qirv1-0169,bb423e39d4b0b1d5,help me compare colleges for entrepreneurship resources based on robust internships and online course options,help me compare colleges for entrepreneurship resources based on robust internships and online course options,complex,intent_policy,0.98,Recognized intents consistently map to one frozen V1 route,5,multi_constraint,college_student,multi_constraint:5,college_student:5,Data - Edward.csv,complex,0.906376712293206,calibrated_model,complex,True,False,7.774112999982208,0.04094705853701206,0.03544356864462656,0.906376712293206,0.017232660525155388
qirv1-0170,d36cd70a16d28378,Community college STEM faculty office hours?,community college stem faculty office hours,short_circuit,intent_policy,0.98,Recognized intents consistently map to one frozen V1 route,1,attribute_lookup,community_college_student,attribute_lookup:1,community_college_student:1,Data - Nimisha.csv,short_circuit,0.8137209449389772,calibrated_model,short_circuit,True,False,7.468963999997413,0.8137209449389772,0.014003718577484016,0.021627550774355183,0.1506477857091837
qirv1-0171,1727d078605058bd,how do we position our school against peer institutions on your platform,how do we position our school against peer institutions on your platform,llm_needed,intent_policy,0.98,Recognized intents consistently map to one frozen V1 route,1,advisory,college_b2b,advisory:1,college_b2b:1,Data - Ridhi.csv,llm_needed,0.5838968159952604,calibrated_model,llm_needed,True,False,7.62088700000163,0.0048932364562013645,0.34732019676345666,0.06388975078508158,0.5838968159952604
qirv1-0172,79b5a4c2d318de0e,Princeton job placement for biology,princeton job placement for biology,medium,intent_policy,0.98,Recognized intents consistently map to one frozen V1 route,1,career_outcomes,counselor_teacher,career_outcomes:1,counselor_teacher:1,Data - Shivansh.csv,medium,0.7354664160093017,calibrated_model,medium,True,False,7.326487999989695,0.18702831876864,0.7354664160093017,0.06629412410716003,0.01121114111489837
qirv1-0173,83d7d1808d1a8a2f,Community college STEM lab safety training?,community college stem lab safety training,short_circuit,intent_policy,0.98,Recognized intents consistently map to one frozen V1 route,1,attribute_lookup,community_college_student,attribute_lookup:1,community_college_student:1,Data - Nimisha.csv,short_circuit,0.8937364097975231,calibrated_model,short_circuit,True,False,7.260445000014215,0.8937364097975231,0.0068142056455460535,0.04367659578660301,0.05577278877032782
qirv1-0174,44162869e01615f1,colleges that accept community college associate degrees,colleges that accept community college associate degrees,short_circuit,intent_policy,0.98,Recognized intents consistently map to one frozen V1 route,1,attribute_lookup,college_student,attribute_lookup:1,college_student:1,Data - Edward.csv,short_circuit,0.7411346719189581,calibrated_model,short_circuit,True,False,7.393902999979218,0.7411346719189581,0.1569913325200515,0.006562660812821492,0.09531133474816877
qirv1-0175,a293fa8c17d0bfcb,which schools offer campus culture and inclusion and allow early application deadlines,which schools offer campus culture and inclusion and allow early application deadlines,short_circuit,intent_policy,0.98,Recognized intents consistently map to one frozen V1 route,5,attribute_lookup,parent,attribute_lookup:5,parent:5,Data - Edward.csv,short_circuit,0.6926083503948641,calibrated_model,short_circuit,True,False,7.6861580000127105,0.6926083503948641,0.2776504427835817,0.009775971980792143,0.019965234840762083
qirv1-0176,2acc96a119c2bc84,Grad program funding packages?,grad program funding packages,short_circuit,intent_policy,0.98,Recognized intents consistently map to one frozen V1 route,1,attribute_lookup,graduate_applicant,attribute_lookup:1,graduate_applicant:1,Data - Nimisha.csv,short_circuit,0.8692426539142186,calibrated_model,short_circuit,True,False,7.421886000003042,0.8692426539142186,0.01954506901163933,0.02152441843800511,0.089687858636137
qirv1-0177,4c47a9ce1eee9e92,colleges where graduates frequently enter community service roles,colleges where graduates frequently enter community service roles,medium,intent_policy,0.98,Recognized intents consistently map to one frozen V1 route,1,filtered_search,nonprofit_advisor,filtered_search:1,nonprofit_advisor:1,Data Anthony.csv,medium,0.8005738009882865,calibrated_model,medium,True,False,7.484763000007888,0.13752706128154452,0.8005738009882865,0.01648988076889385,0.045409256961275145
qirv1-0178,5c4fa5af668371a9,how to build a comprehensive new staff and administrator onboarding program,how to build a comprehensive new staff and administrator onboarding program,short_circuit,intent_policy,0.98,Recognized intents consistently map to one frozen V1 route,1,attribute_lookup,college,attribute_lookup:1,college:1,Data - Edward.csv,short_circuit,0.921898622483959,calibrated_model,short_circuit,True,False,7.610938999988548,0.921898622483959,0.015926980665891266,0.012118032002310854,0.050056364847838875
qirv1-0179,602c7d4aabf66704,how to train faculty in active learning and inclusive pedagogy,how to train faculty in active learning and inclusive pedagogy,short_circuit,intent_policy,0.98,Recognized intents consistently map to one frozen V1 route,1,attribute_lookup,college,attribute_lookup:1,college:1,Data - Edward.csv,short_circuit,0.808225554900562,calibrated_model,short_circuit,True,False,7.426264000002902,0.808225554900562,0.06151266306099972,0.010605154078409887,0.11965662796002845
qirv1-0180,044666f47bd5c495,elite non coastal universities,elite non coastal universities,complex,intent_policy,0.98,Recognized intents consistently map to one frozen V1 route,1,recommendation,advisor,recommendation:1,advisor:1,Data - Anika.csv,complex,0.4576435406756601,calibrated_model,complex,True,False,7.266366000010294,0.07177417358485282,0.4136730991473254,0.4576435406756601,0.05690918659216162
qirv1-0181,146c63efebf87e35,schools with strong writing culture,schools with strong writing culture,llm_needed,intent_policy,0.98,Recognized intents consistently map to one frozen V1 route,1,campus_life_fit,college_student,campus_life_fit:1,college_student:1,Data - Anika.csv,llm_needed,0.8145397478872086,calibrated_model,llm_needed,True,False,7.23648999999682,0.04000386185273177,0.13581528660770914,0.00964110365235057,0.8145397478872086
qirv1-0182,7bb9ddcbf141ad76,Rice University research opportunities,rice university research opportunities,short_circuit,intent_policy,0.98,Recognized intents consistently map to one frozen V1 route,1,attribute_lookup,parent,attribute_lookup:1,parent:1,Data - Shivansh.csv,short_circuit,0.9223972124516496,calibrated_model,short_circuit,True,False,7.420503000020062,0.9223972124516496,0.018257893796210307,0.023618901373753966,0.03572599237838616
qirv1-0183,b4e8f550f6179aee,how do I advise a student who did their CC online and wants a rural residential experience,how do i advise a student who did their cc online and wants a rural residential experience,llm_needed,intent_policy,0.98,Recognized intents consistently map to one frozen V1 route,1,advisory,community_college_advisor,advisory:1,community_college_advisor:1,Data Anthony.csv,llm_needed,0.9724748943807876,calibrated_model,llm_needed,True,False,7.764114999986305,0.0100386492844224,0.015026326892116271,0.0024601294426736683,0.9724748943807876
qirv1-0184,6d6a94daa7c4f113,create reach target safety list for psychology in California full ride options,create reach target safety list for psychology in california full ride options,medium,intent_policy,0.98,Recognized intents consistently map to one frozen V1 route,1,career_outcomes,advisor,career_outcomes:1,advisor:1,Data - Shivansh.csv,llm_needed,0.20462412481391268,low_confidence_fallback,complex,False,False,7.640502999976206,0.11696919084114865,0.30292821845894397,0.37547846588599465,0.20462412481391268
qirv1-0185,18969e73afe7f7ff,best colleges for honors seminar quality with robust internships in California,best colleges for honors seminar quality with robust internships in california,medium,intent_policy,0.98,Recognized intents consistently map to one frozen V1 route,5,filtered_search,teacher,filtered_search:5,teacher:5,Data - Edward.csv,medium,0.8236285824167044,calibrated_model,medium,True,False,7.672001999992517,0.07486382211468952,0.8236285824167044,0.08110376350886854,0.0204038319597375
qirv1-0186,4ab85d68c034240f,which universities cap class sizes early,which universities cap class sizes early,medium,intent_policy,0.98,Recognized intents consistently map to one frozen V1 route,1,filtered_search,counselor,filtered_search:1,counselor:1,Data Anthony.csv,medium,0.7803575233636479,calibrated_model,medium,True,False,7.3471160000053715,0.13818184687622168,0.7803575233636479,0.07299776557822672,0.008462864181903644
qirv1-0187,afc5ea957a778685,good colleges for students who want flexibility in pacing,good colleges for students who want flexibility in pacing,complex,intent_policy,0.98,Recognized intents consistently map to one frozen V1 route,1,recommendation,parent,recommendation:1,parent:1,Data - Anika.csv,complex,0.8484245009687957,calibrated_model,complex,True,False,7.445669999981419,0.005841592680413586,0.10097244672501328,0.8484245009687957,0.04476145962577743
qirv1-0188,2c7d64e6392ad1b4,edtech founder project CS,edtech founder project cs,complex,intent_policy,0.98,Recognized intents consistently map to one frozen V1 route,1,strategy,edtech_founder,strategy:1,edtech_founder:1,Data - Nimisha.csv,complex,0.9407731226700916,calibrated_model,complex,True,False,7.2575789999973495,0.03195896271468108,0.007773424796621762,0.9407731226700916,0.01949448981860555
qirv1-0189,0d2f1e847ad1efed,rankings for Georgia Tech,rankings for georgia tech,short_circuit,intent_policy,0.98,Recognized intents consistently map to one frozen V1 route,1,attribute_lookup,parent,attribute_lookup:1,parent:1,Data - Shivansh.csv,short_circuit,0.7488121895105158,calibrated_model,short_circuit,True,False,7.407849000003353,0.7488121895105158,0.07091029312558404,0.17134335970487372,0.0089341576590264
qirv1-0190,c9d1bed90cdb9507,how to build a more racially and ethnically diverse incoming class,how to build a more racially and ethnically diverse incoming class,medium,intent_policy,0.98,Recognized intents consistently map to one frozen V1 route,1,filtered_search,college,filtered_search:1,college:1,Data - Edward.csv,short_circuit,0.683759041387174,calibrated_model,short_circuit,False,True,7.535125999993397,0.683759041387174,0.047447397515756495,0.0139966922857851,0.2547968688112843
qirv1-0191,ea9d40f91fe95aa8,good schools if you want to start a startup eventually,good schools if you want to start a startup eventually,medium,intent_policy,0.98,Recognized intents consistently map to one frozen V1 route,1,filtered_search,high_school_student,filtered_search:1,high_school_student:1,Data Anthony.csv,medium,0.5180180194798655,calibrated_model,medium,True,False,7.579058999994004,0.02387159800774438,0.5180180194798655,0.21125505387630503,0.24685532863608506
qirv1-0192,213e47fd9965099c,MIT financial aid for out of state,mit financial aid for out of state,medium,intent_policy,0.98,Recognized intents consistently map to one frozen V1 route,2,cost_financial_aid,high_school_student,cost_financial_aid:2,advisor:1|high_school_student:1,Data - Shivansh.csv,llm_needed,0.06393468022664865,low_confidence_fallback,short_circuit,False,False,7.312532000014471,0.5096325362365935,0.3790264414328724,0.04740634210388537,0.06393468022664865
qirv1-0193,b1a10cc17732f8a0,how to develop a student success technology ecosystem,how to develop a student success technology ecosystem,short_circuit,intent_policy,0.98,Recognized intents consistently map to one frozen V1 route,1,attribute_lookup,college,attribute_lookup:1,college:1,Data - Edward.csv,short_circuit,0.8412799594041759,calibrated_model,short_circuit,True,False,7.498448999996299,0.8412799594041759,0.014751188670509249,0.002328301861433005,0.14164055006388176
qirv1-0194,9bfa927933c04b9d,small electrical engineering colleges near Chicago under 30k,small electrical engineering colleges near chicago under 30k,complex,intent_policy,0.98,Recognized intents consistently map to one frozen V1 route,1,multi_constraint,advisor,multi_constraint:1,advisor:1,Data - Shivansh.csv,complex,0.9318914759859608,calibrated_model,complex,True,False,7.482398999997031,0.025182635203761405,0.040692998157378195,0.9318914759859608,0.0022328906528996184
qirv1-0195,84b29eee2f36cf1b,comp sci gpa reset after transfer?,comp sci gpa reset after transfer,llm_needed,intent_policy,0.98,Recognized intents consistently map to one frozen V1 route,1,advisory,transfer_student,advisory:1,transfer_student:1,Data - Nimisha.csv,llm_needed,0.6920552393504393,calibrated_model,llm_needed,True,False,7.501204000021744,0.22958237451307428,0.025584521503924085,0.05277786463256231,0.6920552393504393
qirv1-0196,74d13d2e6f88dc2c,how to conduct an effective sophomore year check-in about college planning,how to conduct an effective sophomore year check-in about college planning,llm_needed,intent_policy,0.98,Recognized intents consistently map to one frozen V1 route,1,advisory,counselor,advisory:1,counselor:1,Data - Ridhi.csv,llm_needed,0.6081433720285953,calibrated_model,llm_needed,True,False,7.7085099999862905,0.3567719973112235,0.03345964119646124,0.001624989463719925,0.6081433720285953
qirv1-0197,5604c58da9d5e1c3,how to document and share college counseling resources with students digitally,how to document and share college counseling resources with students digitally,llm_needed,intent_policy,0.98,Recognized intents consistently map to one frozen V1 route,1,advisory,counselor,advisory:1,counselor:1,Data - Ridhi.csv,llm_needed,0.564736831328123,calibrated_model,llm_needed,True,False,7.663465999996788,0.42193906940804227,0.007359627520839476,0.005964471742995234,0.564736831328123
qirv1-0198,7c1632e30a454c99,How can project-based CS labs enhance learning outcomes?,how can project-based cs labs enhance learning outcomes,complex,intent_policy,0.98,Recognized intents consistently map to one frozen V1 route,1,strategy,edtech_founder,strategy:1,edtech_founder:1,Data - Nimisha.csv,complex,0.5269780035185135,calibrated_model,complex,True,False,7.7031499999975495,0.09666094568829281,0.05104264418329787,0.5269780035185135,0.32531840660989575
qirv1-0199,24522fae6d6a9f7f,NYU average SAT,nyu average sat,short_circuit,intent_policy,0.98,Recognized intents consistently map to one frozen V1 route,1,attribute_lookup,parent,attribute_lookup:1,parent:1,Data - Shivansh.csv,short_circuit,0.8247307199259312,calibrated_model,short_circuit,True,False,7.198719000001574,0.8247307199259312,0.14277089579170296,0.011749457422658488,0.020748926859707365
qirv1-0200,2bd01ddef65d7857,civil eng infrastructure bill demand spike,civil eng infrastructure bill demand spike,short_circuit,intent_policy,0.98,Recognized intents consistently map to one frozen V1 route,1,attribute_lookup,government_workforce_analyst,attribute_lookup:1,government_workforce_analyst:1,Data - Nimisha.csv,llm_needed,0.3140443200837423,low_confidence_fallback,short_circuit,False,False,7.3461549999933595,0.35869354421447824,0.03521983256285364,0.2920423031389259,0.3140443200837423
qirv1-0201,c062a4547dc26b08,how to advise students who want to transfer from a 4-year to a community college,how to advise students who want to transfer from a 4-year to a community college,llm_needed,intent_policy,0.98,Recognized intents consistently map to one frozen V1 route,1,emotional_advisory,advisor,emotional_advisory:1,advisor:1,Data - Edward.csv,llm_needed,0.6465119040614439,calibrated_model,llm_needed,True,False,7.7029100000061135,0.32626448024775706,0.025540652253691357,0.0016829634371077406,0.6465119040614439
qirv1-0202,46caf52faa2af1ac,cheapest architecture schools near a tech hub,cheapest architecture schools near a tech hub,medium,intent_policy,0.98,Recognized intents consistently map to one frozen V1 route,1,cost_financial_aid,counselor_teacher,cost_financial_aid:1,counselor_teacher:1,Data - Shivansh.csv,medium,0.8931744341660716,calibrated_model,medium,True,False,7.340052999978752,0.0039487206168673464,0.8931744341660716,0.09918383195292435,0.0036930132641367843
qirv1-0203,3b3ab72b0d740cac,engineering programs with strong alumni mentorship networks,engineering programs with strong alumni mentorship networks,short_circuit,intent_policy,0.98,Recognized intents consistently map to one frozen V1 route,1,attribute_lookup,high_school_student,attribute_lookup:1,high_school_student:1,Data - Nimisha.csv,short_circuit,0.6552347696022274,calibrated_model,short_circuit,True,False,7.4328460000003815,0.6552347696022274,0.04816244738270029,0.24321309621762213,0.053389686797450236
qirv1-0204,b1ace66383c3464e,how to get leadership positions in student clubs,how to get leadership positions in student clubs,llm_needed,intent_policy,0.98,Recognized intents consistently map to one frozen V1 route,1,advisory,college_student,advisory:1,college_student:1,Data - Ridhi.csv,llm_needed,0.5505958697714134,calibrated_model,llm_needed,True,False,7.307612999994717,0.3878920673333528,0.060180129716539466,0.0013319331786942601,0.5505958697714134
qirv1-0205,7c8662bafe8ce252,how to evaluate and improve campus climate survey results,how to evaluate and improve campus climate survey results,short_circuit,intent_policy,0.98,Recognized intents consistently map to one frozen V1 route,1,attribute_lookup,college,attribute_lookup:1,college:1,Data - Edward.csv,short_circuit,0.8693203677911939,calibrated_model,short_circuit,True,False,7.478821999995944,0.8693203677911939,0.02164956634612672,0.008595159099391582,0.10043490676328785
qirv1-0206,9db7c2e250152753,University of Florida job placement for engineering,university of florida job placement for engineering,medium,intent_policy,0.98,Recognized intents consistently map to one frozen V1 route,1,career_outcomes,college_student,career_outcomes:1,college_student:1,Data - Shivansh.csv,medium,0.5384841108629504,calibrated_model,medium,True,False,7.304676999979165,0.3772190111610107,0.5384841108629504,0.07001430946640051,0.014282568509638383
qirv1-0207,38a4790159e77dcc,edtech build cs portfolio tool,edtech build cs portfolio tool,complex,intent_policy,0.98,Recognized intents consistently map to one frozen V1 route,1,strategy,edtech_founder,strategy:1,edtech_founder:1,Data - Nimisha.csv,complex,0.7514008603094869,calibrated_model,complex,True,False,7.247059999997418,0.10775798208570302,0.014384918648108045,0.7514008603094869,0.12645623895670213
qirv1-0208,79deefc291b045b2,student wants tech career but dislikes coding,student wants tech career but dislikes coding,llm_needed,intent_policy,0.98,Recognized intents consistently map to one frozen V1 route,1,advisory,counselor,advisory:1,counselor:1,Data - Nimisha.csv,complex,0.6090267146095405,calibrated_model,complex,False,False,7.500311999990572,0.10317284543915033,0.017363628011888354,0.6090267146095405,0.27043681193942076
qirv1-0209,4015989df9463919,how to help a student who is academically capable but unmotivated,how to help a student who is academically capable but unmotivated,llm_needed,intent_policy,0.98,Recognized intents consistently map to one frozen V1 route,1,emotional_advisory,advisor,emotional_advisory:1,advisor:1,Data - Edward.csv,llm_needed,0.9124839933782175,calibrated_model,llm_needed,True,False,7.458724000002803,0.014724677394379729,0.0010193352468249484,0.07177199398057783,0.9124839933782175
qirv1-0210,ee3016a3265463d2,Purdue vs MIT,purdue vs mit,complex,intent_policy,0.98,Recognized intents consistently map to one frozen V1 route,1,comparison,high_school_student,comparison:1,high_school_student:1,Data - Shivansh.csv,complex,0.9437356399395161,calibrated_model,complex,True,False,7.125884000004135,0.04207729207417867,0.010457092995032745,0.9437356399395161,0.0037299749912725385
qirv1-0211,c04f6777b8c726e5,intl student stem OPT stress,intl student stem opt stress,llm_needed,intent_policy,0.98,Recognized intents consistently map to one frozen V1 route,1,emotional_advisory,international_student,emotional_advisory:1,international_student:1,Data - Nimisha.csv,llm_needed,0.861495268552542,calibrated_model,llm_needed,True,False,7.177359999985811,0.07962411074453292,0.008170011634751994,0.05071060906817317,0.861495268552542
qirv1-0212,f9c00c703199b4e2,universities with research in sociogenomics,universities with research in sociogenomics,short_circuit,intent_policy,0.98,Recognized intents consistently map to one frozen V1 route,1,attribute_lookup,highschool_student,attribute_lookup:1,highschool_student:1,Data - Edward.csv,short_circuit,0.8656573176432468,calibrated_model,short_circuit,True,False,7.3099370000022645,0.8656573176432468,0.0791939377405698,0.05327977296897662,0.0018689716472067533
qirv1-0213,bb63b04da47d8670,cc student lab access low,cc student lab access low,llm_needed,intent_policy,0.98,Recognized intents consistently map to one frozen V1 route,2,advisory,community_college_student,advisory:2,community_college_student:2,Data - Nimisha.csv,llm_needed,0.8215379567213272,calibrated_model,llm_needed,True,False,7.124240000024429,0.07367644019564297,0.03731945936966136,0.0674661437133683,0.8215379567213272
qirv1-0214,29cd26cae92f6f18,schools with campus ambassador programs,schools with campus ambassador programs,short_circuit,intent_policy,0.98,Recognized intents consistently map to one frozen V1 route,1,attribute_lookup,highschool_student,attribute_lookup:1,highschool_student:1,Data - Edward.csv,short_circuit,0.9256260438874652,calibrated_model,short_circuit,True,False,7.3773430000017015,0.9256260438874652,0.05862343264789899,0.004652948751139201,0.011097574713496665
qirv1-0215,e4ea2aa553fd4080,schools w strong programs for students intersted in rural journalism or local news,schools w strong programs for students intersted in rural journalism or local news,medium,intent_policy,0.98,Recognized intents consistently map to one frozen V1 route,1,filtered_search,district_advisor,filtered_search:1,district_advisor:1,Data Anthony.csv,medium,0.9118233740771879,calibrated_model,medium,True,False,7.548271999979761,0.005403898341725295,0.9118233740771879,0.06870214817205862,0.014070579409028122
qirv1-0216,31631378981385ac,How can community college students find research opportunities at universities?,how can community college students find research opportunities at universities,llm_needed,intent_policy,0.98,Recognized intents consistently map to one frozen V1 route,1,advisory,community_college_student,advisory:1,community_college_student:1,Data - Nimisha.csv,llm_needed,0.7354550548668111,calibrated_model,llm_needed,True,False,7.5030980000008185,0.2464306113806598,0.012366486718736072,0.005747847033793038,0.7354550548668111
qirv1-0217,0a9a1c24f257513d,how does your platform support community college and transfer student pathways,how does your platform support community college and transfer student pathways,medium,unanimous_observed,1.0,All valid historical route labels agree,1,factual,college_b2b,factual:1,college_b2b:1,Data - Ridhi.csv,llm_needed,0.21345358037639808,low_confidence_fallback,short_circuit,False,False,7.533674000001156,0.45903967128928946,0.3168343740069425,0.010672374327370067,0.21345358037639808
qirv1-0218,70610cccbe94fa73,how to run effective group advising or workshop sessions,how to run effective group advising or workshop sessions,short_circuit,intent_policy,0.98,Recognized intents consistently map to one frozen V1 route,1,attribute_lookup,advisor,attribute_lookup:1,advisor:1,Data - Edward.csv,llm_needed,0.5890290837649296,calibrated_model,llm_needed,False,False,7.3857280000027,0.38812598545174243,0.021933613662568904,0.0009113171207591652,0.5890290837649296
qirv1-0219,d709daa610964a05,how to build a resource library for advisors that includes major and career information,how to build a resource library for advisors that includes major and career information,llm_needed,intent_policy,0.98,Recognized intents consistently map to one frozen V1 route,1,advisory,advisor,advisory:1,advisor:1,Data - Ridhi.csv,short_circuit,0.7234164555812868,calibrated_model,short_circuit,False,True,7.580110999981571,0.7234164555812868,0.08914929661676281,0.0028755416841171728,0.18455870611783312
qirv1-0220,ff6bfe0c3028f679,University of Washington vs UCLA for business,university of washington vs ucla for business,complex,intent_policy,0.98,Recognized intents consistently map to one frozen V1 route,1,comparison,counselor_teacher,comparison:1,counselor_teacher:1,Data - Shivansh.csv,complex,0.8692675552688335,calibrated_model,complex,True,False,7.4541360000068835,0.10558175263961428,0.02277885885697832,0.8692675552688335,0.002371833234573992
qirv1-0221,f69b611a17c95374,small philosophy colleges in California low tuition,small philosophy colleges in california low tuition,complex,intent_policy,0.98,Recognized intents consistently map to one frozen V1 route,1,multi_constraint,counselor_teacher,multi_constraint:1,counselor_teacher:1,Data - Shivansh.csv,complex,0.8246111756365776,calibrated_model,complex,True,False,7.431423000014092,0.005091840139608937,0.15000036935952463,0.8246111756365776,0.02029661486428884
qirv1-0222,3888a0dd7fd6494d,colleges near a major tech hub low tuition with strong research and internships,colleges near a major tech hub low tuition with strong research and internships,complex,intent_policy,0.98,Recognized intents consistently map to one frozen V1 route,1,multi_constraint,counselor_teacher,multi_constraint:1,counselor_teacher:1,Data - Shivansh.csv,complex,0.8287101217072763,calibrated_model,complex,True,False,7.5189670000099795,0.006024159944707459,0.16318344679581828,0.8287101217072763,0.0020822715521980548
qirv1-0223,f5f24029a3c91b46,what is Phi Beta Kappa and is it worth pursuing,what is phi beta kappa and is it worth pursuing,medium,unanimous_observed,1.0,All valid historical route labels agree,1,factual,college_student,factual:1,college_student:1,Data - Ridhi.csv,llm_needed,0.8038033835532551,calibrated_model,llm_needed,False,False,7.382612000014888,0.013053632670523986,0.17747223277294957,0.005670751003271334,0.8038033835532551
qirv1-0224,ddf1e1c1fe837412,best practices for running a career advising drop-in,best practices for running a career advising drop-in,llm_needed,intent_policy,0.98,Recognized intents consistently map to one frozen V1 route,1,advisory,advisor,advisory:1,advisor:1,Data - Ridhi.csv,llm_needed,0.6474454073476213,calibrated_model,llm_needed,True,False,7.356654000005847,0.12483378066237254,0.2189638687242449,0.008756943265761227,0.6474454073476213
qirv1-0225,5903ad31f0f02874,how does your platform handle colleges going through accreditation review,how does your platform handle colleges going through accreditation review,medium,unanimous_observed,1.0,All valid historical route labels agree,1,factual,college_b2b,factual:1,college_b2b:1,Data - Ridhi.csv,medium,0.7522803363180071,calibrated_model,medium,True,False,7.559802999992371,0.05183164583215277,0.7522803363180071,0.09436366300156417,0.10152435484827597
qirv1-0226,3ba847a375c5c8c1,how to help students communicate with financial aid about appeal or special circumstances,how to help students communicate with financial aid about appeal or special circumstances,llm_needed,intent_policy,0.98,Recognized intents consistently map to one frozen V1 route,1,advisory,advisor,advisory:1,advisor:1,Data - Ridhi.csv,llm_needed,0.6738426896272681,calibrated_model,llm_needed,True,False,7.65221599999677,0.28445726869058935,0.04020971935672605,0.0014903223254164669,0.6738426896272681
qirv1-0227,e897f8d72719c0fd,how to help a student who is a strong writer but low test scores decide where to apply,how to help a student who is a strong writer but low test scores decide where to apply,llm_needed,intent_policy,0.98,Recognized intents consistently map to one frozen V1 route,1,advisory,counselor,advisory:1,counselor:1,Data - Ridhi.csv,llm_needed,0.9005729982292646,calibrated_model,llm_needed,True,False,7.807836000012003,0.010067706589239176,0.007983520436430113,0.08137577474506587,0.9005729982292646
qirv1-0228,1fd72d9859baf9d6,which schools offer study abroad options and allow no SAT requirement,which schools offer study abroad options and allow no sat requirement,short_circuit,intent_policy,0.98,Recognized intents consistently map to one frozen V1 route,5,attribute_lookup,college_student,attribute_lookup:5,college_student:5,Data - Edward.csv,short_circuit,0.7464182818056218,calibrated_model,short_circuit,True,False,7.462201999999252,0.7464182818056218,0.2291771469447482,0.01771817859047628,0.006686392659153845
qirv1-0229,ec876077af575c09,school profile publishing workflow,school profile publishing workflow,medium,intent_policy,0.98,Recognized intents consistently map to one frozen V1 route,1,profile_management,college_b2b,profile_management:1,college_b2b:1,Data - Anika.csv,medium,0.7993939683778194,calibrated_model,medium,True,False,7.257047999985389,0.10234583176994533,0.7993939683778194,0.029253876113825784,0.06900632373840955
qirv1-0230,12c1c6312e4c06d1,longitudinal admissions data export,longitudinal admissions data export,medium,intent_policy,0.98,Recognized intents consistently map to one frozen V1 route,1,profile_management,college_b2b,profile_management:1,college_b2b:1,Data - Anika.csv,medium,0.6712990527015821,calibrated_model,medium,True,False,7.350401999985934,0.11529048286998701,0.6712990527015821,0.18500508731591128,0.028405377112519614
qirv1-0231,9748d9bc39295ebf,cs major building portfolio without internships,cs major building portfolio without internships,llm_needed,intent_policy,0.98,Recognized intents consistently map to one frozen V1 route,1,advisory,college_student,advisory:1,college_student:1,Data - Nimisha.csv,llm_needed,0.6416675089902147,calibrated_model,llm_needed,True,False,7.370820999994976,0.05468901644335997,0.04690670385100537,0.25673677071541984,0.6416675089902147
qirv1-0232,759ba5dcdb276107,UC Berkeley vs USC for finance,uc berkeley vs usc for finance,complex,intent_policy,0.98,Recognized intents consistently map to one frozen V1 route,1,comparison,college_student,comparison:1,college_student:1,Data - Shivansh.csv,complex,0.8925188041457822,calibrated_model,complex,True,False,7.250725999995211,0.034891004366260865,0.06666115143281486,0.8925188041457822,0.005929040055142251
qirv1-0233,ec664bca8992ec55,mid sized universities with strong human factors engineering,mid sized universities with strong human factors engineering,complex,intent_policy,0.98,Recognized intents consistently map to one frozen V1 route,1,multi_constraint,college_student,multi_constraint:1,college_student:1,Data - Anika.csv,complex,0.865283948959476,calibrated_model,complex,True,False,7.7600070000016785,0.06893033514675603,0.05159009925452254,0.865283948959476,0.014195616639245373
qirv1-0234,18dac85e786f5a10,what tools are available to advisors for tracking student academic progress,what tools are available to advisors for tracking student academic progress,medium,unanimous_observed,1.0,All valid historical route labels agree,1,tool_request,advisor,tool_request:1,advisor:1,Data - Ridhi.csv,llm_needed,0.28496982040083785,low_confidence_fallback,short_circuit,False,False,7.6235820000079,0.3831298482543666,0.28933207736948446,0.04256825397531114,0.28496982040083785
qirv1-0235,e9a21b332b1b9868,visibility in recommendation engine,visibility in recommendation engine,medium,unanimous_observed,1.0,All valid historical route labels agree,1,guidance,college_b2b,guidance:1,college_b2b:1,Data - Anika.csv,medium,0.6936628020572492,calibrated_model,medium,True,False,7.2721370000010666,0.029377577428932905,0.6936628020572492,0.15416312726840634,0.12279649324541149
qirv1-0236,c05cdd6b39de4a5c,schools with strong programs for students who grew up abroad or are third culture kids,schools with strong programs for students who grew up abroad or are third culture kids,medium,intent_policy,0.98,Recognized intents consistently map to one frozen V1 route,1,filtered_search,independent_counselor,filtered_search:1,independent_counselor:1,Data Anthony.csv,llm_needed,0.49088933640187,calibrated_model,llm_needed,False,False,7.671050999988438,0.0074773104297762615,0.489529597022264,0.012103756146089726,0.49088933640187
qirv1-0237,6e0e59a35b18a823,can I take grad-level classes as an undergrad,can i take grad-level classes as an undergrad,short_circuit,intent_policy,0.98,Recognized intents consistently map to one frozen V1 route,1,attribute_lookup,college_student,attribute_lookup:1,college_student:1,Data - Edward.csv,llm_needed,0.3099157718631657,low_confidence_fallback,short_circuit,False,False,7.292083999999477,0.4278208243311286,0.23938450504511435,0.022878898760591345,0.3099157718631657
qirv1-0238,3348614fa20bf621,affordable architecture schools in Texas with good internships,affordable architecture schools in texas with good internships,complex,intent_policy,0.98,Recognized intents consistently map to one frozen V1 route,1,multi_constraint,parent,multi_constraint:1,parent:1,Data - Shivansh.csv,complex,0.833786456307592,calibrated_model,complex,True,False,7.489391999996542,0.002294620842120384,0.1596838994029061,0.833786456307592,0.004235023447381578
qirv1-0239,32baaa712b1edc1c,does wake forest track student progress well,does wake forest track student progress well,short_circuit,intent_policy,0.98,Recognized intents consistently map to one frozen V1 route,1,attribute_lookup,parent,attribute_lookup:1,parent:1,Data Anthony.csv,short_circuit,0.7021643492576869,calibrated_model,short_circuit,True,False,7.428769000000557,0.7021643492576869,0.18542454563923397,0.0379457890677429,0.07446531603533628
qirv1-0240,1901a216bd8894f7,universities that train graduates for local government leadership roles,universities that train graduates for local government leadership roles,medium,intent_policy,0.98,Recognized intents consistently map to one frozen V1 route,1,filtered_search,district_advisor,filtered_search:1,district_advisor:1,Data Anthony.csv,medium,0.8241053630843923,calibrated_model,medium,True,False,7.593756000005669,0.14460167582086478,0.8241053630843923,0.017579253198206437,0.013713707896536457
qirv1-0241,b8b4644271cbe25e,recommend small colleges near Chicago for psychology,recommend small colleges near chicago for psychology,complex,intent_policy,0.98,Recognized intents consistently map to one frozen V1 route,1,recommendation,parent,recommendation:1,parent:1,Data - Shivansh.csv,complex,0.905421913220636,calibrated_model,complex,True,False,7.33526399997686,0.0040673081819053445,0.08872145290596607,0.905421913220636,0.0017893256914926112
qirv1-0242,2ebca07aae96a5e2,engineering schools with 4 year graduation guarantee,engineering schools with 4 year graduation guarantee,short_circuit,intent_policy,0.98,Recognized intents consistently map to one frozen V1 route,1,attribute_lookup,parent,attribute_lookup:1,parent:1,Data - Nimisha.csv,llm_needed,0.09147767968299418,low_confidence_fallback,short_circuit,False,False,7.383623999999145,0.48917645487155886,0.3297973598333,0.08954850561214711,0.09147767968299418
qirv1-0243,85ca377cdb0c638a,Columbia chill campus,columbia chill campus,llm_needed,intent_policy,0.98,Recognized intents consistently map to one frozen V1 route,1,campus_life_fit,college_student,campus_life_fit:1,college_student:1,Data - Shivansh.csv,short_circuit,0.7116732959131196,calibrated_model,short_circuit,False,True,7.22457699998813,0.7116732959131196,0.04020036824214732,0.019349522131757443,0.22877681371297573
qirv1-0244,e2f2e6eb75685a02,colleges where students often study multiple fields by graduation,colleges where students often study multiple fields by graduation,medium,intent_policy,0.98,Recognized intents consistently map to one frozen V1 route,1,filtered_search,independent_counselor,filtered_search:1,independent_counselor:1,Data Anthony.csv,medium,0.8205326473876055,calibrated_model,medium,True,False,7.41688700000509,0.08501042183351488,0.8205326473876055,0.054514248175941894,0.039942682602937686
qirv1-0245,71e0c2aa05e143da,what is college access work and how does it differ from traditional counseling,what is college access work and how does it differ from traditional counseling,medium,unanimous_observed,1.0,All valid historical route labels agree,1,factual,counselor,factual:1,counselor:1,Data - Ridhi.csv,medium,0.5637238842786937,calibrated_model,medium,True,False,7.549724000000424,0.09354103353986594,0.5637238842786937,0.06954244104656583,0.27319264113487457
qirv1-0246,96df81f7c3d3eea3,what college rankings actually matter and what are misleading,what college rankings actually matter and what are misleading,llm_needed,intent_policy,0.98,Recognized intents consistently map to one frozen V1 route,1,advisory,parent,advisory:1,parent:1,Data - Ridhi.csv,llm_needed,0.7798833944544246,calibrated_model,llm_needed,True,False,7.563990999983616,0.011951206254860668,0.170106230310375,0.038059168980339834,0.7798833944544246
qirv1-0247,7fdd3cf06d6ff34b,marketing collaborative eng culture better,marketing collaborative eng culture better,complex,intent_policy,0.98,Recognized intents consistently map to one frozen V1 route,1,strategy,college_admissions_officer,strategy:1,college_admissions_officer:1,Data - Nimisha.csv,llm_needed,0.8644989475256866,calibrated_model,llm_needed,False,False,7.263980999994146,0.046729343346869796,0.005083875931452297,0.08368783319599131,0.8644989475256866
qirv1-0248,90d0b2e9d164e415,colleges near Chicago good financial aid with strong research and internships,colleges near chicago good financial aid with strong research and internships,complex,intent_policy,0.98,Recognized intents consistently map to one frozen V1 route,1,multi_constraint,advisor,multi_constraint:1,advisor:1,Data - Shivansh.csv,complex,0.8379714385163807,calibrated_model,complex,True,False,7.504791000002342,0.007026706731528383,0.153870980843219,0.8379714385163807,0.0011308739088719863
qirv1-0249,4a045a854b85c8f9,how to build institutional capacity for trauma-informed student services,how to build institutional capacity for trauma-informed student services,short_circuit,intent_policy,0.98,Recognized intents consistently map to one frozen V1 route,1,attribute_lookup,college,attribute_lookup:1,college:1,Data - Edward.csv,short_circuit,0.7837536129187472,calibrated_model,short_circuit,True,False,7.557468000015888,0.7837536129187472,0.06729091076915866,0.0013485488104144708,0.14760692750167978
qirv1-0250,40e89aa8bd521810,top public universities for tech jobs,top public universities for tech jobs,medium,intent_policy,0.98,Recognized intents consistently map to one frozen V1 route,1,career_outcomes,advisor,career_outcomes:1,advisor:1,Data - Anika.csv,medium,0.8976445988831866,calibrated_model,medium,True,False,7.209158999984311,0.03110246836465727,0.8976445988831866,0.044197144424705154,0.02705578832745108
qirv1-0251,db98e09b088723d6,does University of Maryland have political science,does university of maryland have political science,short_circuit,intent_policy,0.98,Recognized intents consistently map to one frozen V1 route,1,attribute_lookup,counselor_teacher,attribute_lookup:1,counselor_teacher:1,Data - Shivansh.csv,short_circuit,0.9035662654728314,calibrated_model,short_circuit,True,False,7.263790999985531,0.9035662654728314,0.061131477415268,0.005371474725251411,0.02993078238664928
qirv1-0252,3f76281eea878903,do college rankings matter when you plan to work internationally after graduating,do college rankings matter when you plan to work internationally after graduating,llm_needed,intent_policy,0.98,Recognized intents consistently map to one frozen V1 route,1,reflective_advisory,counselor,reflective_advisory:1,counselor:1,Data Anthony.csv,llm_needed,0.5829871658310614,calibrated_model,llm_needed,True,False,7.767750999988721,0.03748260316363783,0.36101280993556123,0.01851742106973957,0.5829871658310614
qirv1-0253,b01159e73b8fb6bb,improve student match quality,improve student match quality,complex,intent_policy,0.98,Recognized intents consistently map to one frozen V1 route,1,recommendation,college_b2b,recommendation:1,college_b2b:1,Data - Anika.csv,llm_needed,0.1719906769914565,low_confidence_fallback,short_circuit,False,False,7.177981000012323,0.5313299299548168,0.06635202044263884,0.2303273726110878,0.1719906769914565
qirv1-0254,f26951432d626684,Boston University admissions profile average sat and gpa,boston university admissions profile average sat and gpa,medium,intent_policy,0.98,Recognized intents consistently map to one frozen V1 route,1,filtered_search,counselor_teacher,filtered_search:1,counselor_teacher:1,Data - Shivansh.csv,llm_needed,0.016318890687437162,low_confidence_fallback,short_circuit,False,False,7.39320200000293,0.5682994671282107,0.337359746669515,0.07802189551483725,0.016318890687437162
qirv1-0255,ea7f1ed733357092,campuses with strong diversity in stem,campuses with strong diversity in stem,medium,intent_policy,0.98,Recognized intents consistently map to one frozen V1 route,1,filtered_search,college_b2b,filtered_search:1,college_b2b:1,Data Anthony.csv,complex,0.5447580512065393,calibrated_model,complex,False,False,7.2802210000020295,0.05957922218787549,0.18945126087345088,0.5447580512065393,0.20621146573213434
qirv1-0256,1537ec245c457a34,analytics for admissions funnel,analytics for admissions funnel,complex,intent_policy,0.98,Recognized intents consistently map to one frozen V1 route,1,analytics_request,college_b2b,analytics_request:1,college_b2b:1,Data - Anika.csv,complex,0.6816691680935908,calibrated_model,complex,True,False,7.183610999987877,0.1393587402562979,0.1605828154696648,0.6816691680935908,0.018389276180446525
qirv1-0257,1d0f0fdd829f9377,colleges in old mill towns or historic small cities,colleges in old mill towns or historic small cities,medium,intent_policy,0.98,Recognized intents consistently map to one frozen V1 route,1,filtered_search,high_school_student,filtered_search:1,high_school_student:1,Data Anthony.csv,medium,0.8813781108382329,calibrated_model,medium,True,False,7.308725000001459,0.010678160376790776,0.8813781108382329,0.07749920077528183,0.030444528009694438
qirv1-0258,bd9ef4450c043ec9,good schools if i like problem solving more than coding,good schools if i like problem solving more than coding,llm_needed,intent_policy,0.98,Recognized intents consistently map to one frozen V1 route,1,advisory,high_school_student,advisory:1,high_school_student:1,Data Anthony.csv,complex,0.5410493101562085,calibrated_model,complex,False,False,7.542380999979059,0.007185557431905815,0.23328748447713657,0.5410493101562085,0.21847764793474897
qirv1-0259,d6635d359b38ce95,Carnegie Mellon financial aid for out of state,carnegie mellon financial aid for out of state,medium,intent_policy,0.98,Recognized intents consistently map to one frozen V1 route,3,cost_financial_aid,counselor_teacher,cost_financial_aid:3,college_student:1|counselor_teacher:2,Data - Shivansh.csv,llm_needed,0.09820274232527769,low_confidence_fallback,short_circuit,False,False,7.291763000011997,0.45489291745956156,0.41085880971015953,0.03604553050500117,0.09820274232527769
qirv1-0260,b00a67b9efa78ab9,Are there programs for community college students to shadow professionals in their field?,are there programs for community college students to shadow professionals in their field,llm_needed,intent_policy,0.98,Recognized intents consistently map to one frozen V1 route,1,advisory,community_college_student,advisory:1,community_college_student:1,Data - Nimisha.csv,llm_needed,0.7925454440580016,calibrated_model,llm_needed,True,False,7.648017000008167,0.09693417992740659,0.10477622664954149,0.005744149365050337,0.7925454440580016
qirv1-0261,340e819950017994,schools with zero homework classes,schools with zero homework classes,medium,unanimous_observed,1.0,All valid historical route labels agree,1,filter_search,high_school_student,filter_search:1,high_school_student:1,Data Anthony.csv,llm_needed,0.05102525306509612,low_confidence_fallback,short_circuit,False,False,7.2896789999958855,0.4921043890697705,0.4498558119192291,0.007014545945904315,0.05102525306509612
qirv1-0262,3b644f7b300e30ed,how to respond to external rankings and their impact on institutional reputation,how to respond to external rankings and their impact on institutional reputation,llm_needed,intent_policy,0.98,Recognized intents consistently map to one frozen V1 route,1,emotional_advisory,college,emotional_advisory:1,college:1,Data - Edward.csv,llm_needed,0.5704001015735292,calibrated_model,llm_needed,True,False,7.567778000009184,0.35724903943355146,0.05887022033258288,0.013480638660336533,0.5704001015735292
qirv1-0263,4d719eb86716ef80,data sci grads stats light,data sci grads stats light,llm_needed,intent_policy,0.98,Recognized intents consistently map to one frozen V1 route,1,advisory,employer,advisory:1,employer:1,Data - Nimisha.csv,llm_needed,0.765697016251325,calibrated_model,llm_needed,True,False,7.459225000019387,0.1541687723941015,0.03852709343978996,0.041607117914783436,0.765697016251325
qirv1-0264,41fd9811d7ee876d,NYU vs Columbia business,nyu vs columbia business,complex,intent_policy,0.98,Recognized intents consistently map to one frozen V1 route,1,comparison,advisor,comparison:1,advisor:1,Data - Anika.csv,complex,0.8160561792377691,calibrated_model,complex,True,False,7.1132900000066,0.17171817046272356,0.010492381044293531,0.8160561792377691,0.0017332692552139775
qirv1-0265,dd1de572dfed9d2c,schools like Vanderbilt but cheaper,schools like vanderbilt but cheaper,complex,intent_policy,0.98,Recognized intents consistently map to one frozen V1 route,2,recommendation,parent,recommendation:2,college_student:1|parent:1,Data - Shivansh.csv,complex,0.9661651166886229,calibrated_model,complex,True,False,7.38653000001932,0.009270272277997336,0.0076807253024794705,0.9661651166886229,0.01688388573090027
qirv1-0266,934bb907f78d6cc4,colleges with actual roller coasters nearby,colleges with actual roller coasters nearby,medium,unanimous_observed,1.0,All valid historical route labels agree,1,filter_search,high_school_student,filter_search:1,high_school_student:1,Data Anthony.csv,medium,0.6888901963194609,calibrated_model,medium,True,False,7.2864230000107,0.22600142351429933,0.6888901963194609,0.08054886992059662,0.004559510245643122
qirv1-0267,6456e0323dbe40b3,good school not scary,good school not scary,complex,intent_policy,0.98,Recognized intents consistently map to one frozen V1 route,1,rewrite_needed,high_school_student,rewrite_needed:1,high_school_student:1,Data Anthony.csv,complex,0.5390062564901987,calibrated_model,complex,True,False,7.135341999997991,0.016671722307587032,0.1852848062830701,0.5390062564901987,0.25903721491914417
qirv1-0268,bef5d9c9941c21d0,schools that prepare future teachers with strong trauma informed approaches,schools that prepare future teachers with strong trauma informed approaches,medium,intent_policy,0.98,Recognized intents consistently map to one frozen V1 route,1,filtered_search,urban_teacher,filtered_search:1,urban_teacher:1,Data Anthony.csv,medium,0.86355859950902,calibrated_model,medium,True,False,7.515651000005619,0.008680314315279727,0.86355859950902,0.028149394290517493,0.09961169188518282
qirv1-0269,67f77d22516ab4d8,melt eng admits stop,melt eng admits stop,complex,intent_policy,0.98,Recognized intents consistently map to one frozen V1 route,1,strategy,college_admissions_officer,strategy:1,college_admissions_officer:1,Data - Nimisha.csv,llm_needed,0.5355001394118087,calibrated_model,llm_needed,False,False,7.168793999994705,0.08127487421356004,0.04802836941716527,0.335196616957466,0.5355001394118087
qirv1-0270,f9dc849bed0b1e55,is UT Austin good for cs,is ut austin good for cs,short_circuit,intent_policy,0.98,Recognized intents consistently map to one frozen V1 route,1,attribute_lookup,high_school_student,attribute_lookup:1,high_school_student:1,Data Anthony.csv,llm_needed,0.6516406053233309,calibrated_model,llm_needed,False,False,7.161510000003091,0.09144678513121714,0.01363155971736949,0.2432810498280826,0.6516406053233309
qirv1-0271,080174d10a1b9e1f,selectivity vs acceptance rate,selectivity vs acceptance rate,complex,unanimous_observed,1.0,All valid historical route labels agree,1,guidance,counselor_teacher,guidance:1,counselor_teacher:1,Data - Anika.csv,complex,0.7756852520369811,calibrated_model,complex,True,False,7.7858849999756785,0.18299719571959447,0.021308956095013654,0.7756852520369811,0.02000859614841077
qirv1-0272,d4b97d0a208840b2,cc hist course night?,cc hist course night,llm_needed,intent_policy,0.98,Recognized intents consistently map to one frozen V1 route,1,advisory,community_college_student,advisory:1,community_college_student:1,Data - Nimisha.csv,llm_needed,0.7860746357057565,calibrated_model,llm_needed,True,False,7.168082999982062,0.06814491786393494,0.127126088134558,0.01865435829575052,0.7860746357057565
qirv1-0273,6f44b5d66f3a0a7d,Boston University tuition vs MIT tuition,boston university tuition vs mit tuition,complex,intent_policy,0.98,Recognized intents consistently map to one frozen V1 route,1,comparison,high_school_student,comparison:1,high_school_student:1,Data - Shivansh.csv,complex,0.6762099901413979,calibrated_model,complex,True,False,7.327380000020867,0.30955115210349604,0.010149413405809417,0.6762099901413979,0.004089444349296613
qirv1-0274,74a79c5668feabb4,how to write effective advising case notes and summaries,how to write effective advising case notes and summaries,short_circuit,intent_policy,0.98,Recognized intents consistently map to one frozen V1 route,1,attribute_lookup,advisor,attribute_lookup:1,advisor:1,Data - Edward.csv,llm_needed,0.6329737540929218,calibrated_model,llm_needed,False,False,7.466619000012997,0.3416968146355513,0.019515981835961215,0.0058134494355656955,0.6329737540929218
qirv1-0275,db3f5ab8c14999c5,NYU tuition vs Caltech tuition,nyu tuition vs caltech tuition,complex,intent_policy,0.98,Recognized intents consistently map to one frozen V1 route,1,comparison,advisor,comparison:1,advisor:1,Data - Shivansh.csv,complex,0.7116372759638722,calibrated_model,complex,True,False,7.168783999986772,0.2761277312210522,0.009767869239433557,0.7116372759638722,0.0024671235756420686
qirv1-0276,4cc3b37a24b2da6f,iowa state vs kansas state,iowa state vs kansas state,complex,intent_policy,0.98,Recognized intents consistently map to one frozen V1 route,1,comparison,high_school_student,comparison:1,high_school_student:1,Data - Anika.csv,complex,0.9175654691036055,calibrated_model,complex,True,False,7.189662000001817,0.040254708606339513,0.02736568058837252,0.9175654691036055,0.014814141701682583
qirv1-0277,08e560a87a7f8633,schools with active student government,schools with active student government,short_circuit,intent_policy,0.98,Recognized intents consistently map to one frozen V1 route,1,attribute_lookup,highschool_student,attribute_lookup:1,highschool_student:1,Data - Ridhi.csv,short_circuit,0.8738147409372172,calibrated_model,short_circuit,True,False,7.355993999993871,0.8738147409372172,0.048438674024168904,0.011897514993575525,0.06584907004503825
qirv1-0278,282b961075423f6d,does your platform allow us to run surveys of students who viewed our profile,does your platform allow us to run surveys of students who viewed our profile,medium,unanimous_observed,1.0,All valid historical route labels agree,1,factual,college_b2b,factual:1,college_b2b:1,Data - Ridhi.csv,llm_needed,0.45854342636069984,calibrated_model,llm_needed,False,False,7.617921999980126,0.02691562270129891,0.44954542221527954,0.0649955287227216,0.45854342636069984
qirv1-0279,cf8ab0771d2dc7b1,medium-sized economics colleges near the beach under 20k,medium-sized economics colleges near the beach under 20k,complex,intent_policy,0.98,Recognized intents consistently map to one frozen V1 route,1,multi_constraint,advisor,multi_constraint:1,advisor:1,Data - Shivansh.csv,complex,0.8855575597692978,calibrated_model,complex,True,False,7.4061059999905865,0.0057167659378363584,0.10340863516745653,0.8855575597692978,0.005317039125409315
qirv1-0280,b9516ad2188df690,colleges with strong cognitive science + philosophy programs,colleges with strong cognitive science + philosophy programs,complex,intent_policy,0.98,Recognized intents consistently map to one frozen V1 route,1,multi_constraint,highschool_student,multi_constraint:1,highschool_student:1,Data - Ridhi.csv,llm_needed,0.005203857659022323,low_confidence_fallback,short_circuit,False,False,7.604886999985183,0.42973218176502925,0.39959677153748824,0.16546718903846017,0.005203857659022323
qirv1-0281,215617fd275140d0,unis w big hackathon culture,unis w big hackathon culture,medium,intent_policy,0.98,Recognized intents consistently map to one frozen V1 route,1,filtered_search,high_school_student,filtered_search:1,high_school_student:1,Data Anthony.csv,llm_needed,0.48826761872536056,calibrated_model,llm_needed,False,False,7.183031000010942,0.1431941228407011,0.3189568015404682,0.0495814568934701,0.48826761872536056
qirv1-0282,c3b8a4c7565d5d78,how to advise students about apprenticeship programs as alternatives to traditional degrees,how to advise students about apprenticeship programs as alternatives to traditional degrees,short_circuit,intent_policy,0.98,Recognized intents consistently map to one frozen V1 route,1,attribute_lookup,advisor,attribute_lookup:1,advisor:1,Data - Edward.csv,llm_needed,0.45871994649453535,short_circuit_gate,short_circuit,False,False,7.671090999991748,0.5349293290362164,0.005964843188542803,0.0003858812807053011,0.45871994649453535
qirv1-0283,79c74441c3274fd3,universities with strong electrical engineering,universities with strong electrical engineering,medium,intent_policy,0.98,Recognized intents consistently map to one frozen V1 route,2,filtered_search,advisor,filtered_search:2,advisor:1|college_student:1,Data - Shivansh.csv,complex,0.5731924943578453,calibrated_model,complex,False,False,7.310558000000356,0.30003707266623914,0.12398171992334621,0.5731924943578453,0.002788713052569378
qirv1-0284,4bcffae13dcb53cf,advising student intrested aerospace + physics overlap,advising student intrested aerospace + physics overlap,llm_needed,intent_policy,0.98,Recognized intents consistently map to one frozen V1 route,1,advisory,counselor,advisory:1,counselor:1,Data - Nimisha.csv,llm_needed,0.6125008857880069,calibrated_model,llm_needed,True,False,7.582545000019536,0.27346822160460776,0.03875279142523972,0.07527810118214563,0.6125008857880069
qirv1-0285,18dc63fa33d68f78,schools in west virginia,schools in west virginia,medium,intent_policy,0.98,Recognized intents consistently map to one frozen V1 route,1,filtered_search,high_school_student,filtered_search:1,high_school_student:1,Data - Anika.csv,medium,0.9340563388570914,calibrated_model,medium,True,False,7.134328999995887,0.01631041087072448,0.9340563388570914,0.02560963189133524,0.024023618380848752
qirv1-0286,ba0eadfc4fc46144,wisconsin vs minnesota alumni outcomes,wisconsin vs minnesota alumni outcomes,complex,intent_policy,0.98,Recognized intents consistently map to one frozen V1 route,1,comparison,advisor,comparison:1,advisor:1,Data - Anika.csv,complex,0.9323483609417105,calibrated_model,complex,True,False,7.306018999997832,0.03077823469864179,0.025764151189577426,0.9323483609417105,0.0111092531700703
qirv1-0287,307b4ef2c090cb94,universities with peer-led tutoring programs,universities with peer-led tutoring programs,short_circuit,intent_policy,0.98,Recognized intents consistently map to one frozen V1 route,1,attribute_lookup,highschool_student,attribute_lookup:1,highschool_student:1,Data - Ridhi.csv,short_circuit,0.8909174652383021,calibrated_model,short_circuit,True,False,7.292734999992945,0.8909174652383021,0.047070083255937846,0.05536280299175015,0.006649648514009867
qirv1-0288,b885a9a9de173f21,how to build an accelerated degree pathway for high-performing students,how to build an accelerated degree pathway for high-performing students,short_circuit,intent_policy,0.98,Recognized intents consistently map to one frozen V1 route,1,attribute_lookup,college,attribute_lookup:1,college:1,Data - Edward.csv,llm_needed,0.3670721660518314,low_confidence_fallback,short_circuit,False,False,7.524076999999352,0.5878867288179148,0.04290510735958991,0.002135997770663914,0.3670721660518314
qirv1-0289,69cea04cd7636be1,Caltech tuition vs Cornell tuition,caltech tuition vs cornell tuition,complex,intent_policy,0.98,Recognized intents consistently map to one frozen V1 route,1,comparison,college_student,comparison:1,college_student:1,Data - Shivansh.csv,complex,0.7582994465312888,calibrated_model,complex,True,False,7.247811000013371,0.22382150930660352,0.015015207317024536,0.7582994465312888,0.002863836845083233
qirv1-0290,b0e82bd140c197a8,University of Michigan vs Purdue for nursing,university of michigan vs purdue for nursing,complex,intent_policy,0.98,Recognized intents consistently map to one frozen V1 route,1,comparison,parent,comparison:1,parent:1,Data - Shivansh.csv,complex,0.898104990494408,calibrated_model,complex,True,False,7.4671399999886034,0.06351407282448646,0.02775451851799073,0.898104990494408,0.010626418163114775
qirv1-0291,70349999798bd381,schools with strong industrial engineering programs,schools with strong industrial engineering programs,short_circuit,intent_policy,0.98,Recognized intents consistently map to one frozen V1 route,1,attribute_lookup,highschool_student,attribute_lookup:1,highschool_student:1,Data - Edward.csv,medium,0.45370097189884157,calibrated_model,medium,False,False,7.343458999997665,0.433442627151849,0.45370097189884157,0.08228991759704175,0.03056648335226765
qirv1-0292,3c6d5bf0eed1b139,what is the nearest airport to schools in really remote locations,what is the nearest airport to schools in really remote locations,llm_needed,intent_policy,0.98,Recognized intents consistently map to one frozen V1 route,1,advisory,parent,advisory:1,parent:1,Data Anthony.csv,medium,0.7122926430596791,calibrated_model,medium,False,False,7.491835999985597,0.026716153483978804,0.7122926430596791,0.005225388849021558,0.2557658146073205
qirv1-0293,b6a09b3c3ee8c084,schools with collaborative culture,schools with collaborative culture,llm_needed,intent_policy,0.98,Recognized intents consistently map to one frozen V1 route,43,campus_life_fit,parent,campus_life_fit:43,advisor:9|college_student:8|counselor_teacher:10|parent:16,Data - Anika.csv|Data - Shivansh.csv,llm_needed,0.5799548050456231,calibrated_model,llm_needed,True,False,7.268490000001293,0.2100076449270221,0.1762253567448301,0.03381219328252468,0.5799548050456231
qirv1-0294,be61cdb2593cdea9,colleges with military veteran tuition benefits,colleges with military veteran tuition benefits,short_circuit,intent_policy,0.98,Recognized intents consistently map to one frozen V1 route,1,attribute_lookup,college_student,attribute_lookup:1,college_student:1,Data - Edward.csv,short_circuit,0.7208720246419263,calibrated_model,short_circuit,True,False,7.287835999989056,0.7208720246419263,0.22644368483498253,0.04661676421488565,0.006067526308205372
qirv1-0295,b253016902f8f734,regional hiring concentration effects,regional hiring concentration effects,complex,unanimous_observed,1.0,All valid historical route labels agree,1,guidance,advisor,guidance:1,advisor:1,Data - Anika.csv,complex,0.674457756594674,calibrated_model,complex,True,False,7.242851999990307,0.03476626663024833,0.14959296182635298,0.674457756594674,0.14118301494872462
qirv1-0296,7309c946b8a02f23,how to implement intrusive advising to support struggling students,how to implement intrusive advising to support struggling students,short_circuit,intent_policy,0.98,Recognized intents consistently map to one frozen V1 route,1,attribute_lookup,college,attribute_lookup:1,college:1,Data - Edward.csv,llm_needed,0.5520904865893971,calibrated_model,llm_needed,False,False,7.6312569999856805,0.4026560427774615,0.04391888872140547,0.0013345819117360702,0.5520904865893971
qirv1-0297,92ab330736b45e96,medium-sized nursing colleges in Texas low tuition,medium-sized nursing colleges in texas low tuition,complex,intent_policy,0.98,Recognized intents consistently map to one frozen V1 route,1,multi_constraint,advisor,multi_constraint:1,advisor:1,Data - Shivansh.csv,complex,0.9211509592017618,calibrated_model,complex,True,False,7.559823000008237,0.006278534411047455,0.064934993469332,0.9211509592017618,0.007635512917858749
qirv1-0298,d16db84e1708130e,millersville vs kutztown,millersville vs kutztown,complex,intent_policy,0.98,Recognized intents consistently map to one frozen V1 route,1,comparison,parent,comparison:1,parent:1,Data - Anika.csv,complex,0.9892447436308122,calibrated_model,complex,True,False,7.4228770000104305,0.00034961760730084653,0.008411533206210605,0.9892447436308122,0.0019941055556764262
qirv1-0299,54bd1d47af29caeb,schools with cooperative education programs and top accounting majors,schools with cooperative education programs and top accounting majors,complex,intent_policy,0.98,Recognized intents consistently map to one frozen V1 route,1,multi_constraint,highschool_student,multi_constraint:1,highschool_student:1,Data - Edward.csv,medium,0.5906440434760599,calibrated_model,medium,False,False,7.523044999999229,0.36938185775671745,0.5906440434760599,0.023195456162958834,0.01677864260426368
qirv1-0300,1378980107287dc4,universities with high numbers of NSF fellowship winners,universities with high numbers of nsf fellowship winners,short_circuit,intent_policy,0.98,Recognized intents consistently map to one frozen V1 route,1,attribute_lookup,highschool_student,attribute_lookup:1,highschool_student:1,Data - Edward.csv,short_circuit,0.7068391088540303,calibrated_model,short_circuit,True,False,7.444687999992539,0.7068391088540303,0.256961746010623,0.019040527788721024,0.017158617346625552
