Query,Persona,Intent,Complexity,Entities,Route,Notes
colleges where students start clubs easily,highschool student,filtered_search,medium,"clubs, student organizations, college",college_search,campus culture
schools with strong undergrad research in biology,highschool student,attribute_lookup,medium,"undergraduate research, biology, schools",college_search,program lookup
colleges with free mental health counseling,highschool student,attribute_lookup,short_circuit,"mental health, counseling, free, college",college_search,campus support
universities with optional math requirements,highschool student,attribute_lookup,short_circuit,"math requirements, optional, university",college_search,curriculum flexibility
colleges with strong entrepreneurship programs,highschool student,attribute_lookup,medium,"entrepreneurship, programs, college",college_search,program lookup
schools with high internship placement rates,highschool student,attribute_lookup,medium,"internship, placement rate, schools",college_search,career outcomes
universities with low student-to-faculty ratios,highschool student,attribute_lookup,short_circuit,"student-to-faculty ratio, low, university",college_search,class size
colleges with flexible double major options,highschool student,attribute_lookup,medium,"double major, flexible, college",college_search,academic flexibility
schools with strong philosophy + CS programs,highschool student,multi_constraint,complex,"philosophy, computer science, programs, schools",college_search,program combo
universities with low textbook costs,highschool student,attribute_lookup,short_circuit,"textbook costs, low, university",college_search,financial info
colleges with guaranteed housing beyond freshman year,highschool student,attribute_lookup,short_circuit,"housing, guaranteed, freshman year, college",college_search,housing policy
schools with free or discounted public transit,highschool student,attribute_lookup,short_circuit,"public transit, free, discounted, schools",college_search,campus perks
universities with campus emergency alert apps,highschool student,attribute_lookup,short_circuit,"emergency alert, app, campus, university",college_search,campus safety
colleges with strong alumni networks in tech,highschool student,attribute_lookup,medium,"alumni network, tech, college",college_search,networking filter
schools with high study abroad participation,highschool student,attribute_lookup,medium,"study abroad, participation, schools",college_search,program lookup
universities with first-generation student support,highschool student,attribute_lookup,medium,"first-generation, support, university",college_search,student support
colleges with strong pre-med advising,highschool student,attribute_lookup,medium,"pre-med, advising, college",college_search,advising quality
schools with strong pre-vet programs,highschool student,attribute_lookup,medium,"pre-vet, programs, schools",college_search,program lookup
universities with peer-led tutoring programs,highschool student,attribute_lookup,short_circuit,"peer-led tutoring, programs, university",college_search,academic support
colleges where students do meaningful community service,highschool student,filtered_search,medium,"community service, meaningful, college",college_search,campus culture
schools with student-led sustainability initiatives,highschool student,attribute_lookup,medium,"sustainability, student-led, initiatives, schools",college_search,campus culture
universities with campus shuttle systems,highschool student,attribute_lookup,short_circuit,"shuttle, campus, university",college_search,transport
colleges near major tech hubs,highschool student,filtered_search,medium,"tech hubs, location, college",college_search,location filter
schools with good weather year-round,highschool student,filtered_search,medium,"weather, year-round, schools",college_search,location + climate
universities with diverse student bodies,highschool student,filtered_search,medium,"diversity, student body, university",college_search,culture fit
colleges with strong humanities + STEM balance,highschool student,multi_constraint,complex,"humanities, STEM, balance, college",college_search,program combo
schools with healthy late-night dining options,highschool student,attribute_lookup,medium,"dining, late-night, healthy, schools",college_search,dietary preference
universities with student-run investment clubs,highschool student,attribute_lookup,medium,"investment clubs, student-run, university",college_search,extracurricular
colleges where students can research as freshmen,highschool student,filtered_search,medium,"research, freshmen, college",college_search,research access
schools with honors programs that aren’t stressful,highschool student,emotional_advisory,llm_needed,"honors program, low-stress, schools",college_search,workload concern
universities with high graduation rates,highschool student,attribute_lookup,short_circuit,"graduation rate, high, university",college_search,outcomes
colleges with strong AI research for undergraduates,highschool student,attribute_lookup,complex,"AI research, undergraduate, college",college_search,research focus
schools with low-cost STEM labs,highschool student,attribute_lookup,medium,"STEM labs, low-cost, schools",college_search,cost + facilities
universities with strong cybersecurity programs,highschool student,attribute_lookup,medium,"cybersecurity, programs, university",college_search,program lookup
colleges that support underrepresented groups in STEM,highschool student,filtered_search,medium,"underrepresented groups, STEM, support, college",college_search,student support
schools with strong creative writing programs,highschool student,attribute_lookup,medium,"creative writing, programs, schools",college_search,program lookup
universities with optional finals or pass/fail grading,highschool student,attribute_lookup,medium,"finals, pass/fail, optional, grading, university",college_search,grading policy
colleges with free language tutoring,highschool student,attribute_lookup,short_circuit,"language tutoring, free, college",college_search,academic support
schools with on-campus farmers markets,highschool student,attribute_lookup,short_circuit,"farmers market, on-campus, schools",college_search,campus feature
universities with co-op programs outside engineering,highschool student,filtered_search,complex,"co-op, non-engineering, university",college_search,co-op + non-engineering
colleges with strong neuroscience research,highschool student,attribute_lookup,medium,"neuroscience, research, college",college_search,research focus
schools with active student government,highschool student,attribute_lookup,medium,"student government, active, schools",college_search,campus culture
universities with cultural immersion programs,highschool student,attribute_lookup,medium,"cultural immersion, programs, university",college_search,program + culture
colleges with low student debt after graduation,highschool student,attribute_lookup,medium,"student debt, low, graduation, college",college_search,financial info
schools with good music programs for non-majors,highschool student,filtered_search,medium,"music programs, non-majors, schools",college_search,program filter
universities with big outdoor spaces for sports and leisure,highschool student,attribute_lookup,short_circuit,"outdoor spaces, sports, leisure, university",college_search,facilities
colleges with strong global health programs,highschool student,attribute_lookup,medium,"global health, programs, college",college_search,program lookup
schools with flexible gen ed requirements,highschool student,attribute_lookup,medium,"gen ed, flexible, requirements, schools",college_search,curriculum flexibility
universities with strong chemistry and biology labs,highschool student,multi_constraint,complex,"chemistry, biology, labs, university",college_search,program + facilities
colleges with high med school acceptance rates,highschool student,attribute_lookup,medium,"med school, acceptance rate, college",college_search,selectivity filter
schools with student-run newspapers,highschool student,attribute_lookup,short_circuit,"student-run newspaper, schools",college_search,extracurricular
universities with undergraduate teaching opportunities,highschool student,attribute_lookup,medium,"student-run newspaper, schools",college_search,academic options
colleges with peer-led study groups,highschool student,attribute_lookup,short_circuit,"undergraduate teaching, opportunities, university",college_search,academic support
schools with dorms that allow small pets,highschool student,attribute_lookup,short_circuit,"peer-led, study groups, college",college_search,campus policy
universities with student-run theaters,highschool student,attribute_lookup,short_circuit,"dorms, pets, allowed, schools",college_search,extracurricular
colleges with on-campus research grants,highschool student,attribute_lookup,medium,"student-run theater, university",college_search,research access
schools with strong robotics programs,highschool student,attribute_lookup,medium,"research grants, on-campus, college",college_search,program lookup
universities with environmental science majors,highschool student,attribute_lookup,short_circuit,"robotics, programs, schools",college_search,program lookup
colleges near mountains and skiing resorts,highschool student,filtered_search,medium,"environmental science, major, university",college_search,location + lifestyle
schools with strong film programs,highschool student,attribute_lookup,medium,"mountains, skiing, location, college",college_search,program lookup
universities with high job placement rates after graduation,highschool student,attribute_lookup,medium,"film, programs, schools",college_search,career outcomes
colleges with student-led startup incubators,highschool student,attribute_lookup,medium,"job placement, graduation, university",college_search,entrepreneurship
schools with strong fashion or design programs,highschool student,attribute_lookup,medium,"startup incubator, student-led, college",college_search,program lookup
universities with access to national parks nearby,highschool student,filtered_search,medium,"fashion, design, programs, schools",college_search,location filter
colleges with strong anthropology or archaeology programs,highschool student,attribute_lookup,medium,"national parks, location, university",college_search,program lookup
schools with strong internship pipelines in finance,highschool student,attribute_lookup,complex,"anthropology, archaeology, programs, college",college_search,career programs
universities with student-run coffee shops,highschool student,attribute_lookup,short_circuit,"internship, finance, pipeline, schools",college_search,campus feature
colleges with strong philosophy + psychology tracks,highschool student,multi_constraint,complex,"student-run coffee shop, university",college_search,program combo
schools with small class sizes and discussion-based learning,highschool student,multi_constraint,complex,"philosophy, psychology, college",college_search,class size + culture
universities with public transportation access,highschool student,attribute_lookup,short_circuit,"class size, discussion-based, schools",college_search,transport
colleges with optional Greek life,highschool student,attribute_lookup,medium,"public transportation, access, university",college_search,social culture
schools with student-run improv or comedy groups,highschool student,attribute_lookup,short_circuit,"Greek life, optional, college",college_search,extracurricular
universities with strong alumni support in engineering,highschool student,attribute_lookup,medium,"improv, comedy, student-run, schools",college_search,networking filter
colleges with healthy dorm meal plans,highschool student,attribute_lookup,medium,"alumni support, engineering, university",college_search,dietary preference
schools with active environmental clubs,highschool student,attribute_lookup,short_circuit,"meal plan, healthy, dorm, college",college_search,extracurricular
universities with research opportunities in marine biology,highschool student,attribute_lookup,medium,"environmental clubs, active, schools",college_search,research focus
colleges with robust data science programs,highschool student,attribute_lookup,medium,"marine biology, research, university",college_search,program lookup
schools with access to nearby beaches,highschool student,filtered_search,medium,"data science, programs, college",college_search,location + lifestyle
universities with undergraduate AI labs,highschool student,attribute_lookup,complex,"beaches, location, schools",college_search,research access
colleges where students do meaningful social impact projects,highschool student,filtered_search,llm_needed,"AI labs, undergraduate, university",college_search,campus culture
schools with active debate or mock trial teams,highschool student,attribute_lookup,medium,"social impact, projects, college",college_search,extracurricular
universities with student-run coding workshops,highschool student,attribute_lookup,short_circuit,"debate, mock trial, schools",college_search,extracurricular
colleges with easy major switching policies,highschool student,attribute_lookup,medium,"coding workshops, student-run, university",college_search,academic flexibility
schools with campus hiking trails,highschool student,attribute_lookup,short_circuit,"major switching, policy, college",college_search,facilities
universities with strong chemistry research,highschool student,attribute_lookup,medium,"hiking trails, campus, schools",college_search,research focus
colleges with active LGBTQ+ organizations,highschool student,attribute_lookup,short_circuit,"chemistry research, university",college_search,campus culture
schools with strong political science programs,highschool student,attribute_lookup,medium,"LGBTQ+, organizations, college",college_search,program lookup
universities with strong economics research for undergraduates,highschool student,attribute_lookup,medium,"political science, programs, schools",college_search,research focus
colleges with peer mentoring for first-year students,highschool student,attribute_lookup,medium,"economics research, undergraduate, university",college_search,student support
schools with strong visual arts programs,highschool student,attribute_lookup,medium,"peer mentoring, first-year, college",college_search,program lookup
universities with campus volunteering programs,highschool student,attribute_lookup,short_circuit,"visual arts, programs, schools",college_search,community
colleges with access to internship opportunities abroad,highschool student,attribute_lookup,complex,"volunteering, campus, university",college_search,program + abroad
schools with hands-on engineering labs,highschool student,attribute_lookup,medium,"internship, abroad, college",college_search,facilities
universities with wellness centers and therapy dogs,highschool student,attribute_lookup,medium,"engineering labs, hands-on, schools",college_search,campus support
colleges with strong environmental conservation programs,highschool student,attribute_lookup,medium,"wellness center, therapy dogs, university",college_search,program lookup
schools with student-run radio stations,highschool student,attribute_lookup,short_circuit,"environmental conservation, programs, college",college_search,extracurricular
universities with open mic nights or music festivals,highschool student,attribute_lookup,short_circuit,"radio station, student-run, schools",college_search,campus vibe
colleges with strong biomedical engineering programs,highschool student,attribute_lookup,medium,"open mic, music festival, university",college_search,program lookup
schools with active frisbee or club sports teams,highschool student,attribute_lookup,short_circuit,"biomedical engineering, programs, college",college_search,extracurricular
universities with strong cognitive science programs,highschool student,attribute_lookup,medium,"frisbee, club sports, schools",college_search,program lookup
colleges with strong alumni networks in medicine,highschool student,attribute_lookup,medium,"cognitive science, programs, university",college_search,networking filter
schools with flexible scheduling and asynchronous classes,highschool student,attribute_lookup,medium,"alumni network, medicine, college",college_search,schedule preference
universities with student-led theater productions,highschool student,attribute_lookup,short_circuit,"flexible scheduling, asynchronous, schools",college_search,extracurricular
colleges with campus meditation or mindfulness programs,highschool student,attribute_lookup,medium,"theater, student-led, university",college_search,wellness
schools with affordable tuition and strong aid options,highschool student,multi_constraint,llm_needed,"meditation, mindfulness, campus, college",college_search,cost + program
universities with strong social work programs,highschool student,attribute_lookup,medium,"tuition, affordable, financial aid, schools",college_search,program lookup
colleges with strong computer science + business programs,highschool student,multi_constraint,complex,"social work, programs, university",college_search,program combo
schools with research labs open to freshmen,highschool student,filtered_search,complex,"computer science, business, college",college_search,research access
universities with student-run coding competitions,highschool student,attribute_lookup,short_circuit,"research labs, freshmen, schools",college_search,extracurricular
colleges with strong archaeology programs,highschool student,attribute_lookup,medium,"coding competitions, student-run, university",college_search,program lookup
schools with strong chemistry labs,highschool student,attribute_lookup,medium,"archaeology, programs, college",college_search,facilities
universities with peer-led STEM workshops,highschool student,attribute_lookup,medium,"chemistry labs, schools",college_search,academic support
colleges with campus maker spaces,highschool student,attribute_lookup,short_circuit,"peer-led, STEM workshops, university",college_search,facilities
schools with student-led cultural events,highschool student,attribute_lookup,short_circuit,"maker space, campus, college",college_search,campus culture
universities with free or discounted software for students,highschool student,attribute_lookup,short_circuit,"cultural events, student-led, schools",college_search,campus perks
colleges with strong public health programs,highschool student,attribute_lookup,medium,"software, free, discounted, students, university",college_search,program lookup
schools with student-run hackathons,highschool student,attribute_lookup,medium,"public health, programs, college",college_search,extracurricular
universities with music practice rooms available 24/7,highschool student,attribute_lookup,short_circuit,"hackathon, student-run, schools",college_search,facilities
colleges with strong nutrition programs,highschool student,attribute_lookup,medium,"music practice rooms, 24/7, university",college_search,program lookup
schools with student-led entrepreneurship competitions,highschool student,attribute_lookup,medium,"nutrition, programs, college",college_search,entrepreneurship
universities with research in robotics and AI,highschool student,multi_constraint,complex,"entrepreneurship, competition, student-led, schools",college_search,research focus
colleges with access to off-campus medical facilities,highschool student,attribute_lookup,medium,"robotics, AI, research, university",college_search,campus support
schools with active community service requirements,highschool student,attribute_lookup,medium,"medical facilities, off-campus, college",college_search,campus culture
universities with undergraduate study abroad in Europe,highschool student,filtered_search,complex,"community service, requirements, schools",college_search,program + abroad
colleges with strong architecture programs,highschool student,attribute_lookup,medium,"study abroad, Europe, undergraduate, university",college_search,program lookup
schools with career fairs focused on internships,highschool student,attribute_lookup,medium,"architecture, programs, college",college_search,career programs
universities with student-led art exhibitions,highschool student,attribute_lookup,short_circuit,"career fair, internship, schools",college_search,extracurricular
colleges with campus shuttle service,highschool student,attribute_lookup,short_circuit,"art exhibitions, student-led, university",college_search,transport
schools with strong statistics programs,highschool student,attribute_lookup,medium,"shuttle, campus, college",college_search,program lookup
universities with student-run fashion shows,highschool student,attribute_lookup,short_circuit,"statistics, programs, schools",college_search,extracurricular
colleges with strong pre-law programs,highschool student,attribute_lookup,medium,"fashion show, student-run, university",college_search,program lookup
schools with outdoor campus gyms,highschool student,attribute_lookup,short_circuit,"pre-law, programs, college",college_search,facilities
universities with free tutoring in humanities,highschool student,attribute_lookup,medium,"gym, outdoor, campus, schools",college_search,academic support
colleges with strong linguistics programs,highschool student,attribute_lookup,medium,"tutoring, humanities, free, university",college_search,program lookup
schools with rooftop gardens or green roofs,highschool student,attribute_lookup,short_circuit,"linguistics, programs, college",college_search,unique campus feature
universities with active entrepreneurship clubs,highschool student,attribute_lookup,medium,"rooftop garden, green roof, schools",college_search,extracurricular
colleges with student-run farms,highschool student,attribute_lookup,short_circuit,"entrepreneurship clubs, active, university",college_search,quirky campus feature
schools with strong jazz or music programs,highschool student,attribute_lookup,medium,"student-run farm, college",college_search,program lookup
universities with strong AI ethics programs,highschool student,multi_constraint,complex,"jazz, music, programs, schools",college_search,program combo
colleges with strong biochemistry programs,highschool student,attribute_lookup,medium,"AI ethics, programs, university",college_search,program lookup
schools with student-led volunteer trips abroad,highschool student,attribute_lookup,medium,"biochemistry, programs, college",college_search,program + abroad
universities with strong physics labs,highschool student,attribute_lookup,medium,"volunteer trips, abroad, student-led, schools",college_search,facilities
colleges with strong cognitive science + philosophy programs,highschool student,multi_constraint,complex,"physics labs, university",college_search,program combo
schools with student-run debate societies,highschool student,attribute_lookup,medium,"cognitive science, philosophy, college",college_search,extracurricular
universities with campus-wide recycling programs,highschool student,attribute_lookup,short_circuit,"debate, student-run, schools",college_search,campus culture
colleges with student-run health initiatives,highschool student,attribute_lookup,medium,"recycling, campus, university",college_search,campus culture
schools with flexible semester systems,highschool student,attribute_lookup,medium,"health initiatives, student-run, college",college_search,academic policy
universities with mentorship programs with alumni,highschool student,attribute_lookup,medium,"semester system, flexible, schools",college_search,networking filter
colleges with strong biomedical research labs,highschool student,attribute_lookup,medium,"alumni mentorship, university",college_search,research focus
schools with access to local startup networks,highschool student,attribute_lookup,medium,"biomedical research, labs, college",college_search,entrepreneurship
universities with active queer student organizations,highschool student,attribute_lookup,short_circuit,"startup networks, local, schools",college_search,campus culture
colleges with strong marine biology programs,highschool student,attribute_lookup,medium,"queer, student organizations, university",college_search,program lookup
schools with campus wellness workshops,highschool student,attribute_lookup,medium,"marine biology, programs, college",college_search,wellness
universities with undergraduate research in astronomy,highschool student,attribute_lookup,medium,"wellness workshops, campus, schools",college_search,research focus
colleges with student-led robotics competitions,highschool student,attribute_lookup,medium,"astronomy, undergraduate research, university",college_search,extracurricular
schools with strong political activism programs,highschool student,attribute_lookup,llm_needed,"robotics, competition, student-led, college",college_search,campus culture
universities with student-run coding clubs,highschool student,attribute_lookup,short_circuit,"political activism, programs, schools",college_search,extracurricular
colleges with outdoor recreational facilities,highschool student,attribute_lookup,short_circuit,"coding clubs, student-run, university",college_search,facilities
schools with peer-led study sessions,highschool student,attribute_lookup,short_circuit,"outdoor recreation, facilities, college",college_search,academic support
universities with strong linguistics research,highschool student,attribute_lookup,medium,"peer-led, study sessions, schools",college_search,research focus
colleges with student art galleries,highschool student,attribute_lookup,short_circuit,"linguistics research, university",college_search,extracurricular
schools with student-run newspapers,highschool student,attribute_lookup,short_circuit,"art galleries, student, college",college_search,extracurricular
universities with free access to gym and fitness classes,highschool student,attribute_lookup,short_circuit,"gym, fitness, free, university",college_search,campus perks
colleges with strong philosophy + economics programs,highschool student,multi_constraint,complex,"philosophy, economics, college",college_search,program combo
schools with student entrepreneurship incubators,highschool student,attribute_lookup,medium,"entrepreneurship incubator, student, schools",college_search,entrepreneurship
universities with undergraduate access to lab research,highschool student,attribute_lookup,medium,"lab research, undergraduate, university",college_search,research access
colleges with active service-learning programs,highschool student,attribute_lookup,medium,"service-learning, active, college",college_search,community
schools with student-run improv or comedy troupes,highschool student,attribute_lookup,short_circuit,"improv, comedy, student-run, schools",college_search,extracurricular
universities with cultural exchange programs,highschool student,attribute_lookup,medium,"cultural exchange, programs, university",college_search,program + culture
colleges with access to big city internships,highschool student,filtered_search,medium,"internship, city, college",college_search,location + career
schools with campus meditation or quiet rooms,highschool student,attribute_lookup,short_circuit,"meditation, quiet room, campus, schools",college_search,wellness
universities with strong health sciences programs,highschool student,attribute_lookup,medium,"health sciences, programs, university",college_search,program lookup
colleges with student-run environmental initiatives,highschool student,attribute_lookup,medium,"environmental initiatives, student-run, college",college_search,campus culture
schools with active sports or intramural leagues,highschool student,attribute_lookup,medium,"sports, intramural, schools",college_search,extracurricular
universities with research in computational biology,highschool student,attribute_lookup,complex,"computational biology, research, university",college_search,research focus
colleges with access to national labs,highschool student,attribute_lookup,medium,"national labs, college",college_search,research access
schools with student-run tutoring in STEM,highschool student,attribute_lookup,medium,"STEM tutoring, student-run, schools",college_search,academic support
universities with cultural awareness clubs,highschool student,attribute_lookup,short_circuit,"cultural awareness, clubs, university",college_search,campus culture
colleges with strong sociology programs,highschool student,attribute_lookup,medium,"sociology, programs, college",college_search,program lookup
schools with access to startup mentorship programs,highschool student,attribute_lookup,medium,"startup mentorship, schools",college_search,entrepreneurship
universities with student-run entrepreneurship pitch competitions,highschool student,attribute_lookup,medium,"entrepreneurship, pitch competition, student-run, university",college_search,entrepreneurship
colleges with campus wellness programs,highschool student,attribute_lookup,medium,"wellness programs, campus, college",college_search,wellness
schools with flexible grading policies,highschool student,attribute_lookup,medium,"grading, flexible, schools",college_search,grading policy
universities with student-led peer tutoring,highschool student,attribute_lookup,medium,"peer tutoring, student-led, university",college_search,academic support
colleges with strong urban planning programs,highschool student,attribute_lookup,medium,"urban planning, programs, college",college_search,program lookup
schools with strong student governments,highschool student,attribute_lookup,medium,"student government, strong, schools",college_search,campus culture
universities with access to hack labs for undergraduates,highschool student,attribute_lookup,medium,"hack labs, undergraduate, university",college_search,facilities
colleges with active music ensembles,highschool student,attribute_lookup,medium,"music ensembles, active, college",college_search,extracurricular
schools with on-campus maker labs,highschool student,attribute_lookup,short_circuit,"maker labs, on-campus, schools",college_search,facilities
universities with global internship opportunities,highschool student,attribute_lookup,complex,"internship, global, university",college_search,career programs
colleges with strong AI + ethics programs,highschool student,multi_constraint,complex,"AI, ethics, programs, college",college_search,program combo
schools with student-run film production clubs,highschool student,attribute_lookup,medium,"film production, student-run, schools",college_search,extracurricular
universities with research programs in psychology,highschool student,attribute_lookup,medium,"psychology, research, university",college_search,research focus
colleges with student-led cultural festivals,highschool student,attribute_lookup,medium,"cultural festivals, student-led, college",college_search,campus culture
schools with access to nearby museums,highschool student,filtered_search,medium,"museums, nearby, schools",college_search,location filter
universities with peer mentoring in STEM,highschool student,attribute_lookup,medium,"peer mentoring, STEM, university",college_search,student support
colleges with active student environmental clubs,highschool student,attribute_lookup,medium,"environmental clubs, student, college",college_search,extracurricular
schools with student-run art projects,highschool student,attribute_lookup,medium,"art projects, student-run, schools",college_search,extracurricular
universities with research in biotechnology,highschool student,attribute_lookup,complex,"biotechnology, research, university",college_search,research focus
colleges with campus meditation gardens,highschool student,attribute_lookup,short_circuit,"meditation garden, campus, college",college_search,wellness
schools with strong access to career counseling,highschool student,attribute_lookup,medium,"career counseling, schools",college_search,advising quality
universities with student-run debate competitions,highschool student,attribute_lookup,medium,"debate, competition, student-run, university",college_search,extracurricular
colleges with student wellness programs and therapy animals,highschool student,multi_constraint,llm_needed,"wellness, therapy animals, college",college_search,wellness + quirky
schools with flexible scheduling for extracurriculars,highschool student,attribute_lookup,medium,"flexible scheduling, extracurriculars, schools",college_search,schedule preference
universities with peer mentorship for freshmen in STEM,highschool student,multi_constraint,complex,"peer mentorship, freshmen, STEM, university",college_search,student support + STEM
colleges with student-run makerspaces for arts and tech,highschool student,multi_constraint,complex,"makerspace, arts, tech, college",college_search,program combo
schools with student-led coding workshops,highschool student,attribute_lookup,medium,"coding workshops, student-led, schools",college_search,extracurricular
universities with research opportunities in environmental science,highschool student,attribute_lookup,medium,"environmental science, research, university",college_search,research focus
colleges with strong humanities research labs,highschool student,attribute_lookup,medium,"humanities, research labs, college",college_search,research focus
schools with access to local tech companies for internships,highschool student,filtered_search,complex,"tech companies, internship, local, schools",college_search,location + career
universities with student-led hackathons,highschool student,attribute_lookup,medium,"hackathon, student-led, university",college_search,extracurricular
colleges with active volunteer programs,highschool student,attribute_lookup,medium,"volunteer, active, college",college_search,community
schools with student-led science fairs,highschool student,attribute_lookup,medium,"science fairs, student-led, schools",college_search,extracurricular
universities with peer-led study programs,highschool student,attribute_lookup,medium,"peer-led, study programs, university",college_search,academic support
colleges with student wellness initiatives,highschool student,attribute_lookup,medium,"wellness initiatives, college",college_search,wellness
schools with student-run music events,highschool student,attribute_lookup,medium,"music events, student-run, schools",college_search,campus vibe
universities with active community service programs,highschool student,attribute_lookup,medium,"community service, active, university",college_search,community
colleges with student-led art studios,highschool student,attribute_lookup,medium,"art studios, student-led, college",college_search,extracurricular
schools with peer tutoring in STEM and humanities,highschool student,multi_constraint,complex,"peer tutoring, STEM, humanities, schools",college_search,academic support combo
universities with access to city-based internships,highschool student,filtered_search,medium,"internship, city, university",college_search,location + career
colleges with student wellness workshops,highschool student,attribute_lookup,medium,"wellness workshops, college",college_search,wellness
schools with cultural awareness programs,highschool student,attribute_lookup,medium,"cultural awareness, programs, schools",college_search,campus culture
universities with research labs open to undergraduates,highschool student,attribute_lookup,medium,"research labs, undergraduate, university",college_search,research access
colleges with student-run volunteer programs,highschool student,attribute_lookup,medium,"volunteer, student-run, college",college_search,community
schools with access to sports and recreation programs,highschool student,attribute_lookup,medium,"sports, recreation, schools",college_search,facilities
universities with student-led entrepreneurship competitions,highschool student,attribute_lookup,medium,"entrepreneurship, competition, student-led, university",college_search,entrepreneurship
colleges with free tutoring programs,highschool student,attribute_lookup,medium,"tutoring, free, college",college_search,academic support
schools with peer mentorship in humanities and STEM,highschool student,multi_constraint,complex,"peer mentorship, humanities, STEM, schools",college_search,student support combo
universities with student wellness resources,highschool student,attribute_lookup,medium,"wellness resources, university",college_search,wellness
colleges with active cultural clubs,highschool student,attribute_lookup,medium,"cultural clubs, active, college",college_search,campus culture
schools with student-run coding competitions,highschool student,attribute_lookup,medium,"coding competition, student-run, schools",college_search,extracurricular
universities with access to national internship programs,highschool student,attribute_lookup,medium,"national internship, university",college_search,career programs
colleges with student-led arts and crafts studios,highschool student,attribute_lookup,medium,"arts, crafts, studio, student-led, college",college_search,extracurricular
schools with research opportunities in neuroscience,highschool student,attribute_lookup,medium,"neuroscience, research, schools",college_search,research focus
universities with peer mentoring programs,highschool student,attribute_lookup,medium,"peer mentoring, university",college_search,student support
colleges with active STEM clubs,highschool student,attribute_lookup,medium,"STEM clubs, active, college",college_search,extracurricular
schools with student-run environmental workshops,highschool student,attribute_lookup,medium,"environmental workshops, student-run, schools",college_search,extracurricular
universities with cultural immersion experiences for undergraduates,highschool student,attribute_lookup,medium,"cultural immersion, undergraduate, university",college_search,program + culture
colleges with active community service projects,highschool student,attribute_lookup,medium,"community service, projects, college",college_search,community
schools with student-run music ensembles,highschool student,attribute_lookup,medium,"music ensembles, student-run, schools",college_search,extracurricular
universities with free workshops in art and design,highschool student,attribute_lookup,medium,"art, design, workshops, free, university",college_search,campus perks
colleges with access to startup networking events,highschool student,filtered_search,medium,"startup networking, college",college_search,entrepreneurship + location
schools with student wellness centers,highschool student,attribute_lookup,medium,"wellness center, schools",college_search,wellness
what major should I pick if I like both math and writing,college student,emotional_advisory,llm_needed,"major, math, writing, decision",major_selection_advising,major decision
is a double major worth it or too stressful,college student,emotional_advisory,llm_needed,"double major, stress, worth it",major_selection_advising,curriculum planning
how do I switch from biology to computer science mid college,college student,advisory,complex,"switch major, biology, computer science",major_change_advising,major change
can I finish a cs degree in 3 years,college student,advisory,complex,"CS degree, accelerated, timeline",degree_planning,graduation planning
what is the difference between a BA and BS in psychology,college student,factual,short_circuit,"BA, BS, psychology, difference",academic_program_info,degree type
should I take a gap year after sophomore year,college student,emotional_advisory,llm_needed,"gap year, sophomore, decision",academic_planning_advising,life planning
how do I pick between two majors I'm equally interested in,college student,emotional_advisory,llm_needed,"major selection, two majors, decision",major_selection_advising,major decision
is it too late to add a second major junior year,college student,advisory,medium,"second major, junior year, timeline",degree_planning,curriculum planning
what GPA do I need for grad school in economics,college student,factual,medium,"GPA, grad school, economics, requirement",grad_school_advising,academic outcomes
can I take courses at a community college and transfer credit,college student,advisory,medium,"community college, transfer credit",credit_transfer,credit transfer
best electives to take if I want to go into consulting,college student,advisory,complex,"electives, consulting, career",course_selection_advising,career planning
what does it mean to audit a class,college student,factual,short_circuit,"audit, class, definition",academic_policy_info,academic policy
how do I get into a research lab as a sophomore,college student,advisory,medium,"research lab, sophomore, how to",undergraduate_research_advising,research access
what is the point of office hours,college student,advisory,short_circuit,"office hours, purpose",academic_life_info,academic success
how to talk to a professor about a bad grade,college student,advisory,medium,"professor, bad grade, communication",academic_advising,academic success
is grade inflation real and does my school have it,college student,factual,medium,"grade inflation, school, GPA",academic_policy_info,grading policy
what is a thesis vs capstone project,college student,factual,medium,"thesis, capstone, difference",academic_program_info,academic options
how to get letters of recommendation from professors,college student,advisory,medium,"letters of recommendation, professor",application_advising,application prep
can I graduate early if I have a lot of AP credits,college student,advisory,complex,"early graduation, AP credits",degree_planning,graduation planning
what classes should I take freshman year to keep options open,college student,advisory,complex,"freshman year, course selection, flexibility",course_selection_advising,curriculum planning
how do I make friends after freshman year when everyone already has friend groups,college student,emotional_advisory,llm_needed,"friends, social, freshman year",student_life_advising,social life
is it weird to eat alone in the dining hall,college student,emotional_advisory,llm_needed,"eating alone, dining hall, social",student_life_advising,social life
how do I get involved on campus without Greek life,college student,advisory,medium,"campus involvement, non-Greek, activities",student_life_advising,campus culture
what to do if my roommate and I don't get along,college student,emotional_advisory,llm_needed,"roommate, conflict, resolution",student_life_advising,dorm life
how do college students actually meet people and date,college student,advisory,medium,"dating, social, college students",student_life_advising,social life
how to find your people in college,college student,emotional_advisory,llm_needed,"social, community, belonging, college",student_life_advising,social life
is it normal to feel lonely freshman year of college,college student,emotional_advisory,llm_needed,"loneliness, freshman year, normal",student_wellbeing_advising,wellbeing
how to get leadership positions in student clubs,college student,advisory,medium,"leadership, clubs, student organizations",student_life_advising,extracurricular
what clubs are actually worth joining in college,college student,advisory,medium,"clubs, worth it, college",student_life_advising,extracurricular
how do you balance social life and academics in college,college student,emotional_advisory,llm_needed,"balance, social life, academics",student_life_advising,time management
is Greek life worth it if you're not sure about it,college student,advisory,medium,"Greek life, decision, worth it",student_life_advising,social culture
how to deal with FOMO in college,college student,emotional_advisory,llm_needed,"FOMO, social anxiety, college",student_wellbeing_advising,wellbeing
what do college students do on weekends that aren't parties,college student,advisory,medium,"weekends, activities, non-party",student_life_advising,social life
how to find off-campus housing for junior year,college student,advisory,medium,"off-campus housing, junior year",housing_advising,housing
what are the pros and cons of living off campus,college student,advisory,medium,"off-campus, pros, cons, housing",housing_advising,housing
how to get a single dorm room,college student,advisory,medium,"single room, dorm, how to",housing_advising,housing
what happens if I fail a class in college,college student,advisory,medium,"failing, class, consequences",academic_policy_info,academic policy
can college students change their meal plan mid semester,college student,factual,medium,"meal plan, change, mid-semester",campus_services_info,campus life
how to actually use the campus gym without feeling intimidated,college student,advisory,short_circuit,"gym, campus, intimidation",student_life_advising,wellness
how to find good study spots on campus,college student,advisory,short_circuit,"study spots, campus",student_life_advising,academic success
how to get an internship with no experience freshman year,college student,advisory,complex,"internship, no experience, freshman",career_advising,career planning
when should I start applying for summer internships,college student,advisory,medium,"internship, application, timeline, summer",career_advising,career planning
what should a college student put on their resume,college student,advisory,medium,"resume, college student, content",career_advising,career planning
is LinkedIn actually important for college students,college student,advisory,medium,"LinkedIn, importance, college students",career_advising,career planning
how to cold email a company about internships,college student,advisory,medium,"cold email, internship, company",career_advising,career planning
what is a target company and how do I find mine,college student,advisory,complex,"target company, career, definition",career_advising,career planning
how to prepare for a case interview,college student,advisory,complex,"case interview, preparation",career_advising,career planning
what is the difference between an internship and a co-op,college student,factual,medium,"internship, co-op, difference",career_advising,career programs
how do career fairs actually work and are they worth going to,college student,advisory,medium,"career fair, how it works, worth it",career_advising,career planning
how to network as an introvert in college,college student,advisory,medium,"networking, introvert, college",career_advising,career planning
what does on-campus recruiting mean,college student,factual,medium,"on-campus recruiting, definition",career_advising,career programs
how to get a research position that pays,college student,advisory,medium,"paid research, position",undergraduate_research_advising,research access
is it okay to apply for a job senior year with no internships,college student,emotional_advisory,llm_needed,"job, senior year, no internship",career_advising,career planning
what is a return offer from an internship,college student,factual,short_circuit,"return offer, internship, definition",career_advising,career planning
best entry level jobs for political science majors,college student,advisory,medium,"entry level, political science, jobs",career_advising,career planning
how to negotiate a college job offer,college student,advisory,medium,"negotiate, job offer, college",career_advising,career planning
what certifications should a cs student get in college,college student,advisory,complex,"certifications, CS, college",career_advising,career planning
how to build a portfolio as an art student,college student,advisory,medium,"portfolio, art student",career_advising,career planning
what is an elevator pitch and how do I make one as a student,college student,advisory,medium,"elevator pitch, student, how to",career_advising,career planning
how do I get a job at a startup vs big company after college,college student,advisory,complex,"startup, big company, job, post-graduation",career_advising,career planning
how to budget as a college student,college student,advisory,medium,"budget, college student, money",student_finance_advising,financial planning
how to apply for FAFSA if your parents won't help,college student,advisory,complex,"FAFSA, parents, financial aid",financial_aid_advising,financial aid
can I appeal my financial aid package,college student,advisory,medium,"appeal, financial aid, package",financial_aid_advising,financial aid
what is a work study job,college student,factual,short_circuit,"work-study, definition, job",financial_aid_advising,financial aid
how to save money on textbooks in college,college student,advisory,medium,"textbooks, save money, college",student_finance_advising,cost reduction
is it worth taking out loans to go to a better school,college student,emotional_advisory,llm_needed,"loans, better school, decision",financial_aid_advising,financial planning
what is the average student loan debt after college,college student,factual,medium,"student loan, debt, average",student_finance_advising,financial info
how to find scholarships for current college students not just incoming freshmen,college student,advisory,complex,"scholarships, current students, financial aid",financial_aid_advising,financial aid
can I refinance student loans while still in school,college student,advisory,medium,"refinance, student loans, in school",student_finance_advising,financial planning
how to make money while in college without hurting grades,college student,advisory,medium,"make money, college, grades",student_finance_advising,financial planning
what is an income share agreement,college student,factual,medium,"income share agreement, definition",financial_aid_advising,financial aid
how much does it actually cost to live off campus,college student,advisory,medium,"off-campus, cost, living expenses",student_finance_advising,cost planning
what tax forms do college students need to file,college student,advisory,medium,"tax forms, college students",student_finance_advising,financial planning
how to get emergency financial aid from your college,college student,advisory,medium,"emergency financial aid, college",financial_aid_advising,financial aid
what happens to my financial aid if I drop a class,college student,advisory,medium,"financial aid, drop class, consequences",financial_aid_advising,financial aid
when should I start studying for the LSAT,college student,advisory,medium,"LSAT, study, timeline",test_prep_advising,test prep
how early should I study for the MCAT,college student,advisory,medium,"MCAT, study, timeline",test_prep_advising,test prep
what GRE score do I need for top grad schools,college student,advisory,medium,"GRE, score, grad school, requirement",test_prep_advising,test prep
is a masters degree worth it in computer science,college student,advisory,complex,"master's degree, computer science, worth it",grad_school_advising,grad school
how to get into a PhD program with a lower GPA,college student,advisory,complex,"PhD, lower GPA, admission",grad_school_advising,grad school
what is the difference between a PhD and professional degree,college student,factual,medium,"PhD, professional degree, difference",grad_school_advising,grad school
how to write a strong personal statement for grad school,college student,advisory,complex,"personal statement, grad school, writing",grad_school_advising,application prep
is it better to work first or go straight to grad school,college student,emotional_advisory,llm_needed,"work experience, grad school, decision",grad_school_advising,life planning
how to fund graduate school without loans,college student,advisory,complex,"graduate school, funding, no loans",grad_school_advising,financial planning
what is a gap year before grad school and is it a good idea,college student,advisory,medium,"gap year, grad school, decision",grad_school_advising,life planning
how do PhD stipends work,college student,factual,medium,"PhD stipend, definition",grad_school_advising,grad school
what is a research statement for grad school,college student,factual,medium,"research statement, grad school",grad_school_advising,application prep
can I apply to law school with any undergrad major,college student,factual,medium,"law school, undergrad major, admission",grad_school_advising,grad school
what is the difference between JD and LLM,college student,factual,medium,"JD, LLM, law degree, difference",grad_school_advising,grad school
is an MBA worth getting in your 20s,college student,advisory,complex,"MBA, 20s, worth it",grad_school_advising,grad school
how to deal with burnout in college,college student,emotional_advisory,llm_needed,"burnout, college, mental health",student_wellbeing_advising,wellbeing
what mental health resources are free for college students,college student,advisory,medium,"mental health, free resources, college",student_wellbeing_advising,mental health
how to sleep better during finals,college student,advisory,short_circuit,"sleep, finals, health",student_wellbeing_advising,wellbeing
how to manage anxiety about failing classes,college student,emotional_advisory,llm_needed,"anxiety, failing, classes",student_wellbeing_advising,mental health
what is imposter syndrome and how do I get over it,college student,emotional_advisory,llm_needed,"imposter syndrome, definition, overcome",student_wellbeing_advising,wellbeing
how to stay healthy when your dining hall food is bad,college student,advisory,medium,"healthy eating, dining hall, food",student_wellbeing_advising,health
how to find a therapist on a college student budget,college student,advisory,medium,"therapist, budget, college student",student_wellbeing_advising,mental health
does college health insurance cover therapy,college student,advisory,medium,"health insurance, therapy, coverage",student_wellbeing_advising,health insurance
how to exercise regularly with a busy college schedule,college student,advisory,medium,"exercise, schedule, college",student_wellbeing_advising,health
how to talk to your parents about struggling in college,college student,emotional_advisory,llm_needed,"parents, struggling, communication",student_wellbeing_advising,wellbeing
what laptop should I get for college as a cs major,college student,advisory,medium,"laptop, CS major, recommendation",college_prep_info,tech
what to actually pack for college dorms,college student,advisory,short_circuit,"packing, dorm, checklist",college_prep_info,dorm life
how to do laundry at college,college student,advisory,short_circuit,"laundry, college, how to",student_life_advising,practical life
what is a registrar in college,college student,factual,short_circuit,"registrar, definition, college",academic_policy_info,admin
how to dispute a parking ticket on campus,college student,advisory,short_circuit,"parking ticket, dispute, campus",campus_services_info,campus admin
what academic probation means and how to get off it,college student,advisory,medium,"academic probation, definition, recovery",academic_advising,academic policy
how to request an extension on an assignment,college student,advisory,short_circuit,"extension, assignment, request",academic_advising,academic success
what is a dean's list and how do I get on it,college student,factual,short_circuit,"dean's list, GPA, eligibility",academic_policy_info,academic achievement
how to find housing over winter break if dorms close,college student,advisory,medium,"housing, winter break, dorm closure",housing_advising,housing
what is Phi Beta Kappa and is it worth pursuing,college student,factual,medium,"Phi Beta Kappa, honor society, worth it",academic_program_info,academic achievement
how to find a good study group,college student,advisory,medium,"study group, finding, college",academic_advising,academic success
what are the best apps for college students,college student,advisory,medium,"apps, college students, productivity",student_life_advising,productivity
what is academic integrity and what counts as cheating,college student,factual,medium,"academic integrity, cheating, definition",academic_policy_info,academic policy
how to get course credit for an internship,college student,advisory,medium,"course credit, internship",academic_advising,credit transfer
how to make the most of a semester studying abroad,college student,advisory,complex,"study abroad, semester, tips",study_abroad_advising,study abroad
how to deal with culture shock studying abroad,college student,emotional_advisory,llm_needed,"culture shock, study abroad",study_abroad_advising,study abroad
what is ROTC and is it right for me,college student,advisory,medium,"ROTC, military, college program",academic_program_info,military options
how to become an RA in college,college student,advisory,medium,"RA, resident advisor, how to",student_life_advising,campus employment
what is a student ombudsman,college student,factual,short_circuit,"student ombudsman, definition",campus_services_info,campus admin
how to transfer to a different college after freshman year,college student,advisory,complex,"transfer, different college, freshman year",transfer_advising,transfer process
what are honors housing programs,college student,advisory,medium,"honors housing, definition",housing_advising,housing
how to find paid on-campus research opportunities,college student,advisory,medium,"paid research, on-campus",undergraduate_research_advising,research access
what is an accelerated bachelor master program,college student,factual,medium,"accelerated bachelor master, definition",academic_program_info,degree programs
how to get into a competitive major once you're already enrolled,college student,advisory,complex,"competitive major, admission, enrolled",major_change_advising,major admission
is it normal to not know what you want to do with your life in college,college student,emotional_advisory,llm_needed,"uncertainty, life direction, college",student_wellbeing_advising,life planning
how to find mentors in your field as an undergrad,college student,advisory,medium,"mentor, field, undergraduate",career_advising,mentorship
what is the purpose of college orientation and should I go,college student,advisory,short_circuit,"orientation, purpose, college",college_prep_info,campus life
how to ask for a recommendation from a professor you only had once,college student,advisory,medium,"recommendation, professor, limited contact",application_advising,application prep
what certifications can I get while in college for free,college student,advisory,medium,"certifications, free, college",career_advising,career planning
how to take online classes and actually stay motivated,college student,advisory,medium,"online classes, motivation, tips",academic_advising,academic success
can I take a leave of absence from college and come back,college student,advisory,medium,"leave of absence, return, college",academic_policy_info,academic policy
what does a college counselor do and when should I see one,college student,advisory,medium,"college counselor, role, when to use",academic_advising,campus support
how to find summer housing near your internship,college student,advisory,medium,"summer housing, internship, location",housing_advising,housing
what is a dual enrollment program,college student,factual,short_circuit,"dual enrollment, definition",academic_program_info,degree programs
how to find free printing or cheap printing on campus,college student,advisory,short_circuit,"printing, free, cheap, campus",campus_services_info,campus resources
how to get a student discount on software like Adobe,college student,advisory,short_circuit,"student discount, software, Adobe",campus_services_info,cost reduction
what is a credit hour and how many do I need to graduate,college student,factual,medium,"credit hour, graduation requirements",academic_policy_info,academic policy
how to survive a weed out class,college student,advisory,complex,"weed-out class, survival, tips",academic_advising,academic success
how to study effectively for multiple exams in one week,college student,advisory,medium,"studying, multiple exams, one week",academic_advising,academic success
how to get into a study abroad program that is competitive,college student,advisory,complex,"study abroad, competitive, how to",study_abroad_advising,study abroad
how do I know if I chose the wrong college and what do I do,college student,emotional_advisory,llm_needed,"wrong college, decision, what to do",transfer_advising,college fit
how to get out of a class I signed up for by mistake,college student,advisory,short_circuit,"drop class, mistake, how to",academic_advising,academic policy
what does satisfactory academic progress mean for financial aid,college student,factual,medium,"satisfactory academic progress, financial aid",financial_aid_advising,financial aid
how to handle failing a required course and needing to retake it,college student,advisory,medium,"failing, required course, retake",academic_advising,academic policy
is it worth taking difficult classes pass fail,college student,advisory,medium,"pass/fail, difficult classes, worth it",academic_advising,grading policy
how to choose between in person and online classes,college student,advisory,medium,"in-person, online, class format, decision",academic_advising,course selection
what is an incomplete grade and when should I request one,college student,factual,medium,"incomplete grade, definition, when to use",academic_policy_info,academic policy
how to get involved in undergraduate research if I'm not a science major,college student,advisory,medium,"undergraduate research, non-science major",undergraduate_research_advising,research access
what does it mean to be a teaching assistant as an undergrad,college student,factual,medium,"teaching assistant, undergraduate, definition",academic_program_info,campus employment
how to find a work study job I actually enjoy,college student,advisory,medium,"work-study, enjoyable, how to find",financial_aid_advising,campus employment
what is a learning management system and how do I use Blackboard or Canvas,college student,factual,short_circuit,"LMS, Blackboard, Canvas, how to use",campus_services_info,academic tools
how to deal with a professor who gives confusing instructions,college student,advisory,medium,"professor, confusing instructions, communication",academic_advising,academic success
how to catch up when I've fallen behind in a class,college student,advisory,medium,"fallen behind, catch up, class",academic_advising,academic success
what is a syllabus and how do I actually use it,college student,factual,short_circuit,"syllabus, definition, how to use",academic_policy_info,academic skills
is it worth going to a prestigious school for undergrad vs a cheaper one for grad school,college student,emotional_advisory,llm_needed,"prestigious school, cost, grad school, decision",college_selection_advising,college decision
how to afford study abroad on a tight budget,college student,advisory,complex,"study abroad, budget, afford",study_abroad_advising,study abroad
what happens if I can't pay my tuition balance before the semester starts,college student,advisory,medium,"tuition, payment, deadline",financial_aid_advising,financial aid
how to convince my parents I should change my major,college student,advisory,medium,"parents, major change, communication",major_change_advising,family dynamics
is it better to live with friends or with strangers in college,college student,advisory,medium,"roommate, friends vs strangers, decision",housing_advising,housing
how to prepare for a technical interview for software engineering jobs,college student,advisory,complex,"technical interview, software engineering, prep",career_advising,career planning
what is a niche job board and which ones are good for college students,college student,advisory,medium,"niche job board, college students, career",career_advising,career planning
what does college life actually look like week to week,college student,advisory,medium,"college life, weekly routine, what to expect",student_life_advising,campus life
how to get your first apartment near campus,college student,advisory,medium,"first apartment, near campus, how to",housing_advising,housing
what is the best credit card for college students,college student,advisory,medium,"credit card, college students, recommendation",student_finance_advising,financial planning
is it bad to not have a job in college,college student,emotional_advisory,llm_needed,"job, college, impact",student_life_advising,career planning
how to handle a conflict with a classmate in a group project,college student,advisory,medium,"conflict, classmate, group project",student_life_advising,interpersonal skills
what is a registrar hold and how do I get it lifted,college student,advisory,medium,"registrar hold, definition, remove",academic_policy_info,admin
what is the drop add period and how do I use it,college student,factual,medium,"drop/add period, definition, how to use",academic_policy_info,academic policy
how to make the most of career services at your college,college student,advisory,medium,"career services, how to use, college",career_advising,career planning
what is DACA and how does it affect college access for students,college student,factual,complex,"DACA, college access, undocumented students",financial_aid_advising,financial aid
how to get involved in community service off campus,college student,advisory,medium,"community service, off-campus",student_life_advising,community
how to handle being far from home for the first time,college student,emotional_advisory,llm_needed,"homesickness, far from home, first time",student_wellbeing_advising,wellbeing
how to start a club or organization at your college,college student,advisory,medium,"start club, organization, college",student_life_advising,extracurricular
is it okay to be undeclared freshman year,college student,emotional_advisory,llm_needed,"undeclared, freshman year, major",major_selection_advising,major decision
what does it mean to be on a waitlist at grad school,college student,factual,medium,"waitlist, grad school, definition",grad_school_advising,grad school
how to choose a graduate school program and location,college student,advisory,complex,"grad school, program, location, decision",grad_school_advising,grad school
what is a postbac program and who should do one,college student,factual,medium,"postbac, definition, who should",academic_program_info,grad school
how to apply for a Fulbright or Rhodes scholarship,college student,advisory,complex,"Fulbright, Rhodes, scholarship, application",financial_aid_advising,scholarships
what is the difference between pre-med and a biology major,college student,factual,medium,"pre-med, biology major, difference",academic_program_info,program comparison
how to get into medical school from a smaller college,college student,advisory,complex,"medical school, smaller college, admission",grad_school_advising,pre-med
what MCAT score do most medical schools require,college student,factual,medium,"MCAT score, medical school, requirement",test_prep_advising,test prep
how to stay motivated in college when classes feel pointless,college student,emotional_advisory,llm_needed,"motivation, college, pointless classes",student_wellbeing_advising,motivation
what is the difference between a semester and quarter system,college student,factual,short_circuit,"semester, quarter system, difference",academic_policy_info,academic policy
what does it look like to graduate with honors,college student,factual,medium,"honors, graduation, requirements",academic_program_info,academic achievement
how to deal with a competitive or toxic classroom environment,college student,emotional_advisory,llm_needed,"competitive, toxic, classroom, how to cope",student_wellbeing_advising,wellbeing
what jobs hire people with history degrees,college student,advisory,medium,"history degree, jobs, career",career_advising,career planning
how to make a career plan when your major doesn't lead to one clear job,college student,advisory,complex,"career plan, undirected major",career_advising,career planning
what are some ways to make extra money as a college student online,college student,advisory,medium,"extra money, online, college student",student_finance_advising,financial planning
how to ask a professor for a grade bump at end of semester,college student,advisory,medium,"grade bump, professor, semester end",academic_advising,academic success
how to use Notion or other tools to stay organized in college,college student,advisory,medium,"Notion, organization tools, college",student_life_advising,productivity
what is a Pomodoro technique and does it work for studying,college student,advisory,short_circuit,"Pomodoro, study technique, effectiveness",academic_advising,academic success
what's the difference between a selective school and an average one in terms of outcomes,college student,advisory,complex,"selective school, outcomes, comparison",college_selection_advising,college value
how to get research experience if your college doesn't have many labs,college student,advisory,complex,"research experience, limited labs",undergraduate_research_advising,research access
what is a certificate program and is it worth adding one in college,college student,factual,medium,"certificate program, worth it, college",academic_program_info,academic options
what to do if your scholarship wasn't renewed,college student,advisory,medium,"scholarship, not renewed, what to do",financial_aid_advising,financial aid
can you work full time and go to college at the same time,college student,advisory,complex,"full-time work, college, balance",student_life_advising,time management
what does a typical day look like for a college freshman,college student,advisory,medium,"typical day, freshman, college life",student_life_advising,campus life
what to do in the semester before you graduate,college student,advisory,medium,"pre-graduation, semester, checklist",degree_planning,graduation planning
how to reconnect with classmates after not talking for a semester,college student,advisory,short_circuit,"reconnect, classmates, social",student_life_advising,social life
is it worth taking an unpaid internship,college student,advisory,medium,"unpaid internship, worth it",career_advising,career planning
how do I know if a college club is worth my time,college student,advisory,medium,"club, worth it, time commitment",student_life_advising,extracurricular
what are some ways to reduce anxiety around public speaking in class,college student,advisory,medium,"public speaking, anxiety, class",student_wellbeing_advising,academic skills
how to write an email to a professor that doesn't sound dumb,college student,advisory,short_circuit,"email, professor, communication",academic_advising,communication
what does it mean when a professor says class participation counts,college student,advisory,short_circuit,"class participation, grading, meaning",academic_policy_info,academic skills
how to take notes effectively in a fast lecture,college student,advisory,medium,"notes, fast lecture, tips",academic_advising,academic skills
what is the Cornell note-taking method,college student,factual,short_circuit,"Cornell notes, method, definition",academic_advising,academic skills
how to avoid plagiarism when writing a research paper,college student,advisory,medium,"plagiarism, research paper, avoid",academic_policy_info,academic integrity
what is a literature review and how do I write one,college student,advisory,medium,"literature review, definition, how to write",academic_advising,academic skills
how to cite sources correctly in college papers,college student,advisory,short_circuit,"citations, sources, college papers",academic_advising,academic skills
what is the difference between APA and MLA citation formats,college student,factual,short_circuit,"APA, MLA, citations, difference",academic_advising,academic skills
how to use the library databases to find academic sources,college student,advisory,medium,"library databases, academic sources, how to",academic_advising,research skills
what is a peer reviewed journal article,college student,factual,short_circuit,"peer-reviewed, journal article, definition",academic_policy_info,research skills
how to talk to financial aid office if something feels unfair,college student,advisory,medium,"financial aid office, unfair, communication",financial_aid_advising,financial aid
how do I appeal a grade I got on a final exam,college student,advisory,medium,"grade appeal, final exam",academic_advising,academic policy
how to balance being pre-med with having a social life,college student,emotional_advisory,llm_needed,"pre-med, social life, balance",student_life_advising,wellbeing
what does honors thesis research actually look like day to day,college student,advisory,medium,"honors thesis, research, daily life",undergraduate_research_advising,research
how do I find professors who are willing to mentor undergrads,college student,advisory,medium,"professor, mentor, undergraduate",undergraduate_research_advising,mentorship
is it better to have a lot of campus activities or go deep on one,college student,advisory,medium,"campus activities, depth vs breadth, decision",student_life_advising,extracurricular
what should I know about signing a lease as a student for the first time,college student,advisory,medium,"lease, student, first time, tips",housing_advising,housing
how to stay safe walking home at night on or near campus,college student,advisory,medium,"safety, night, campus",student_wellbeing_advising,safety
how do I tell a friend group I need to study and can't hang out,college student,advisory,short_circuit,"study, friends, communication, boundaries",student_life_advising,time management
what to do when you feel like you chose the wrong school,college student,emotional_advisory,llm_needed,"wrong school, decision, what to do",transfer_advising,college fit
what to do if you feel like college isn't for you,college student,emotional_advisory,llm_needed,"college not for me, alternatives",student_wellbeing_advising,life planning
how to take a mental health day from class without falling behind,college student,advisory,medium,"mental health day, class, catch up",student_wellbeing_advising,wellbeing
what is a student advocate and when should I use one,college student,factual,medium,"student advocate, definition, when to use",campus_services_info,campus admin
how much does college actually cost including hidden fees,parent,factual,medium,"college cost, hidden fees, total",student_finance_advising,cost planning
what is the FAFSA and when should we fill it out,parent,advisory,medium,"FAFSA, definition, timeline, parents",financial_aid_advising,financial aid
how does the CSS profile differ from the FAFSA,parent,factual,medium,"CSS profile, FAFSA, difference",financial_aid_advising,financial aid
can both parents claim a college student on taxes,parent,advisory,medium,"taxes, dependent, college student, parents",student_finance_advising,financial planning
what is a 529 plan and is it too late to start one,parent,advisory,medium,"529 plan, college savings, definition",student_finance_advising,financial planning
how do merit scholarships affect financial aid packages,parent,advisory,complex,"merit scholarship, financial aid, impact",financial_aid_advising,financial aid
how to compare financial aid offers from multiple schools,parent,advisory,complex,"financial aid offers, compare, multiple schools",financial_aid_advising,financial aid
is it worth paying for a private college over a state school,parent,advisory,llm_needed,"private vs state, cost, worth it",college_selection_advising,cost planning
what is the expected family contribution in financial aid,parent,factual,medium,"expected family contribution, EFC, definition",financial_aid_advising,financial aid
what happens to our financial aid if our income changes during college,parent,advisory,complex,"income change, financial aid, impact",financial_aid_advising,financial aid
how much should parents contribute to college costs,parent,emotional_advisory,llm_needed,"parental contribution, college costs",financial_aid_advising,financial planning
what is parent PLUS loan and should we take it,parent,advisory,complex,"parent PLUS loan, definition, decision",financial_aid_advising,financial aid
can my child lose their scholarship if their GPA drops,parent,advisory,medium,"scholarship, GPA drop, risk",financial_aid_advising,financial aid
what is a tuition payment plan,parent,factual,medium,"tuition payment plan, definition",financial_aid_advising,financial planning
are there schools that meet 100 percent of financial need,parent,filtered_search,complex,"100% financial need, schools",college_search,financial aid
how to appeal a financial aid decision,parent,advisory,medium,"financial aid, appeal, how to",financial_aid_advising,financial aid
does having more than one child in college help financial aid,parent,advisory,medium,"multiple children, college, financial aid",financial_aid_advising,financial aid
what is room and board costs typically,parent,factual,medium,"room and board, cost, average",student_finance_advising,cost planning
how to save on college costs without sacrificing quality,parent,advisory,complex,"college costs, save money, quality",student_finance_advising,cost planning
what is the average debt a student graduates with,parent,factual,medium,"student debt, average, graduation",student_finance_advising,financial info
how safe is the campus at night,parent,filtered_search,medium,"campus safety, night",campus_services_info,campus safety
what mental health resources does the college offer,parent,advisory,medium,"mental health resources, college",student_wellbeing_advising,mental health
how do I know if my child is struggling mentally at college,parent,emotional_advisory,llm_needed,"child, mental health, struggling, parents",parent_college_advising,wellbeing
what is FERPA and can I access my child's grades in college,parent,factual,medium,"FERPA, grades, parental access",parent_college_advising,privacy policy
what campus safety features should I look for on a college tour,parent,advisory,medium,"campus safety, tour, features",parent_college_advising,campus safety
how to help my child deal with homesickness,parent,emotional_advisory,llm_needed,"homesickness, child, parents, help",parent_college_advising,wellbeing
what is an on-campus health center and what does it provide,parent,factual,medium,"health center, campus, services",campus_services_info,health services
should my child be on my health insurance or get the college plan,parent,advisory,complex,"health insurance, child, college plan",parent_college_advising,health insurance
what happens if my child gets sick at college,parent,advisory,medium,"sick, child, college, what to do",parent_college_advising,health services
how do colleges handle mental health crises for students,parent,factual,medium,"mental health crisis, college, response",campus_services_info,mental health
what is a student wellness center at college,parent,factual,short_circuit,"wellness center, student, definition",campus_services_info,wellness
how to talk to my college student about alcohol and drugs,parent,emotional_advisory,llm_needed,"alcohol, drugs, college student, parents",parent_college_advising,wellbeing
what is Title IX and how does it protect my child,parent,factual,medium,"Title IX, protection, student rights",academic_policy_info,campus policy
what should parents know about dorm safety,parent,advisory,medium,"dorm safety, parents, tips",parent_college_advising,campus safety
how do I help my child if they experience sexual assault at college,parent,emotional_advisory,llm_needed,"sexual assault, college, support, parents",parent_college_advising,campus safety
what questions should we ask on a college tour,parent,advisory,medium,"college tour, questions, parents",parent_college_advising,college search
how do parents evaluate if a college is a good academic fit,parent,advisory,complex,"academic fit, evaluation, parents",parent_college_advising,college search
what is retention rate and why does it matter,parent,factual,medium,"retention rate, definition, importance",college_selection_advising,academic outcomes
how do I find out a college's graduation rate,parent,advisory,short_circuit,"graduation rate, how to find",college_selection_advising,academic outcomes
what is the student to faculty ratio and why does it matter,parent,factual,medium,"student-faculty ratio, importance",college_selection_advising,academics
how to support your child in choosing a major without pushing them,parent,emotional_advisory,llm_needed,"major, parental support, child autonomy",parent_college_advising,major decision
what majors have the best job outcomes,parent,advisory,complex,"majors, job outcomes, comparison",major_selection_advising,career outcomes
is a liberal arts degree worth it financially,parent,advisory,complex,"liberal arts, financial value, worth it",major_selection_advising,career outcomes
how to support a child who wants to switch majors,parent,emotional_advisory,llm_needed,"major switch, child, parental support",parent_college_advising,major decision
what is an honors college and is it worth applying to,parent,advisory,medium,"honors college, definition, worth it",college_selection_advising,academic options
what is the difference between a public and private research university,parent,factual,medium,"public, private, research university, difference",college_selection_advising,college types
how do I know if my child is academically prepared for a certain school,parent,advisory,complex,"academic preparation, child, school fit",parent_college_advising,college fit
what college rankings actually matter and what are misleading,parent,advisory,complex,"rankings, credibility, misleading",college_selection_advising,college search
what is a liberal arts college vs a university,parent,factual,medium,"liberal arts college, university, difference",college_selection_advising,college types
how do you evaluate career services at a college,parent,advisory,medium,"career services, evaluation, college",college_selection_advising,career outcomes
what is the difference between a BA and a BS,parent,factual,short_circuit,"BA, BS, difference",academic_program_info,academics
what does holistic admissions mean,parent,factual,medium,"holistic admissions, definition",admissions_info,admissions
how can parents help with the college application without overdoing it,parent,emotional_advisory,llm_needed,"parents, college application, boundaries",parent_college_advising,application process
what is early decision vs early action,parent,factual,medium,"early decision, early action, difference",admissions_info,admissions
is it worth hiring a private college counselor,parent,advisory,medium,"private counselor, worth it",admissions_info,admissions
what is a good college list and how many schools should my child apply to,parent,advisory,medium,"college list, number of schools, how many",admissions_info,college search
how important is demonstrated interest to college admissions,parent,advisory,medium,"demonstrated interest, admissions, importance",admissions_info,admissions
do college visits really matter for admissions,parent,advisory,medium,"college visits, admissions, importance",admissions_info,admissions
what is test optional admissions and should my child submit scores,parent,advisory,complex,"test optional, SAT/ACT, decision",admissions_info,admissions
how to help my child write college essays without writing them for them,parent,emotional_advisory,llm_needed,"college essays, parents, help",parent_college_advising,application process
what extracurriculars do top colleges actually care about,parent,advisory,complex,"extracurriculars, top colleges, admissions",admissions_info,admissions
what is a waitlist and what should we do if our child is waitlisted,parent,advisory,medium,"waitlist, child, what to do",admissions_info,admissions
is a 3.5 GPA good enough for top schools,parent,advisory,medium,"GPA, top schools, admissions",admissions_info,admissions
what is the common app,parent,factual,short_circuit,"Common App, definition",admissions_info,admissions
when do colleges start looking at junior year grades,parent,advisory,medium,"junior year, grades, admissions timeline",admissions_info,admissions
what makes a college application stand out,parent,advisory,complex,"college application, stand out, tips",admissions_info,admissions
what do parents need to do the summer before college starts,parent,advisory,medium,"summer before college, parents, checklist",parent_college_advising,college prep
how do parents communicate with college students without being overbearing,parent,emotional_advisory,llm_needed,"communication, college student, parents, balance",parent_college_advising,family dynamics
what to pack when moving a kid into a college dorm,parent,advisory,short_circuit,"packing, dorm, moving, parents",parent_college_advising,college prep
what do I need to know about the move-in day process,parent,advisory,medium,"move-in day, college, what to know",parent_college_advising,college prep
how do I let go when my child leaves for college,parent,emotional_advisory,llm_needed,"letting go, college, emotional, parents",parent_college_advising,family dynamics
what is freshman orientation like for parents,parent,advisory,medium,"freshman orientation, parents, what to expect",parent_college_advising,college prep
how do I set up a bank account or send money to my child in college,parent,advisory,medium,"bank account, money, child, college",parent_college_advising,financial planning
when should parents visit their college students,parent,emotional_advisory,llm_needed,"visiting, frequency, parents, college students",parent_college_advising,family dynamics
what is the helicopter parent trap and how to avoid it,parent,emotional_advisory,llm_needed,"helicopter parent, avoid, college",parent_college_advising,family dynamics
how to support a child who is struggling academically in college,parent,emotional_advisory,llm_needed,"academic struggle, child, support, parents",parent_college_advising,academic support
what to do if my child wants to drop out of college,parent,emotional_advisory,llm_needed,"drop out, child, what to do, parents",parent_college_advising,crisis support
how to help a first generation college student navigate campus,parent,advisory,complex,"first-generation, campus, navigation, parents",parent_college_advising,student support
what is family weekend at college,parent,factual,short_circuit,"family weekend, college, definition",parent_college_advising,campus life
how do parents handle college care packages what to send,parent,advisory,short_circuit,"care packages, parents, what to send",parent_college_advising,family dynamics
what does the college transition look like emotionally for families,parent,emotional_advisory,llm_needed,"college transition, emotional, families",parent_college_advising,family dynamics
colleges with the most generous financial aid for middle class families,parent,filtered_search,complex,"financial aid, middle class, generous, college",college_search,financial aid
which colleges have the best mental health support for students,parent,filtered_search,complex,"mental health support, best, college",college_search,mental health
what are colleges known for having the happiest students,parent,filtered_search,medium,"happy students, college, reputation",college_search,campus culture
colleges with the lowest student loan debt outcomes,parent,filtered_search,complex,"student loan debt, low, college",college_search,financial outcomes
which colleges have the best career placement for business majors,parent,filtered_search,complex,"career placement, business, college",college_search,career outcomes
colleges with strong support for students with ADHD or learning disabilities,parent,filtered_search,complex,"ADHD, learning disabilities, support, college",college_search,disability support
what colleges have very high retention rates,parent,filtered_search,medium,"retention rate, high, college",college_search,academic outcomes
are there colleges that guarantee housing for all four years,parent,filtered_search,medium,"housing guarantee, four years, college",college_search,housing
what colleges have the best campus dining,parent,filtered_search,medium,"campus dining, best, college",college_search,campus life
colleges with low crime rates on campus,parent,filtered_search,complex,"crime rate, low, campus, college",college_search,campus safety
colleges near home for students who want to stay close to family,parent,filtered_search,medium,"near home, family, college",college_search,location filter
what colleges have the best academic support programs,parent,filtered_search,complex,"academic support, best, college",college_search,academic support
colleges with strong programs for undecided students,parent,filtered_search,medium,"undecided, programs, support, college",college_search,academic options
what are the best value schools with high rankings,parent,filtered_search,complex,"value, high rankings, college",college_search,cost vs quality
colleges with strong alumni giving and engagement rates,parent,filtered_search,medium,"alumni giving, engagement, college",college_search,alumni network
colleges that are good for neurodivergent students,parent,filtered_search,complex,"neurodivergent, support, college",college_search,disability support
what schools have honors programs with smaller communities,parent,filtered_search,complex,"honors program, small community, college",college_search,academic options
colleges with strong pre-med programs and good MCAT prep support,parent,filtered_search,complex,"pre-med, MCAT prep, college",college_search,pre-med
schools where students feel safe and included regardless of background,parent,filtered_search,complex,"safety, inclusion, diverse, college",college_search,campus culture
colleges with excellent on-campus job and research opportunities,parent,filtered_search,complex,"on-campus jobs, research, college",college_search,career outcomes
what is the typical response time from financial aid offices,parent,factual,medium,"financial aid office, response time",financial_aid_advising,financial aid
what happens during freshman orientation and should parents attend,parent,advisory,medium,"freshman orientation, parents, attend",parent_college_advising,college prep
how to prepare your child for living away from home for the first time,parent,advisory,complex,"living away, first time, child, prep",parent_college_advising,college prep
what happens if my child doesn't get into any schools they applied to,parent,emotional_advisory,llm_needed,"no acceptances, what to do, child",admissions_info,admissions
how to support a student who didn't get into their dream school,parent,emotional_advisory,llm_needed,"rejection, dream school, support",admissions_info,admissions
what does it mean for a college to be a good cultural fit,parent,advisory,medium,"cultural fit, college, definition",college_selection_advising,college fit
how do rankings like US News actually work,parent,factual,medium,"US News, rankings, methodology",college_selection_advising,college search
what is early decision 2 and when is it useful,parent,factual,medium,"early decision 2, ED2, when to use",admissions_info,admissions
how many schools should we apply to in the early round,parent,advisory,medium,"early round, number of schools, application",admissions_info,admissions
what is demonstrated financial need in college admissions,parent,factual,medium,"demonstrated financial need, admissions, definition",admissions_info,financial aid
best colleges for students who want to take a different path career wise,parent,filtered_search,complex,"non-traditional career, college, best",college_search,career outcomes
what is a net price calculator and how do I use it,parent,advisory,medium,"net price calculator, how to use",financial_aid_advising,financial aid
how do I evaluate whether a school's job placement data is real,parent,advisory,complex,"job placement data, evaluate, school",college_selection_advising,career outcomes
what should I look for in a college to make sure my child graduates on time,parent,advisory,complex,"graduation on time, college, features",parent_college_advising,graduation planning
what is average time to graduation at most universities,parent,factual,medium,"time to graduation, average, university",academic_policy_info,academic outcomes
how to have productive conversations with my child about college choices,parent,emotional_advisory,llm_needed,"college choices, conversation, parents",parent_college_advising,family dynamics
what are the social pressures at selective universities and how do parents help,parent,advisory,complex,"social pressure, selective university, parents",parent_college_advising,wellbeing
how much is too much for parents to pay for college,parent,emotional_advisory,llm_needed,"college cost, parents, limit",financial_aid_advising,financial planning
what is the difference between in state and out of state tuition,parent,factual,short_circuit,"in-state, out-of-state, tuition, difference",financial_aid_advising,cost planning
should my child live on campus or commute from home freshman year,parent,advisory,medium,"on-campus vs commute, freshman, decision",housing_advising,housing
what are the best college towns for student quality of life,parent,filtered_search,medium,"college towns, quality of life, best",college_search,campus life
how do we evaluate a college's internship and career placement record,parent,advisory,complex,"internship, career placement, evaluation",college_selection_advising,career outcomes
what questions should families ask about diversity and inclusion at a college,parent,advisory,medium,"diversity, inclusion, college tour, questions",parent_college_advising,campus culture
how to use the college scorecard to compare schools,parent,advisory,medium,"college scorecard, how to use, compare",college_selection_advising,college research
how do we know if our family qualifies for need-based aid,parent,advisory,medium,"need-based aid, qualification, family",financial_aid_advising,financial aid
what college resources are available for students with anxiety,parent,advisory,medium,"anxiety, resources, college",student_wellbeing_advising,mental health
how do I read a college's common data set,parent,advisory,medium,"common data set, how to read",college_selection_advising,college research
what is a fee waiver for college applications and how does my child get one,parent,advisory,medium,"fee waiver, application, how to get",admissions_info,admissions
what is binding early decision and what are the risks,parent,factual,medium,"binding ED, risks, definition",admissions_info,admissions
how to talk to my child about realistic expectations for admissions,parent,emotional_advisory,llm_needed,"realistic expectations, admissions, parents",parent_college_advising,family dynamics
what are the biggest mistakes families make in the college process,parent,advisory,complex,"mistakes, college process, families",parent_college_advising,application process
how to evaluate whether a school's promised financial aid is actually reliable,parent,advisory,complex,"financial aid reliability, evaluation",financial_aid_advising,financial aid
what college related tasks should we complete during junior year,parent,advisory,complex,"junior year, tasks, college prep",admissions_info,timeline
how do colleges compare in terms of mental health counseling wait times,parent,advisory,medium,"mental health counseling, wait times, compare",college_selection_advising,mental health
what red flags should parents watch for on a college campus visit,parent,advisory,medium,"red flags, campus visit, parents",parent_college_advising,college search
how to discuss student loan debt risk with your college bound teenager,parent,advisory,complex,"student loan debt, risk, teenager, parents",parent_college_advising,financial literacy
when does my child need to accept or decline a college offer,parent,factual,medium,"accept, decline, offer, deadline",admissions_info,admissions
what is National College Decision Day,parent,factual,short_circuit,"National College Decision Day, definition",admissions_info,admissions
how do we respond if a college lowers financial aid after year one,parent,advisory,medium,"financial aid reduced, year two, respond",financial_aid_advising,financial aid
does my child need to take both the SAT and ACT,parent,advisory,medium,"SAT, ACT, both, need to take",test_prep_advising,test prep
what is a good SAT score for a competitive school,parent,factual,medium,"SAT score, competitive, range",test_prep_advising,admissions
how do tutors and test prep help and is it worth it,parent,advisory,medium,"tutors, test prep, worth it",test_prep_advising,test prep
what is the difference between QuestBridge and traditional financial aid,parent,factual,medium,"QuestBridge, financial aid, difference",financial_aid_advising,financial aid
can families get more financial aid by negotiating,parent,advisory,medium,"financial aid, negotiate, families",financial_aid_advising,financial aid
how do I handle it if my child and I disagree on their top school,parent,emotional_advisory,llm_needed,"disagreement, top school, child, parents",parent_college_advising,family dynamics
how to tell if a school has good campus culture from the outside,parent,advisory,medium,"campus culture, evaluate, external",college_selection_advising,campus culture
what should every parent know about FAFSA verification,parent,advisory,medium,"FAFSA verification, parents",financial_aid_advising,financial aid
is my child too young or immature for a selective school,parent,emotional_advisory,llm_needed,"maturity, selective school, readiness",parent_college_advising,college fit
what is a gap semester and can colleges hold a spot,parent,advisory,medium,"gap semester, deferral, college",admissions_info,admissions
what are the emotional stages parents go through when their child starts college,parent,emotional_advisory,llm_needed,"emotional stages, college transition, parents",parent_college_advising,family dynamics
what college resources exist for students dealing with grief or loss,parent,advisory,medium,"grief, loss, college resources",student_wellbeing_advising,mental health
how do we find colleges where students are genuinely happy and connected,parent,filtered_search,complex,"happy, connected, students, college",college_search,campus culture
how to use virtual tours effectively when you can't visit in person,parent,advisory,medium,"virtual tours, how to use, no visit",college_selection_advising,college search
what does a typical financial aid award letter look like and how do I read it,parent,advisory,medium,"financial aid award letter, how to read",financial_aid_advising,financial aid
how are some schools cheaper to attend even if sticker price is higher,parent,advisory,medium,"sticker price, actual cost, cheaper",financial_aid_advising,financial aid
what is the difference between subsidized and unsubsidized loans,parent,factual,medium,"subsidized, unsubsidized, loans, difference",financial_aid_advising,financial aid
how to find schools with strong academic advising programs,parent,filtered_search,complex,"academic advising, strong, college",college_search,academic support
what is a consortium agreement between colleges,parent,factual,medium,"consortium agreement, definition",academic_policy_info,academic policy
how do I set expectations for grades with my child in college,parent,advisory,medium,"grades, expectations, child, parents",parent_college_advising,family dynamics
what to do if my child is not doing well in their freshman year,parent,emotional_advisory,llm_needed,"freshman year, struggling, parents, what to do",parent_college_advising,academic support
how do I know if my child has a learning disability that might need support in college,parent,advisory,complex,"learning disability, support, college, diagnosis",parent_college_advising,disability support
how to prepare your child emotionally for college rejection,parent,advisory,medium,"rejection, emotional prep, parents",parent_college_advising,emotional prep
can parents attend college orientation and what is expected,parent,factual,medium,"orientation, parents, attend, expectations",parent_college_advising,college prep
how to find a college that matches my child's learning style,parent,advisory,complex,"learning style, college match, parents",parent_college_advising,college fit
what is the best way to narrow a college list from 20 schools to 10,parent,advisory,complex,"narrow college list, 20 to 10",admissions_info,college search
how does a school's endowment affect student financial aid,parent,advisory,medium,"endowment, financial aid, impact",financial_aid_advising,financial aid
is going to a less prestigious school but graduating debt free worth it,parent,advisory,llm_needed,"debt-free, less prestigious, worth it",college_selection_advising,college decision
what job outcomes do parents care most about when evaluating colleges,parent,advisory,medium,"job outcomes, parents, evaluation",parent_college_advising,career outcomes
what do peer and professional advisors at colleges actually do for students,parent,factual,medium,"peer advisors, professional advisors, role",academic_advising,academic support
how to help my child find their passion before choosing a major,parent,advisory,medium,"passion, major, child, parents",parent_college_advising,major advising
what is the difference between a community college and a four year school,parent,factual,medium,"community college, four-year, difference",college_selection_advising,college types
is community college a good option if my child isn't ready for a four year school,parent,advisory,medium,"community college, readiness, option",college_selection_advising,college options
how to help my child adjust to college level writing expectations,parent,advisory,medium,"college writing, adjustment, child, parents",parent_college_advising,academic prep
what is the purpose of a senior thesis and is it worth doing,parent,advisory,medium,"senior thesis, purpose, worth it",academic_program_info,academic options
what is a commuter college and is it right for my child,parent,factual,medium,"commuter college, definition, fit",college_selection_advising,college types
how to help my child research colleges independently without me doing everything,parent,advisory,medium,"independent research, child, parents, college",parent_college_advising,family dynamics
how do I know if a college has strong career coaching for students,parent,advisory,medium,"career coaching, strong, college",college_selection_advising,career outcomes
what does a college placement rate actually measure,parent,factual,medium,"placement rate, definition, measure",college_selection_advising,career outcomes
how to stay informed about what is happening on campus without being overbearing,parent,advisory,medium,"campus, informed, parents, balance",parent_college_advising,family dynamics
how does the college application process differ for transfer students,parent,factual,medium,"transfer, college application, differences",transfer_advising,admissions
what is the PLUS loan interest rate and how does it compare to other options,parent,factual,medium,"PLUS loan, interest rate, comparison",financial_aid_advising,financial aid
how do we pay for college application fees without breaking the bank,parent,advisory,medium,"application fees, afford, how to",admissions_info,cost planning
what does legacy status mean in college admissions and does it help,parent,factual,medium,"legacy status, admissions, definition, impact",admissions_info,admissions
how much does where you go to college actually matter for career outcomes,parent,advisory,complex,"college prestige, career outcomes, impact",college_selection_advising,college value
what should my child do the summer before college to be prepared,parent,advisory,medium,"summer before college, preparation, checklist",parent_college_advising,college prep
how do I find out about a college's relationship with employers in a specific industry,parent,advisory,medium,"employer relationships, industry, college",college_selection_advising,career outcomes
what is a cooperative education program and which schools offer it,parent,factual,medium,"co-op, cooperative education, schools",college_search,academic options
how do we know if a school has a genuine campus community or feels transactional,parent,advisory,medium,"campus community, authentic, evaluation",college_selection_advising,campus culture
what questions should we ask a current student on a campus visit,parent,advisory,medium,"current student, questions, campus visit",college_selection_advising,college search
what is a preferred lender list and should we use the school's recommended loan,parent,advisory,medium,"preferred lender, loan, school recommendation",financial_aid_advising,financial aid
how do we calculate the true cost of each school after aid,parent,advisory,medium,"true cost, after aid, calculate",financial_aid_advising,financial planning
is there financial aid available for undocumented or DACA students,parent,advisory,complex,"financial aid, undocumented, DACA",financial_aid_advising,financial aid
what support is available for students who struggle socially in college,parent,advisory,medium,"social struggle, support, college",student_wellbeing_advising,student support
how do parents know which college communications are important vs spam,parent,advisory,medium,"college communications, parents, important vs spam",parent_college_advising,admissions
what is senioritis and how do I keep my child on track for admission,parent,advisory,medium,"senioritis, keep on track, parents",parent_college_advising,academic prep
how does a college handle students who cheat or violate academic integrity,parent,advisory,medium,"academic integrity, cheating, college response",academic_policy_info,campus policy
what should I know about sibling discounts at private colleges,parent,advisory,medium,"sibling discount, private college",financial_aid_advising,financial aid
what are the real differences in outcomes between public honors colleges and private schools,parent,advisory,complex,"public honors, private schools, outcomes",college_selection_advising,college value
how do I verify that a school's reported graduation rate reflects typical students like my child,parent,advisory,complex,"graduation rate, verify, representative",college_selection_advising,academic outcomes
how to help a student who is a strong writer but low test scores decide where to apply,counselor,advisory,complex,"strong writer, low test scores, college list",admissions_info,student advising
what tools are available to help counselors track student college lists,counselor,tool_request,medium,"tools, counselors, track, college lists",counselor_tools,counselor tools
how to advise a student with a 2.8 GPA who wants to attend a top university,counselor,advisory,complex,"2.8 GPA, top university, counselor advising",counselor_student_advising,student advising
how to help first generation students understand the application process,counselor,advisory,complex,"first-generation, application process, counselor",counselor_student_advising,first gen support
strategies for helping students narrow down their college list,counselor,advisory,complex,"narrow college list, strategies, counselor",counselor_student_advising,college search
how to support a student who is applying to too many reach schools,counselor,advisory,medium,"reach schools, balance, counselor",counselor_student_advising,student advising
how do I help students who don't know what they want to study,counselor,advisory,complex,"undecided, major, counselor advising",counselor_student_advising,major advising
how to advise a student who wants to be pre-med but has struggled in science,counselor,advisory,complex,"pre-med, science struggle, counselor advising",counselor_student_advising,academic advising
how to explain the difference between ED and EA to students and families,counselor,advisory,medium,"ED, EA, explain, counselor",counselor_student_advising,admissions process
best resources for teaching students how to write college essays,counselor,advisory,medium,"college essays, resources, teaching, counselor",counselor_resources,essay coaching
how to help a student who got rejected from all their schools,counselor,emotional_advisory,llm_needed,"rejected, all schools, counselor support",counselor_student_advising,crisis support
how to counsel a student considering dropping out of high school,counselor,emotional_advisory,llm_needed,"drop out, high school, counselor",counselor_student_advising,crisis support
how to talk to students about realistic school expectations without crushing dreams,counselor,advisory,complex,"realistic expectations, counselor, students",counselor_student_advising,student advising
how to help a student who is undocumented navigate college applications,counselor,advisory,complex,"undocumented, college applications, counselor",counselor_student_advising,student support
how to advise international students applying to US colleges,counselor,advisory,complex,"international students, US college, counselor",counselor_student_advising,international students
how to counsel students on gap years and how to make them productive,counselor,advisory,medium,"gap year, productive, counselor",counselor_student_advising,gap year advising
how to help students who are applying with a criminal record,counselor,advisory,complex,"criminal record, college application, counselor",counselor_student_advising,student advising
what to tell students when they ask if a school is too hard for them,counselor,advisory,medium,"school difficulty, fit, counselor",counselor_student_advising,student advising
how to prepare students for college interviews,counselor,advisory,medium,"college interviews, preparation, counselor",counselor_student_advising,interview prep
how to help students write the additional information section of the common app,counselor,advisory,medium,"additional information, Common App, counselor",counselor_student_advising,essay coaching
how do need blind vs need aware admissions work,counselor,factual,medium,"need-blind, need-aware, admissions, definition",admissions_info,admissions policy
what is the coalition application vs common app,counselor,factual,medium,"Coalition App, Common App, difference",admissions_info,application process
which schools have the most generous no-loan financial aid policies,counselor,filtered_search,complex,"no-loan, financial aid, generous schools",college_search,financial aid
how to evaluate whether a school's financial aid package is actually good,counselor,advisory,complex,"financial aid package, evaluate, good",financial_aid_advising,financial aid
what is demonstrated interest and which schools track it,counselor,factual,complex,"demonstrated interest, schools that track",admissions_info,admissions
what is the Questbridge scholarship and which students should apply,counselor,advisory,complex,"QuestBridge, scholarship, eligibility",financial_aid_advising,scholarships
what are the best schools for students who want to combine business and engineering,counselor,filtered_search,complex,"business, engineering, combined, college",college_search,program search
which colleges have the most generous merit aid for high achieving students,counselor,filtered_search,complex,"merit aid, high achieving, generous, college",college_search,financial aid
what are hidden gem schools that are underrated but excellent,counselor,filtered_search,complex,"hidden gems, underrated, college",college_search,college recommendations
which colleges have the best support systems for low income students,counselor,filtered_search,complex,"low income, support, college",college_search,student support
how do admissions offices use demonstrated interest,counselor,factual,medium,"demonstrated interest, admissions, how used",admissions_info,admissions
what are the best schools for students interested in social impact careers,counselor,filtered_search,complex,"social impact, career, college",college_search,career outcomes
how has test optional admissions affected applicant pools,counselor,factual,medium,"test optional, applicant pool, impact",admissions_info,admissions trends
what are the schools with the best community college transfer pathways,counselor,filtered_search,complex,"community college, transfer, pathways, college",college_search,transfer pathways
which colleges are best for students who want to defer enrollment,counselor,filtered_search,medium,"defer enrollment, best college",college_search,admissions policy
how to teach students about college application timelines in junior year,counselor,advisory,medium,"application timeline, junior year, teach, counselor",counselor_resources,curriculum planning
how to run a college awareness week at a high school,counselor,advisory,medium,"college awareness week, high school, counselor",counselor_resources,school programming
how to help students create a balanced college list from scratch,counselor,advisory,complex,"balanced college list, counselor",counselor_student_advising,college search
best activities for a college prep workshop with juniors,counselor,advisory,medium,"college prep workshop, juniors, activities, counselor",counselor_resources,school programming
how to explain financial aid packages to students and families in plain terms,counselor,advisory,medium,"financial aid packages, explain, plain language, counselor",counselor_resources,financial literacy
how to help students with test anxiety around the SAT or ACT,counselor,advisory,medium,"test anxiety, SAT, ACT, counselor",counselor_student_advising,test prep
how to organize a college fair at a high school,counselor,advisory,medium,"college fair, high school, organize, counselor",counselor_resources,school programming
how to create a college going culture in a high school that historically sends few students,counselor,advisory,complex,"college-going culture, low-sending school, counselor",counselor_resources,school culture
how to teach students to evaluate college websites critically,counselor,advisory,medium,"college websites, evaluate, teach, counselor",counselor_resources,research skills
how to help students reflect on their values before picking a college,counselor,advisory,medium,"values, college choice, counselor",counselor_student_advising,college fit
how to use college data in the classroom to teach research skills,counselor,advisory,medium,"college data, research skills, classroom, counselor",counselor_resources,curriculum planning
best lesson plans for teaching juniors about the college application process,counselor,advisory,complex,"lesson plans, juniors, college application, counselor",counselor_resources,curriculum planning
how to facilitate a college essay writing workshop for seniors,counselor,advisory,medium,"essay writing workshop, seniors, counselor",counselor_resources,essay coaching
how to teach students what to look for on a college campus tour,counselor,advisory,medium,"campus tour, what to look for, counselor",counselor_resources,college search
resources for counselors to stay updated on college admissions trends,counselor,advisory,medium,"admissions trends, counselor, stay updated",counselor_resources,professional development
how to advise students with disabilities applying to college,counselor,advisory,complex,"disabilities, college application, counselor",counselor_student_advising,disability support
how to support LGBTQ students in finding affirming college environments,counselor,advisory,complex,"LGBTQ, affirming, college, counselor",counselor_student_advising,student support
how to counsel students who are the first in their family to consider college,counselor,advisory,complex,"first in family, college, counselor",counselor_student_advising,first gen support
how to support students from rural areas applying to colleges in big cities,counselor,advisory,medium,"rural students, big city college, counselor",counselor_student_advising,student support
how to help students with low GPA find college programs that fit them well,counselor,advisory,complex,"low GPA, college fit, counselor",counselor_student_advising,academic advising
how to advise students from underrepresented racial or ethnic backgrounds in college search,counselor,advisory,complex,"underrepresented, racial, ethnic, college search, counselor",counselor_student_advising,DEI support
how to talk to students about HBCUs and their advantages,counselor,advisory,medium,"HBCUs, advantages, counselor",counselor_student_advising,college options
what are tribal colleges and when should counselors recommend them,counselor,advisory,medium,"tribal colleges, definition, when to recommend",counselor_resources,college options
how to support students with IEPs in the college transition process,counselor,advisory,complex,"IEP, college transition, counselor",counselor_student_advising,disability support
how to talk to parents who are skeptical about college being worth it,counselor,advisory,complex,"skeptical parents, college worth it, counselor",counselor_resources,parent engagement
how to support foster youth who want to attend college,counselor,advisory,complex,"foster youth, college, support, counselor",counselor_student_advising,student support
how to help students who are caregivers at home balance college planning,counselor,advisory,complex,"caregiver students, college planning, counselor",counselor_student_advising,student support
how to advise athletes who want to play college sports,counselor,advisory,complex,"athletes, college sports, counselor advising",counselor_student_advising,NCAA recruiting
how to advise students interested in military service academies,counselor,advisory,complex,"military academies, counselor advising",counselor_student_advising,military options
how to help students from low-income families understand net price calculators,counselor,advisory,complex,"net price calculator, low-income, counselor",counselor_student_advising,financial literacy
how do counselors manage caseloads when working with 300 students at once,counselor,advisory,complex,"caseload, 300 students, manage, counselor",counselor_professional_dev,counselor workload
what is an ideal counselor to student ratio according to research,counselor,factual,medium,"counselor-to-student ratio, ideal, research",counselor_professional_dev,counselor standards
how to make the case to administration for more counseling staff,counselor,advisory,complex,"counseling staff, administration, advocacy",counselor_professional_dev,advocacy
how to build relationships with college admissions reps as a counselor,counselor,advisory,medium,"admissions reps, relationships, counselor",counselor_professional_dev,professional development
how to use data to track college outcomes for graduates of your school,counselor,advisory,complex,"data, college outcomes, track, counselor",counselor_professional_dev,outcome tracking
what is NACAC and how can high school counselors benefit from it,counselor,factual,medium,"NACAC, high school counselors, benefit",counselor_professional_dev,professional orgs
how to stay updated on changes to the FAFSA every year,counselor,advisory,medium,"FAFSA changes, stay updated, counselor",counselor_professional_dev,financial aid
how to use a college search platform effectively with students,counselor,advisory,medium,"college search platform, counselor, students",counselor_tools,counselor tools
how to document and share college counseling resources with students digitally,counselor,advisory,medium,"documentation, digital resources, counselor",counselor_tools,counselor tools
what is a secondary school report in the common app and how do I complete it,counselor,factual,medium,"secondary school report, Common App, counselor",counselor_resources,application process
how to write a strong school profile for the college counseling report,counselor,advisory,medium,"school profile, counseling report, counselor",counselor_resources,documentation
how to write an effective counselor recommendation letter,counselor,advisory,medium,"counselor recommendation letter, how to write",counselor_resources,documentation
how to get more colleges to visit or engage with your high school,counselor,advisory,medium,"college visits, high school engagement, counselor",counselor_professional_dev,school partnerships
how to help seniors who are procrastinating on applications,counselor,advisory,medium,"procrastinating, seniors, applications, counselor",counselor_student_advising,student motivation
how to track deadlines for multiple students applying to different schools,counselor,advisory,medium,"deadlines, multiple students, tracking, counselor",counselor_tools,counselor tools
how to run an effective senior college application bootcamp,counselor,advisory,medium,"bootcamp, seniors, applications, counselor",counselor_resources,school programming
how to counsel families when the parent and student disagree on college choice,counselor,emotional_advisory,llm_needed,"family disagreement, college choice, counselor",counselor_student_advising,family dynamics
what to do when a student gets wait listed at their top choice school,counselor,advisory,medium,"waitlisted, top choice, counselor advising",counselor_student_advising,admissions
how to advise students on whether to appeal a financial aid offer,counselor,advisory,medium,"financial aid appeal, counselor advising",counselor_student_advising,financial aid
how to use college scorecard data when advising students,counselor,advisory,medium,"college scorecard, counselor, advising",counselor_tools,counselor tools
how has the affirmative action ruling changed college admissions,counselor,factual,complex,"affirmative action, ruling, admissions change",admissions_info,admissions trends
what are colleges looking for in applicants now that test scores are optional,counselor,advisory,complex,"test optional, colleges look for, admissions",admissions_info,admissions trends
how does legacy admissions work and is it changing,counselor,factual,medium,"legacy admissions, how it works, changing",admissions_info,admissions policy
what is yield rate and why do colleges care about it,counselor,factual,medium,"yield rate, definition, importance",admissions_info,admissions
how do elite colleges really make admissions decisions,counselor,advisory,complex,"elite colleges, admissions, how they decide",admissions_info,admissions process
what is the new FAFSA simplification and how does it affect families,counselor,factual,complex,"FAFSA simplification, families, impact",financial_aid_advising,financial aid
how do college application trends differ by region in the US,counselor,factual,complex,"application trends, regional, US",admissions_info,admissions trends
which schools have recently changed their admissions policies,counselor,filtered_search,complex,"admissions policy changes, recent, schools",admissions_info,admissions trends
how to advise students in the current competitive admissions landscape,counselor,advisory,complex,"competitive admissions, counselor advising",counselor_student_advising,student advising
how to talk to students about the mental health impact of college admissions stress,counselor,advisory,complex,"mental health, admissions stress, counselor",counselor_student_advising,student wellbeing
what are common mistakes students make in the college application process,counselor,advisory,medium,"common mistakes, college application",admissions_info,application coaching
how do transfer admissions differ from freshman admissions,counselor,advisory,medium,"transfer admissions, freshman admissions, difference",transfer_advising,admissions
what is a Likely Letter and which schools send them,counselor,factual,medium,"Likely Letter, definition, schools",admissions_info,admissions
how to prepare students for a deferred admission decision,counselor,advisory,medium,"deferred, admission, counselor",counselor_student_advising,admissions
what resources exist for counselors at under-resourced schools,counselor,advisory,medium,"under-resourced schools, counselor resources",counselor_resources,professional development
how to advise a student who changes their mind about their major after submitting applications,counselor,advisory,medium,"major change, after application, counselor",counselor_student_advising,major advising
how to help students with strong grades but weak test scores position themselves,counselor,advisory,complex,"strong grades, weak test scores, position, counselor",counselor_student_advising,application strategy
what is a superscore and should students always submit it,counselor,factual,medium,"superscore, definition, should submit",test_prep_advising,test policy
how to support students with strong extracurriculars but average grades,counselor,advisory,medium,"strong extracurriculars, average grades, counselor",counselor_student_advising,application strategy
how to advise students about campus culture fit when they haven't visited,counselor,advisory,medium,"campus culture fit, no visit, counselor",counselor_student_advising,college fit
how to identify which safety schools are still good fits not just backups,counselor,advisory,complex,"safety schools, good fit, counselor",counselor_student_advising,college search
how to advise a student whose family wants them to stay close to home,counselor,advisory,medium,"stay close to home, family, counselor",counselor_student_advising,family dynamics
how to handle counselor recommendations when you don't know a student well,counselor,advisory,medium,"recommendation, don't know student well, counselor",counselor_resources,recommendation letters
what should a counselor include in a strong character reference for a student,counselor,advisory,medium,"character reference, counselor, what to include",counselor_resources,documentation
how to advise students about the risks of applying to all reach schools,counselor,advisory,medium,"all reach schools, risk, counselor",counselor_student_advising,college search
how to work with students who have anxiety that affects their application process,counselor,advisory,complex,"anxiety, application process, counselor",counselor_student_advising,student support
what is Naviance and how to use it for college counseling,counselor,advisory,medium,"Naviance, how to use, counselor",counselor_tools,counselor tools
how to set up a college application tracking spreadsheet for your caseload,counselor,advisory,medium,"tracking spreadsheet, caseload, counselor",counselor_tools,counselor tools
what data should school counselors track about their graduating class,counselor,advisory,medium,"data tracking, graduating class, counselor",counselor_tools,outcome tracking
how to engage parents who are over-involved in their student's applications,counselor,advisory,complex,"over-involved parents, counselor, manage",counselor_professional_dev,parent engagement
how to encourage students who don't think they are college material,counselor,advisory,complex,"not college material, encourage, counselor",counselor_student_advising,student motivation
how to address a student who has lied or exaggerated on their application,counselor,advisory,complex,"lying, exaggeration, application, counselor",counselor_student_advising,ethics
what is the Common Application school forms section and how to fill it out correctly,counselor,factual,medium,"Common App, school forms, how to fill, counselor",counselor_resources,application process
how to host a successful financial aid information night for families,counselor,advisory,medium,"financial aid night, families, host, counselor",counselor_resources,school programming
how to teach students the difference between cost and value in college selection,counselor,advisory,medium,"cost vs value, counselor, teach",counselor_resources,financial literacy
how to advise a student between two very different schools they both love,counselor,advisory,medium,"two schools, decision, counselor",counselor_student_advising,college decision
what is a demonstrated interest tracker and which schools use them,counselor,advisory,medium,"demonstrated interest tracker, schools",admissions_info,admissions
how to advise students who want to take a year off and travel before college,counselor,advisory,medium,"gap year, travel, counselor advising",counselor_student_advising,gap year advising
what are good professional development resources for school counselors,counselor,advisory,medium,"professional development, counselor, resources",counselor_professional_dev,professional development
how to advocate for students whose high school doesn't offer AP or IB classes,counselor,advisory,complex,"no AP/IB, advocate, counselor",counselor_student_advising,equity in admissions
how to advise students on finding schools with strong disability services,counselor,filtered_search,complex,"disability services, strong, counselor",counselor_student_advising,disability support
what are the most important things to cover in a junior college planning meeting,counselor,advisory,medium,"junior meeting, college planning, counselor",counselor_resources,advising practice
how to help students create a compelling activities list for the common app,counselor,advisory,medium,"activities list, Common App, counselor",counselor_student_advising,application coaching
how to advise students on describing unusual or non-traditional backgrounds in essays,counselor,advisory,complex,"unusual background, essays, counselor",counselor_student_advising,essay coaching
what is test optional vs test blind and what is the difference,counselor,factual,medium,"test optional, test blind, difference",admissions_info,admissions policy
how to teach students to research campus culture using social media and Reddit,counselor,advisory,medium,"campus culture, social media, Reddit, counselor",counselor_resources,college research
what are key signals that a student has found their right fit school,counselor,advisory,medium,"right fit, signals, counselor",counselor_student_advising,college fit
how to address college application fatigue among seniors,counselor,advisory,medium,"application fatigue, seniors, counselor",counselor_student_advising,student motivation
what is the best time of year to hold college planning workshops,counselor,advisory,medium,"workshop timing, college planning, counselor",counselor_resources,school programming
how to help students build a college list that balances ambition and reality,counselor,advisory,complex,"balanced list, ambition vs reality, counselor",counselor_student_advising,college search
what community organizations can school counselors partner with to support students,counselor,advisory,medium,"community organizations, partnerships, counselor",counselor_professional_dev,school partnerships
how to help transfer students build a strong community college application,counselor,advisory,medium,"transfer, community college application, counselor",transfer_advising,transfer advising
how to counsel students about applying to schools outside the US,counselor,advisory,complex,"international schools, outside US, counselor",counselor_student_advising,international options
how to identify and support students who are academically talented but disengaged,counselor,advisory,complex,"talented, disengaged, counselor",counselor_student_advising,student engagement
what role should teachers play in college counseling conversations,counselor,advisory,medium,"teachers, college counseling, role",counselor_professional_dev,school collaboration
how to coordinate between counselors and classroom teachers on student readiness,counselor,advisory,medium,"coordination, teachers, counselors, readiness",counselor_professional_dev,school collaboration
what is the best way to prepare a student for their first campus visit,counselor,advisory,medium,"campus visit, first, preparation, counselor",counselor_student_advising,college search
how to use social media platforms like Instagram or TikTok to promote college awareness,counselor,advisory,medium,"social media, Instagram, TikTok, college awareness, counselor",counselor_resources,school outreach
what is the best way to support a student whose parents refuse to fill out the FAFSA,counselor,advisory,complex,"FAFSA refusal, parents, counselor",counselor_student_advising,financial aid
how to advise a student who has a learning disability but has not disclosed it on their app,counselor,advisory,complex,"learning disability, undisclosed, application, counselor",counselor_student_advising,disability support
what are the best strategies for writing a counselor recommendation for a student you don't know well,counselor,advisory,medium,"recommendation, unfamiliar student, counselor",counselor_resources,recommendation letters
how to help students who are overcommitted and burning out on extracurriculars,counselor,advisory,medium,"overcommitted, burnout, extracurriculars, counselor",counselor_student_advising,student wellbeing
what counseling approaches work best for students who are highly anxious about college,counselor,advisory,complex,"anxiety, college, counseling approaches",counselor_student_advising,student wellbeing
how to advise a student who has excellent grades but very little to write about in essays,counselor,advisory,medium,"excellent grades, no essay content, counselor",counselor_student_advising,essay coaching
how to help students with unique or unconventional backgrounds craft authentic essays,counselor,advisory,complex,"unconventional background, authentic essays, counselor",counselor_student_advising,essay coaching
what is the best way to discuss safe schools with high achieving students who resist applying to them,counselor,advisory,medium,"safe schools, high achieving, counselor",counselor_student_advising,student advising
how to address a student who submitted an application with an error or forgot to add something,counselor,advisory,medium,"application error, forgot, counselor",counselor_student_advising,application coaching
how to help students understand what college is actually like vs the idealized version,counselor,advisory,medium,"college reality vs idealized, counselor",counselor_student_advising,college fit
what are evidence-based approaches to reducing college application anxiety in students,counselor,advisory,complex,"evidence-based, application anxiety, counselor",counselor_resources,student wellbeing
how to help students build a list that includes affordable options they are actually excited about,counselor,advisory,complex,"affordable options, college list, counselor",counselor_student_advising,college search
what is Signing Day for colleges and should your school do one,counselor,advisory,medium,"Signing Day, college, counselor",counselor_resources,school programming
how to communicate with college admissions reps effectively when advocating for a student,counselor,advisory,medium,"admissions reps, advocate, counselor",counselor_professional_dev,school partnerships
how to help students find colleges that are a great fit outside of the popular names they know,counselor,advisory,complex,"fit, lesser known colleges, counselor",counselor_student_advising,college search
what professional certifications are useful for school counselors focused on college advising,counselor,advisory,medium,"certifications, school counselors, college advising",counselor_professional_dev,professional development
how to talk to a student about not checking their college portal obsessively,counselor,advisory,medium,"portal checking, anxiety, counselor",counselor_student_advising,student wellbeing
what is a college counseling office culture and how do you build a good one,counselor,advisory,complex,"counseling office culture, how to build",counselor_professional_dev,school culture
how to manage student confidentiality when parents want updates on application status,counselor,advisory,medium,"confidentiality, parents, counselor",counselor_professional_dev,ethics
how to teach students to use net price calculators before they fall in love with a school,counselor,advisory,medium,"net price calculator, teach, counselor",counselor_resources,financial literacy
how to facilitate a productive meeting with a student whose parents are pushing Ivy League only,counselor,advisory,complex,"Ivy League pressure, parents, counselor",counselor_student_advising,family dynamics
what are the warning signs that a student is approaching the application season with a toxic mindset,counselor,advisory,medium,"toxic mindset, applications, counselor",counselor_student_advising,student wellbeing
how to advise a student who wants to major in something their school doesn't offer well,counselor,advisory,medium,"weak program, major, counselor advising",counselor_student_advising,major advising
how to support students in writing compelling supplemental essays for selective schools,counselor,advisory,complex,"supplemental essays, selective schools, counselor",counselor_student_advising,essay coaching
how to use the college visit debrief to help students clarify what they want,counselor,advisory,medium,"college visit debrief, counselor",counselor_student_advising,college search
what are best practices for building a college going culture at a rural high school,counselor,advisory,complex,"college-going culture, rural high school, counselor",counselor_resources,school culture
how to advise students about what colleges look for in athletes applying for recruitment,counselor,advisory,complex,"athlete recruitment, colleges look for, counselor",counselor_student_advising,NCAA recruiting
how to address students who are comparing themselves to peers who got into top schools,counselor,advisory,medium,"comparison, peers, top schools, counselor",counselor_student_advising,student wellbeing
how to help students see themselves in college programs that traditionally haven't included them,counselor,advisory,complex,"inclusion, representation, college programs, counselor",counselor_student_advising,equity in advising
how to conduct an effective sophomore year check-in about college planning,counselor,advisory,medium,"sophomore check-in, college planning, counselor",counselor_resources,advising practice
how to run a peer panel for younger students featuring seniors who went through the process,counselor,advisory,medium,"peer panel, seniors, underclassmen, counselor",counselor_resources,school programming
what is college access work and how does it differ from traditional counseling,counselor,factual,medium,"college access, vs traditional counseling, definition",counselor_professional_dev,counseling roles
what colleges have the best transfer acceptance rates for community college students,counselor,filtered_search,complex,"transfer acceptance rate, community college, colleges",college_search,transfer pathways
how to advise students on the pros and cons of applying restrictive early decision,counselor,advisory,complex,"restrictive ED, pros, cons, counselor",counselor_student_advising,admissions strategy
how to help students balance college applications with heavy senior year coursework,counselor,advisory,medium,"applications, senior year, balance, counselor",counselor_student_advising,time management
how to advise a student who has a late start on applications in October or November,counselor,advisory,medium,"late start, October, November, applications, counselor",counselor_student_advising,timeline
how to advise a student who is considering not going to college and pursuing a trade,counselor,advisory,complex,"trade, no college, counselor advising",counselor_student_advising,post-secondary options
what is a gap year organization and how do counselors evaluate which ones are credible,counselor,advisory,medium,"gap year organization, credibility, counselor",counselor_resources,gap year advising
how to help students craft a convincing appeal to a school after being denied,counselor,advisory,medium,"appeal after denial, counselor",counselor_student_advising,admissions
how to incorporate college exploration into the sophomore year curriculum,counselor,advisory,medium,"college exploration, sophomore, curriculum, counselor",counselor_resources,curriculum planning
how to get buy-in from school administration to expand college counseling resources,counselor,advisory,complex,"administration buy-in, counseling resources, expand",counselor_professional_dev,advocacy
what is a college counseling needs assessment and how do you use it,counselor,advisory,medium,"needs assessment, counseling, how to use",counselor_professional_dev,advising tools
how to advise students on whether to report disciplinary issues on college applications,counselor,advisory,complex,"disciplinary issues, report, application, counselor",counselor_student_advising,ethics
how to help students talk about failure or setbacks authentically in essays,counselor,advisory,medium,"failure, setbacks, essays, counselor",counselor_student_advising,essay coaching
how to advise a student with strong non-academic achievements but weak grades,counselor,advisory,complex,"non-academic, weak grades, counselor",counselor_student_advising,application strategy
how to counsel a student who wants to go to college far from home but whose parents are afraid,counselor,advisory,medium,"far from home, parents afraid, counselor",counselor_student_advising,family dynamics
how to train peer mentors to help underclassmen with the college exploration process,counselor,advisory,medium,"peer mentors, underclassmen, college exploration, counselor",counselor_resources,peer support
how to measure whether your school's college counseling program is effective,counselor,advisory,complex,"effectiveness, counseling program, measure",counselor_professional_dev,program evaluation
what is the PSAT and how should counselors use it to prepare students,counselor,factual,medium,"PSAT, counselors, prepare students",counselor_resources,test prep
how to advise students about whether to apply to highly selective schools vs safer options,counselor,advisory,complex,"selective vs safer schools, counselor",counselor_student_advising,admissions strategy
how to advise students on the personal statement prompt that gives them the most freedom,counselor,advisory,medium,"personal statement, freedom prompt, counselor",counselor_student_advising,essay coaching
how to help students who struggle to write about themselves in essays,counselor,advisory,medium,"self-writing, struggle, essays, counselor",counselor_student_advising,essay coaching
how to advise students on which supplemental essays to prioritize when short on time,counselor,advisory,medium,"supplemental essays, prioritize, time, counselor",counselor_student_advising,essay coaching
what is a binding early decision agreement and what are the financial implications,counselor,factual,medium,"binding ED, financial implications",admissions_info,admissions policy
how to advise students about deferring admission for a gap year,counselor,advisory,medium,"deferral, gap year, counselor",counselor_student_advising,admissions policy
how to navigate advising students whose cultural background makes college a family decision not just theirs,counselor,advisory,complex,"cultural background, family decision, counselor",counselor_student_advising,cultural competency
what is the best way to close out advising with a student after they commit to a school,counselor,advisory,medium,"close out advising, committed, counselor",counselor_student_advising,advising practice
how to help a student who is failing multiple classes decide whether to withdraw,advisor,advisory,complex,"failing, withdraw, decision, advisor",academic_advising,academic crisis
how to advise a student who wants to switch from pre-med to humanities,advisor,advisory,complex,"pre-med to humanities, switch, advisor",academic_advising,major change
how to help a student plan a four year academic roadmap,advisor,advisory,complex,"four-year plan, roadmap, advisor",academic_advising,degree planning
how to counsel a student who is behind on credits to graduate on time,advisor,advisory,complex,"behind credits, graduation, advisor",academic_advising,graduation planning
what is academic probation and how do advisors help students recover,advisor,factual,medium,"academic probation, advisor, recovery",academic_advising,academic support
how to advise students who want to double major in very different fields,advisor,advisory,complex,"double major, different fields, advisor",academic_advising,degree planning
how to help a student decide between a minor and a second major,advisor,advisory,medium,"minor vs second major, decision, advisor",academic_advising,degree planning
how do advisors determine if a student's course load is too heavy,advisor,advisory,medium,"course load, too heavy, advisor",academic_advising,academic support
how to help a pre-law student select the best undergraduate major,advisor,advisory,complex,"pre-law, major selection, advisor",academic_advising,pre-law advising
how to advise a student who wants to add a major late in their undergraduate career,advisor,advisory,complex,"add major, late, undergraduate, advisor",academic_advising,degree planning
how to counsel a student who is struggling with weed-out courses,advisor,advisory,medium,"weed-out, struggle, advisor",academic_advising,academic support
what strategies help advisors support students on academic warning,advisor,advisory,complex,"academic warning, strategies, advisor",academic_advising,academic support
how to help students understand prerequisite chains and plan ahead,advisor,advisory,medium,"prerequisites, planning, advisor",academic_advising,degree planning
how to advise a student considering taking a reduced course load,advisor,advisory,medium,"reduced course load, advisor",academic_advising,academic policy
how to help students identify their strengths and match them to majors,advisor,advisory,complex,"strengths, major match, advisor",academic_advising,major advising
how to advise a student who is interested in creating an independent major,advisor,advisory,complex,"independent major, advisor",academic_advising,academic options
what tools are available to advisors for tracking student academic progress,advisor,tool_request,medium,"tools, tracking, academic progress, advisor",academic_advising,advising tools
how to build strong advisor student relationships that improve retention,advisor,advisory,complex,"advisor-student relationships, retention",academic_advising,retention
how to run an effective advising appointment with a struggling student,advisor,advisory,medium,"advising appointment, struggling student",academic_advising,advising practice
how to advise students about the value of internships and when to pursue them,advisor,advisory,medium,"internships, value, timing, advisor",academic_advising,career advising
how to help undergraduates prepare a competitive grad school application,advisor,advisory,complex,"grad school, competitive application, advisor",academic_advising,grad school prep
how to advise students who want to attend professional school in medicine dentistry or law,advisor,advisory,complex,"professional school, medicine, dentistry, law, advisor",academic_advising,professional school advising
how to help students identify if they need a master's before applying to a PhD,advisor,advisory,complex,"master's, PhD, need, advisor",academic_advising,grad school prep
how to advise a student on requesting strong recommendation letters,advisor,advisory,medium,"recommendation letters, request, advisor",academic_advising,application prep
how to help students craft a compelling personal statement for graduate school,advisor,advisory,complex,"personal statement, grad school, advisor",academic_advising,application prep
how to advise students who are deciding between multiple grad school offers,advisor,advisory,complex,"multiple offers, grad school, advisor",academic_advising,grad school decision
how to discuss the financial realities of graduate school with students,advisor,advisory,complex,"financial realities, grad school, advisor",academic_advising,financial planning
how to help students decide if a PhD or industry career is right for them,advisor,advisory,complex,"PhD vs industry, decision, advisor",academic_advising,career advising
how to prepare students for professional school interviews,advisor,advisory,medium,"professional school interviews, preparation, advisor",academic_advising,interview prep
how to advise a student who has been rejected from every grad school they applied to,advisor,emotional_advisory,llm_needed,"rejected, all grad schools, advisor",academic_advising,crisis support
how to help students connect their major to career outcomes,advisor,advisory,complex,"major to career, connection, advisor",academic_advising,career advising
how to advise students who are undecided about career direction in junior year,advisor,advisory,complex,"undecided, career, junior year, advisor",academic_advising,career advising
how to help students find internships in their field of interest,advisor,advisory,medium,"internship, field of interest, advisor",academic_advising,career advising
how to use informational interview coaching to help students explore careers,advisor,advisory,medium,"informational interview, career exploration, advisor",academic_advising,career advising
how to advise students who want to work abroad after graduation,advisor,advisory,complex,"work abroad, post-graduation, advisor",academic_advising,career advising
how to help students prepare for behavioral interviews,advisor,advisory,medium,"behavioral interview, preparation, advisor",academic_advising,interview prep
how to advise students about networking when they have no connections,advisor,advisory,medium,"networking, no connections, advisor",academic_advising,career advising
how to help students evaluate job offers and think about career fit,advisor,advisory,medium,"job offer, career fit, advisor",academic_advising,career decision
how to advise students who want to start their own company after college,advisor,advisory,complex,"startup, entrepreneurship, post-college, advisor",academic_advising,entrepreneurship
how to counsel students on negotiating their first salary,advisor,advisory,medium,"salary negotiation, first job, advisor",academic_advising,career advising
how to help students build a professional portfolio,advisor,advisory,medium,"professional portfolio, advisor",academic_advising,career advising
how to advise students on using LinkedIn effectively for job searching,advisor,advisory,medium,"LinkedIn, job search, advisor",academic_advising,career advising
how to advise students about non-traditional career paths,advisor,advisory,complex,"non-traditional career, advisor",academic_advising,career advising
how to connect students with alumni mentors effectively,advisor,advisory,medium,"alumni mentors, connect, advisor",academic_advising,mentorship
best practices for running a career advising drop-in,advisor,advisory,medium,"career advising, drop-in, best practices",academic_advising,advising practice
how to identify early signs that a student is struggling academically and personally,advisor,advisory,complex,"early signs, struggling, academic, personal, advisor",academic_advising,student wellbeing
how to advise students with anxiety or depression who are falling behind,advisor,advisory,complex,"anxiety, depression, falling behind, advisor",academic_advising,mental health
how to support transfer students who feel out of place at their new school,advisor,advisory,medium,"transfer, out of place, advisor",academic_advising,transfer students
how to advise student athletes balancing sports and academics,advisor,advisory,medium,"student athletes, balance, advisor",academic_advising,student athletes
how to support international students navigating US academic culture,advisor,advisory,complex,"international students, US culture, advisor",academic_advising,international students
how to advise students who are parents or caregivers,advisor,advisory,complex,"student parents, caregivers, advisor",academic_advising,nontraditional students
how to support students with disabilities in their academic planning,advisor,advisory,complex,"disabilities, academic planning, advisor",academic_advising,disability support
how to advise veterans returning to school using GI Bill benefits,advisor,advisory,complex,"veterans, GI Bill, advisor",academic_advising,veteran students
how to support students who are experiencing housing or food insecurity,advisor,advisory,complex,"housing insecurity, food insecurity, advisor",academic_advising,student support
how to refer a student to mental health services without stigma,advisor,advisory,medium,"mental health referral, no stigma, advisor",academic_advising,mental health
how to advise students who have had a leave of absence and are returning,advisor,advisory,complex,"leave of absence, returning, advisor",academic_advising,re-enrollment
how to support undocumented students in accessing higher education,advisor,advisory,complex,"undocumented, higher education, advisor",academic_advising,student support
how to advise first generation students who feel like they don't belong,advisor,advisory,complex,"first-generation, belonging, advisor",academic_advising,first gen support
how to advise students who are in financial distress mid semester,advisor,advisory,medium,"financial distress, mid-semester, advisor",academic_advising,financial support
how to recognize and respond to a student in academic or personal crisis,advisor,advisory,complex,"crisis, recognize, respond, advisor",academic_advising,crisis support
what is proactive vs reactive academic advising,advisor,factual,medium,"proactive, reactive, advising, definition",academic_advising,advising models
how to use intrusive advising to improve at-risk student outcomes,advisor,advisory,complex,"intrusive advising, at-risk, outcomes",academic_advising,retention strategies
what is appreciative advising and how does it work,advisor,factual,medium,"appreciative advising, definition, how it works",academic_advising,advising models
how to manage a large caseload of students effectively,advisor,advisory,medium,"caseload, manage, advisor",academic_advising,advisor workload
what technology tools help academic advisors track student progress,advisor,tool_request,medium,"technology tools, track, student progress, advisor",academic_advising,advising tools
how to use early alert systems to support struggling students,advisor,advisory,medium,"early alert systems, struggling, advisor",academic_advising,retention tools
how to document advising sessions for compliance and continuity,advisor,advisory,medium,"documentation, advising sessions, advisor",academic_advising,advising practice
what are best practices for advisor training and onboarding,advisor,advisory,medium,"training, onboarding, advisor, best practices",academic_advising,professional development
how to assess the impact of academic advising on student success,advisor,advisory,complex,"impact, advising, student success, assess",academic_advising,assessment
what is the NACADA model and how can advisors apply it,advisor,factual,medium,"NACADA model, advisor, apply",academic_advising,advising models
how to conduct advising workshops for large groups of students,advisor,advisory,medium,"workshops, large groups, advisor",academic_advising,advising practice
how to handle situations where you disagree with a student's academic choice,advisor,advisory,medium,"disagreement, student choice, advisor",academic_advising,advising ethics
how to build equity into academic advising practices,advisor,advisory,complex,"equity, advising, practices",academic_advising,DEI in advising
how to advise students effectively virtually or online,advisor,advisory,medium,"virtual advising, online, advisor",academic_advising,virtual advising
how to stay current on curriculum changes and policy updates at your institution,advisor,advisory,medium,"curriculum changes, policy updates, advisor",academic_advising,professional development
how to handle a student who is frustrated or angry during an advising session,advisor,advisory,medium,"frustrated, angry, student, advising session",academic_advising,advising skills
how to collaborate with faculty as an academic advisor,advisor,advisory,medium,"faculty collaboration, advisor",academic_advising,collaboration
what is the difference between a faculty advisor and a professional advisor,advisor,factual,medium,"faculty advisor, professional advisor, difference",academic_advising,advising roles
how to advise students from different cultural backgrounds respectfully,advisor,advisory,complex,"cultural backgrounds, respectful advising",academic_advising,cultural competency
how to set boundaries with students who become overly dependent on advising,advisor,advisory,medium,"boundaries, dependent students, advisor",academic_advising,advising ethics
how to advocate for systemic changes in curriculum or policy that affect students,advisor,advisory,complex,"advocacy, curriculum, policy, advisor",academic_advising,advocacy
best practices for group advising sessions,advisor,advisory,medium,"group advising, best practices",academic_advising,advising practice
how to motivate students who have lost interest in their academic program,advisor,advisory,complex,"motivation, lost interest, advisor",academic_advising,student engagement
how do academic advisors support retention efforts at universities,advisor,advisory,complex,"retention, advisors, university",academic_advising,retention
how to tailor advising approaches to first year vs upper division students,advisor,advisory,medium,"first-year vs upper division, advising approach",academic_advising,advising practice
how to use data and analytics in academic advising,advisor,advisory,complex,"data, analytics, academic advising",academic_advising,advising tools
how to facilitate peer advising programs on campus,advisor,advisory,medium,"peer advising, programs, campus",academic_advising,peer support
how to advise students through a change in institutional requirements,advisor,advisory,medium,"institutional requirements change, advisor",academic_advising,policy changes
how to help students build resilience and self-advocacy skills,advisor,advisory,complex,"resilience, self-advocacy, advisor",academic_advising,student development
how to address microaggressions in advising interactions,advisor,advisory,complex,"microaggressions, advising, address",academic_advising,DEI in advising
how to help a student understand whether they are in the right major,advisor,advisory,medium,"right major, determination, advisor",academic_advising,major advising
how to advise a student who wants to take time off for mental health reasons,advisor,advisory,complex,"time off, mental health, advisor",academic_advising,wellbeing
how to advise a student who is pursuing a major their parents disapprove of,advisor,advisory,medium,"parents disapprove, major, advisor",academic_advising,family dynamics
how to advise a student about when to withdraw vs take a W vs drop,advisor,advisory,medium,"withdraw, W grade, drop, advisor",academic_advising,academic policy
how to counsel a student who missed a major application or enrollment deadline,advisor,advisory,medium,"missed deadline, enrollment, advisor",academic_advising,academic crisis
how to advise students on petitioning for exceptions to degree requirements,advisor,advisory,medium,"petition, degree requirements, advisor",academic_advising,academic policy
how to help a student decide whether to repeat a failed course,advisor,advisory,medium,"repeat, failed course, advisor",academic_advising,academic recovery
what is a university academic appeals process and how do advisors support it,advisor,factual,medium,"academic appeals, process, advisor",academic_advising,academic policy
how to advise students who are working full time while enrolled,advisor,advisory,complex,"full-time work, enrolled, advisor",academic_advising,nontraditional students
how to advise students who are pursuing competitive fellowships like Fulbright,advisor,advisory,complex,"fellowship, Fulbright, competitive, advisor",academic_advising,scholarships
how to help students prepare a competitive scholarship application,advisor,advisory,complex,"scholarship application, competitive, advisor",academic_advising,scholarships
what is a holds advisor and what kinds of holds affect students most,advisor,factual,medium,"holds advisor, types of holds, advisor",academic_advising,admin
how to advise students who are close to graduation but still have major deficiencies,advisor,advisory,complex,"near graduation, deficiencies, advisor",academic_advising,graduation planning
what are strategies for advising students who miss appointments repeatedly,advisor,advisory,medium,"missed appointments, strategies, advisor",academic_advising,advising practice
how to advise a student who is interested in a combined degree program,advisor,advisory,medium,"combined degree, advisor",academic_advising,degree programs
how to help undecided students explore potential majors through coursework,advisor,advisory,medium,"undecided, major exploration, coursework, advisor",academic_advising,major advising
what is a satisfactory academic progress appeal and how do advisors help,advisor,advisory,medium,"SAP appeal, advisor, how to help",academic_advising,financial aid
how to advise students about the implications of grade forgiveness policies,advisor,advisory,medium,"grade forgiveness, policy, advisor",academic_advising,academic policy
how to facilitate a career exploration conversation with a sophomore,advisor,advisory,medium,"career exploration, sophomore, advisor",academic_advising,career advising
how to help students articulate what they learned in their major to employers,advisor,advisory,medium,"major skills, articulate, employers, advisor",academic_advising,career advising
how to advise students about dual enrollment or concurrent credit from high school,advisor,advisory,medium,"dual enrollment, concurrent credit, advisor",academic_advising,credit transfer
what is a transfer credit evaluation and how does it work,advisor,factual,medium,"transfer credit evaluation, definition",academic_advising,credit transfer
how to advise a student who wants to count non-traditional work as academic credit,advisor,advisory,medium,"non-traditional work, credit, advisor",academic_advising,credit options
how to create a welcome email or outreach system for new advisees,advisor,advisory,medium,"welcome email, outreach, new advisees",academic_advising,advising practice
how to advise students on course selection when multiple paths lead to the same outcome,advisor,advisory,medium,"course selection, multiple paths, advisor",academic_advising,degree planning
how to advise students about taking overloads and petitioning for extra credits,advisor,advisory,medium,"overload, extra credits, petition, advisor",academic_advising,academic policy
how to support a student on an academic dismissal appeal,advisor,advisory,complex,"dismissal appeal, support, advisor",academic_advising,academic crisis
how to advise students who want to take all of their gen eds out of the way immediately,advisor,advisory,medium,"gen eds, front-load, advisor",academic_advising,degree planning
what is a four year graduation plan template and how do advisors use it,advisor,advisory,medium,"four-year plan, template, advisor",academic_advising,degree planning
how to advise students who have completed prerequisites out of order,advisor,advisory,medium,"prerequisites, out of order, advisor",academic_advising,degree planning
how to help students who struggle with time management and executive function,advisor,advisory,complex,"time management, executive function, advisor",academic_advising,academic support
what is a degree audit tool and how do advisors use it,advisor,factual,medium,"degree audit, tool, advisor",academic_advising,advising tools
how do advisors support students during major university disruptions like a pandemic or strike,advisor,advisory,complex,"disruptions, pandemic, advisor support",academic_advising,crisis advising
how to advise students who are deciding between two very different career paths,advisor,advisory,complex,"two career paths, decision, advisor",academic_advising,career advising
how to advise a student who feels pressure from family to enter a specific profession,advisor,advisory,complex,"family pressure, profession, advisor",academic_advising,family dynamics
how to advise students from competitive high schools who are struggling for the first time,advisor,advisory,medium,"competitive high school, first struggle, advisor",academic_advising,academic transition
what is the best way to follow up with students after an advising appointment,advisor,advisory,medium,"follow up, advising appointment, advisor",academic_advising,advising practice
how to advise students about the difference between internship and experiential learning credit,advisor,advisory,medium,"internship credit, experiential learning credit, advisor",academic_advising,career advising
how to prepare a student for a meeting with their academic department chair,advisor,advisory,medium,"department chair meeting, preparation, advisor",academic_advising,student support
how to connect advising to institutional data on student success outcomes,advisor,advisory,complex,"institutional data, student success, advisor",academic_advising,assessment
how to structure a first semester advising appointment for a new freshman,advisor,advisory,medium,"first semester, freshman, advising structure",academic_advising,advising practice
how to advise a student who is interested in going straight from undergrad to a PhD program,advisor,advisory,complex,"undergrad to PhD, direct path, advisor",academic_advising,grad school prep
how to support a student who is questioning their identity or values in relation to their major,advisor,advisory,complex,"identity, values, major, advisor",academic_advising,student development
how to advise students about the importance of maintaining academic standing for scholarships,advisor,advisory,medium,"academic standing, scholarships, advisor",academic_advising,financial aid
how to help students understand the real cost of staying in the wrong major too long,advisor,advisory,medium,"wrong major, cost, time, advisor",academic_advising,degree planning
how to respond when a student discloses a personal trauma during an advising session,advisor,advisory,complex,"trauma disclosure, advising session, advisor",academic_advising,crisis support
how to run a career readiness workshop for sophomores and juniors,advisor,advisory,medium,"career readiness, workshop, sophomores, juniors",academic_advising,career advising
how to advise students who are overwhelmed by the number of elective options,advisor,advisory,medium,"elective options, overwhelmed, advisor",academic_advising,degree planning
what is experiential learning and how do advisors integrate it into degree plans,advisor,advisory,medium,"experiential learning, degree plans, advisor",academic_advising,career advising
how to advise students considering online or hybrid degree programs,advisor,advisory,medium,"online, hybrid, degree programs, advisor",academic_advising,academic options
how to track trends in student concerns to share with department or college leadership,advisor,advisory,medium,"trends, student concerns, leadership, advisor",academic_advising,assessment
how to help a student who regrets their major choice in the second half of college,advisor,advisory,complex,"regret, major, second half, advisor",academic_advising,major change
how to advise students who are taking on too much in a single semester,advisor,advisory,medium,"overloaded, semester, advisor",academic_advising,academic support
how to advise a student about the benefits of studying abroad and integrating it into their plan,advisor,advisory,medium,"study abroad, benefits, plan, advisor",academic_advising,study abroad
what is academic dismissal and how do advisors help students avoid it,advisor,factual,medium,"academic dismissal, avoid, advisor",academic_advising,academic crisis
how to advise students on whether a gap semester is a good option before graduation,advisor,advisory,medium,"gap semester, before graduation, advisor",academic_advising,life planning
how to advise students who are pursuing two professional paths simultaneously,advisor,advisory,complex,"two paths, simultaneous, advisor",academic_advising,degree planning
how to support students who have experienced a traumatic event affecting their academics,advisor,advisory,complex,"trauma, academics, support, advisor",academic_advising,crisis support
how to advise students who have declared the wrong major due to misunderstanding requirements,advisor,advisory,medium,"wrong major, misunderstanding, advisor",academic_advising,major change
how to help a student who refuses to see a therapist but is clearly struggling,advisor,advisory,complex,"refusing therapy, struggling, advisor",academic_advising,mental health
how to handle confidentiality when a student shares concerning behavior about themselves,advisor,advisory,complex,"confidentiality, concerning behavior, advisor",academic_advising,advising ethics
how to advise a student about the difference between academic withdrawal and medical withdrawal,advisor,factual,medium,"academic withdrawal, medical withdrawal, difference, advisor",academic_advising,academic policy
how to advise a student seeking reinstatement after academic dismissal,advisor,advisory,complex,"reinstatement, dismissal, advisor",academic_advising,academic recovery
what is a success plan and how do advisors create one with students on probation,advisor,advisory,medium,"success plan, probation, advisor",academic_advising,academic support
how to advise undeclared students who are in their third year without a major,advisor,advisory,complex,"undeclared, third year, advisor",academic_advising,major advising
how to advise a student who wants to take a double load to make up for lost time,advisor,advisory,medium,"double load, catch up, advisor",academic_advising,academic policy
how to counsel a student whose poor choices last semester have affected their scholarship,advisor,advisory,medium,"scholarship, poor choices, advisor",academic_advising,financial aid
how to help a student navigate applying for a readmission after taking a leave,advisor,advisory,medium,"readmission, leave, advisor",academic_advising,re-enrollment
how to advise students about the transcript implications of retaking a course,advisor,advisory,medium,"transcript, retake, implications, advisor",academic_advising,academic policy
how to identify which students in your cohort are at highest risk of not graduating,advisor,advisory,complex,"at-risk, graduation, cohort, advisor",academic_advising,retention
how to advise a student who is interested in taking free online courses to supplement their degree,advisor,advisory,medium,"free online courses, supplement, advisor",academic_advising,academic options
how to advise a student considering withdrawing from a competitive program but not the school,advisor,advisory,complex,"withdraw from program, stay in school, advisor",academic_advising,major change
how to help a student who is embarrassed or ashamed about their GPA talk to potential employers,advisor,advisory,medium,"low GPA, employers, communication, advisor",academic_advising,career advising
how to advise a student who has been academically dishonest about their path forward,advisor,advisory,complex,"academic dishonesty, path forward, advisor",academic_advising,academic integrity
how to work with a student who has a disability accommodation that affects scheduling options,advisor,advisory,medium,"disability accommodation, scheduling, advisor",academic_advising,disability support
what is a learning community and how do advisors encourage participation,advisor,factual,medium,"learning community, definition, advisor",academic_advising,student engagement
how to advise students who are struggling to transition from high school to college expectations,advisor,advisory,medium,"high school to college, transition, advisor",academic_advising,academic transition
how to advise students who feel their professors are unfair or inaccessible,advisor,advisory,medium,"unfair professors, inaccessible, advisor",academic_advising,academic support
how to advise a student deciding between staying at their college or transferring to a new one,advisor,advisory,complex,"stay vs transfer, decision, advisor",academic_advising,transfer decision
how to help students understand how their extracurriculars connect to career readiness,advisor,advisory,medium,"extracurriculars, career readiness, advisor",academic_advising,career advising
what is a learning outcomes assessment for advising programs and how is it conducted,advisor,advisory,medium,"learning outcomes assessment, advising, how to",academic_advising,assessment
how to advise a student about taking a credit bearing service learning course,advisor,advisory,medium,"service learning, credit, advisor",academic_advising,academic options
how to help students understand what a major GPA is vs cumulative GPA,advisor,factual,medium,"major GPA, cumulative GPA, difference, advisor",academic_advising,academic policy
how to advise students who want to take a semester in Washington DC or in a state capital,advisor,advisory,medium,"DC semester, state capital, advisor",academic_advising,experiential learning
how to advise students about campus research programs like NSF REU,advisor,advisory,medium,"NSF REU, research programs, advisor",academic_advising,research access
how to advise a student who is thinking about getting a second undergraduate degree,advisor,advisory,medium,"second undergraduate degree, advisor",academic_advising,degree programs
what is a joint degree or 3+2 program and how do advisors help students evaluate them,advisor,factual,medium,"joint degree, 3+2 program, advisor",academic_advising,degree programs
how to advise students about combined or accelerated BA to MA programs,advisor,advisory,medium,"BA to MA, accelerated, advisor",academic_advising,degree programs
how to advise a student who finds they are more interested in a field outside their major,advisor,advisory,medium,"interest outside major, advisor",academic_advising,major change
how to advise students on what to say in a bad semester explanation letter,advisor,advisory,medium,"bad semester letter, advisor",academic_advising,application prep
how to help students evaluate if a professional certification makes sense alongside their degree,advisor,advisory,medium,"professional certification, alongside degree, advisor",academic_advising,career planning
how to advise a student who is interested in entrepreneurship but enrolled in a traditional major,advisor,advisory,medium,"entrepreneurship, traditional major, advisor",academic_advising,entrepreneurship
how to create an advising roadmap for students in highly structured or lockstep programs,advisor,advisory,medium,"advising roadmap, lockstep programs, advisor",academic_advising,degree planning
how to advise students who want to use elective credits in creative ways outside their major,advisor,advisory,medium,"elective credits, creative use, advisor",academic_advising,degree planning
how to advise students who are struggling in online classes and falling behind,advisor,advisory,medium,"online classes, falling behind, advisor",academic_advising,academic support
how to help students communicate with financial aid about appeal or special circumstances,advisor,advisory,medium,"financial aid, appeal, advisor",academic_advising,financial aid
how to help advisees build a relationship with at least one faculty mentor,advisor,advisory,medium,"faculty mentor, relationship, advisor",academic_advising,mentorship
how to advise a student who is overwhelmed by debt and considering dropping out,advisor,advisory,complex,"debt, drop out, advisor",academic_advising,financial crisis
how to build advising intake forms that surface student needs before the first meeting,advisor,advisory,medium,"intake forms, student needs, advisor",academic_advising,advising practice
how to advise students about taking a course overload and whether it is worth it,advisor,advisory,medium,"course overload, worth it, advisor",academic_advising,academic policy
how to facilitate a major exploration group advising session for undeclared freshmen,advisor,advisory,medium,"major exploration, group session, undeclared, advisor",academic_advising,major advising
how to advise students about what grades mean for different post-graduate paths,advisor,advisory,medium,"grades, post-graduate paths, advisor",academic_advising,career advising
how to respond when a student asks you to just tell them what to major in,advisor,advisory,medium,"tell me what to major, advisor response",academic_advising,advising skills
how to advise students from competitive high schools who feel entitled to certain grades,advisor,advisory,medium,"entitled, grades, competitive, advisor",academic_advising,academic transition
how to build a resource library for advisors that includes major and career information,advisor,advisory,medium,"resource library, major, career, advisor",academic_advising,advising tools
how to advise a student who has interests in art and finance and can't reconcile them,advisor,advisory,medium,"art and finance, reconcile, advisor",academic_advising,major advising
what are the most common challenges new academic advisors face and how to overcome them,advisor,advisory,medium,"new advisors, challenges, overcome",academic_advising,professional development
how to ensure advising practices are culturally responsive for diverse student populations,advisor,advisory,complex,"culturally responsive, diverse, advising",academic_advising,cultural competency
how to advise a student who is interested in graduate school but has a weak application profile,advisor,advisory,complex,"graduate school, weak profile, advisor",academic_advising,grad school prep
how to balance empathy and directness when advising a student about poor choices,advisor,advisory,medium,"empathy, directness, poor choices, advisor",academic_advising,advising skills
how to update our school profile data on your platform,college_b2b,support_request,medium,"school profile, update, platform, college partner",platform_support,data management
what data fields can colleges customize in their institutional profile,college_b2b,factual,medium,"data fields, customize, profile, college partner",platform_support,platform features
how does your platform verify institutional data accuracy,college_b2b,factual,medium,"data accuracy, verify, platform",platform_support,data integrity
can colleges add custom tags or attributes to their profile,college_b2b,factual,medium,"custom tags, profile, college partner",platform_support,platform features
what is the process for submitting program updates to your database,college_b2b,advisory,medium,"program updates, database, college partner",platform_support,data management
how often is college profile data refreshed on your platform,college_b2b,factual,medium,"data refresh, frequency, platform",platform_support,data management
can we integrate your platform with our CRM system,college_b2b,technical,complex,"CRM integration, platform, college partner",platform_support,integration
what API endpoints are available for college partners to pull student lead data,college_b2b,technical,complex,"API, endpoints, student leads, college partner",platform_support,API access
how does your platform handle FERPA compliance for student data,college_b2b,factual,complex,"FERPA, compliance, student data, platform",platform_support,compliance
what analytics does your platform offer to colleges about student interest,college_b2b,factual,medium,"analytics, student interest, college partner",platform_support,analytics
can we see which students are saving or shortlisting our school,college_b2b,factual,medium,"students saving, shortlisting, platform",platform_support,lead tracking
how can we export student interest data from your platform,college_b2b,technical,medium,"export, student interest data, platform",platform_support,data export
what file formats does your platform support for data import,college_b2b,technical,medium,"file formats, data import, platform",platform_support,data management
how do we add new academic programs to our profile,college_b2b,advisory,medium,"add programs, profile, college partner",platform_support,data management
can we flag outdated information in our college listing for review,college_b2b,advisory,short_circuit,"flag, outdated information, college listing",platform_support,data management
how can our admissions team use your platform to connect with prospective students,college_b2b,advisory,medium,"admissions team, connect, prospective students, platform",platform_support,recruitment tools
what tools does your platform offer for targeted student outreach,college_b2b,factual,medium,"targeted outreach, tools, platform",platform_support,recruitment tools
how do colleges reach students who match their specific academic profile,college_b2b,advisory,complex,"reach students, academic profile match, platform",platform_support,recruitment tools
what is the average conversion rate from platform inquiry to application on your system,college_b2b,factual,medium,"conversion rate, inquiry to application, platform",platform_support,analytics
how can we use your platform to attract more first generation students,college_b2b,advisory,complex,"first-generation, attract, platform",platform_support,recruitment strategy
what is the best way to improve our school's visibility on your platform,college_b2b,advisory,medium,"visibility, improve, platform",platform_support,platform visibility
how can we use your platform to reach students interested in specific majors,college_b2b,advisory,medium,"specific majors, reach students, platform",platform_support,recruitment tools
does your platform support virtual event hosting for admissions webinars,college_b2b,factual,medium,"virtual events, webinars, platform",platform_support,platform features
how do we create a compelling institutional profile that converts student views to inquiries,college_b2b,advisory,complex,"institutional profile, convert, inquiries, platform",platform_support,profile optimization
can our admissions counselors directly message students through your platform,college_b2b,factual,medium,"direct message, admissions, platform",platform_support,platform features
how to use your platform to improve yield among admitted students,college_b2b,advisory,complex,"yield, admitted students, platform",platform_support,yield strategy
what student demographics does your platform reach most effectively,college_b2b,factual,medium,"demographics, reach, platform",platform_support,platform reach
how does your platform help colleges reach underrepresented student populations,college_b2b,advisory,complex,"underrepresented, reach, platform",platform_support,diversity recruitment
what is the best practice for responding to student inquiries through your system,college_b2b,advisory,medium,"responding, student inquiries, best practice, platform",platform_support,recruitment tools
can we set up automated responses to student inquiries through your platform,college_b2b,factual,medium,"automated responses, inquiries, platform",platform_support,platform features
what are the pricing tiers for institutional access to your platform,college_b2b,pricing,medium,"pricing tiers, institutional access, platform",platform_pricing,pricing
what is included in the enterprise college partner plan,college_b2b,factual,medium,"enterprise plan, included, platform",platform_pricing,pricing
is there a discounted rate for smaller or community colleges,college_b2b,pricing,medium,"discounted rate, community colleges, platform",platform_pricing,pricing
what is the contract length for college partnerships,college_b2b,factual,medium,"contract length, partnership, platform",platform_pricing,partnership terms
does your platform offer a free trial for colleges,college_b2b,factual,medium,"free trial, college, platform",platform_pricing,pricing
how do we request a demo for our admissions leadership team,college_b2b,support_request,short_circuit,"demo, admissions leadership, platform",platform_pricing,demo request
what reporting do we get as part of the institutional partnership,college_b2b,factual,medium,"reporting, institutional partnership, platform",platform_pricing,analytics
how many admissions team members can have platform access under one license,college_b2b,factual,medium,"access, team members, license, platform",platform_pricing,pricing
what is included in onboarding support for new college partners,college_b2b,factual,medium,"onboarding, new partners, included, platform",platform_pricing,onboarding
does pricing change based on the size of our institution,college_b2b,pricing,medium,"pricing, institution size, platform",platform_pricing,pricing
what ROI metrics do colleges typically see from using your platform,college_b2b,factual,complex,"ROI, metrics, colleges, platform",platform_pricing,ROI
how are your college partnership packages structured,college_b2b,factual,medium,"partnership packages, structure, platform",platform_pricing,pricing
what is the renewal process for annual platform subscriptions,college_b2b,factual,medium,"renewal, annual subscription, platform",platform_pricing,partnership terms
are there add-on features available for colleges with specific recruitment needs,college_b2b,factual,medium,"add-on features, recruitment, platform",platform_pricing,platform features
can we white label any aspect of your platform for our brand,college_b2b,factual,complex,"white label, branding, platform",platform_pricing,platform features
how does your platform recommend colleges to students and how does our school rank,college_b2b,advisory,complex,"recommendations, ranking, platform",platform_support,algorithm
what signals does your platform use to match students to schools,college_b2b,factual,complex,"signals, match, students, platform",platform_support,algorithm
how can we improve our match score or ranking in student recommendations,college_b2b,advisory,complex,"match score, ranking, improve, platform",platform_support,platform visibility
does your platform offer comparative benchmarking against peer institutions,college_b2b,factual,medium,"benchmarking, peer institutions, platform",platform_support,analytics
can we see search query data that leads students to our school profile,college_b2b,factual,medium,"search queries, data, school profile, platform",platform_support,analytics
how does your platform handle schools with multiple campuses,college_b2b,factual,medium,"multiple campuses, platform",platform_support,platform features
can we upload virtual tour videos or multimedia content to our profile,college_b2b,factual,medium,"virtual tour, multimedia, upload, platform",platform_support,profile features
how do students interact with our school profile on mobile vs desktop,college_b2b,factual,medium,"mobile vs desktop, interaction, platform",platform_support,platform UX
what is the typical student journey from first visit to inquiry on your platform,college_b2b,factual,complex,"student journey, first visit to inquiry, platform",platform_support,platform analytics
how do we track which platform touchpoints lead to applications,college_b2b,technical,complex,"touchpoints, applications, tracking, platform",platform_support,analytics
can we A/B test different messaging on our college profile,college_b2b,factual,complex,"A/B test, messaging, profile, platform",platform_support,profile optimization
how does your platform display financial aid and scholarship information,college_b2b,factual,medium,"financial aid, scholarship, display, platform",platform_support,profile features
can we highlight specific programs or unique features in our school listing,college_b2b,advisory,medium,"highlight programs, unique features, platform",platform_support,profile features
how do reviews or ratings work for colleges on your platform,college_b2b,factual,medium,"reviews, ratings, college, platform",platform_support,platform features
can we respond to student reviews or questions on our profile,college_b2b,factual,medium,"respond, reviews, questions, profile, platform",platform_support,platform features
how do we showcase alumni outcomes and career data on our profile,college_b2b,advisory,medium,"alumni outcomes, career data, profile, platform",platform_support,profile features
what student intent signals can we access to prioritize outreach,college_b2b,factual,complex,"intent signals, prioritize outreach, platform",platform_support,lead tracking
how does your platform support community college and transfer student pathways,college_b2b,factual,medium,"community college, transfer pathways, platform",platform_support,platform features
does your platform support graduate program recruitment in addition to undergrad,college_b2b,factual,medium,"graduate programs, recruitment, platform",platform_support,platform scope
how do we use your platform to build a stronger pipeline of international students,college_b2b,advisory,complex,"international students, pipeline, platform",platform_support,recruitment strategy
what training resources are available for our admissions team on your platform,college_b2b,factual,medium,"training resources, admissions team, platform",platform_support,onboarding
who is our dedicated account manager and how do we contact them,college_b2b,support_request,short_circuit,"account manager, contact, platform",platform_support,account support
what is the SLA for platform support requests from college partners,college_b2b,factual,medium,"SLA, support requests, platform",platform_support,support terms
how do we report a bug or data error in our school profile,college_b2b,support_request,short_circuit,"bug report, data error, platform",platform_support,platform support
is there a college partner community or forum to share best practices,college_b2b,factual,medium,"partner community, forum, best practices, platform",platform_support,partner community
how often do college partner webinars or training sessions happen,college_b2b,factual,medium,"webinars, training sessions, frequency, platform",platform_support,onboarding
can our team get platform certification or training credentials,college_b2b,factual,medium,"certification, training credentials, platform",platform_support,training
what does the implementation timeline look like for a new college partner,college_b2b,factual,medium,"implementation timeline, new partner, platform",platform_support,onboarding
does your platform provide recommendations on how to improve our recruitment strategy,college_b2b,advisory,medium,"recruitment strategy, recommendations, platform",platform_support,recruitment consulting
how do we escalate a data accuracy issue that needs urgent correction,college_b2b,support_request,short_circuit,"escalate, data accuracy, urgent, platform",platform_support,data support
what are the platform uptime guarantees and maintenance windows,college_b2b,factual,medium,"uptime, maintenance windows, platform",platform_support,platform reliability
how is student data shared with college partners and under what terms,college_b2b,factual,complex,"student data sharing, terms, platform",platform_support,data privacy
what security certifications does your platform hold for data protection,college_b2b,factual,medium,"security certifications, data protection, platform",platform_support,compliance
can we get a detailed breakdown of how students find and interact with our profile,college_b2b,factual,complex,"student interactions, breakdown, platform",platform_support,analytics
how do we access reports on our institution's performance on your platform quarter over quarter,college_b2b,factual,medium,"performance reports, quarterly, platform",platform_support,analytics
how do we set up email notifications for new student inquiries,college_b2b,technical,medium,"email notifications, student inquiries, platform",platform_support,platform features
can we customize what information is required when a student contacts us,college_b2b,factual,medium,"customize, required information, student contact, platform",platform_support,platform features
what does the college partner dashboard look like and what metrics does it show,college_b2b,factual,medium,"dashboard, metrics, college partner, platform",platform_support,platform features
does your platform integrate with Slate or Salesforce for admissions CRM,college_b2b,technical,complex,"Slate, Salesforce, CRM integration, platform",platform_support,integration
how do we request a platform roadmap update for features our institution needs,college_b2b,support_request,medium,"roadmap, feature request, platform",platform_support,product feedback
how do we compare our platform performance against similar schools,college_b2b,advisory,medium,"performance comparison, similar schools, platform",platform_support,analytics
can we run sponsored listings or paid placements to boost our visibility,college_b2b,factual,medium,"sponsored listings, paid placements, platform",platform_pricing,platform features
how do we use your platform to follow up with students who showed interest but didn't inquire,college_b2b,advisory,complex,"follow up, interested students, platform",platform_support,recruitment tools
what is the difference between a student inquiry and a registered lead on your platform,college_b2b,factual,medium,"inquiry vs lead, definition, platform",platform_support,lead tracking
how do we track which of our recruiters is generating the most leads through your platform,college_b2b,factual,medium,"recruiter performance, leads, platform",platform_support,analytics
can we segment student leads on your platform by geography or demographic,college_b2b,factual,medium,"segment, leads, geography, demographic, platform",platform_support,lead tracking
how to use your platform data to inform our recruitment travel plans,college_b2b,advisory,medium,"platform data, recruitment travel, plan",platform_support,recruitment strategy
how does your platform handle opt-outs and student data privacy preferences,college_b2b,factual,medium,"opt-outs, data privacy, student, platform",platform_support,compliance
can we see which of our programs are most searched or viewed by students,college_b2b,factual,medium,"program searches, views, platform",platform_support,analytics
how do we update contact information for our admissions team on the platform,college_b2b,support_request,short_circuit,"contact information, update, admissions, platform",platform_support,data management
is there a way to feature alumni testimonials or student stories on our profile,college_b2b,factual,medium,"alumni testimonials, student stories, profile, platform",platform_support,profile features
how do we list dual degree programs or special admission tracks on our profile,college_b2b,advisory,medium,"dual degree, special tracks, profile, platform",platform_support,profile features
what is a verified profile badge and how does our school earn it,college_b2b,factual,medium,"verified badge, earn, platform",platform_support,platform features
how do we request a case study about how other colleges have used your platform,college_b2b,support_request,medium,"case study, colleges, platform",platform_support,partner resources
how does your platform handle schools that have recently changed their name or merged,college_b2b,factual,medium,"name change, merger, platform",platform_support,data management
what is the process to remove incorrect reviews or outdated content from our profile,college_b2b,support_request,medium,"remove, incorrect reviews, outdated content, platform",platform_support,platform support
how do we add or remove programs that are no longer offered at our institution,college_b2b,advisory,medium,"add/remove programs, no longer offered, platform",platform_support,data management
can we connect your platform to our financial aid net price calculator,college_b2b,technical,complex,"net price calculator, connect, platform",platform_support,integration
how do we submit updated common data set information to your platform,college_b2b,advisory,medium,"common data set, submit, update, platform",platform_support,data management
what is the lead quality like from your platform compared to other search services,college_b2b,advisory,complex,"lead quality, comparison, platform",platform_support,ROI
how do we share our institutional diversity data accurately on your platform,college_b2b,advisory,medium,"diversity data, share, platform",platform_support,profile features
can your platform help us target students who are likely to need financial aid,college_b2b,advisory,complex,"target, financial aid need, students, platform",platform_support,recruitment tools
how do we use your platform to engage students early in 9th or 10th grade,college_b2b,advisory,complex,"early engagement, 9th grade, 10th grade, platform",platform_support,recruitment strategy
does your platform have tools for tracking student interest through the funnel from awareness to enrollment,college_b2b,factual,complex,"funnel tracking, awareness to enrollment, platform",platform_support,analytics
how do we build a robust presence on your platform for a newer or less well known institution,college_b2b,advisory,complex,"new institution, presence, platform",platform_support,profile optimization
how does your platform support colleges that want to grow their online or hybrid programs,college_b2b,advisory,medium,"online programs, hybrid, growth, platform",platform_support,recruitment strategy
how do we get your platform to surface our school for students searching by specific career outcomes,college_b2b,advisory,complex,"career outcomes, search, surface, platform",platform_support,platform visibility
what is your platform's policy on user generated content about our institution,college_b2b,factual,medium,"user generated content, policy, platform",platform_support,platform policy
how do we access historical data about our school's performance on your platform year over year,college_b2b,factual,medium,"historical data, year over year, platform",platform_support,analytics
how do we create a recruiting campaign tied to a specific application deadline on your platform,college_b2b,advisory,medium,"recruiting campaign, deadline, platform",platform_support,recruitment tools
can we use your platform to promote our merit scholarship programs to students,college_b2b,advisory,medium,"merit scholarship, promote, platform",platform_support,recruitment tools
how to ensure our college profile appears in searches for specific geographic markets,college_b2b,advisory,medium,"geographic markets, search, profile, platform",platform_support,platform visibility
how do we add accreditation or recognition badges to our school profile,college_b2b,advisory,medium,"accreditation, badges, profile, platform",platform_support,profile features
what is your platform's reach in international student markets,college_b2b,factual,medium,"international students, reach, platform",platform_support,platform reach
how does your platform handle colleges with specialized missions like HBCUs or HSIs,college_b2b,factual,medium,"HBCUs, HSIs, specialized mission, platform",platform_support,platform features
can our admissions team use your platform to send targeted communications to specific student segments,college_b2b,factual,complex,"targeted communications, student segments, platform",platform_support,recruitment tools
how to use your platform analytics to decide which programs to promote more heavily,college_b2b,advisory,complex,"analytics, program promotion, platform",platform_support,recruitment strategy
how do we set up a drip communication sequence for students who engage with our profile,college_b2b,technical,complex,"drip communication, engage, profile, platform",platform_support,recruitment tools
how does your platform score or rank leads by likelihood to enroll,college_b2b,factual,complex,"lead scoring, enrollment likelihood, platform",platform_support,lead tracking
does your platform offer any predictive modeling for enrollment yield,college_b2b,factual,complex,"predictive modeling, yield, platform",platform_support,analytics
what is your platform's strategy for staying relevant as AI college search tools emerge,college_b2b,advisory,complex,"AI search tools, strategy, platform",platform_support,platform roadmap
how do we list housing options and guarantee policies accurately on your platform,college_b2b,advisory,medium,"housing options, guarantee, list, platform",platform_support,profile features
how does your platform display acceptance rate and enrollment statistics,college_b2b,factual,medium,"acceptance rate, enrollment statistics, platform",platform_support,profile features
can we add specific application tips or notes for students visiting our profile,college_b2b,factual,medium,"application tips, notes, profile, platform",platform_support,profile features
how do we communicate our test optional policy clearly on your platform,college_b2b,advisory,medium,"test optional, communicate, profile, platform",platform_support,profile features
how does your platform help students understand the value of smaller or lesser known schools,college_b2b,advisory,complex,"smaller schools, value, platform",platform_support,platform features
what is the engagement rate for schools like ours on your platform,college_b2b,factual,medium,"engagement rate, platform",platform_support,analytics
how do we use your platform to warm up students before they hear from us directly,college_b2b,advisory,medium,"warm up, students, pre-outreach, platform",platform_support,recruitment strategy
what types of content perform best on college profiles on your platform,college_b2b,advisory,medium,"content performance, profiles, platform",platform_support,profile optimization
how does your platform help high school students who are just starting their search,college_b2b,factual,medium,"early stage students, high school, platform",platform_support,platform features
how do we position our school against peer institutions on your platform,college_b2b,advisory,complex,"positioning, peer institutions, platform",platform_support,platform visibility
what is the average time a student spends on a school profile on your platform,college_b2b,factual,medium,"time on profile, average, platform",platform_support,platform analytics
can we see how our profile performs compared to the top ranked schools in our category,college_b2b,factual,medium,"performance comparison, top ranked, platform",platform_support,analytics
how does your platform support schools that are changing their admission policy,college_b2b,advisory,medium,"admission policy change, platform support",platform_support,data management
can we run time limited promotions like open house announcements through your platform,college_b2b,factual,medium,"time-limited promotions, open house, platform",platform_support,recruitment tools
what is the process for uploading accreditation updates to our profile,college_b2b,advisory,short_circuit,"accreditation updates, upload, platform",platform_support,data management
how do we connect your platform to our virtual campus tour system,college_b2b,technical,medium,"virtual tour, connect, platform",platform_support,integration
how do we feature our strongest academic programs on the front of our school profile,college_b2b,advisory,medium,"feature programs, school profile, platform",platform_support,profile optimization
does your platform allow students to set up campus visit appointments with our admissions team,college_b2b,factual,medium,"campus visit appointments, platform",platform_support,platform features
how do we capture and follow up on students who download our viewbook from your platform,college_b2b,advisory,medium,"viewbook download, follow up, platform",platform_support,recruitment tools
how do we promote our honors college within our main school profile on your platform,college_b2b,advisory,medium,"honors college, promote, profile, platform",platform_support,profile features
how do we communicate our school's location advantages to students on your platform,college_b2b,advisory,medium,"location advantages, communicate, platform",platform_support,profile optimization
how to use your platform to recruit students who are currently undecided about going to college,college_b2b,advisory,complex,"undecided students, recruit, platform",platform_support,recruitment strategy
what reporting cadence do most college partners use with your platform data,college_b2b,factual,medium,"reporting cadence, college partners, platform",platform_support,analytics
does your platform surface our school when a student searches for our closest competitor,college_b2b,factual,medium,"competitor search, surface, platform",platform_support,platform visibility
how do we add current student videos or testimonials to our college profile,college_b2b,advisory,medium,"student videos, testimonials, profile, platform",platform_support,profile features
what is your platform's policy on colleges editing student submitted reviews,college_b2b,factual,medium,"edit student reviews, policy, platform",platform_support,platform policy
how do we notify your platform when our application deadline changes,college_b2b,advisory,short_circuit,"deadline change, notify, platform",platform_support,data management
how do we ensure our scholarship and merit aid information is accurate on your platform,college_b2b,advisory,medium,"scholarship, merit aid, accuracy, platform",platform_support,profile features
can we use your platform to reach students in specific high schools or feeder programs,college_b2b,advisory,complex,"specific high schools, feeder programs, platform",platform_support,recruitment strategy
how do we build our brand story on your platform beyond just statistics,college_b2b,advisory,medium,"brand story, platform",platform_support,profile optimization
what format should our financial aid data be in for accurate display on your platform,college_b2b,technical,medium,"financial aid data format, platform",platform_support,data management
how do we track how students who found us through your platform perform after enrollment,college_b2b,advisory,complex,"post-enrollment performance, tracking, platform",platform_support,analytics
what is your platform's policy on promoting schools with specific religious affiliations,college_b2b,factual,medium,"religious affiliations, policy, platform",platform_support,platform policy
how do we ensure our program rankings are reflected accurately on your platform,college_b2b,advisory,medium,"program rankings, accuracy, platform",platform_support,data management
how to use your platform to engage families and parents not just students,college_b2b,advisory,medium,"families, parents, engagement, platform",platform_support,recruitment strategy
what data does your platform use to build a student fit score with our school,college_b2b,factual,complex,"fit score, data, platform",platform_support,algorithm
how does your platform handle incomplete or sparse school profiles,college_b2b,factual,medium,"incomplete profiles, sparse, platform",platform_support,data management
can we list satellite or extension campuses on the same profile as our main campus,college_b2b,factual,medium,"satellite campuses, extension, profile, platform",platform_support,platform features
what is the best way to showcase our school's commitment to student mental health on your platform,college_b2b,advisory,medium,"mental health commitment, showcase, platform",platform_support,profile optimization
how do we list our unique academic calendar like trimester or block on your platform,college_b2b,advisory,medium,"academic calendar, trimester, block, platform",platform_support,profile features
how does your platform handle colleges going through accreditation review,college_b2b,factual,medium,"accreditation review, platform",platform_support,platform policy
how do we highlight our research opportunities and undergraduate lab access on your profile,college_b2b,advisory,medium,"research opportunities, lab access, highlight, platform",platform_support,profile features
how do we feature our study abroad partnerships on our school profile,college_b2b,advisory,medium,"study abroad partnerships, profile, platform",platform_support,profile features
how to request a custom analytics report outside your standard dashboard,college_b2b,support_request,medium,"custom analytics, report, platform",platform_support,analytics
does your platform allow us to run surveys of students who viewed our profile,college_b2b,factual,medium,"surveys, students, profile, platform",platform_support,platform features
what is your platform's approach to supporting community colleges specifically,college_b2b,factual,medium,"community colleges, support, platform",platform_support,platform scope
how do we signal to your platform that we are looking to grow enrollment in a specific program,college_b2b,advisory,medium,"enrollment growth, specific program, platform",platform_support,recruitment strategy
can we embed a financial aid calculator widget on our school profile page,college_b2b,technical,medium,"financial aid calculator, embed, profile, platform",platform_support,profile features
how does your platform help students understand the culture and community at our school,college_b2b,advisory,medium,"culture, community, understand, platform",platform_support,profile optimization
what is your recommended strategy for using your platform alongside direct email recruitment,college_b2b,advisory,complex,"platform + email, strategy, recruitment",platform_support,recruitment strategy
how do we keep our admissions staff account access up to date when team members leave or join,college_b2b,advisory,short_circuit,"account access, staff changes, platform",platform_support,account management
how does your platform notify colleges when there's a surge in interest or search traffic,college_b2b,factual,medium,"surge in interest, notify, platform",platform_support,platform features
how to add or update our common application school code in your database,college_b2b,advisory,short_circuit,"Common App code, update, database, platform",platform_support,data management
what is your platform's process for handling school mergers or consolidations,college_b2b,factual,medium,"mergers, consolidations, platform",platform_support,data management
how to request a feature enhancement from your product team as a college partner,college_b2b,support_request,medium,"feature enhancement, request, platform",platform_support,product feedback
can we create segmented profiles for different schools within our university system,college_b2b,factual,medium,"segmented profiles, university system, platform",platform_support,platform features
how does your platform support recruitment for niche or specialized graduate programs,college_b2b,advisory,medium,"niche, specialized, graduate programs, platform",platform_support,recruitment strategy
what is the process for listing a new certificate or micro-credential program on our profile,college_b2b,advisory,medium,"certificate, micro-credential, list, profile, platform",platform_support,data management
how do we convey the value of our location in a rural or suburban area to students on your platform,college_b2b,advisory,medium,"rural, suburban, location value, platform",platform_support,profile optimization
how do we use your platform to support re-enrollment campaigns for stopped out students,college_b2b,advisory,complex,"re-enrollment, stopped out, platform",platform_support,recruitment strategy
how does your platform handle colleges that offer both on campus and fully online degrees,college_b2b,factual,medium,"on-campus and online, platform",platform_support,platform features
how to schedule a strategy session with your team to review our recruitment performance,college_b2b,support_request,medium,"strategy session, recruitment performance, platform",platform_support,account support
how do we use your platform to recruit students from rural high schools that rarely apply to us,college_b2b,advisory,complex,"rural high schools, recruit, platform",platform_support,recruitment strategy
can we use your platform to build a pipeline for our dual enrollment high school programs,college_b2b,advisory,medium,"dual enrollment, pipeline, platform",platform_support,recruitment strategy
how does your platform ensure data freshness for real-time information like scholarship deadlines,college_b2b,factual,medium,"data freshness, real-time, platform",platform_support,data management
what onboarding checklist does your platform provide for new college partner accounts,college_b2b,factual,medium,"onboarding checklist, new partner, platform",platform_support,onboarding
how does your platform communicate major product changes to college partners,college_b2b,factual,medium,"product changes, communicate, college partners, platform",platform_support,platform updates
what is the best way to highlight our college's research output and lab facilities to students,college_b2b,advisory,medium,"research output, lab facilities, highlight, platform",platform_support,profile optimization
how do we use your platform's data to adjust our scholarship strategy for better yield,college_b2b,advisory,complex,"scholarship strategy, yield, platform data",platform_support,yield strategy
can we view data on how our school performs with students who identify as first gen,college_b2b,factual,medium,"first-gen, performance data, platform",platform_support,analytics
how do we make our cost of attendance data as transparent and comparable as possible on your platform,college_b2b,advisory,medium,"cost of attendance, transparency, platform",platform_support,profile features
what is your platform's approach to helping smaller colleges compete with better-known brands,college_b2b,advisory,complex,"smaller colleges, compete, brand, platform",platform_support,platform visibility
how do we add student success stories or spotlight features to our college profile,college_b2b,advisory,medium,"success stories, spotlights, profile, platform",platform_support,profile features
how to get listed in your platform directory as a new institution just starting enrollment,college_b2b,support_request,medium,"new institution, listed, directory, platform",platform_support,onboarding