Query,Persona,Intent,Complexity,Entities,Route,Notes
stanford but cheaper,high school student,rewrite_needed,complex,Stanford,college_search,prestige cost combo
ucia vibe vs usc vibe,high_school_student,comparison,complex,"UCLA, USC",college_search,campus culture comparison
colleges where people dont care about football,high_school_student,advisory,llm_needed,"football, lifestyle",college_search,lifestyle preference
mit without the suffering,high_school_student,rewrite_needed,complex,MIT,college_search,workload concern
schools with normal people,high_school_student,emotional_advisory,llm_needed,social fit,college_search,social fit
colleges with computer science and philosophy,high_school_student,multi_constraint,complex,"CS, Philosophy",academic_program_info,academic combo
best colleges for pre-med with low tuition,high_school_student,multi_constraint,complex,"Pre-med, tuition",college_search,cost + program
colleges in warm states but not florida,high_school_student,filtered_search,complex,"Florida, climate",college_search,location climate
schools good for introverts,high_school_student,emotional_advisory,llm_needed,introverts,college_search,personality fit
stanford,high_school_student,exact_lookup,short_circuit,Stanford,simple_entity_info,simple entity
ucia,high_school_student,exact_lookup,short_circuit,UCLA,simple_entity_info,simple entity
university of maryland,high_school_student,exact_lookup,short_circuit,UMD,simple_entity_info,simple entity
usc,high_school_student,exact_lookup,short_circuit,USC,simple_entity_info,simple entity
nyu,high_school_student,exact_lookup,short_circuit,NYU,simple_entity_info,simple entity
georgia tech,high_school_student,exact_lookup,short_circuit,Georgia Tech,simple_entity_info,simple entity
harvard,high_school_student,exact_lookup,short_circuit,Harvard,simple_entity_info,simple entity
princeton,high_school_student,exact_lookup,short_circuit,Princeton,simple_entity_info,simple entity
mit,high_school_student,exact_lookup,short_circuit,MIT,simple_entity_info,simple entity
penn state,high_school_student,exact_lookup,short_circuit,Penn State,simple_entity_info,simple entity
USC acceptance rate,high_school_student,attribute_lookup,short_circuit,"USC, acceptance rate",admissions_info,lookup
UCLA tuition,high_school_student,attribute_lookup,short_circuit,"UCLA, tuition",financial_aid_info,lookup
does NYU have nursing,high_school_student,attribute_lookup,short_circuit,"NYU, nursing",academic_program_info,program lookup
average SAT for Penn State,high_school_student,attribute_lookup,short_circuit,"Penn State, SAT",admissions_info,lookup
Georgia Tech engineering ranking,high_school_student,attribute_lookup,short_circuit,"GT, engineering",academic_program_info,lookup
Stanford computer science program,high_school_student,attribute_lookup,short_circuit,"Stanford, CS",academic_program_info,program lookup
Harvard financial aid,high_school_student,attribute_lookup,short_circuit,"Harvard, financial aid",financial_aid_info,financial info
MIT acceptance rate,high_school_student,attribute_lookup,short_circuit,"MIT, acceptance rate",admissions_info,lookup
Princeton dorms,high_school_student,attribute_lookup,short_circuit,"Princeton, dorms",campus_services_info,campus info
best majors at UCLA,high_school_student,attribute_lookup,short_circuit,"UCLA, majors",academic_program_info,academic info
UCLA vs UC Berkeley,high_school_student,comparison,medium,"UCLA, UC Berkeley",college_search,school comparison
NYU vs Columbia for pre-med,high_school_student,comparison,medium,"NYU, Columbia",college_search,program comparison
Penn State vs Maryland engineering,high_school_student,comparison,medium,"Penn State, UMD",college_search,program comparison
Stanford vs MIT computer science,high_school_student,comparison,medium,"Stanford, MIT",college_search,program comparison
Harvard vs Yale student life,high_school_student,comparison,medium,"Harvard, Yale",college_search,culture comparison
USC vs UCLA film school,high_school_student,comparison,medium,"USC, UCLA",college_search,program comparison
Georgia Tech vs MIT engineering,high_school_student,comparison,medium,"GT, MIT",college_search,program comparison
Princeton vs Harvard economics,high_school_student,comparison,medium,"Princeton, Harvard",college_search,program comparison
public vs private colleges,high_school_student,comparison,medium,"public, private",college_search,school type
big school vs small school,high_school_student,comparison,medium,size,college_search,campus size
colleges with good nursing programs,high_school_student,filtered_search,medium,Nursing,academic_program_info,program filter
colleges in California,high_school_student,filtered_search,medium,California,college_search,location filter
colleges with computer science,high_school_student,filtered_search,medium,CS,academic_program_info,program filter
colleges with good financial aid,high_school_student,filtered_search,medium,Financial Aid,financial_aid_info,financial filter
colleges with low acceptance rates,high_school_student,filtered_search,medium,Acceptance rate,admissions_info,selectivity filter
colleges with engineering programs,high_school_student,filtered_search,medium,Engineering,academic_program_info,program filter
colleges near big cities,high_school_student,filtered_search,medium,Urban,college_search,location filter
colleges with pre-med tracks,high_school_student,filtered_search,medium,Pre-med,academic_program_info,program filter
colleges with strong alumni networks,high_school_student,filtered_search,medium,Alumni network,college_search,networking filter
colleges with internships,high_school_student,filtered_search,medium,Internships,career_services_info,program filter
nursing in warm states,high_school_student,multi_constraint,complex,"Nursing, climate",academic_program_info,program + location
pre-med low tuition good?,high_school_student,multi_constraint,complex,"Pre-med, tuition",college_search,cost + program
engineering + sports culture,high_school_student,multi_constraint,complex,"Engineering, sports",college_search,program extracurriculars
small class + good aid,high_school_student,multi_constraint,complex,"class size, aid",college_search,class size + financial
schools good for cs and business,high_school_student,multi_constraint,complex,"CS, Business",academic_program_info,program combo
colleges near tech hubs,high_school_student,multi_constraint,complex,"tech hubs, internships",career_services_info,location + opportunities
affordable private + good dorms,high_school_student,multi_constraint,complex,"private, dorms",college_search,cost + facilities
study abroad and engineering,high_school_student,multi_constraint,complex,"study abroad, engineering",academic_program_info,program + study abroad
colleges with good job placement,high_school_student,multi_constraint,complex,job placement,career_services_info,outcomes
what colleges should I apply to,high_school_student,advisory,llm_needed,application,admissions_info,application guidance
how many colleges to apply to,high_school_student,advisory,llm_needed,application,admissions_info,application strategy
what is a safety school,high_school_student,advisory,llm_needed,safety school,admissions_info,school type
how do I choose a major,high_school_student,advisory,llm_needed,major,academic_program_info,academic planning
is going out of state worth it,high_school_student,advisory,llm_needed,out of state,college_search,location decision
what makes a college good,high_school_student,advisory,llm_needed,quality criteria,college_search,criteria guidance
how important are rankings,high_school_student,advisory,llm_needed,rankings,college_search,priority advice
should I go to a big school,high_school_student,advisory,llm_needed,size,college_search,campus size decision
is private or public better,high_school_student,advisory,llm_needed,"public, private",college_search,school type
how do I know if a college fits me,high_school_student,advisory,llm_needed,fit,college_search,culture fit
good colleges,high_school_student,ambiguous,complex,,college_search,vague
colleges idk,high_school_student,ambiguous,complex,,college_search,vague
help me pick a school,high_school_student,ambiguous,complex,,college_search,vague
idk where to apply,high_school_student,ambiguous,complex,,college_search,vague
college help pls,high_school_student,ambiguous,complex,,college_search,vague
what school is good for me,high_school_student,ambiguous,complex,,college_search,vague
good engineering schools,high_school_student,ambiguous,complex,Engineering,academic_program_info,vague
good colleges near me,high_school_student,ambiguous,complex,Location,college_search,vague
best schools,high_school_student,ambiguous,complex,,college_search,vague
college advice,high_school_student,ambiguous,complex,,college_search,vague
what about in california,high_school_student,contextual_followup,llm_needed,California,college_search,follow-up
are they expensive,high_school_student,contextual_followup,llm_needed,tuition,financial_aid_info,follow-up
which ones are easier to get into,high_school_student,contextual_followup,llm_needed,selectivity,admissions_info,follow-up
do they have good dorms,high_school_student,contextual_followup,llm_needed,dorms,campus_services_info,follow-up
what about scholarships,high_school_student,contextual_followup,llm_needed,scholarships,financial_aid_info,financial follow-up
are those schools competitive,high_school_student,contextual_followup,llm_needed,competitiveness,admissions_info,selectivity follow-up
what majors do they have,high_school_student,contextual_followup,llm_needed,majors,academic_program_info,program follow-up
which is better,high_school_student,contextual_followup,llm_needed,decision,college_search,decision follow-up
how big are they,high_school_student,contextual_followup,llm_needed,size,college_search,campus size follow-up
what’s the vibe like,high_school_student,contextual_followup,llm_needed,culture,college_search,culture follow-up
dont peak in high school,high_school_student,emotional_advisory,llm_needed,culture,college_search,social fit
ok to reinvent yourself,high_school_student,emotional_advisory,llm_needed,growth,college_search,social growth
schools that don’t feel fake,high_school_student,emotional_advisory,llm_needed,vibe,college_search,vibe
wont be miserable,high_school_student,emotional_advisory,llm_needed,well-being,college_search,social/emotional
people aren’t toxic,high_school_student,emotional_advisory,llm_needed,vibe,college_search,vibe
don't feel like linkedin,high_school_student,emotional_advisory,llm_needed,vibe,college_search,vibe
don't worship grind culture,high_school_student,emotional_advisory,llm_needed,vibe,college_search,vibe
schools that is normal,high_school_student,emotional_advisory,llm_needed,vibe,college_search,vibe
dont feel like pressure cooker,high_school_student,emotional_advisory,llm_needed,vibe,college_search,vibe
schools with good vibes honestly,high_school_student,emotional_advisory,llm_needed,vibe,college_search,vibe
colleges like harvard but chill,high_school_student,rewrite_needed,complex,Harvard,college_search,prestige + culture
stanford cheaper alternatives,high_school_student,rewrite_needed,complex,Stanford,college_search,prestige + cost
ucla but easier to get into,high_school_student,rewrite_needed,complex,UCLA,college_search,competitiveness
ivy league but normal,high_school_student,rewrite_needed,complex,Ivy League,college_search,brand + vibe
good school not scary,high_school_student,rewrite_needed,complex,"safety, comfort",college_search,emotional concern
smart school but not nerds,high_school_student,rewrite_needed,complex,social culture,college_search,culture
college where life is balanced,high_school_student,rewrite_needed,complex,work-life balance,college_search,lifestyle
school that won’t break me,high_school_student,rewrite_needed,complex,mental health,college_search,stress
what colleges do people regret going to,high_school_student,reflective_advisory,llm_needed,student outcomes,college_search,lessons learned
how do i not mess this up,high_school_student,reflective_advisory,llm_needed,decision making,admissions_info,decision anxiety
am i aiming too high,high_school_student,reflective_advisory,llm_needed,selectivity,admissions_info,ambition guidance
what if i choose wrong,high_school_student,reflective_advisory,llm_needed,college choice,admissions_info,decision guidance
how much does college choice actually matter,high_school_student,reflective_advisory,llm_needed,career impact,career_services_info,long-term impact
what do people wish they knew before college,high_school_student,reflective_advisory,llm_needed,college life,college_search,hindsight advice
is prestige overrated,high_school_student,reflective_advisory,llm_needed,prestige,college_search,priority guidance
what schools are secretly bad,high_school_student,reflective_advisory,llm_needed,reputation,college_search,hard truth
how do i know if a school is lying,high_school_student,reflective_advisory,llm_needed,"marketing, data",admissions_info,research caution
what’s the safest bet overall,high_school_student,reflective_advisory,llm_needed,"stability, ROI",college_search,low-risk choice
collages with nursing,high_school_student,rewrite_needed,complex,Nursing,academic_program_info,spelling mistake
best coleges for cs,high_school_student,rewrite_needed,complex,Computer Science,academic_program_info,spelling mistake
ucla price,high_school_student,rewrite_needed,complex,"UCLA, cost",financial_aid_info,spelling mistake
good schoolz for med,high_school_student,rewrite_needed,complex,Pre-med,academic_program_info,spelling mistake
college near beach,high_school_student,rewrite_needed,complex,"coastal, beach",college_search,vague/typo
engineering college cheap,high_school_student,rewrite_needed,complex,"Engineering, tuition",college_search,cost + program
what is college,high_school_student,ambiguous,complex,education,college_search,vague question
schools like stanford,high_school_student,ambiguous,complex,Stanford,college_search,vague comparison
colleges like harvard but easier,high_school_student,rewrite_needed,complex,"Harvard, selectivity",college_search,cost + prestige
good ivy but not ivy,high_school_student,rewrite_needed,complex,Ivy League (peers),college_search,brand + cost
colleges with night owl classes,high_school_student,filtered_search,medium,"schedule, night classes",academic_policy_info,schedule preference
schools with free tutoring for STEM,high_school_student,filtered_search,medium,"Tutoring, STEM",campus_services_info,support programs
colleges with medieval history majors,high_school_student,filtered_search,medium,Medieval History,academic_program_info,obscure major
schools near deserts,high_school_student,filtered_search,medium,"Desert, climate",college_search,location filter
colleges that allow pets in dorms,high_school_student,filtered_search,medium,"Pets, housing",campus_services_info,lifestyle preference
universities with student-run cafes,high_school_student,filtered_search,medium,"Cafe, student-run",campus_services_info,extracurricular
colleges with improv theater clubs,high_school_student,filtered_search,medium,"Improv, theater",campus_services_info,extracurricular
schools with frisbee teams,high_school_student,filtered_search,medium,Ultimate Frisbee,campus_services_info,extracurricular
colleges with retro computer labs,high_school_student,filtered_search,medium,Computer labs,campus_services_info,facilities
schools with vegan dorms,high_school_student,filtered_search,medium,"Vegan, housing",campus_services_info,dietary preference
colleges near ghost towns,high_school_student,filtered_search,medium,"Ghost towns, location",college_search,location filter
schools that let you major in memes,high_school_student,filtered_search,medium,Meme studies,academic_program_info,obscure major
colleges with underwater robotics teams,high_school_student,filtered_search,medium,Underwater robotics,campus_services_info,extracurricular
schools that have UFO clubs,high_school_student,filtered_search,medium,UFO club,campus_services_info,extracurricular
colleges with microbrewery access,high_school_student,filtered_search,medium,"Brewery, food sci",campus_services_info,facilities
schools with late-night pizza delivery,high_school_student,filtered_search,medium,"Dining, late-night",campus_services_info,lifestyle
colleges with rooftop gardens,high_school_student,filtered_search,medium,Rooftop gardens,campus_services_info,campus feature
schools with observatories,high_school_student,filtered_search,medium,"Observatory, Astronomy",campus_services_info,facilities
colleges that let you take naps in class,high_school_student,filtered_search,medium,"Napping, policy",academic_policy_info,campus policy
schools that allow hammocks outside,high_school_student,filtered_search,medium,Hammocks,campus_services_info,campus vibe
colleges with student-run radio stations,high_school_student,filtered_search,medium,Radio station,campus_services_info,extracurricular
schools with competitive quidditch,high_school_student,filtered_search,medium,Quidditch,campus_services_info,extracurricular
colleges with haunted dorms,high_school_student,filtered_search,medium,"Haunted, housing",campus_services_info,campus culture
schools where students build robots for fun,high_school_student,filtered_search,medium,Robotics,campus_services_info,extracurricular
colleges with actual roller coasters nearby,high_school_student,filter_search,medium,Roller coasters,college_search,location
schools where professors skateboard,high_school_student,filter_search,medium,"Culture, professors",college_search,culture
colleges with 3D printing labs,high_school_student,filter_search,medium,3D printing,campus_services_info,facilities
schools with maker spaces,high_school_student,filter_search,medium,Maker space,campus_services_info,facilities
colleges that let you grade yourself,high_school_student,filter_search,medium,Grading policy,academic_policy_info,unusual policies
schools with zero homework classes,high_school_student,filter_search,medium,Homework policy,academic_policy_info,unusual policies
colleges where everyone bikes everywhere,high_school_student,filter_search,medium,"Biking, transport",campus_services_info,transportation culture
schools with treehouses on campus,high_school_student,filter_search,medium,Treehouse,campus_services_info,Unique campus feature
colleges with hidden speakeasy bars,high_school_student,filter_search,medium,"Speakeasy, culture",college_search,culture
schools with ice cream scholarships,high_school_student,filter_search,medium,"Ice cream, scholarship",financial_aid_info,quirky
colleges with rooftop yogahigh,high_school_student,filter_search,medium,Yoga,campus_services_info,extracurricular
schools where you can minor in gaming,high_school_student,filter_search,medium,Gaming minor,academic_program_info,major options
colleges with professional esports teams,high_school_student,filter_search,medium,Esports,campus_services_info,extracurricular
schools where cafeteria is actually a restaurant,high_school_student,filter_search,medium,Dining services,campus_services_info,facilities
colleges with secret societies,high_school_student,filter_search,medium,Secret societies,college_search,culture
schools with pop-up art installations,high_school_student,filter_search,medium,Art,college_search,campus vibe
colleges that have been on tv shows,high_school_student,filter_search,medium,"TV, fame",college_search,fame
schools with on-campus escape rooms,high_school_student,filter_search,medium,Escape room,campus_services_info,extracurricular
colleges with igloos in winter,high_school_student,filter_search,medium,"Igloos, winter",campus_services_info,campus feature
schools with student-run fashion shows,high_school_student,filter_search,medium,Fashion show,campus_services_info,extracurricular
colleges that let you major in coffee,high_school_student,filter_search,medium,Coffee studies,academic_program_info,quirky program
schools with professor pets,high_school_student,filter_search,medium,"Pets, professors",college_search,culture
colleges with underwater study spaces,high_school_student,filter_search,medium,Study spaces,campus_services_info,facilities
schools with roller-skating classes,high_school_student,filter_search,medium,Roller-skating,academic_program_info,extracurricular
colleges with dual-campus shuttles,high_school_student,filter_search,medium,"Shuttle, transport",campus_services_info,transport
schools with on-campus climbing walls,high_school_student,filter_search,medium,Climbing wall,campus_services_info,facilities
colleges with giant chess boards outside,high_school_student,filter_search,medium,Chess,campus_services_info,campus feature
schools that have zero exams,high_school_student,filter_search,medium,Exam policy,academic_policy_info,policies
colleges with free concert tickets,high_school_student,filter_search,medium,Concert tickets,campus_services_info,campus perks
schools with student-run farms,high_school_student,filter_search,medium,"Farm, agriculture",campus_services_info,extracurricular
colleges that teach witchcraft (lol),high_school_student,filter_search,medium,Witchcraft,academic_program_info,quirky
schools where everyone wears costumes once a month,high_school_student,filter_search,medium,"Costumes, culture",college_search,culture
colleges with giant hammocks,high_school_student,filter_search,medium,Hammock,campus_services_info,campus vibe
schools with glow-in-the-dark floors,high_school_student,filter_search,medium,Campus design,campus_services_info,campus feature
colleges with community skate parks,high_school_student,filter_search,medium,Skate park,campus_services_info,facilities
schools with vending machines for ramen,high_school_student,filter_search,medium,"Ramen, dining",campus_services_info,campus perks
colleges with late-night libraries,high_school_student,filter_search,medium,Libraries,campus_services_info,facilities
schools that have their own app for everything,high_school_student,filter_search,medium,"App, technology",campus_services_info,tech
colleges with AI tutors,high_school_student,filter_search,medium,AI tutor,campus_services_info,tech
schools that let you eat in classrooms,high_school_student,filter_search,medium,Classroom policy,academic_policy_info,policies
colleges with free international snacks,high_school_student,filter_search,medium,Snacks,campus_services_info,campus perks
schools with mystery courses,high_school_student,filter_search,medium,Mystery course,academic_program_info,quirky
colleges that host cosplay conventions,high_school_student,filter_search,medium,Cosplay,campus_services_info,extracurricular
schools with indoor skateparks,high_school_student,filter_search,medium,Skatepark,campus_services_info,facilities
colleges that let you major in pop culture,high_school_student,filter_search,medium,Pop culture,academic_program_info,quirky
shcools with 24/7 student lounges,high_school_student,filter_search,medium,Lounge,campus_services_info,facilities
colleges with hidden libraries,high_school_student,filter_search,medium,Libraries,campus_services_info,campus vibe
schools that have minigolf on campus,high_school_student,filter_search,medium,Minigolf,campus_services_info,campus feature
colleges with student-run radio dramas,high_school_student,filter_search,medium,"Radio drama, student-run",campus_services_info,extracurricular
schools with free hot chocolate,high_school_student,filter_search,medium,Hot chocolate,campus_services_info,campus perks
colleges with pet therapy sessions,high_school_student,filter_search,medium,Pet therapy,campus_services_info,campus perks
schools with volunteer ice cream days,high_school_student,filter_search,medium,"Ice cream, volunteering",campus_services_info,community
colleges with tiny dorm kitchens,high_school_student,filter_search,medium,"Kitchen, dorms",campus_services_info,facilities
schools with secret art galleries,high_school_student,filter_search,medium,"Art gallery, secret",campus_services_info,Quirky/exclusive campus amenities
colleges w good cs but not crazy hard,high_school_student,multi_constraint,complex,"CS, workload",academic_program_info,program + workload
cheap unis near silicon valey,high_school_student,filtered_search,complex,"Silicon Valley, tuition",college_search,location + cost typo
is stanford worth the debt tho,high_school_student,reflective_advisory,llm_needed,"Stanford, debt",financial_aid_info,cost vs prestige
schools like ucla but smaller campus,high_school_student,rewrite_needed,complex,"UCLA, size",college_search,size + brand
do ivys even have fun,high_school_student,emotional_advisory,llm_needed,"Ivy League, culture",college_search,culture concern
collage w best dorm food,high_school_student,filtered_search,medium,Dorm food,campus_services_info,dorm life typo
engineering schools not super competitive,high_school_student,filtered_search,complex,"Engineering, selectivity",college_search,selectivity + program
good premed but not weedout vibes,high_school_student,rewrite_needed,complex,"Pre-med, culture",academic_program_info,workload culture
unis where ppl collab not compete,high_school_student,emotional_advisory,llm_needed,"Collaboration, culture",college_search,culture fit
colleges in cali that arent expensive lol,high_school_student,filtered_search,complex,"California, cost",college_search,location + cost
schools w co-op programs for cs,high_school_student,filtered_search,medium,"Co-op, CS",career_services_info,career programs
is berkeley too stressful,high_school_student,emotional_advisory,llm_needed,"UC Berkeley, stress",college_search,workload concern
best bang for buck engineering,high_school_student,multi_constraint,complex,"Engineering, ROI",college_search,value + program
colleges near mountains but big city too,high_school_student,multi_constraint,complex,"Mountains, Urban",college_search,location combo
unis w good mental health support plsh,high_school_student,filtered_search,medium,Mental health support,campus_services_info,student support
schools w chill profs not tryhards,high_school_student,emotional_advisory,llm_needed,"Faculty, culture",college_search,culture vibe
college that feels like community not grind,high_school_student,emotional_advisory,llm_needed,"Community, culture",college_search,culture fit
mid tier schools w strong cs,high_school_student,filtered_search,medium,"CS, selectivity",college_search,selectivity + program
unis w research for undergrads early,high_school_student,filtered_search,medium,Undergraduate research,academic_program_info,research access
schools w quarter system pros cons,high_school_student,advisory,llm_needed,Quarter system,academic_policy_info,system comparison
is gpa or sat more important rn,high_school_student,advisory,llm_needed,"GPA, SAT",admissions_info,admissions strategy
what schools fit a 3.7 gpa idkh,high_school_student,ambiguous,complex,3.7 GPA,admissions_info,stats based vague
cs schools w good social life pls,high_school_student,multi_constraint,complex,"CS, social life",college_search,program + lifestyle
unis that arent in middle of nowhere,high_school_student,filtered_search,medium,Urban/Suburban,college_search,location preference
schools w strong internships pipelines,high_school_student,filtered_search,medium,Internships,career_services_info,career outcomes
colleges w pass fail options alot,high_school_student,filtered_search,medium,Pass/Fail,academic_policy_info,policies
are honors colleges worth it??,high_school_student,advisory,llm_needed,Honors college,academic_program_info,program decision
unis where switching majors is easy,high_school_student,filtered_search,medium,Major switching,academic_policy_info,academic flexibility
schools w no greek life pressure,high_school_student,filtered_search,medium,Greek life,college_search,campus culture
colleges w good cs + econ double major,high_school_student,multi_constraint,complex,"CS, Economics",academic_program_info,program combo
best schools for undecided ppl,high_school_student,advisory,llm_needed,"Undecided, exploration",college_search,exploration fit
unis w open curriculm like brown,high_school_student,rewrite_needed,complex,"Brown, Open Curriculum",academic_policy_info,curriculum style typo
is nyu overrated fr,high_school_student,reflective_advisory,llm_needed,"NYU, reputation",college_search,perception check
schools w strong startup scene,high_school_student,filtered_search,medium,"Startups, entrepreneurship",career_services_info,entrepreneurship
colleges w small classes but big resources,high_school_student,multi_constraint,complex,"Class size, resources",college_search,size + resources
unis that dont feel cutthroat,high_school_student,emotional_advisory,llm_needed,"Culture, competition",college_search,culture concern
colleges w guaranteed housing 4 yrs,high_school_student,attribute_lookup,short_circuit,"Housing, 4-year guarantee",campus_services_info,housing policy
do publics give good aid or nah,high_school_student,advisory,llm_needed,"Public universities, aid",financial_aid_info,financial question
schools near beach but good academics,high_school_student,multi_constraint,complex,"Beach, Academics",college_search,location + academics
unis w strong cs but also artsy vibe,high_school_student,multi_constraint,complex,"CS, Arts",college_search,STEM + culture
colleges where ppl actually happy lol,high_school_student,emotional_advisory,llm_needed,"Happiness, culture",college_search,happiness vibe
what schools match my vibe idk,high_school_student,ambiguous,complex,Culture fit,college_search,vague personalization
unis w flexible gen ed requirements,high_school_student,filtered_search,medium,"General Education, flexibility",academic_policy_info,curriculum flexibility
engineering schools w study abroad easy,high_school_student,multi_constraint,complex,"Engineering, Study Abroad",academic_program_info,program + abroad
schools w strong alumni hookups jobs,high_school_student,filtered_search,medium,"Alumni, job placement",career_services_info,network outcomes
colleges w less grade deflation pls,high_school_student,filtered_search,medium,Grade deflation,academic_policy_info,grading culture
is going far from home dumb,high_school_student,reflective_advisory,llm_needed,"Distance, home",college_search,location anxiety
unis w big hackathon culture,high_school_student,filtered_search,medium,Hackathons,campus_services_info,extracurricular tech
schools w good cs but not all dudes,high_school_student,emotional_advisory,llm_needed,"CS, Gender balance",college_search,gender balance concern
colleges w strong career fairs tech,high_school_student,filtered_search,medium,"Career fairs, Tech",career_services_info,career resources
unis that arent party schools pls,high_school_student,filtered_search,medium,Party culture,college_search,social culture
schools w guaranteed internships??,high_school_student,ambiguous,complex,Internships,career_services_info,expectation check
cs colleges w chill grading curves,high_school_student,filtered_search,medium,"CS, Grading",academic_policy_info,grading policy
unis w double major no extra yrs,high_school_student,filtered_search,medium,Double major,academic_policy_info,academic policy
schools w strong ai research undergrad,high_school_student,filtered_search,medium,"AI research, undergrad",academic_program_info,research focus
is prestige actually that important,high_school_student,reflective_advisory,llm_needed,Prestige,college_search,values question
colleges where profs know ur name,high_school_student,filtered_search,medium,"Class size, Faculty",college_search,class size culture
unis w good weather but serious academics,high_school_student,multi_constraint,complex,"Weather, Academics",college_search,climate + rigor
schools w less weedout classes pls,high_school_student,filtered_search,medium,Weedout classes,academic_program_info,workload culture
colleges w co-op programs but not engineering only,high_school_student,multi_constraint,complex,"Co-op, non-engineering",career_services_info,co-op + non-engineering
unis wtih dorms that dont force roommates first year,high_school_student,filtered_search,medium,"Dorms, Single rooms",campus_services_info,housing policy typo
schools with strong cs but low weed-out classes,high_school_student,filtered_search,medium,"CS, weedout classes",academic_program_info,curriculum difficulty
colleges w asynchronous lecture options sometimes,high_school_student,filtered_search,medium,"Asynchronous, lectures",academic_policy_info,learning format
unis with lets you design ur own major kinda,high_school_student,filtered_search,medium,Self-designed major,academic_policy_info,academic flexibility
schools w strong cs but small class sizes pls,high_school_student,multi_constraint,complex,"CS, class size",academic_program_info,program + class size
colleges with good public transit not car depedent,high_school_student,filtered_search,medium,Public transit,college_search,transport typo
unis w clubs that arent resume-obsessed,high_school_student,filtered_search,medium,"Clubs, culture",campus_services_info,culture preference
schools wtih strong cs but also chill gen eds,high_school_student,multi_constraint,complex,"CS, Gen Eds",academic_program_info,program + gen eds typo
colleges w dont overemphasize greek life,high_school_student,filtered_search,medium,Greek life,college_search,social culture
unis with late add/drop deadlines for classes,high_school_student,filtered_search,medium,Add/Drop deadlines,academic_policy_info,academic policy
schools w strong cs but not hyper competitive vibe,high_school_student,filtered_search,medium,"CS, culture",academic_program_info,program culture
colleges wtih guaranteed housing more than 1 yr,high_school_student,filtered_search,medium,Housing guarantee,campus_services_info,housing stability typo
unis w strong cs and accessible maker labs,high_school_student,multi_constraint,complex,"CS, Maker labs",campus_services_info,program + facilities
schools with lots of interdisciplinary minors,high_school_student,filtered_search,medium,"Minors, interdisciplinary",academic_program_info,academic options
colleges w profs actually respond to emails,high_school_student,emotional_advisory,llm_needed,"Faculty, communication",college_search,faculty accessibility
unis with strong cs but room to explore other majors,high_school_student,multi_constraint,complex,"CS, major exploration",academic_program_info,flexibility
schools w capstone projects instead of exams,high_school_student,filtered_search,medium,"Capstone, exams",academic_policy_info,curriculum style
colleges with strong cs but collaborative not cutthroat,high_school_student,filtered_search,medium,"CS, culture",academic_program_info,culture vibe
unis w you can take reduced course load easily,high_school_student,filtered_search,medium,"Course load, flexibility",academic_policy_info,policy flexibility
schools wtih strong cs and good disability services,high_school_student,multi_constraint,complex,"CS, Disability services",campus_services_info,program + accessibility typo
colleges w good cs but not constant all-nighters,high_school_student,emotional_advisory,llm_needed,"CS, workload",academic_program_info,workload concern
unis with strong cs and campus that isnt isolated,high_school_student,multi_constraint,complex,"CS, location",college_search,location + program
schools w project-based cs classes not just exams,high_school_student,filtered_search,medium,"CS, project-based",academic_program_info,curriculum preference
colleges wtih strong cs but active arts scene too,high_school_student,multi_constraint,complex,"CS, Arts",college_search,STEM + arts typo
unis w easy access to prof research labs early,high_school_student,filtered_search,medium,Research labs,academic_program_info,research access
schools with strong cs but flexible pass/fail options,high_school_student,filtered_search,medium,"CS, Pass/Fail",academic_policy_info,grading policy
colleges w internship search heavily supported,high_school_student,filtered_search,medium,Internship support,career_services_info,career support
unis with strong cs but emphasis on ethics/social impact,high_school_student,multi_constraint,complex,"CS, Ethics",academic_program_info,program philosophy
schools w less prereq chains for cs classes,high_school_student,filtered_search,medium,"CS, prerequisites",academic_policy_info,curriculum structure
colleges with strong cs but balanced life culture,high_school_student,emotional_advisory,llm_needed,"CS, culture",college_search,lifestyle balance
unis w advising actually helps pick classes,high_school_student,filtered_search,medium,Academic advising,campus_services_info,advising quality
schools wtih strong cs but good study abroad pipelines,high_school_student,multi_constraint,complex,"CS, Study abroad",academic_program_info,program + abroad typo
colleges w cs programs that encourage startups,high_school_student,filtered_search,medium,"CS, Startups",career_services_info,entrepreneurship focus
is this school safe for my kid,parent,attribute_lookup,short_circuit,Campus safety,campus_services_info,safety stats
schools with strong academic advising,parent,filtered_search,medium,Academic advising,campus_services_info,advising quality
colleges where freshmen get support,parent,filtered_search,medium,"Freshmen, Support",campus_services_info,first-year support
does ucla guarantee housing,parent,attribute_lookup,short_circuit,"UCLA, Housing",campus_services_info,housing policy
schools with good disability services,parent,filtered_search,medium,Disability services,campus_services_info,accessibility
how big are intro classes at umd,parent,attribute_lookup,short_circuit,University of Maryland,academic_policy_info,class size
colleges with strong mental health resources,parent,filtered_search,medium,Mental health,campus_services_info,student wellness
what is the 4 year grad rate at nyu,parent,attribute_lookup,short_circuit,NYU,admissions_info,outcomes
schools with good parent communication,parent,filtered_search,medium,Parents,campus_services_info,parent engagement
is greek life overwhelming at alabama,parent,attribute_lookup,short_circuit,University of Alabama,college_search,campus culture
colleges where kids don’t get lost,parent,emotional_advisory,llm_needed,Campus size,college_search,fit concern
is out of state worth the cost,parent,advisory,llm_needed,"Out-of-state, Tuition",financial_aid_info,cost vs value
schools with strong career placement,parent,filtered_search,medium,Career placement,career_services_info,career outcomes
average debt after graduation for usc,parent,attribute_lookup,short_circuit,"USC, Student debt",financial_aid_info,financial outcome
colleges with small classes but big resources,parent,multi_constraint,complex,"Class size, Resources",college_search,size + resources
what schools support undecided majors,parent,advisory,llm_needed,Undecided majors,academic_program_info,exploration
are honors colleges actually helpful,parent,advisory,llm_needed,Honors colleges,academic_program_info,program value
schools with strong tutoring centers,parent,filtered_search,medium,Tutoring,campus_services_info,academic support
is dorm life supervised well,parent,emotional_advisory,llm_needed,"Dorm life, Supervision",campus_services_info,safety/culture
colleges that keep students on track to graduate,parent,filtered_search,medium,"Graduation rate, Advising",academic_policy_info,advising + retention
which schools have high retention rates,parent,filtered_search,medium,Retention rates,admissions_info,retention
does georgia tech overwork students,parent,emotional_advisory,llm_needed,"Georgia Tech, Workload",college_search,workload concern
schools with structured first year programs,parent,filtered_search,medium,First-year programs,academic_program_info,transition programs
is prestige worth the stress,parent,reflective_advisory,llm_needed,"Prestige, Stress",college_search,values tradeoff
how do I evaluate campus culture as a parent,parent,advisory,llm_needed,Campus culture,college_search,evaluation strategy
colleges with strong internship pipelines,parent,filtered_search,medium,Internships,career_services_info,career readiness
schools where faculty are accessible,parent,filtered_search,medium,Faculty accessibility,college_search,faculty access
does this college have grade deflation,parent,attribute_lookup,short_circuit,Grade deflation,academic_policy_info,grading policy
best value public universities,parent,filtered_search,medium,"Public universities, Value",financial_aid_info,value + public
colleges with strong safety nets academically,parent,filtered_search,medium,Academic support,campus_services_info,support systems
schools that communicate well with families,parent,filtered_search,medium,Family communication,campus_services_info,parent updates
what colleges have low transfer out rates,parent,filtered_search,medium,Transfer rates,admissions_info,retention
is living on campus required first year,parent,attribute_lookup,short_circuit,Housing policy,campus_services_info,housing rule
colleges that emphasize wellbeing,parent,filtered_search,medium,Student wellbeing,campus_services_info,wellbeing focus
do elite schools actually help career outcomes,parent,reflective_advisory,llm_needed,"Elite colleges, Careers",career_services_info,prestige ROI
schools with strong alumni mentoring,parent,filtered_search,medium,Alumni mentoring,career_services_info,alumni support
how do I compare financial aid offers,parent,advisory,llm_needed,Financial aid,financial_aid_info,financial comparison
colleges with strong advising for pre-med,parent,filtered_search,medium,"Pre-med, Advising",academic_program_info,program advising
is this environment collaborative or cutthroat,parent,emotional_advisory,llm_needed,Campus culture,college_search,culture concern
what colleges fit a student with a 3.5 gpa,counselor,advisory,llm_needed,3.5 GPA,admissions_info,admissions guidance
schools strong for first gen students,counselor,filtered_search,medium,First-generation students,campus_services_info,first-gen support
which universities have holistic admissions,counselor,filtered_search,medium,Holistic admissions,admissions_info,admissions style
average sat ranges for big ten schools,counselor,filtered_search,medium,"Big Ten, SAT",admissions_info,Big Ten
colleges with strong retention initiatives,counselor,filtered_search,medium,Retention initiatives,admissions_info,retention programs
best matches for mid-range cs applicants,counselor,multi_constraint,complex,"CS, Mid-range stats",college_search,stats + program
schools with strong honors programs,counselor,filtered_search,medium,Honors programs,academic_program_info,honors programs
colleges supportive of gap year admits,counselor,filtered_search,medium,Gap year,admissions_info,admissions flexibility
which schools allow easy major switching,counselor,filtered_search,medium,Major switching,academic_policy_info,academic flexibility
institutions with strong advising loads,counselor,filtered_search,medium,Advising ratios,campus_services_info,advising structure
schools with strong bridge programs,counselor,filtered_search,medium,Bridge programs,academic_program_info,transition support
how to balance reach match safety lists,counselor,advisory,llm_needed,Reach/Match/Safety,admissions_info,list strategy
colleges with strong co-op participation,counselor,filtered_search,medium,Co-op programs,career_services_info,co-op programs
schools strong in experiential learning,counselor,filtered_search,medium,Experiential learning,academic_program_info,hands-on focus
which campuses have open curriculum models,counselor,filtered_search,medium,Open curriculum,academic_policy_info,curriculum style
universities with strong undergraduate research access,counselor,filtered_search,medium,Undergraduate research,academic_program_info,research access
schools with strong outcomes for cs majors,counselor,filtered_search,medium,CS outcomes,career_services_info,program outcomes
how to advise on prestige vs fit tradeoff,counselor,advisory,llm_needed,Prestige vs Fit,college_search,guidance framework
colleges that support mental health well,counselor,filtered_search,medium,Mental health,campus_services_info,wellbeing services
which universities cap class sizes early,counselor,filtered_search,medium,Class size cap,academic_policy_info,class size policy
schools with strong career services engagement,counselor,filtered_search,medium,Career services,career_services_info,career center strength
best publics for engineering with access,counselor,multi_constraint,complex,"Engineering, Public",college_search,public + engineering
institutions with strong retention for stem,counselor,filtered_search,medium,"STEM, Retention",admissions_info,STEM retention
schools known for grade inflation or deflation,counselor,filtered_search,medium,Grade inflation/deflation,academic_policy_info,grading culture
how to interpret yield rates in advising,counselor,advisory,llm_needed,Yield rates,admissions_info,admissions analytics
colleges with strong learning communities,counselor,filtered_search,medium,Learning communities,campus_services_info,living-learning
which campuses reduce weed-out courses,counselor,filtered_search,medium,Weed-out courses,academic_program_info,curriculum culture
universities with strong advising-to-student ratios,counselor,filtered_search,medium,Advising ratios,campus_services_info,advising ratio
schools strong for undecided exploration,counselor,filtered_search,medium,"Undecided, Exploration",college_search,exploratory program
institutions with strong first year seminars,counselor,filtered_search,medium,First-year seminars,academic_program_info,first-year seminars
which colleges should we partner with for pipeline,college_b2b,filtered_search,medium,Partnerships,career_services_info,partnership prospects
schools producing strong cs graduates,college_b2b,filtered_search,medium,CS graduates,career_services_info,talent pipeline
universities with high internship participation,college_b2b,filtered_search,medium,Internships,career_services_info,experiential learning
campuses with strong diversity in stem,college_b2b,filtered_search,medium,"Diversity, STEM",admissions_info,diversity metrics
which institutions emphasize project based learning,college_b2b,filtered_search,medium,Project-based learning,academic_program_info,curriculum style
schools with strong co-op employer ties,college_b2b,filtered_search,medium,"Co-op, Employers",career_services_info,industry partnerships
universities with high retention in engineering,college_b2b,filtered_search,medium,"Engineering, Retention",admissions_info,retention stats
top feeders into big tech firms,college_b2b,filtered_search,medium,"Big Tech, Outcomes",career_services_info,outcome pipelines
institutions with strong entrepreneurship ecosystems,college_b2b,filtered_search,medium,Entrepreneurship,career_services_info,startup culture
schools strong in applied ai research,college_b2b,filtered_search,medium,AI research,academic_program_info,research focus
campuses with maker spaces and innovation labs,college_b2b,filtered_search,medium,Maker spaces,campus_services_info,facilities
which colleges emphasize interdisciplinary majors,college_b2b,filtered_search,medium,Interdisciplinary,academic_program_info,academic structure
universities with strong alumni engagement,college_b2b,filtered_search,medium,Alumni engagement,career_services_info,alumni network
schools with high student organization participation,college_b2b,filtered_search,medium,Student organizations,campus_services_info,campus engagement
institutions with strong experiential capstones,college_b2b,filtered_search,medium,Capstone programs,academic_program_info,capstone programs
colleges producing strong product managers,college_b2b,filtered_search,medium,Product Management,career_services_info,career outcomes
universities with strong global study programs,college_b2b,filtered_search,medium,Study abroad,academic_program_info,study abroad
schools known for collaborative culture,college_b2b,filtered_search,medium,Collaborative culture,college_search,culture signal
institutions with strong career fair turnout,college_b2b,filtered_search,medium,Career fairs,career_services_info,employer engagement
colleges emphasizing ethics in computing,college_b2b,filtered_search,medium,"Ethics, Computing",academic_program_info,program philosophy
universities with strong advising infrastructures,college_b2b,filtered_search,medium,Advising systems,campus_services_info,advising systems
schools with high undergrad research output,college_b2b,filtered_search,medium,Undergraduate research,academic_program_info,research metrics
institutions with strong community engagement,college_b2b,filtered_search,medium,Community engagement,campus_services_info,civic engagement
colleges strong for data science pipelines,college_b2b,filtered_search,medium,Data Science,career_services_info,program outcomes
universities with flexible interdisciplinary curricula,college_b2b,filtered_search,medium,Interdisciplinary curriculum,academic_policy_info,curriculum flexibility
small colleges in the pacific northwest with strong environmental science,parent,filtered_search,medium,"PNW, Environmental Science",college_search,location + program search
affordable regional universities with good nursing outcomes,parent,multi_constraint,complex,"Nursing, Tuition",college_search,cost + program search
colleges near mid-sized cities with strong teacher prep programs,parent,filtered_search,medium,"Education, Urban",college_search,location + education search
schools that support students who want to stay close to home,parent,advisory,llm_needed,Location preference,college_search,location preference llm
universities with strong disability support services,parent,filtered_search,medium,Disability support,campus_services_info,accessibility services search
colleges with strong campus safety in small towns,parent,filtered_search,medium,"Safety, Small towns",campus_services_info,safety + location search
regional universities with strong job placement in local industries,parent,filtered_search,medium,"Career placement, local industry",career_services_info,parent focused on employability
colleges where students can easily switch majors,parent,attribute_lookup,short_circuit,Major switching,academic_policy_info,parent worried about indecision
schools with strong academic advising for undecided students,parent,filtered_search,medium,"Academic advising, Undecided",campus_services_info,parent wants exploration support
universities with guaranteed housing for freshmen,parent,attribute_lookup,short_circuit,Freshmen housing,campus_services_info,parent checking housing stability
colleges that offer strong mental health counseling on campus,parent,filtered_search,medium,Mental health counseling,campus_services_info,parent prioritizing wellbeing
schools known for small class sizes and mentoring,parent,filtered_search,medium,"Class size, Mentoring",college_search,parent wants personal attention
universities in rural areas with strong internet infrastructure,parent,multi_constraint,complex,"Rural, Internet/Tech",campus_services_info,parent concerned about connectivity
colleges with strong internship ties to local hospitals,parent,filtered_search,medium,"Internships, Hospitals",career_services_info,parent exploring pre-health path
schools with strong first-generation student programs,parent,filtered_search,medium,First-generation students,campus_services_info,parent of first-gen student
universities that provide strong tutoring for STEM,parent,filtered_search,medium,"Tutoring, STEM",campus_services_info,parent concerned about rigor
colleges with strong co-op programs outside major cities,parent,filtered_search,medium,"Co-op, Non-urban",career_services_info,parent wants practical experience
schools that balance academics and extracurriculars well,parent,emotional_advisory,llm_needed,Life balance,college_search,lifestyle balance
universities where most graduates work in-state,parent,filtered_search,medium,Regional employment,career_services_info,parent prefers staying local
regional public universities with strong transfer pathways,school_counselor,filtered_search,medium,"Transfer pathways, Public",admissions_info,counselor guiding transfers
colleges that admit students with limited AP coursework,school_counselor,filtered_search,medium,"AP coursework, Admissions",admissions_info,counselor advising underserved students
universities with strong bridge programs for underprepared students,school_counselor,filtered_search,medium,Bridge programs,academic_program_info,counselor supporting academic gaps
schools with high retention for first-generation students,school_counselor,filtered_search,medium,"Retention, First-gen",admissions_info,counselor evaluating student success
regional colleges with strong teacher education pipelines,school_counselor,filtered_search,medium,Teacher education,academic_program_info,counselor for future educators
universities that provide strong academic recovery programs,school_counselor,filtered_search,medium,Academic recovery,campus_services_info,counselor helping struggling students
colleges with holistic admissions for low-resource applicants,school_counselor,filtered_search,medium,Holistic admissions,admissions_info,counselor matching access-focused schools
schools with strong support for ESL learners,school_counselor,filtered_search,medium,ESL support,campus_services_info,counselor working with multilingual students
universities with strong summer transition programs,school_counselor,filtered_search,medium,Summer bridge programs,academic_program_info,counselor preparing graduates
colleges known for accessible financial aid advising,school_counselor,filtered_search,medium,Financial aid advising,financial_aid_info,counselor prioritizing affordability
schools that partner with local high schools for dual enrollment,school_counselor,filtered_search,medium,Dual enrollment,admissions_info,counselor exploring pipelines
universities with strong career services for undecided majors,school_counselor,filtered_search,medium,"Career services, Undecided",career_services_info,counselor focused on exploration
colleges that provide strong mentorship for rural students,school_counselor,filtered_search,medium,"Rural students, Mentorship",campus_services_info,counselor from rural district
schools with strong accessibility compliance records,school_counselor,attribute_lookup,short_circuit,"Accessibility, Compliance",campus_services_info,counselor verifying accommodations
universities that emphasize community engagement learning,school_counselor,filtered_search,medium,"Community engagement, Service learning",academic_program_info,counselor valuing civic engagement
colleges with strong data on graduate employment outcomes,school_counselor,attribute_lookup,short_circuit,Employment outcomes,career_services_info,counselor reviewing metrics
schools that support students balancing work and study,school_counselor,filtered_search,medium,"Working students, Flexibility",academic_policy_info,counselor advising working students
universities with strong partnerships with local employers,school_counselor,filtered_search,medium,Employer partnerships,career_services_info,counselor focused on pipelines
colleges known for supporting late academic bloomers,school_counselor,emotional_advisory,llm_needed,Academic growth,admissions_info,counselor considering potential
schools where students can explore majors before declaring,school_counselor,filtered_search,medium,Major exploration,academic_policy_info,counselor guiding undecided seniors
urban universities with strong practicum placements in city schools,urban_teacher,filtered_search,medium,"Practicum, Urban schools",academic_program_info,teacher advising future educators
colleges that prepare students for teaching in diverse classrooms,urban_teacher,filtered_search,medium,"Diverse classrooms, Teaching",academic_program_info,teacher in large district
universities with strong classroom management training programs,urban_teacher,filtered_search,medium,Classroom management,academic_program_info,teacher evaluating preparation quality
schools with strong education majors and urban partnerships,urban_teacher,filtered_search,medium,"Education, Urban partnerships",academic_program_info,teacher recommending programs
colleges emphasizing culturally responsive teaching curricula,urban_teacher,filtered_search,medium,Culturally responsive teaching,academic_program_info,teacher focused on pedagogy
universities that support teacher residency models,urban_teacher,filtered_search,medium,Teacher residency,academic_program_info,teacher aware of practical models
schools with strong placement in public school districts,urban_teacher,filtered_search,medium,Public school placement,career_services_info,teacher advising job-ready grads
colleges offering strong special education certification tracks,urban_teacher,filtered_search,medium,Special education,academic_program_info,teacher advising specialization
universities with strong classroom technology integration training,urban_teacher,filtered_search,medium,Educational technology,academic_program_info,teacher valuing tech skills
schools where education majors get early field experience,urban_teacher,filtered_search,medium,Field experience,academic_program_info,teacher assessing readiness
small colleges that prepare teachers for multi-grade rural classrooms,rural_teacher,filtered_search,medium,Rural teaching,academic_program_info,teacher from small district
universities with strong agricultural education programs,rural_teacher,filtered_search,medium,Agricultural education,academic_program_info,teacher advising ag-focused students
schools with strong community integration in rural towns,rural_teacher,filtered_search,medium,"Community integration, Rural",college_search,teacher valuing local ties
colleges that train teachers for low-resource classroom environments,rural_teacher,filtered_search,medium,Low-resource teaching,academic_program_info,teacher advising realistic prep
universities emphasizing place-based education approaches,rural_teacher,filtered_search,medium,Place-based education,academic_program_info,teacher in rural region
schools with strong preparation for teaching multiple subjects,rural_teacher,filtered_search,medium,Multi-subject teaching,academic_program_info,teacher guiding versatile candidates
colleges where education students intern in rural districts,rural_teacher,filtered_search,medium,Rural internships,academic_program_info,teacher evaluating fit
universities with strong mentorship for first-year rural teachers,rural_teacher,filtered_search,medium,Teacher mentorship,career_services_info,teacher considering retention
schools with strong support for students returning to teach locally,rural_teacher,filtered_search,medium,"Local teaching, Retention",career_services_info,teacher promoting community return
colleges focused on strengthening rural teacher pipelines,rural_teacher,filtered_search,medium,Rural teacher pipelines,academic_program_info,teacher strategic planning
regional universities with strong articulation agreements,community_college_advisor,filtered_search,medium,Articulation agreements,admissions_info,advisor mapping transfer routes
schools that accept large numbers of transfer credits,community_college_advisor,attribute_lookup,short_circuit,Transfer credits,academic_policy_info,advisor checking credit mobility
colleges with strong orientation for incoming transfer students,community_college_advisor,filtered_search,medium,Transfer orientation,campus_services_info,advisor smoothing transition
universities known for high success rates among transfer students,community_college_advisor,filtered_search,medium,Transfer success,admissions_info,advisor evaluating outcomes
schools with flexible residency requirements for transfers,community_college_advisor,attribute_lookup,short_circuit,Residency requirements,academic_policy_info,advisor verifying policy
colleges that provide dedicated transfer advising offices,community_college_advisor,filtered_search,medium,Transfer advising,campus_services_info,advisor assessing support
universities with strong pathways from technical programs,community_college_advisor,filtered_search,medium,Technical pathways,admissions_info,advisor for vocational students
schools with strong scholarships specifically for transfer applicants,community_college_advisor,filtered_search,medium,Transfer scholarships,financial_aid_info,advisor prioritizing affordability
colleges that align gen ed requirements smoothly with community colleges,community_college_advisor,filtered_search,medium,Gen Ed alignment,academic_policy_info,advisor ensuring credit efficiency
universities offering clear 2+2 degree completion plans,community_college_advisor,filtered_search,medium,2+2 pathways,academic_program_info,advisor building structured routes
colleges that prepare students for careers in local nonprofits,nonprofit_advisor,filtered_search,medium,Nonprofits,career_services_info,advisor guiding mission-driven students
universities with strong public service fellowships,nonprofit_advisor,filtered_search,medium,Public service fellowships,academic_program_info,advisor focused on civic paths
schools emphasizing community-based research projects,nonprofit_advisor,filtered_search,medium,Community research,academic_program_info,advisor valuing impact work
colleges with strong social work programs tied to local agencies,nonprofit_advisor,filtered_search,medium,"Social work, Local agencies",academic_program_info,advisor evaluating partnerships
universities that promote civic engagement and volunteer leadership,nonprofit_advisor,filtered_search,medium,"Civic engagement, Volunteering",campus_services_info,advisor aligning values
schools with strong nonprofit management minors,nonprofit_advisor,filtered_search,medium,Nonprofit management,academic_program_info,advisor for leadership development
colleges offering internships with regional advocacy organizations,nonprofit_advisor,filtered_search,medium,Advocacy internships,career_services_info,advisor exploring activism pathways
universities with strong public policy programs focused on local issues,nonprofit_advisor,filtered_search,medium,Public policy,academic_program_info,advisor considering policy careers
schools that prepare students for grant writing and program evaluation,nonprofit_advisor,filtered_search,medium,Grant writing,academic_program_info,advisor emphasizing practical skills
colleges where graduates frequently enter community service roles,nonprofit_advisor,filtered_search,medium,Community service outcomes,career_services_info,advisor evaluating mission fit
universities with strong advising for undecided liberal arts students,independent_counselor,filtered_search,medium,Liberal arts advising,campus_services_info,counselor matching exploratory learners
colleges that emphasize interdisciplinary majors without strict barriers,independent_counselor,filtered_search,medium,Interdisciplinary majors,academic_policy_info,counselor recommending flexibility
schools known for supportive campus culture over competition,independent_counselor,emotional_advisory,llm_needed,Campus culture,college_search,counselor evaluating climate
universities with strong undergraduate research access early,independent_counselor,filtered_search,medium,Undergrad research,academic_program_info,counselor prioritizing engagement
colleges where faculty mentorship is a central feature,independent_counselor,filtered_search,medium,Faculty mentorship,college_search,counselor assessing guidance
schools with strong experiential learning embedded in curriculum,independent_counselor,filtered_search,medium,Experiential learning,academic_program_info,counselor aligning pedagogy
universities with strong career exploration programs first two years,independent_counselor,filtered_search,medium,Career exploration,career_services_info,counselor advising unsure students
colleges that balance academic rigor with strong student wellbeing,independent_counselor,multi_constraint,complex,"Rigor, Wellbeing",college_search,counselor balancing priorities
schools that allow easy double majoring without overload,independent_counselor,filtered_search,medium,Double major policy,academic_policy_info,counselor exploring academic paths
universities where students often pursue diverse academic interests,independent_counselor,emotional_advisory,llm_needed,Intellectual culture,college_search,counselor considering curiosity fit
district-level advisors looking for universities feeding local workforce,district_advisor,filtered_search,medium,Local workforce,career_services_info,planning regional pipelines
colleges that align programs with regional economic needs,district_advisor,filtered_search,medium,Regional economy,career_services_info,strategic district planning
universities producing graduates in high-demand regional fields,district_advisor,filtered_search,medium,Workforce demand,career_services_info,workforce alignment
schools partnering with local school districts for teacher pipelines,district_advisor,filtered_search,medium,Teacher pipelines,academic_program_info,strategic staffing needs
colleges that collaborate with local governments on internship programs,district_advisor,filtered_search,medium,Government internships,career_services_info,policy workforce planning
universities with strong placement in regional healthcare systems,district_advisor,filtered_search,medium,Healthcare placement,career_services_info,district health initiatives
schools that support students committed to serving their home regions,district_advisor,emotional_advisory,llm_needed,Regional service,college_search,long-term regional retention
colleges focused on applied degrees tied to regional industries,district_advisor,filtered_search,medium,Applied degrees,academic_program_info,economic strategy alignment
universities that help retain talent within smaller metropolitan areas,district_advisor,filtered_search,medium,Talent retention,career_services_info,regional brain-drain concerns
schools producing graduates who remain employed locally after graduation,district_advisor,filtered_search,medium,Local employment,career_services_info,workforce sustainability
schools w good aid for middle class families,parent,advisory,llm_needed,Financial aid,financial_aid_info,financial fit
does cornell have good mental health support,parent,attribute_lookup,short_circuit,"Cornell, Mental health",campus_services_info,wellness
how safe is the area around usc,parent,attribute_lookup,short_circuit,"USC, Safety",campus_services_info,safety concern
does vanderbilt guarantee aid for all 4 years,parent,attribute_lookup,short_circuit,"Vanderbilt, Aid",financial_aid_info,financial stability
what is the student to faculty ratio at umd,parent,attribute_lookup,short_circuit,"UMD, Student-faculty ratio",academic_policy_info,class size
colleges where my kid wont fall through the cracks,parent,emotional_advisory,llm_needed,Student support,college_search,support concern
is boston college a good fit for a shy student,parent,emotional_advisory,llm_needed,"Boston College, Shy students",college_search,personality fit
schools that have strong freshman orientation programs,parent,filtered_search,medium,Orientation programs,campus_services_info,transition support
do private colleges really give better aid than publics,parent,advisory,llm_needed,Private vs Public aid,financial_aid_info,financial strategy
colleges where kids actually graduate in 4 years,parent,filtered_search,medium,Graduation rates,admissions_info,graduation outcomes
how do I know if a school's financial aid is legit,parent,advisory,llm_needed,Financial aid legitimacy,financial_aid_info,financial caution
schools with strong on campus jobs for students,parent,filtered_search,medium,Campus jobs,career_services_info,student employment
does purdue have co-op options for engineering,parent,attribute_lookup,short_circuit,"Purdue, Engineering co-op",career_services_info,career programs
what is the average class size at michigan,parent,attribute_lookup,short_circuit,"U-Michigan, Class size",academic_policy_info,class info
is uc san diego a good fit for introverts,parent,emotional_advisory,llm_needed,"UC San Diego, Introverts",college_search,personality fit
schools that have strong peer tutoring programs,parent,filtered_search,medium,Peer tutoring,campus_services_info,academic support
how does financial aid work at private universities,parent,advisory,llm_needed,Financial aid,financial_aid_info,financial education
colleges where students feel supported academically,parent,filtered_search,medium,Academic support,campus_services_info,student success
does georgia tech have good housing options,parent,attribute_lookup,short_circuit,"Georgia Tech, Housing",campus_services_info,housing
is the social scene at ohio state overwhelming,parent,emotional_advisory,llm_needed,"Ohio State, Social scene",college_search,culture concern
schools known for low student debt at graduation,parent,filtered_search,medium,Student debt,financial_aid_info,financial outcome
does unc chapel hill have good pre med advising,parent,attribute_lookup,short_circuit,"UNC Chapel Hill, Pre-med",academic_program_info,advising
colleges that don't push alcohol culture,parent,filtered_search,medium,Alcohol culture,college_search,social safety
schools with good food options not just dining hall,parent,filtered_search,medium,Dining options,campus_services_info,quality of life
is rice university too isolated for most kids,parent,emotional_advisory,llm_needed,"Rice University, Isolation",college_search,location concern
what's the dropout rate at for profit colleges,parent,advisory,llm_needed,"For-profit colleges, Dropout rate",admissions_info,risk warning
schools where professors actually care about teaching,parent,filtered_search,medium,Teaching quality,college_search,instruction quality
does tulane have good support for out of state students,parent,attribute_lookup,short_circuit,"Tulane, Out-of-state students",campus_services_info,out-of-state support
colleges with strong emergency alert systems,parent,filtered_search,medium,Emergency alerts,campus_services_info,safety infrastructure
schools with clear pathways to grad school,parent,filtered_search,medium,Grad school pathways,career_services_info,long-term outcomes
is it worth paying full price for a top 20 school,parent,reflective_advisory,llm_needed,"Top 20, Tuition",college_search,cost vs prestige
do most kids at northwestern stay on campus on weekends,parent,emotional_advisory,llm_needed,"Northwestern, Social life",college_search,social culture
what colleges are safest in terms of campus crime,parent,filtered_search,medium,"Campus crime, Safety",campus_services_info,safety comparison
schools where kids with ADHD get good support,parent,filtered_search,medium,ADHD support,campus_services_info,disability support
is the pre med track at emory manageable,parent,emotional_advisory,llm_needed,"Emory, Pre-med workload",academic_program_info,workload concern
colleges where students can live off campus sophomore year,parent,filtered_search,medium,Sophomore housing,campus_services_info,housing flexibility
does wake forest track student progress well,parent,attribute_lookup,short_circuit,"Wake Forest, Student progress",campus_services_info,student monitoring
schools with strong second year housing options,parent,filtered_search,medium,Sophomore housing,campus_services_info,housing continuity
how do merit scholarships work at smaller schools,parent,advisory,llm_needed,Merit scholarships,financial_aid_info,financial strategy
colleges where students build strong professional networks,parent,filtered_search,medium,Professional networking,career_services_info,career outcomes
are flagship public schools worth in state tuition,parent,advisory,llm_needed,"Public flagship, In-state tuition",financial_aid_info,value comparison
schools with on campus medical clinics not just counseling,parent,filtered_search,medium,Medical clinics,campus_services_info,health services
does penn state have good support for out of state freshmen,parent,attribute_lookup,short_circuit,"Penn State, Out-of-state freshmen",campus_services_info,transition support
is the workload at uchicago really as bad as they say,parent,emotional_advisory,llm_needed,"UChicago, Workload",college_search,stress concern
colleges that provide loan free financial aid packages,parent,filtered_search,medium,Loan-free aid,financial_aid_info,financial need
schools where students can get involved early in research,parent,filtered_search,medium,Undergrad research,academic_program_info,academic engagement
how often do kids transfer out of big universities,parent,advisory,llm_needed,"Transfer rates, Big universities",admissions_info,retention concern
is the commute from off campus to class manageable at nyu,parent,attribute_lookup,short_circuit,"NYU, Commuting",campus_services_info,logistics
schools with strong dual degree options for undergrads,parent,filtered_search,medium,Dual degrees,academic_program_info,academic programs
does baylor have good support services for students from low income backgrounds,parent,attribute_lookup,short_circuit,"Baylor, Low-income support",campus_services_info,financial support
colleges where financial aid doesn't drop after freshman year,parent,filtered_search,medium,Financial aid consistency,financial_aid_info,aid consistency
good schools for kids who are smart but not great test takers,parent,advisory,llm_needed,"Test scores, Admissions",admissions_info,admissions concern
is the honors college at arizona state actually worth it,parent,emotional_advisory,llm_needed,"ASU, Honors College",academic_program_info,program value
schools with strong housing for students with disabilities,parent,filtered_search,medium,Disability housing,campus_services_info,accessibility
does notre dame allow students to explore majors freely,parent,attribute_lookup,short_circuit,"Notre Dame, Major exploration",academic_policy_info,academic flexibility
schools where students graduate with marketable skills not just a degree,parent,filtered_search,medium,Marketable skills,career_services_info,career outcomes
is lehigh university a good investment,parent,reflective_advisory,llm_needed,Lehigh University,college_search,cost vs value
what do parents wish they knew before paying for college,parent,reflective_advisory,llm_needed,College costs,financial_aid_info,hindsight advice
colleges where kids can do internships during school year easily,parent,filtered_search,medium,Internships,career_services_info,career flexibility
how do I evaluate a college's actual job placement numbers,parent,advisory,llm_needed,Job placement data,career_services_info,metric evaluation
schools w good pre nursing programs not just nursing,parent,filtered_search,medium,Pre-nursing,academic_program_info,academic path
is vanderbilt worth the price over a public flaghsipp,parent,reflective_advisory,llm_needed,"Vanderbilt, Public flagship",financial_aid_info,cost vs value typo
schools that offer strong scholarships for STEM students,parent,filtered_search,medium,STEM scholarships,financial_aid_info,financial + program
does uc davis have good support for first gen students,parent,attribute_lookup,short_circuit,"UC Davis, First-gen students",campus_services_info,first-gen support
colleges where kids don't burn out by junior year,parent,emotional_advisory,llm_needed,"Burnout, Well-being",college_search,sustainability concern
schools with transparent grading policies,parent,filtered_search,medium,Grading policies,academic_policy_info,academic fairness
is campus culture at cal poly slo healthy,parent,emotional_advisory,llm_needed,"Cal Poly SLO, Culture",college_search,culture concern
colleges where learning differences are supported well,parent,filtered_search,medium,Learning differences,campus_services_info,disability access
does american university have good career placement,parent,attribute_lookup,short_circuit,"American University, Careers",career_services_info,outcomes
schools that have good transfer agreements if kid wants to change,parent,filtered_search,medium,Transfer agreements,admissions_info,academic flexibility
is william and mary a good value school,parent,reflective_advisory,llm_needed,"William & Mary, Value",financial_aid_info,value
colleges where diversity is genuinely supported not just marketing,parent,emotional_advisory,llm_needed,"Diversity, Inclusion",college_search,inclusion concern
schools with strong co-op programs outside of engineering,parent,filtered_search,medium,Co-op programs,career_services_info,career flexibility
does rpi have a good campus social scene,parent,attribute_lookup,short_circuit,"RPI, Social scene",college_search,campus life
is it worth going to a school with no name recognition,parent,reflective_advisory,llm_needed,Name recognition,career_services_info,prestige concern
good schools for a student who doesn't know what they want to do yet,parent,advisory,llm_needed,Undecided,college_search,exploration fit
whats the deal with need blind admissions,parent,advisory,llm_needed,Need-blind admissions,admissions_info,financial process
colleges that support student athletes academically,parent,filtered_search,medium,Student athletes,academic_program_info,athlete support
schools where kids feel welcome from day one,parent,emotional_advisory,llm_needed,Campus culture,college_search,transition culture
is drexel university actually good or just co op hype,parent,reflective_advisory,llm_needed,"Drexel, Co-op",college_search,program evaluation
schools that prepare kids for the real world not just exams,parent,emotional_advisory,llm_needed,Practical skills,college_search,practical outcomes
does uc irvine have a good pre law track,parent,attribute_lookup,short_circuit,"UC Irvine, Pre-law",academic_program_info,pre law
what happens if my kid hates their major sophomore year,parent,advisory,llm_needed,Major change,academic_policy_info,flexibility concern
schools with strong campus ministries and spiritual community,parent,filtered_search,medium,Spiritual life,campus_services_info,spiritual life
is sticker price always the price at private schools,parent,advisory,llm_needed,"Tuition, Private schools",financial_aid_info,financial education
colleges that dont have a ton of grade inflation issues,parent,filtered_search,medium,Grade inflation,academic_policy_info,academic integrity
whats the difference between merit and need based aid,parent,advisory,llm_needed,Financial aid,financial_aid_info,financial literacy
schools with good health services for students with chronic conditions,parent,filtered_search,medium,"Chronic conditions, Health",campus_services_info,specialized healthcare
is tufts worth the money compared to nearby schools,parent,reflective_advisory,llm_needed,"Tufts, Competition",college_search,cost vs value
good schools for students who excelled in arts and academics both,parent,multi_constraint,complex,"Arts, Academics",college_search,multidisciplinary fit
colleges with accessible leadership opportunities for freshmen,parent,filtered_search,medium,Freshmen leadership,campus_services_info,engagement early
are junior colleges worth doing first to save money,parent,advisory,llm_needed,Community college,financial_aid_info,community college path
does colorado state have strong environmental science programs,parent,attribute_lookup,short_circuit,"Colorado State, Env Sci",academic_program_info,program lookup
schools with strong study skills programs built in,parent,filtered_search,medium,Study skills,campus_services_info,academic development
is carnegie mellon too intense for average students,parent,emotional_advisory,llm_needed,"Carnegie Mellon, Rigor",college_search,rigor concern
good schools where kids can work part time and still succeed,parent,advisory,llm_needed,"Work-study, Balance",college_search,financial + academic balance
colleges with strong suicide and crisis support services,parent,filtered_search,medium,Crisis support,campus_services_info,mental health resources
schools that communicate grade concerns directly with parents,parent,filtered_search,medium,"Grade reporting, Parents",campus_services_info,parent communication
does hofstra university have good pre law programs,parent,attribute_lookup,short_circuit,"Hofstra, Pre-law",academic_program_info,program info
what colleges have the best housing quality,parent,filtered_search,medium,Housing quality,campus_services_info,dorm quality
is it ok for my kid to apply to all reaches,parent,advisory,llm_needed,Reach schools,admissions_info,application strategy
schools w strong cs that arent in the news every week for drama,parent,filtered_search,medium,"CS, Stability",college_search,stability culture
what schools should I push back on if my counselor recommends them,parent,reflective_advisory,llm_needed,Counselor recommendations,college_search,informed pushback
good schools for students who learn best in discussion based settings,parent,filtered_search,medium,Discussion-based learning,academic_program_info,learning style
average debt load after graduating from public flagship universities,parent,attribute_lookup,short_circuit,"Student debt, Public flagships",financial_aid_info,financial outcomes
does george mason have strong cybersecurity programs,parent,attribute_lookup,short_circuit,"George Mason, Cybersecurity",academic_program_info,program info
schools with quiet or dry dorm options,parent,filtered_search,medium,Quiet/Dry dorms,campus_services_info,housing preference
does scu have good career placement in silicon valley,parent,attribute_lookup,short_circuit,Santa Clara University,career_services_info,career outcomes
schools with strong foreign language programs,parent,filtered_search,medium,Foreign Language,academic_program_info,academic offerings
is the ranking difference between 30 and 50 actually meaningful,parent,reflective_advisory,llm_needed,Rankings,college_search,rankings question
colleges that make transferring credits smooth if kid transfers,parent,filtered_search,medium,Transfer credits,academic_policy_info,transfer flexibility
does fordham university have strong alumni network,parent,attribute_lookup,short_circuit,Fordham University,career_services_info,alumni info
schools where the financial aid office is responsive and helpful,parent,filtered_search,medium,Financial aid office,financial_aid_info,support quality
good schools near home for first gen students who want family close,parent,advisory,llm_needed,"First-gen, Proximity",college_search,proximity + support
which schools have the best meal plan value,parent,filtered_search,medium,Meal plans,campus_services_info,quality of life
does virginia tech have good support for women in engineering,parent,attribute_lookup,short_circuit,Virginia Tech,campus_services_info,gender support
is the campus culture at tulane safe for students,parent,emotional_advisory,llm_needed,Tulane University,college_search,culture safety
what do acceptance rate numbers actually tell you,parent,advisory,llm_needed,Acceptance rates,admissions_info,admissions metrics
schools with strong programs in kinesiology and sports science,parent,filtered_search,medium,Kinesiology,academic_program_info,program filter
colleges where the commuter experience is well supported,parent,filtered_search,medium,Commuter students,campus_services_info,commuter students
is uc santa barbara too party focused for serious students,parent,emotional_advisory,llm_needed,UC Santa Barbara,college_search,culture concern
best schools for a student intersted in criminal justice,parent,filtered_search,medium,Criminal Justice,academic_program_info,program typo
colleges with strong public health programs at the undergrad level,parent,filtered_search,medium,Public Health,academic_program_info,program filter
does university of oregon have strong alumni network in the northwest,parent,attribute_lookup,short_circuit,University of Oregon,career_services_info,regional alumni
schools that dont charge extra fees on top of tuition,parent,filtered_search,medium,"Fees, Tuition",financial_aid_info,cost transparency
is it worth applying early decision for financial aid reasons,parent,advisory,llm_needed,"Early Decision, Aid",financial_aid_info,admissions strategy
does auburn university have good support for engineering students,parent,attribute_lookup,short_circuit,Auburn University,campus_services_info,academic support
what schools should students avoid if they have anxiety,parent,emotional_advisory,llm_needed,Anxiety,college_search,mental health concern
colleges w strong arts and sciences balance not just pre professional,parent,filtered_search,medium,Arts and Sciences,academic_program_info,academic philosophy
schools with flexible payment plans for tuition,parent,filtered_search,medium,Payment plans,financial_aid_info,financial planning
how do I know if a schools aid package is competitive,parent,advisory,llm_needed,Aid package,financial_aid_info,evaluation skill
schools with strong support for lgbtq+ students,parent,filtered_search,medium,LGBTQ+ support,campus_services_info,inclusion
good options for students who took a gap year,parent,advisory,llm_needed,Gap year,admissions_info,nontraditional path
best colleges for a student interested in architecture,parent,filtered_search,medium,Architecture,academic_program_info,program filter
is college board css profile required for aid at most schools,parent,advisory,llm_needed,CSS Profile,financial_aid_info,financial aid process
schools with strong mentoring for first gen students by upperclassmen,parent,filtered_search,medium,"First-gen, Mentoring",campus_services_info,peer support
does kettering university have good outcomes for engineering grads,parent,attribute_lookup,short_circuit,Kettering University,career_services_info,career outcomes
what is QuestBridge and is it a good option for low income students,parent,advisory,llm_needed,QuestBridge,financial_aid_info,financial program
schools known for keeping class sizes manageable even in upper years,parent,filtered_search,medium,Class size,academic_policy_info,class size continuity
good schools that arent well known but produce successful graduates,parent,filtered_search,medium,Reputation,career_services_info,hidden gems
colleges near public transit in east coast cities,parent,filtered_search,medium,"Public transit, East Coast",college_search,location + transport
does university of pittsburgh have a strong honors college,parent,attribute_lookup,short_circuit,University of Pittsburgh,academic_program_info,honors program
what factors should I not let my kid ignore when choosing a school,parent,advisory,llm_needed,Decision factors,college_search,decision guidance
is the financial aid at johns hopkins actually generous,parent,attribute_lookup,short_circuit,Johns Hopkins,financial_aid_info,aid level
schools with strong on campus job fairs for students not just seniors,parent,filtered_search,medium,Job fairs,career_services_info,career access early
how does tuition differ between schools with the same ranking,parent,advisory,llm_needed,"Tuition, Rankings",financial_aid_info,cost comparison
colleges where students learn to be independent quickly,parent,advisory,llm_needed,Independence,college_search,personal growth
schools known for taking student feedback seriously on campus,parent,filtered_search,medium,Student feedback,campus_services_info,institutional responsiveness
what should I look for on a college tour as a parent,parent,advisory,llm_needed,College tour,college_search,visit strategy
does loyola chicago have good business programs,parent,attribute_lookup,short_circuit,Loyola University Chicago,academic_program_info,program lookup
colleges with strong programs for students going into government,parent,filtered_search,medium,"Government, Policy",academic_program_info,policy career path
schools with strong pre-dental tracks,parent,filtered_search,medium,Pre-dental,academic_program_info,health programs
is it common for colleges to reduce aid after freshman year,parent,advisory,llm_needed,Financial aid,financial_aid_info,financial caution
schools with explicit student success metrics published publicly,parent,filtered_search,medium,Success metrics,admissions_info,transparency
does seton hall have strong nursing programs,parent,attribute_lookup,short_circuit,Seton Hall University,academic_program_info,program info
schools that help students develop independence gradually,parent,emotional_advisory,llm_needed,"Independence, Transition",college_search,transition readiness
colleges with strong physical therapy programs,parent,filtered_search,medium,Physical Therapy,academic_program_info,health program
how much should location matter when picking a college,parent,advisory,llm_needed,Location,college_search,decision guidance
schools with strong support for students pursuing law school,parent,filtered_search,medium,Pre-law,academic_program_info,pre law
whats the benefit of a liberal arts college vs university,parent,advisory,llm_needed,LAC vs University,college_search,school type comparison
is clemson university a good fit for engineering students who also want social life,parent,emotional_advisory,llm_needed,Clemson University,college_search,balance concern
good colleges for shy but academically strong students,parent,emotional_advisory,llm_needed,Personality fit,college_search,personality + academic fit
what gpa does my kid need for merit aid at most schools,parent,advisory,llm_needed,"GPA, Merit aid",financial_aid_info,admissions target
is the campus housing at umass amherst good quality,parent,attribute_lookup,short_circuit,UMass Amherst,campus_services_info,housing info
colleges with guaranteed research stipends for undergrads,parent,filtered_search,medium,Research stipends,academic_program_info,research funding
what to look for in a financial aid award letter,parent,advisory,llm_needed,Aid award letter,financial_aid_info,financial literacy
schools where non traditional or quiet students thrive,parent,emotional_advisory,llm_needed,Quiet students,college_search,personality fit
does james madison university have strong music programs,parent,attribute_lookup,short_circuit,James Madison University,academic_program_info,arts program
colleges where class participation matters more than big tests,parent,filtered_search,medium,Class participation,academic_policy_info,assessment style
schools with strong career resources for business majors,parent,filtered_search,medium,"Business, Careers",career_services_info,career support
good colleges for students who thrive with structured environments,parent,filtered_search,medium,Structured environments,college_search,learning style
is a smaller endowment school less likely to give good aid,parent,advisory,llm_needed,"Endowment, Aid",financial_aid_info,financial context
colleges with strong actuarial science programs,parent,filtered_search,medium,Actuarial Science,academic_program_info,niche program
what happens if my kid gets no aid from an expensive school,parent,advisory,llm_needed,Financial aid,financial_aid_info,contingency planning
which schools offer good rolling admissions,parent,filtered_search,medium,Rolling admissions,admissions_info,application flexibility
schools with strong campus life that arent huge party schools,parent,filtered_search,medium,Campus life,college_search,social balance
what should we know about FAFSA changes this year,parent,advisory,llm_needed,FAFSA,financial_aid_info,financial aid process
does university of kentucky have strong agriculture programs,parent,attribute_lookup,short_circuit,University of Kentucky,academic_program_info,program lookup
schools with strong programs in social work,parent,filtered_search,medium,Social Work,academic_program_info,social work
is it possible to get a good education at a community college first,parent,advisory,llm_needed,Community college,admissions_info,pathway planning
colleges with strong support for students coming from rural backgrounds,parent,filtered_search,medium,Rural students,campus_services_info,rural student support
how do test optional policies actually affect admissions now,parent,advisory,llm_needed,Test optional,admissions_info,test policy question
does elon university have good placement rates after graduation,parent,attribute_lookup,short_circuit,Elon University,career_services_info,outcomes data
schools that emphasize experiential learning and not just lectures,parent,filtered_search,medium,Experiential learning,academic_program_info,pedagogy preference
which schools give the most scholarship money per student on average,parent,filtered_search,medium,Scholarships,financial_aid_info,aid generosity
what is a good acceptance rate to aim for on a list of schools,parent,advisory,llm_needed,Acceptance rate,admissions_info,list building strategy
schools w strong cs to job pipeline without needing grad school,counselor,filtered_search,medium,"CS, Job placement",career_services_info,career outcomes
what are realistic options for a student with 1100 SAT and 3.4 gpa,counselor,advisory,llm_needed,"1100 SAT, 3.4 GPA",admissions_info,admissions guidance
colleges that are test optional but still care about grades,counselor,filtered_search,medium,Test optional,admissions_info,admissions criteria
how do I counsel a student who wants an Ivy but has a 3.6,counselor,advisory,llm_needed,"3.6 GPA, Ivy League",admissions_info,expectation management
schools with strong programs for students interested in UX design,counselor,filtered_search,medium,UX Design,academic_program_info,program filter
what are match schools for a student with a 1300 SAT,counselor,advisory,llm_needed,1300 SAT,admissions_info,list building
colleges with strong interdisciplinary programs for undecided students,counselor,filtered_search,medium,"Interdisciplinary, Undecided",academic_program_info,exploration support
how do I help a student who has great ECs but average grades,counselor,advisory,llm_needed,"ECs, Grades",admissions_info,holistic advising
schools that value community service in admissions,counselor,filtered_search,medium,Community service,admissions_info,admissions values
best colleges for students interested in journalism,counselor,filtered_search,medium,Journalism,academic_program_info,program filter
what are safety schools for an Ivy-track applicant,counselor,advisory,llm_needed,Safety schools,admissions_info,list strategy
how do I advise a student with inconsistent grades,counselor,advisory,llm_needed,Inconsistent grades,admissions_info,application strategy
colleges with strong film and media production programs,counselor,filtered_search,medium,Film/Media production,academic_program_info,program filter
schools that give strong merit aid to B+ students,counselor,filtered_search,medium,"Merit aid, B+ students",financial_aid_info,aid targeting
how do I help a student who only wants to go to one school,counselor,advisory,llm_needed,Admissions,admissions_info,single option risk
universities strong for students wanting international careers,counselor,filtered_search,medium,International careers,career_services_info,global outcomes
what should a first gen student emphasize in their essay,counselor,advisory,llm_needed,"First-gen student, Essay",admissions_info,application coaching
schools with strong international student communities,counselor,filtered_search,medium,International students,campus_services_info,diversity
how many AP classes looks good in college apps,counselor,advisory,llm_needed,AP classes,admissions_info,course rigor strategy
colleges with strong programs for students interested in criminal justice reform,counselor,filtered_search,medium,Criminal justice reform,academic_program_info,policy program
schools with accelerated nursing programs,counselor,filtered_search,medium,Accelerated nursing,academic_program_info,nursing track
how do I explain early action vs early decision to a student,counselor,advisory,llm_needed,EA vs ED,admissions_info,admissions education
colleges with strong programs in data science not just cs,counselor,filtered_search,medium,Data Science,academic_program_info,program differentiation
what are good colleges for a student strong in math but weak in writing,counselor,advisory,llm_needed,Math/Writing skills,college_search,skill-based guidance
schools with strong career pipelines into healthcare,counselor,filtered_search,medium,Healthcare careers,career_services_info,career pathway
how do I help students not obsess over rankings,counselor,advisory,llm_needed,Rankings,college_search,mindset coaching
colleges that value unique talents in admissions like gaming or art,counselor,filtered_search,medium,Holistic admissions,admissions_info,holistic admissions
what schools are best for a student who wants to study abroad early,counselor,filtered_search,medium,Study abroad,academic_program_info,abroad emphasis
how to advise a student applying with a learning disability disclosure,counselor,advisory,llm_needed,Learning disability,admissions_info,sensitive advising
schools with strong support for international applicants transitioning to US,counselor,filtered_search,medium,International applicants,campus_services_info,international support
colleges that offer full tuition scholarships for valedictorians,counselor,filtered_search,medium,"Valedictorian, Scholarships",financial_aid_info,scholarship programs
how do I coach a student who got waitlisted everywhere,counselor,advisory,llm_needed,Waitlist,admissions_info,post-decision advising
schools strong in health communication or public health at undergrad,counselor,filtered_search,medium,Public Health,academic_program_info,public health programs
what are realistic reach schools for a student with 1450 SAT,counselor,advisory,llm_needed,1450 SAT,admissions_info,list calibration
colleges with strong programs for students wanting to enter tech policy,counselor,filtered_search,medium,Tech policy,academic_program_info,niche career path
how do I talk to a student about not getting into their dream school,counselor,emotional_advisory,llm_needed,Rejection,admissions_info,emotional support
schools with strong cognitive science programs,counselor,filtered_search,medium,Cognitive Science,academic_program_info,niche program
what's the difference between QuestBridge and applying normally,counselor,advisory,llm_needed,QuestBridge,financial_aid_info,financial program
schools with strong aviation or aeronautics programs,counselor,filtered_search,medium,Aviation,academic_program_info,specialized program
how do I help a student choose between two very different schools,counselor,advisory,llm_needed,Decision making,college_search,decision support
colleges strong in computational biology or bioinformatics,counselor,filtered_search,medium,Computational biology,academic_program_info,STEM crossover
how should students approach their college list if finances are a concern,counselor,advisory,llm_needed,Financial aid,financial_aid_info,financial advising
schools with strong support for students with autism spectrum,counselor,filtered_search,medium,Autism support,campus_services_info,disability support
what are the best resources for counselors staying updated on admissions trends,counselor,advisory,llm_needed,Admissions trends,admissions_info,professional development
colleges with explicit grade non-disclosure policies for pre med,counselor,filtered_search,medium,"Pre-med, Grading policy",academic_policy_info,academic policy
is applying to 20 colleges too many or not enough,counselor,advisory,llm_needed,Application volume,admissions_info,application volume
how do I help a student who changed their mind about major after applying,counselor,advisory,llm_needed,Major change,admissions_info,post-app guidance
schools with strong marine biology programs not just coastal ones,counselor,filtered_search,medium,Marine biology,academic_program_info,niche science program
what should counselors know about waitlist strategies,counselor,advisory,llm_needed,Waitlist strategy,admissions_info,waitlist coaching
colleges where transfer students succeed at high rates,counselor,filtered_search,medium,Transfer students,admissions_info,transfer outcomes
how do I help a student build a college list from scratch,counselor,advisory,llm_needed,College list,admissions_info,list building process
schools with strong programs for first gen students going into finance,counselor,filtered_search,medium,"First-gen, Finance",career_services_info,finance + access
what are the most underrated safety schools,counselor,advisory,llm_needed,Safety schools,admissions_info,hidden gem safeties
how should counselors think about recommending test optional schools,counselor,advisory,llm_needed,Test optional,admissions_info,policy guidance
schools strong for students wanting to go into consulting,counselor,filtered_search,medium,Consulting,career_services_info,career track
how to help a student with strong grades but weak essays,counselor,advisory,llm_needed,Application essays,admissions_info,application balance
colleges that take demonstrated interest seriously in admissions,counselor,filtered_search,medium,Demonstrated interest,admissions_info,admissions factor
what are alternative programs if a student doesnt get into nursing,counselor,advisory,llm_needed,Nursing,academic_program_info,backup planning
schools with strong interdisciplinary social science programs,counselor,filtered_search,medium,Social Science,academic_program_info,program filter
how do I evaluate a college I've never heard of for a student,counselor,advisory,llm_needed,School research,college_search,school research strategy
colleges with strong applied math programs at undergrad,counselor,filtered_search,medium,Applied Math,academic_program_info,program filter
how do I help a student with a 3.9 gpa who froze on the SAT,counselor,advisory,llm_needed,"3.9 GPA, SAT",admissions_info,test anxiety guidance
schools known for taking unusual or unconventional students,counselor,filtered_search,medium,Unconventional students,admissions_info,nontraditional admissions
what schools have the best programs for future public defenders,counselor,filtered_search,medium,Public defenders,academic_program_info,justice career path
how do I keep students motivated after a tough round of decisions,counselor,emotional_advisory,llm_needed,Motivation,admissions_info,morale support
colleges with strong programs for students interested in civic tech,counselor,filtered_search,medium,Civic Tech,academic_program_info,niche program
how should I coach students applying to small liberal arts schools,counselor,advisory,llm_needed,LAC,admissions_info,LAC strategy
schools with strong architecture programs outside of Ivy League,counselor,filtered_search,medium,Architecture,academic_program_info,program alternatives
what are the most misunderstood parts of the college application process,counselor,advisory,llm_needed,Application process,admissions_info,process clarity
colleges w strong track records getting students into med school,counselor,filtered_search,medium,Med school placement,career_services_info,pre med outcomes
how do I explain expected family contribution to a parent,counselor,advisory,llm_needed,EFC,financial_aid_info,financial education
schools known for collaborative and non competitive student culture,counselor,filtered_search,medium,Campus culture,college_search,culture signal
what are colleges doing to support mental health proactively,counselor,filtered_search,medium,Mental health,campus_services_info,wellness programs
how do I build trust with a student who doesnt want my advice,counselor,emotional_advisory,llm_needed,Counselor-student relationship,admissions_info,relationship building
schools with strong programs for students going into international development,counselor,filtered_search,medium,International development,academic_program_info,global career path
how do I advise a student who can't afford to visit colleges,counselor,advisory,llm_needed,"College visits, Cost",financial_aid_info,access concern
which schools have really strong need based aid not just merit,counselor,filtered_search,medium,Need-based aid,financial_aid_info,aid generosity
colleges where going in undecided is actually a good strategy,counselor,filtered_search,medium,Undecided,admissions_info,undecided path
how do I advise a student applying to mismatched schools,counselor,advisory,llm_needed,Application list,admissions_info,strategic feedback
schools with strong pre-vet programs,counselor,filtered_search,medium,Pre-vet,academic_program_info,specialized track
what schools work well for students with visual or creative portfolios,counselor,filtered_search,medium,Arts portfolio,admissions_info,arts track
how to help a student explain a rough sophomore year in their application,counselor,advisory,llm_needed,Application context,admissions_info,context framing
colleges w strong community college bridge programs,school_counselor,filtered_search,medium,Bridge programs,admissions_info,access pathway
schools that accept dual enrollment credits broadly,school_counselor,attribute_lookup,short_circuit,Dual enrollment credits,academic_policy_info,transfer credit
universities that consider portfolio for applicants without strong test scores,school_counselor,filtered_search,medium,"Portfolio, Test scores",admissions_info,holistic admissions
best schools for students from under resourced high schools,school_counselor,filtered_search,medium,Under-resourced schools,admissions_info,access focused
colleges w strong programs for students who want to work in their community,school_counselor,filtered_search,medium,Community work,career_services_info,civic career path
which schools have the most generous merit aid for B students,school_counselor,filtered_search,medium,"Merit aid, B students",financial_aid_info,merit threshold
schools w reduced standardized testing emphasis in admissions,school_counselor,filtered_search,medium,Standardized testing,admissions_info,test optional
colleges strong in social work education and internship placement,school_counselor,filtered_search,medium,Social Work,academic_program_info,program filter
do most colleges require all four years of math on transcript,school_counselor,advisory,llm_needed,Math requirements,admissions_info,course requirement info
schools that offer free application fee waivers broadly,school_counselor,filtered_search,medium,Fee waivers,admissions_info,access support
colleges where students from rural communities feel welcomed,school_counselor,filtered_search,medium,Rural students,college_search,rural support
how do I advise a student who got into a great school they can't afford,school_counselor,advisory,llm_needed,Affordability,financial_aid_info,financial gap
schools with explicit support programs for homeless or foster youth,school_counselor,filtered_search,medium,Homeless/Foster youth,campus_services_info,vulnerable population support
what resources help counselors with undocumented student applications,school_counselor,advisory,llm_needed,Undocumented students,admissions_info,DACA guidance
schools known for welcoming students from alternative high schools,school_counselor,filtered_search,medium,Alternative high schools,admissions_info,non-traditional background
how do I help a student who feels college isn't for them,school_counselor,emotional_advisory,llm_needed,Motivation,admissions_info,motivation support
colleges with strong support for multilingual students in academic writing,school_counselor,filtered_search,medium,"Multilingual, Writing",campus_services_info,ESL academic support
schools that provide need based aid to international students,school_counselor,filtered_search,medium,International student aid,financial_aid_info,international financial aid
how does demonstrated interest affect applications at smaller schools,school_counselor,advisory,llm_needed,Demonstrated interest,admissions_info,admissions factor
colleges with strong programs for students wanting to work in nonprofits,school_counselor,filtered_search,medium,Nonprofits,career_services_info,social sector career
schools with strong workforce development ties to regional employers,school_counselor,filtered_search,medium,Workforce development,career_services_info,career placement
how do I help seniors who apply late due to personal circumstances,school_counselor,advisory,llm_needed,Late application,admissions_info,process flexibility
colleges that offer personal interviews as part of admissions,school_counselor,filtered_search,medium,Admissions interviews,admissions_info,process feature
schools with strong pathways for students interested in education policy,school_counselor,filtered_search,medium,Education policy,academic_program_info,career policy
how do I advise a student with high GPA but no extracurriculars,school_counselor,advisory,llm_needed,"GPA, Extracurriculars",admissions_info,profile gap strategy
colleges with strong programs in American Sign Language or Deaf studies,school_counselor,filtered_search,medium,ASL/Deaf studies,academic_program_info,niche program
do colleges favor students from certain regions in admissions,school_counselor,advisory,llm_needed,Regional admissions,admissions_info,geographic factor
schools with strong mental health advocacy led by students,school_counselor,filtered_search,medium,Mental health advocacy,campus_services_info,peer advocacy
how do I help a student choose between full ride at small school vs name brand school,school_counselor,advisory,llm_needed,Full ride vs Name brand,financial_aid_info,decision tradeoff
colleges with strong community college to four year pathways for nursing,school_counselor,filtered_search,medium,Nursing transfer,admissions_info,nursing transfer
schools w strong programs for future K-12 teachers,school_counselor,filtered_search,medium,K-12 Teaching,academic_program_info,teacher prep
what colleges support neurodiverse students particularly well,school_counselor,filtered_search,medium,Neurodiversity,campus_services_info,neurodiversity
schools with strong after graduation employment for education majors,school_counselor,filtered_search,medium,"Education, Employment",career_services_info,career outcomes
how do I talk to parents about the FAFSA process step by step,school_counselor,advisory,llm_needed,FAFSA,financial_aid_info,family guidance
colleges that provide strong alumni mentoring for first gen students,school_counselor,filtered_search,medium,"First-gen, Alumni mentoring",career_services_info,first gen alumni
which schools have full need met policies for admitted students,school_counselor,filtered_search,medium,Full need met,financial_aid_info,aid policy
how do I advise a student who wants to major in something parents disapprove of,school_counselor,emotional_advisory,llm_needed,"Major choice, Parents",admissions_info,family conflict
colleges with strong programs in emergency management,school_counselor,filtered_search,medium,Emergency Management,academic_program_info,niche program
how do I help students make the most of summer before college,school_counselor,advisory,llm_needed,Summer transition,admissions_info,transition prep
schools with explicit racial equity programs for campus inclusion,school_counselor,filtered_search,medium,"Racial equity, Inclusion",campus_services_info,DEI programs
what are alternatives to four year college for students not ready,school_counselor,advisory,llm_needed,Post-secondary alternatives,admissions_info,pathway alternatives
colleges where older or returning students are welcomed,school_counselor,filtered_search,medium,Nontraditional students,admissions_info,nontraditional students
how do I track which colleges in my area tend to give my students the best outcomes,school_counselor,advisory,llm_needed,Student outcomes,career_services_info,data tracking strategy
schools with strong programs for students interested in public administration,school_counselor,filtered_search,medium,Public Administration,academic_program_info,civic career
how do I help a student stand out in a class with many high achievers,school_counselor,advisory,llm_needed,Differentiation,admissions_info,differentiation strategy
colleges where students are encouraged to take ownership of their learning,school_counselor,filtered_search,medium,"Pedagogy, Student agency",academic_policy_info,pedagogy culture
schools with strong programs in emergency nursing,school_counselor,filtered_search,medium,Emergency Nursing,academic_program_info,nursing specialization
how should I advise students about demonstrated interest vs spam emailing admissions,school_counselor,advisory,llm_needed,Demonstrated interest,admissions_info,outreach strategy
good colleges for students who have worked throughout high school,school_counselor,advisory,llm_needed,Work experience,admissions_info,work experience value
schools with strong pathways from education to administration,school_counselor,filtered_search,medium,Educational Leadership,academic_program_info,career ladder
how do I advise a student on crafting their college list in October senior year,school_counselor,advisory,llm_needed,College list timing,admissions_info,late list building
colleges that support students recovering from academic struggles in high school,school_counselor,filtered_search,medium,Academic recovery,campus_services_info,academic recovery
universities w strong programs for education majors going into special ed,urban_teacher,filtered_search,medium,Special Education,academic_program_info,specialization
schools that prepare future teachers with strong trauma informed approaches,urban_teacher,filtered_search,medium,Trauma-informed pedagogy,academic_program_info,pedagogy training
which colleges have the best urban education programs in the northeast,urban_teacher,filtered_search,medium,"Urban Education, Northeast",academic_program_info,regional program
schools known for preparing teachers who stay in their district long term,urban_teacher,filtered_search,medium,Teacher retention,career_services_info,retention outcomes
colleges with strong literacy education programs,urban_teacher,filtered_search,medium,Literacy education,academic_program_info,literacy focus
universities that partner with urban charter schools for student teaching,urban_teacher,filtered_search,medium,"Student teaching, Charter schools",academic_program_info,practicum placement
schools with strong programs in bilingual or dual language education,urban_teacher,filtered_search,medium,Bilingual education,academic_program_info,bilingual ed
colleges preparing teachers to work with homeless or high mobility students,urban_teacher,filtered_search,medium,High-mobility students,academic_program_info,vulnerable population prep
universities with strong mentoring for student teachers in low income schools,urban_teacher,filtered_search,medium,"Mentoring, Low-income schools",academic_program_info,field mentoring
which colleges produce the most teachers who go on to become instructional coaches,urban_teacher,filtered_search,medium,Instructional coaching,career_services_info,career ladder outcomes
schools that emphasize curriculum design in teacher education,urban_teacher,filtered_search,medium,Curriculum design,academic_program_info,curriculum training
colleges with strong programs preparing teachers for STEAM integration,urban_teacher,filtered_search,medium,STEAM education,academic_program_info,interdisciplinary prep
universities with strong teacher alumni networks in urban districts,urban_teacher,filtered_search,medium,Urban teacher networks,career_services_info,alumni career network
schools that prepare teachers for data driven instruction,urban_teacher,filtered_search,medium,Data-driven instruction,academic_program_info,data pedagogy
colleges where education students get hands-on classroom time from year one,urban_teacher,filtered_search,medium,Early field experience,academic_program_info,early field experience
which schools have the best programs for future educational leaders in urban settings,urban_teacher,filtered_search,medium,Urban leadership,academic_program_info,leadership training
universities emphasizing anti bias education in teacher prep,urban_teacher,filtered_search,medium,Anti-bias education,academic_program_info,equity training
schools that help teachers build strong family engagement strategies,urban_teacher,filtered_search,medium,Family engagement,academic_program_info,community connection
colleges with strong dual language teacher certification tracks,urban_teacher,filtered_search,medium,Dual language certification,academic_program_info,certification path
schools known for preparing teachers to navigate high stress environments,urban_teacher,filtered_search,medium,Teacher resilience,academic_program_info,resilience training
universities with programs covering indigenous or tribal education contexts,rural_teacher,filtered_search,medium,Indigenous education,academic_program_info,cultural context
which colleges prepare teachers for multi-age classrooms effectively,rural_teacher,filtered_search,medium,Multi-age classrooms,academic_program_info,multi-age prep
schools that prepare future teachers for remote or distance learning environments,rural_teacher,filtered_search,medium,Distance learning,academic_program_info,distance ed prep
colleges with strong support for teachers returning to rural communities,rural_teacher,filtered_search,medium,Rural retention,career_services_info,rural retention
which schools have programs that teach outdoor or environmental education,rural_teacher,filtered_search,medium,Environmental education,academic_program_info,outdoor ed
universities known for strong Teach For America or AmeriCorps partnerships,rural_teacher,filtered_search,medium,"TFA, AmeriCorps",career_services_info,service partnerships
schools that help teachers engage families with limited digital access,rural_teacher,filtered_search,medium,Digital equity,academic_program_info,digital equity
colleges with programs in project-based learning for K12 classrooms,rural_teacher,filtered_search,medium,Project-based learning,academic_program_info,project-based training
which universities have the best rural school practicum placements,rural_teacher,filtered_search,medium,Rural practicum,academic_program_info,field placement
schools known for preparing teachers who understand food insecurity in their classrooms,rural_teacher,filtered_search,medium,Food insecurity,academic_program_info,social context training
colleges preparing teachers to work in one room schoolhouse or multi grade settings,rural_teacher,filtered_search,medium,Multi-grade settings,academic_program_info,multi-grade context
universities with programs covering public lands or agriculture in curriculum design,rural_teacher,filtered_search,medium,Ag-curriculum,academic_program_info,regional curriculum
schools where education majors can specialize in gifted and talented rural students,rural_teacher,filtered_search,medium,Rural gifted education,academic_program_info,gifted ed
colleges with strong programs for teachers working with migrant families,rural_teacher,filtered_search,medium,Migrant education,academic_program_info,migrant family support
which colleges prepare teachers to be the only specialist in their district,rural_teacher,filtered_search,medium,Specialist training,academic_program_info,generalist teacher prep
universities known for preparing adaptive teachers with limited budgets,rural_teacher,filtered_search,medium,Resource-constrained teaching,academic_program_info,resource constrained training
schools with strong training in phonics instruction and literacy development,rural_teacher,filtered_search,medium,"Phonics, Literacy",academic_program_info,foundational literacy
which colleges prepare teachers for dual role as coach and educator,rural_teacher,filtered_search,medium,Multi-role teachers,academic_program_info,multi role readiness
schools with strong programs for teachers who want to stay local and serve,rural_teacher,emotional_advisory,llm_needed,Community service,college_search,community commitment
do rural students from these schools tend to come back home to teach,rural_teacher,reflective_advisory,llm_needed,Rural education outcomes,career_services_info,regional outcomes
which community colleges have the smoothest transfer agreements with state schools,community_college_advisor,filtered_search,medium,Articulation agreements,admissions_info,transfer pathways
universities that give priority registration to incoming transfer students,community_college_advisor,filtered_search,medium,Transfer priority,academic_policy_info,transfer support
schools that accept IGETC certification from California community colleges,community_college_advisor,attribute_lookup,short_circuit,IGETC,academic_policy_info,transfer policy
which 4 year schools give the most credit for associate degrees,community_college_advisor,advisory,llm_needed,Associate's credit,academic_policy_info,credit evaluation
how do I advise a transfer student who wants to change their major,community_college_advisor,advisory,llm_needed,Transfer major change,admissions_info,major change guidance
schools with the best scholarship programs specifically for transfer students,community_college_advisor,filtered_search,medium,Transfer scholarships,financial_aid_info,transfer scholarships
universities where transfer students can participate in clubs immediately,community_college_advisor,filtered_search,medium,Transfer integration,campus_services_info,social integration
how do I explain articulation agreements to students in plain language,community_college_advisor,advisory,llm_needed,Articulation agreements,admissions_info,student communication
schools where transfer students can still graduate in 2 years,community_college_advisor,filtered_search,medium,Degree completion,academic_policy_info,time to degree
colleges that host community college visit days or bridge events,community_college_advisor,filtered_search,medium,Bridge events,admissions_info,transition programs
how do I help students track their transfer requirements across multiple schools,community_college_advisor,advisory,llm_needed,Transfer tracking,admissions_info,process management
universities with strong programs for transfer students in allied health,community_college_advisor,filtered_search,medium,Allied Health,academic_program_info,health program transfer
schools that partner with community colleges on guaranteed admission,community_college_advisor,filtered_search,medium,Guaranteed admission,admissions_info,guaranteed transfer
which 4 year schools have full credit transfer for vocational programs,community_college_advisor,filtered_search,medium,Vocational transfer,academic_policy_info,vocational transfer
how do I help a student who has 60 credits but poor gpa transfer,community_college_advisor,advisory,llm_needed,Low GPA transfer,admissions_info,marginal gpa transfer
schools with dedicated housing for incoming transfer students,community_college_advisor,filtered_search,medium,Transfer housing,campus_services_info,transfer housing
do universities treat transfers differently in financial aid calculations,community_college_advisor,advisory,llm_needed,Transfer financial aid,financial_aid_info,financial question
how do I advise a student who completed 3 years at community college,community_college_advisor,advisory,llm_needed,Extended transfer,admissions_info,extended CC path
schools where engineering transfers are common and supported,community_college_advisor,filtered_search,medium,Engineering transfer,admissions_info,STEM transfer
colleges that have strong communications between CC and university advisors,community_college_advisor,filtered_search,medium,Advisor networks,campus_services_info,advisor network
how do I build a list of 4 year schools for a returning adult learner,community_college_advisor,advisory,llm_needed,Adult learners,admissions_info,adult learner support
which schools are the easiest to transfer credits in from out of state CC,community_college_advisor,filtered_search,medium,Out-of-state transfer,academic_policy_info,out of state transfer
schools w strong programs for transfer students in business,community_college_advisor,filtered_search,medium,Business transfer,academic_program_info,business transfer
do most universities offer orientation specifically for transfer students,community_college_advisor,advisory,llm_needed,Transfer orientation,campus_services_info,process question
what are the best strategies for transfer students applying in spring,community_college_advisor,advisory,llm_needed,Spring transfer,admissions_info,spring transfer strategy
colleges known for supporting students transitioning out of military service,community_college_advisor,filtered_search,medium,Veterans,campus_services_info,veteran support
schools w strong journalism or media programs for transfer students,community_college_advisor,filtered_search,medium,Journalism transfer,academic_program_info,media transfer track
how do I communicate financial aid resets when transferring to students,community_college_advisor,advisory,llm_needed,Financial aid transfer,financial_aid_info,financial transition
schools that emphasize community impact in student development programs,nonprofit_advisor,filtered_search,medium,Community impact,campus_services_info,civic outcomes
colleges with strong programs in urban planning tied to equity,nonprofit_advisor,filtered_search,medium,"Urban Planning, Equity",academic_program_info,equity program
universities with active service learning programs embedded in core classes,nonprofit_advisor,filtered_search,medium,Service learning,academic_program_info,service learning
which schools produce the most graduates working in environmental nonprofits,nonprofit_advisor,filtered_search,medium,Environmental nonprofits,career_services_info,sector outcomes
colleges where students can major in philanthropy or nonprofit leadership,nonprofit_advisor,filtered_search,medium,Nonprofit Leadership,academic_program_info,niche major
schools with strong housing justice or tenant rights programs in curriculum,nonprofit_advisor,filtered_search,medium,Housing justice,academic_program_info,social justice program
universities where students often intern at advocacy organizations,nonprofit_advisor,filtered_search,medium,Advocacy internships,career_services_info,advocacy internships
colleges with strong programs in food systems and food justice,nonprofit_advisor,filtered_search,medium,Food justice,academic_program_info,food policy program
schools with strong community development programs at undergrad level,nonprofit_advisor,filtered_search,medium,Community Development,academic_program_info,community dev program
which universities have the best track record placing students in UN or NGO internships,nonprofit_advisor,filtered_search,medium,NGO internships,career_services_info,international placements
schools with strong programs in immigrant rights and legal advocacy,nonprofit_advisor,filtered_search,medium,Immigrant rights,academic_program_info,advocacy program
colleges known for graduating students who go into social entrepreneurship,nonprofit_advisor,filtered_search,medium,Social entrepreneurship,career_services_info,social enterprise
universities with strong interfaith community service programs,nonprofit_advisor,filtered_search,medium,Interfaith service,campus_services_info,interfaith engagement
which schools offer strong programs for students going into restorative justice,nonprofit_advisor,filtered_search,medium,Restorative justice,academic_program_info,justice program
colleges with strong programs in indigenous rights or tribal advocacy,nonprofit_advisor,filtered_search,medium,Tribal advocacy,academic_program_info,indigenous issues program
schools that teach students grant writing as a core skill,nonprofit_advisor,filtered_search,medium,Grant writing,academic_program_info,practical nonprofit skills
universities with strong programs in healthcare access and health equity,nonprofit_advisor,filtered_search,medium,Health equity,academic_program_info,health equity program
colleges where alumni commonly return to give back to their communities,nonprofit_advisor,filtered_search,medium,Community service,career_services_info,civic alumni outcomes
schools with community engaged scholarship programs that pay students,nonprofit_advisor,filtered_search,medium,Community scholarship,financial_aid_info,funded service programs
which universities offer strong certificates in nonprofit management alongside a major,nonprofit_advisor,filtered_search,medium,Nonprofit certificate,academic_program_info,dual track programs
schools known for preparing students to evaluate nonprofit effectiveness,nonprofit_advisor,filtered_search,medium,Program evaluation,academic_program_info,program evaluation training
universities with strong programs in environmental advocacy,nonprofit_advisor,filtered_search,medium,Environmental advocacy,academic_program_info,env advocacy program
colleges where students often co-found nonprofits before graduation,nonprofit_advisor,filtered_search,medium,Student nonprofits,career_services_info,student-led orgs
schools with strong community advisory boards involving students,nonprofit_advisor,filtered_search,medium,Community engagement,campus_services_info,institutional engagement
which colleges prepare students for managing volunteers effectively,nonprofit_advisor,filtered_search,medium,Volunteer management,academic_program_info,volunteer management
universities with strong programs for students interested in disability rights advocacy,nonprofit_advisor,filtered_search,medium,Disability rights,academic_program_info,advocacy specialization
schools with strong programs in arts administration and cultural equity,nonprofit_advisor,filtered_search,medium,Arts administration,academic_program_info,arts nonprofit program
colleges known for sending students to Peace Corps or AmeriCorps at high rates,nonprofit_advisor,filtered_search,medium,"Peace Corps, AmeriCorps",career_services_info,service outcomes
which colleges are best for students who want to work in international relief organizations,nonprofit_advisor,filtered_search,medium,International relief,career_services_info,global nonprofit track
schools with strong programs in civil rights law or advocacy at undergrad level,nonprofit_advisor,filtered_search,medium,Civil rights advocacy,academic_program_info,pre law advocacy track
colleges known for nurturing curiosity across disciplines,independent_counselor,emotional_advisory,llm_needed,Interdisciplinary curiosity,college_search,intellectual culture
universities where students who change majors still graduate on time,independent_counselor,filtered_search,medium,"Graduation rates, Major change",academic_policy_info,flexibility outcomes
schools with strong self designed major programs,independent_counselor,filtered_search,medium,Self-designed majors,academic_program_info,academic autonomy
colleges known for strong peer learning communities,independent_counselor,filtered_search,medium,Peer learning,campus_services_info,collaborative culture
which schools balance high expectations with strong student support,independent_counselor,multi_constraint,complex,"Rigor, Student support",college_search,rigor + support
universities where faculty teach nearly all courses not just TAs,independent_counselor,filtered_search,medium,Faculty instruction,academic_policy_info,teaching quality
schools with open curriculum models like brown or amherst,independent_counselor,filtered_search,medium,Open curriculum,academic_policy_info,curriculum flexibility
colleges where non-traditional interests are celebrated not just tolerated,independent_counselor,emotional_advisory,llm_needed,Campus culture,college_search,acceptance culture
which schools best support students who are first in family to earn a degree,independent_counselor,filtered_search,medium,First-gen support,campus_services_info,first gen support
colleges where students often study multiple fields by graduation,independent_counselor,filtered_search,medium,Interdisciplinary,academic_program_info,interdisciplinary outcomes
schools known for producing Rhodes or Marshall Scholars,independent_counselor,filtered_search,medium,Rhodes Scholars,academic_program_info,prestigious outcomes
universities where students can skip gen eds based on demonstrated competence,independent_counselor,filtered_search,medium,General Education,academic_policy_info,academic policy
colleges with strong writing across the curriculum programs,independent_counselor,filtered_search,medium,Writing programs,academic_program_info,writing emphasis
which schools place importance on student governance and agency,independent_counselor,filtered_search,medium,Student governance,campus_services_info,governance culture
schools where advisors are available throughout the week not just by appointment,independent_counselor,filtered_search,medium,Academic advising,campus_services_info,advising access
universities with strong portfolio-based evaluation instead of just exams,independent_counselor,filtered_search,medium,Portfolio assessment,academic_policy_info,assessment style
which colleges are best for students who are deeply curious but unfocused,independent_counselor,emotional_advisory,llm_needed,Intellectual fit,college_search,intellectual fit
schools with strong peer mentoring built into first year programs,independent_counselor,filtered_search,medium,Peer mentoring,campus_services_info,transition support
colleges where students have more say in what they study,independent_counselor,filtered_search,medium,Student autonomy,academic_policy_info,student autonomy
which universities have strong programs across humanities and STEM both,independent_counselor,filtered_search,medium,"Humanities, STEM",academic_program_info,interdisciplinary range
schools with strong programs in philosophy and logic,independent_counselor,filtered_search,medium,Philosophy,academic_program_info,program filter
colleges where students often go on to earn PhDs,independent_counselor,filtered_search,medium,PhD outcomes,career_services_info,graduate outcomes
universities where senior thesis is a central experience,independent_counselor,filtered_search,medium,Senior thesis,academic_program_info,academic tradition
schools known for strong undergraduate teaching hospital access,independent_counselor,filtered_search,medium,Teaching hospitals,career_services_info,health program access
which colleges produce graduates who go into academia most often,independent_counselor,filtered_search,medium,Academic careers,career_services_info,academic career outcomes
universities w strong alignment with regional k12 teacher shortages,district_advisor,filtered_search,medium,Teacher shortages,academic_program_info,regional need
which schools produce the most nurses for rural hospital placements,district_advisor,filtered_search,medium,Rural nursing,career_services_info,rural healthcare pipeline
colleges that partner with districts on dual enrollment program design,district_advisor,filtered_search,medium,Dual enrollment,admissions_info,district partnerships
schools with strong cybersecurity programs aligned with government demand,district_advisor,filtered_search,medium,"Cybersecurity, Gov demand",academic_program_info,workforce gap
universities that train graduates for local government leadership roles,district_advisor,filtered_search,medium,Local government,career_services_info,civic workforce
which colleges support students interested in returning to their home regions,district_advisor,emotional_advisory,llm_needed,Regional service,college_search,regional loyalty outcomes
schools with strong programs tied to green energy sector growth,district_advisor,filtered_search,medium,Green energy,academic_program_info,sector alignment
universities that partner with regional economic development offices,district_advisor,filtered_search,medium,Economic development,career_services_info,institutional partnerships
colleges known for producing graduates who work in K-12 administration,district_advisor,filtered_search,medium,K-12 Administration,career_services_info,educational leadership outcomes
which schools build strong pipelines for public safety careers,district_advisor,filtered_search,medium,Public safety,academic_program_info,public safety programs
universities w strong applied research serving regional needs,district_advisor,filtered_search,medium,Applied research,academic_program_info,research applications
schools with health administration programs aligned with regional hospital needs,district_advisor,filtered_search,medium,Health Administration,academic_program_info,health admin program
colleges that prepare graduates for regional manufacturing sector jobs,district_advisor,filtered_search,medium,Manufacturing,career_services_info,manufacturing pipeline
which universities have the best track record serving mid-size cities,district_advisor,filtered_search,medium,Urban service,college_search,regional service
schools with strong programs producing local government IT workers,district_advisor,filtered_search,medium,GovTech,academic_program_info,govtech pipeline
universities that invest in rural outreach and recruitment,district_advisor,filtered_search,medium,Rural recruitment,admissions_info,rural recruitment
colleges w strong programs producing graduates for community banking,district_advisor,filtered_search,medium,Community banking,career_services_info,regional finance outcomes
which schools train future economic development professionals well,district_advisor,filtered_search,medium,Econ Dev,academic_program_info,econ dev program
universities with programs in regional planning and land use,district_advisor,filtered_search,medium,Regional Planning,academic_program_info,planning program
schools w strong programs in public works and infrastructure management,district_advisor,filtered_search,medium,Infrastructure,academic_program_info,infrastructure pipeline
colleges w programs specifically supporting students from indigenous communities,district_advisor,filtered_search,medium,Indigenous students,campus_services_info,indigenous access
which universities have the best programs aligned with local utility needs,district_advisor,filtered_search,medium,Energy workforce,academic_program_info,energy workforce
schools producing graduates for regional transportation planning roles,district_advisor,filtered_search,medium,Transportation planning,academic_program_info,transportation program
universities with strong programs in agricultural economics tied to rural needs,district_advisor,filtered_search,medium,Ag Economics,academic_program_info,ag economics
which colleges have partnerships with regional school districts for hiring,district_advisor,filtered_search,medium,Hiring pipelines,career_services_info,hiring pipeline
schools with programs supporting local business and entrepreneurship ecosystems,district_advisor,filtered_search,medium,Entrepreneurship,career_services_info,local startup pipeline
universities known for retaining local talent after graduation,district_advisor,filtered_search,medium,Talent retention,career_services_info,talent retention
which colleges have the strongest workforce outcomes in the southeast,district_advisor,filtered_search,medium,"Southeast US, Workforce",career_services_info,regional outcomes
schools w strong co-op programs tied to local industry not just national,district_advisor,filtered_search,medium,Local co-op,career_services_info,local co-op emphasis
universities that provide career data broken down by region of employment,district_advisor,filtered_search,medium,Employment data,career_services_info,regional employment data
which schools should we list on high school resource boards for local students,high_school_student,ambiguous,complex,Regional schools,college_search,vague recommendation
is UT Austin good for cs,high_school_student,attribute_lookup,short_circuit,"UT Austin, CS",academic_program_info,program quality
should i apply to schools i cant afford and just hope for aid,high_school_student,reflective_advisory,llm_needed,Financial aid risk,financial_aid_info,financial risk
what are rolling admissions schools with strong cs,high_school_student,filtered_search,medium,"Rolling admissions, CS",admissions_info,admissions + program
schools w good disability resources and strong cs,high_school_student,multi_constraint,complex,"CS, Disability support",campus_services_info,program + accessibility
is ohio state a good school or just big,high_school_student,emotional_advisory,llm_needed,Ohio State,college_search,quality concern
colleges that accept b students but still have good programs,high_school_student,advisory,llm_needed,B students,admissions_info,admissions guidance
which schools actually prepare you for tech jobs not just theory,high_school_student,filtered_search,medium,Tech careers,career_services_info,applied learning
is caltech worth it if you get in,high_school_student,reflective_advisory,llm_needed,Caltech,college_search,value question
schools w good cs and not insane cost of living nearby,high_school_student,multi_constraint,complex,"CS, Cost of living",financial_aid_info,location + cost
good schools for biomed engineering not biotech,high_school_student,filtered_search,medium,Biomedical Engineering,academic_program_info,program distinction
is uga a good school or just easy,high_school_student,reflective_advisory,llm_needed,UGA,college_search,academic quality
do i need to know my major to apply,high_school_student,advisory,llm_needed,Major choice,admissions_info,process question
schools w strong cs where i wont be one of thousands of students,high_school_student,multi_constraint,complex,"CS, Intimacy",college_search,program + intimacy
what is common app and when do i use it,high_school_student,advisory,llm_needed,Common App,admissions_info,application basics
is it bad to apply undecided,high_school_student,advisory,llm_needed,Undecided,admissions_info,major concern
schools with good cs and actual campus life not just coding,high_school_student,multi_constraint,complex,"CS, Campus life",college_search,STEM + balance
what do admissions officers actually look for,high_school_student,advisory,llm_needed,Admissions criteria,admissions_info,admissions insight
good schools if you want to start a startup eventually,high_school_student,filtered_search,medium,Entrepreneurship,career_services_info,entrepreneurship
colleges w strong cs where professors actually teach,high_school_student,emotional_advisory,llm_needed,"CS, Instruction",college_search,instruction quality concern
is it worth applying to a school with 5 percent acceptance,high_school_student,advisory,llm_needed,Selectivity,admissions_info,strategy question
schools w strong cs but also good food lol,high_school_student,multi_constraint,complex,"CS, Food",campus_services_info,quality of life combo
how do i know if a school is need blind for international students,high_school_student,advisory,llm_needed,"Need-blind aid, International",financial_aid_info,financial question
is paying 70k a year ever worth it,high_school_student,reflective_advisory,llm_needed,Tuition cost,financial_aid_info,cost concern
schools w strong cs that also have a fun college town,high_school_student,multi_constraint,complex,"CS, College town",college_search,program + location vibe
what should i put in the additional info section of common app,high_school_student,advisory,llm_needed,Common App,admissions_info,application tip
good schools where being nerdy is normal,high_school_student,emotional_advisory,llm_needed,Campus culture,college_search,social acceptance
do I need to visit a school before applying,high_school_student,advisory,llm_needed,College visits,admissions_info,process question
schools w strong cs but not located in a boring place,high_school_student,multi_constraint,complex,"CS, Location",college_search,program + location
is a 1350 SAT good enough for UT Austin cs,high_school_student,attribute_lookup,short_circuit,"UT Austin, CS",admissions_info,admissions data
what does it mean when a school is test blind,high_school_student,advisory,llm_needed,Test-blind policy,admissions_info,policy definition
what is demonstrated interest and does it matter,high_school_student,advisory,llm_needed,Demonstrated Interest,admissions_info,admissions concept
is there a good cs school that also has a strong basketball team,high_school_student,multi_constraint,complex,"CS, Basketball",college_search,program + sports
schools good for someone who loves math but isnt sure about cs specifically,high_school_student,advisory,llm_needed,"Math, CS",academic_program_info,major exploration
what are the most underrated cs programs in the country,high_school_student,advisory,llm_needed,CS,academic_program_info,hidden gems
colleges w good cs that also have nice weather,high_school_student,multi_constraint,complex,"CS, Weather",college_search,program + climate
is uiuc cs as good as they say,high_school_student,attribute_lookup,short_circuit,"UIUC, CS",academic_program_info,program reputation
how do i request a fee waiver on common app,high_school_student,advisory,llm_needed,"Common App, Fee waiver",admissions_info,application logistics
schools w strong cs and active research labs students can join early,high_school_student,filtered_search,medium,"CS, Undergraduate Research",academic_program_info,research access
is purdue harder than georgia tech for cs,high_school_student,comparison,medium,"Purdue, Georgia Tech, CS",admissions_info,difficulty comparison
what are the chances of getting into mit with a 3.8 gpa,high_school_student,advisory,llm_needed,"MIT, 3.8 GPA",admissions_info,admissions odds
schools w strong cs where the campus doesnt feel dead on weekends,high_school_student,multi_constraint,complex,"CS, Campus Life",college_search,program + social life
what is an institutional grant vs outside scholarship,high_school_student,advisory,llm_needed,"Grants, Scholarships",financial_aid_info,financial literacy
good cs schools in the midwest that are underrated,high_school_student,filtered_search,medium,"CS, Midwest",academic_program_info,regional hidden gems
schools w strong cs and easy access to hiking or outdoors,high_school_student,multi_constraint,complex,"CS, Outdoors",college_search,program + lifestyle
is uc berkeley worth out of state tuition for cs,high_school_student,reflective_advisory,llm_needed,"UC Berkeley, CS",financial_aid_info,cost vs value
what are my odds at carnegie mellon cs with a 1500 SAT,high_school_student,advisory,llm_needed,"CMU, 1500 SAT",admissions_info,admissions odds
schools w strong cs departments that also value mental health,high_school_student,multi_constraint,complex,"CS, Mental Health",college_search,program + wellness
whats the difference between bs cs and ba cs,high_school_student,advisory,llm_needed,BS vs BA in CS,academic_program_info,degree type question
good cs schools that are not too cold in winter,high_school_student,filtered_search,medium,"CS, Climate",college_search,climate filter
what does acceptance rate tell me about fit,high_school_student,advisory,llm_needed,Acceptance Rate,admissions_info,metrics explanation
schools w strong cs but not full of tech bros lol,high_school_student,emotional_advisory,llm_needed,"CS, Campus Culture",college_search,culture concern
is the cs program at unc good,high_school_student,attribute_lookup,short_circuit,"UNC Chapel Hill, CS",academic_program_info,program quality
how do i pick between similar cs schools,high_school_student,advisory,llm_needed,CS,college_search,decision support
schools w good cs where you can still do art on the side,high_school_student,multi_constraint,complex,"CS, Art",college_search,STEM + arts
is vassar or grinnell good for cs despite being lib arts,high_school_student,comparison,medium,"Vassar, Grinnell, CS",academic_program_info,LAC cs comparison
what is the difference between ivy and public flagship for cs,high_school_student,advisory,llm_needed,"Ivy League, Public Flagship, CS",academic_program_info,school type comparison
good cs schools near the southwest like arizona or nm,high_school_student,filtered_search,medium,"CS, Southwest",academic_program_info,regional filter
schools w strong cs that are known for being chill not cutthroat,high_school_student,filtered_search,medium,"CS, Campus Culture",college_search,culture filter
what happens if you get in early decision and cant pay,high_school_student,advisory,llm_needed,"Early Decision, Financial Aid",financial_aid_info,ED financial risk
is rensselaer a good cs school,high_school_student,attribute_lookup,short_circuit,"RPI, CS",academic_program_info,program lookup
how do extracurriculars factor in for cs applicants,high_school_student,advisory,llm_needed,"Extracurriculars, CS",admissions_info,application strategy
schools w strong cs and lots of women and minorities in program,high_school_student,filtered_search,medium,"CS, Diversity",campus_services_info,diversity in STEM
is it worth doing summer cs programs to boost app,high_school_student,advisory,llm_needed,"Summer Programs, CS",admissions_info,activity value question
good colleges if i want to do game design,high_school_student,filtered_search,medium,Game Design,academic_program_info,niche program
schools w strong cs and you dont need a car,high_school_student,multi_constraint,complex,"CS, Transportation",college_search,program + transportation
what do colleges mean by demonstrated rigor in coursework,high_school_student,advisory,llm_needed,Academic Rigor,admissions_info,admissions language
is it smart to apply cs at one school and undecided at another,high_school_student,advisory,llm_needed,"CS, Undecided",admissions_info,major strategy
schools w strong data science that feel different from cs programs,high_school_student,filtered_search,medium,"Data Science, CS",academic_program_info,program differentiation
is uw madison a good option for cs at a reasonable price,high_school_student,reflective_advisory,llm_needed,"UW Madison, CS",financial_aid_info,value assessment
what is the supplement essay and do all schools have one,high_school_student,advisory,llm_needed,Supplemental Essays,admissions_info,application basics
schools w strong cs where you can still go to sports games,high_school_student,multi_constraint,complex,"CS, Sports",college_search,program + campus culture
how do i decide between a full ride at a lower ranked school vs debt at a top school,high_school_student,reflective_advisory,llm_needed,"Financial Aid, Rankings",financial_aid_info,financial decision
is tulane a good school for cs,high_school_student,attribute_lookup,short_circuit,"Tulane, CS",academic_program_info,program quality
schools w strong cs and a city nearby not just campus bubble,high_school_student,multi_constraint,complex,"CS, Urban Location",college_search,location + program
what does self reporting grades mean on common app,high_school_student,advisory,llm_needed,"Common App, SRAR",admissions_info,process question
is it better to apply to more schools or fewer stronger ones,high_school_student,advisory,llm_needed,Application Strategy,admissions_info,application strategy
schools good for cs and math together,high_school_student,multi_constraint,complex,"CS, Math",academic_program_info,dual interest
what are the best public schools for cs if money is the main concern,high_school_student,advisory,llm_needed,"CS, Public Schools",financial_aid_info,budget focused list
good cs schools in the southeast not just florida schools,high_school_student,filtered_search,medium,"CS, Southeast",academic_program_info,regional filter
is wpi a good fit for someone who wants engineering and cs together,high_school_student,attribute_lookup,short_circuit,"WPI, CS, Engineering",academic_program_info,program fit
what is the waitlist and should i accept a spot,high_school_student,advisory,llm_needed,Waitlist,admissions_info,process guidance
schools w strong cs that also value entrepreneurship,high_school_student,filtered_search,medium,"CS, Entrepreneurship",career_services_info,program + culture
how do i read a common data set for a school,high_school_student,advisory,llm_needed,Common Data Set,admissions_info,research skill
is it ok to apply to 15 schools,high_school_student,advisory,llm_needed,Application Volume,admissions_info,application volume
schools w strong cs where international students feel welcomed,high_school_student,filtered_search,medium,"CS, International Students",campus_services_info,international environment
what are the best scholarships for cs students specifically,high_school_student,advisory,llm_needed,"CS, Scholarships",financial_aid_info,financial resources
is it worth applying to schools where i'm below average stats,high_school_student,advisory,llm_needed,Admissions Stats,admissions_info,application strategy
schools w strong cs and a clear path to working at big tech,high_school_student,filtered_search,medium,"CS, Big Tech",career_services_info,career pipeline
how do i find out if a school has strong networking in tech,high_school_student,advisory,llm_needed,Tech Networking,career_services_info,research strategy
good schools if i want to do cs and public policy,high_school_student,multi_constraint,complex,"CS, Public Policy",academic_program_info,interdisciplinary interest
is cooper union still free for engineering,high_school_student,attribute_lookup,short_circuit,"Cooper Union, Engineering",financial_aid_info,tuition policy
schools where students help each other in cs not compete,high_school_student,emotional_advisory,llm_needed,"CS, Campus Culture",college_search,culture concern
what is a css profile and do i have to do it,high_school_student,advisory,llm_needed,CSS Profile,financial_aid_info,financial process
good schools if i like problem solving more than coding,high_school_student,advisory,llm_needed,Problem Solving,academic_program_info,interest based guidance
is it normal to feel scared about picking a college,high_school_student,emotional_advisory,llm_needed,College Choice,college_search,anxiety support
colleges in really small towns where the town loves the school,high_school_student,filtered_search,medium,"Small Town, Community",college_search,small town culture
schools where the whole town is basically the campus,high_school_student,emotional_advisory,llm_needed,Immersive Campus,college_search,immersive environment
small town colleges that dont feel isolating,high_school_student,emotional_advisory,llm_needed,"Small Town, Social Life",college_search,rural social life
what is it actually like to go to college in the middle of nowhere,high_school_student,reflective_advisory,llm_needed,Rural College,college_search,rural college experience
schools where students stay on campus because theres nothing else around,high_school_student,filtered_search,medium,"Rural Campus, Social Life",college_search,campus life intensity
colleges in small towns but with great food and coffee culture,high_school_student,filtered_search,medium,"Small Town, Lifestyle",college_search,quality of life rural
is it weird going to a college where you know everyone on campus,high_school_student,emotional_advisory,llm_needed,Small Campus,college_search,small campus vibes
schools where the town shuts down for homecoming,high_school_student,filtered_search,medium,"Small Town, Traditions",college_search,community integration
colleges that are basically the economic center of their small town,high_school_student,advisory,llm_needed,Small Town Economy,college_search,town-gown dynamic
small town schools where students volunteer in the local community alot,high_school_student,filtered_search,medium,"Small Town, Volunteering",campus_services_info,civic engagement rural
good small colleges in appalachia,high_school_student,filtered_search,medium,Appalachia,college_search,regional filter
colleges in rural new england that feel cozy not depressing,high_school_student,emotional_advisory,llm_needed,Rural New England,college_search,regional + vibe
schools in small towns with surprisingly good food scenes nearby,high_school_student,filtered_search,medium,"Small Town, Food",college_search,quality of life
is grinnell really isolated or is that exaggerated,high_school_student,reflective_advisory,llm_needed,Grinnell,college_search,Grinnell location concern
schools like middlebury but warmer,high_school_student,rewrite_needed,complex,"Middlebury, Climate",college_search,climate + brand
colleges in college towns that have a strong local arts scene,high_school_student,filtered_search,medium,"College Town, Arts",college_search,culture + location
is it hard to date in a super small college town,high_school_student,emotional_advisory,llm_needed,"Small Town, Dating",college_search,social life concern
small towns where the college is the only thing going on,high_school_student,filtered_search,medium,"Small Town, Campus Life",college_search,campus-centric life
schools where locals and students actually mix well,high_school_student,filtered_search,medium,Town-Gown Relations,college_search,town-gown culture
best small college towns in the south,high_school_student,filtered_search,medium,"South US, Small Town",college_search,regional small town
schools where you can walk everywhere and never need a car,high_school_student,filtered_search,medium,Walkability,college_search,walkability
small colleges in the rockies or mountain west,high_school_student,filtered_search,medium,"Rockies, Mountain West",college_search,location filter
colleges surrounded by farms or forests that students love,high_school_student,emotional_advisory,llm_needed,Rural Setting,college_search,nature campus vibe
is it true that students at small rural schools are closer to each other,high_school_student,reflective_advisory,llm_needed,"Rural Schools, Social Bonds",college_search,social bonds
schools where local farmers markets are part of campus culture,high_school_student,filtered_search,medium,"Farmers Markets, Culture",college_search,community integration
colleges in towns under 20000 people that still feel vibrant,high_school_student,filtered_search,medium,Small Town,college_search,small town quality
schools where the nearest city is over two hours away but students are happy,high_school_student,emotional_advisory,llm_needed,Isolation,college_search,isolation concern
good colleges where outdoor access is five minutes from the dorm,high_school_student,filtered_search,medium,Outdoor Access,college_search,nature access
small college towns with good local music scenes,high_school_student,filtered_search,medium,"Small Town, Music",college_search,cultural life rural
is oberlin too weird or just the right amount,high_school_student,emotional_advisory,llm_needed,Oberlin,college_search,Oberlin culture fit
small town schools where greek life doesnt dominate,high_school_student,filtered_search,medium,"Small Town, Greek Life",college_search,social culture rural
colleges in places where people actually like college students being there,high_school_student,emotional_advisory,llm_needed,Community relations,college_search,community welcome
schools where you can kayak or ski within thirty minutes,high_school_student,filtered_search,medium,"Outdoors, Kayaking, Skiing",college_search,outdoor lifestyle
colleges in old mill towns or historic small cities,high_school_student,filtered_search,medium,Historic Towns,college_search,setting preference
best small towns to spend four years in honestly,high_school_student,advisory,llm_needed,Small Town,college_search,quality of life rural
schools surrounded by wineries or farms that feel charming,high_school_student,filtered_search,medium,Rural Setting,college_search,campus setting
colleges where the college town is the social life,high_school_student,filtered_search,medium,College Town,college_search,campus-town fusion
is it hard to do internships when your college is in a rural area,high_school_student,reflective_advisory,llm_needed,"Internships, Rural",career_services_info,career concern rural
schools in small towns but with strong alumni networks in big cities,high_school_student,multi_constraint,complex,"Small Town, Alumni",career_services_info,location + career
rural colleges where students start businesses that serve the local community,high_school_student,filtered_search,medium,"Rural, Entrepreneurship",career_services_info,entrepreneurship rural
best programs for study abroad in japan specifically,high_school_student,filtered_search,medium,"Study Abroad, Japan",academic_program_info,country specific abroad
schools with strong semester abroad programs in latin america,high_school_student,filtered_search,medium,"Study Abroad, Latin America",academic_program_info,regional abroad
colleges where most students do at least one semester abroad,high_school_student,filtered_search,medium,Study Abroad Culture,academic_program_info,abroad culture
is it possible to do study abroad as an engineering student,high_school_student,advisory,llm_needed,"Engineering, Study Abroad",academic_program_info,STEM abroad concern
schools where study abroad doesnt push back graduation,high_school_student,filtered_search,medium,"Study Abroad, Graduation",academic_policy_info,time to degree + abroad
good programs for studying abroad in ghana or west africa,high_school_student,filtered_search,medium,"Study Abroad, Ghana",academic_program_info,africa abroad
colleges with strong arabic language study abroad partnerships,high_school_student,filtered_search,medium,"Study Abroad, Arabic",academic_program_info,language abroad
is study abroad safe in countries like morocco or jordan,high_school_student,advisory,llm_needed,"Safety, Study Abroad",admissions_info,safety abroad concern
schools where you can do a full year abroad not just a semester,high_school_student,filtered_search,medium,Study Abroad,academic_program_info,extended abroad
colleges with strong direct enroll programs not just island programs,high_school_student,filtered_search,medium,"Direct Enroll, Study Abroad",academic_program_info,abroad program type
good schools if i want to study in south korea,high_school_student,filtered_search,medium,"Study Abroad, South Korea",academic_program_info,country specific abroad
is studying abroad in europe overrated or actually transformative,high_school_student,reflective_advisory,llm_needed,"Study Abroad, Europe",academic_program_info,abroad value question
schools where financial aid transfers to study abroad programs,high_school_student,filtered_search,medium,"Study Abroad, Financial Aid",financial_aid_info,abroad + financial aid
good programs for studying in new zealand or australia,high_school_student,filtered_search,medium,"Study Abroad, Oceania",academic_program_info,pacific abroad
colleges with strong language immersion abroad programs,high_school_student,filtered_search,medium,"Language Immersion, Study Abroad",academic_program_info,language + abroad
how do i fund study abroad as a low income student,high_school_student,advisory,llm_needed,"Study Abroad, Low Income",financial_aid_info,financial abroad concern
schools known for strong programs sending students to scandinavian countries,high_school_student,filtered_search,medium,"Study Abroad, Scandinavia",academic_program_info,regional abroad nordic
is it possible to study abroad in a country where you dont speak the language,high_school_student,advisory,llm_needed,"Study Abroad, Language",academic_program_info,language abroad concern
good programs for pre med students who want to study abroad in health focused settings,high_school_student,multi_constraint,complex,"Pre-med, Study Abroad",academic_program_info,pre med + abroad
schools with strong programs in south asia study abroad,high_school_student,filtered_search,medium,"Study Abroad, South Asia",academic_program_info,south asia abroad
colleges where study abroad is built into the curriculum not optional,high_school_student,filtered_search,medium,Study Abroad,academic_program_info,integrated abroad
what is the difference between a provider program and direct enroll for study abroad,high_school_student,advisory,llm_needed,Study Abroad Logistics,academic_program_info,abroad logistics
good schools if i want to study in berlin or germany specifically,high_school_student,filtered_search,medium,"Study Abroad, Germany",academic_program_info,germany abroad
schools with strong programs for studying in indigenous communities abroad,high_school_student,filtered_search,medium,"Study Abroad, Indigenous",academic_program_info,community based abroad
is it worth studying abroad if i only have one semester left,high_school_student,advisory,llm_needed,"Study Abroad, Graduation",academic_policy_info,timing concern abroad
schools with strong programs for studying in east africa,high_school_student,filtered_search,medium,"Study Abroad, East Africa",academic_program_info,africa region abroad
colleges where cs or tech students regularly study abroad,high_school_student,filtered_search,medium,"CS, Study Abroad",academic_program_info,STEM abroad culture
good programs for studying in the middle east outside of israel palestine,high_school_student,filtered_search,medium,"Study Abroad, Middle East",academic_program_info,regional abroad sensitive
schools with strong language specific study abroad programs in mandarin,high_school_student,filtered_search,medium,"Study Abroad, Mandarin",academic_program_info,chinese language abroad
is studying abroad worth it if my major has strict requirements,high_school_student,advisory,llm_needed,"Study Abroad, Major Requirements",academic_policy_info,major constraint abroad
colleges where you can study abroad in multiple countries in one trip,high_school_student,filtered_search,medium,Study Abroad,academic_program_info,multi country program
good programs for studying in southeast asia like vietnam or indonesia,high_school_student,filtered_search,medium,"Study Abroad, Southeast Asia",academic_program_info,SEA abroad
what scholarships exist for students studying abroad in developing countries,high_school_student,advisory,llm_needed,"Study Abroad, Scholarships",financial_aid_info,abroad financial resources
schools with strong global health programs abroad,high_school_student,filtered_search,medium,"Global Health, Study Abroad",academic_program_info,global health abroad
is semester at sea actually a good program,high_school_student,reflective_advisory,llm_needed,Semester at Sea,academic_program_info,specific program evaluation
good schools for students who want to study abroad twice,high_school_student,filtered_search,medium,Study Abroad,academic_program_info,repeat abroad
colleges with strong programs for studying in the balkans or eastern europe,high_school_student,filtered_search,medium,"Study Abroad, Eastern Europe",academic_program_info,eastern europe abroad
how do i convince my parents study abroad is worth the money,high_school_student,advisory,llm_needed,"Study Abroad, Parents",admissions_info,persuasion guidance
schools where students frequently study abroad in france or francophone countries,high_school_student,filtered_search,medium,"Study Abroad, France",academic_program_info,french language abroad
is it common to feel lost or overwhelmed when studying abroad,high_school_student,emotional_advisory,llm_needed,Study Abroad adjustment,admissions_info,abroad adjustment
good schools if i want to spend time in central america for environmental work,high_school_student,multi_constraint,complex,"Environmental Science, Central America",academic_program_info,env + abroad
colleges with strong programs for studying in india,high_school_student,filtered_search,medium,"Study Abroad, India",academic_program_info,india abroad
do most schools allow you to work abroad during a study abroad program,high_school_student,advisory,llm_needed,"Study Abroad, Work",academic_policy_info,work abroad policy
is studying in the uk the same as studying abroad or just another english school,high_school_student,reflective_advisory,llm_needed,"Study Abroad, UK",academic_program_info,uk abroad question
schools with strong partnerships with universities in brazil,high_school_student,filtered_search,medium,"Study Abroad, Brazil",academic_program_info,brazil abroad
good colleges for students who want to combine service and study abroad,high_school_student,multi_constraint,complex,"Study Abroad, Service",academic_program_info,service + abroad
what is gilman scholarship and who can apply,high_school_student,advisory,llm_needed,Gilman Scholarship,financial_aid_info,abroad scholarship info
schools w strong environmental science that also send students to field sites abroad,high_school_student,multi_constraint,complex,"Environmental Science, Field work",academic_program_info,env + field abroad
is it possible to do internships abroad during study abroad,high_school_student,advisory,llm_needed,"Study Abroad, Internships",career_services_info,internship abroad option
good schools if i want to go to college in canada as a us student,high_school_student,filtered_search,medium,"Canada, US student",admissions_info,canada option
what are the pros and cons of going to a university in europe vs us,high_school_student,advisory,llm_needed,International education,admissions_info,international higher ed comparison
is mcgill a good option for american students who want a prestigious school cheaper,high_school_student,reflective_advisory,llm_needed,"McGill, US student",financial_aid_info,McGill value + canada
schools in the uk that american students commonly attend,high_school_student,filtered_search,medium,"UK, US student",admissions_info,uk options for americans
how does applying to uk universities work differently than us,high_school_student,advisory,llm_needed,UK Admissions,admissions_info,international application process
is the ucas system hard for american high school students,high_school_student,advisory,llm_needed,"UCAS, US student",admissions_info,application process uk
good european universities that teach in english,high_school_student,filtered_search,medium,"Europe, English instruction",academic_program_info,english instruction abroad
what is it like being an american student at a european university,high_school_student,emotional_advisory,llm_needed,US student in Europe,campus_services_info,cultural adjustment
is going to college abroad cheaper than staying in the US,high_school_student,advisory,llm_needed,International tuition,financial_aid_info,cost comparison international
schools in ireland that accept american students and have good programs,high_school_student,filtered_search,medium,"Ireland, US student",admissions_info,ireland options
is it hard to make friends at a european university as an american,high_school_student,emotional_advisory,llm_needed,Social life abroad,campus_services_info,social adjustment
what is tuition like at dutch or german universities for american students,high_school_student,advisory,llm_needed,"Europe, US student tuition",financial_aid_info,european tuition
good options in the netherlands for studying in english,high_school_student,filtered_search,medium,"Netherlands, English instruction",academic_program_info,netherlands english programs
how do i get financial aid if i go to school outside the us,high_school_student,advisory,llm_needed,International Financial Aid,financial_aid_info,aid abroad question
is attending university in australia a realistic option for americans,high_school_student,advisory,llm_needed,"Australia, US student",admissions_info,australia options
schools in hong kong or singapore for american students considering asia,high_school_student,filtered_search,medium,"Asia, US student",admissions_info,asia english programs
what are tuition costs at top canadian universities,high_school_student,advisory,llm_needed,"Canada, Tuition",financial_aid_info,canada cost comparison
do employers in the us care if you went to college in another country,high_school_student,reflective_advisory,llm_needed,International Degree,career_services_info,degree recognition concern
good liberal arts style colleges in the uk,high_school_student,filtered_search,medium,"UK, Liberal Arts",academic_program_info,uk LAC equivalent
how do grad school admissions view international undergrad degrees,high_school_student,advisory,llm_needed,"International Degree, Grad school",admissions_info,grad school pathway
good schools in europe if you want to study environmental policy,high_school_student,filtered_search,medium,"Europe, Environmental Policy",academic_program_info,europe + env policy
is st andrews in scotland worth applying to as an american,high_school_student,reflective_advisory,llm_needed,"St Andrews, US student",admissions_info,St Andrews value + experience
what does a btec or foundation year mean in the uk system,high_school_student,advisory,llm_needed,UK Education System,academic_program_info,uk system question
are there colleges outside the US that have strong cs programs in english,high_school_student,filtered_search,medium,"International CS, English",academic_program_info,international cs programs
how do I know if a foreign degree is accredited for us jobs,high_school_student,advisory,llm_needed,International Accreditation,career_services_info,accreditation concern
good options in japan that teach in english for international students,high_school_student,filtered_search,medium,"Japan, English instruction",academic_program_info,japan english programs
is latin america a viable place to get a full degree not just study abroad,high_school_student,advisory,llm_needed,"Latin America, Degree",admissions_info,degree abroad south america
good schools in south korea for international students with english instruction,high_school_student,filtered_search,medium,"South Korea, English instruction",academic_program_info,korea english programs
what scholarships help americans go to university in other countries,high_school_student,advisory,llm_needed,International Scholarships,financial_aid_info,international scholarship
is it socially isolating to do your full degree abroad,high_school_student,emotional_advisory,llm_needed,Full degree abroad,campus_services_info,social concern abroad
how do I get transcripts evaluated if I studied abroad for my full degree,high_school_student,advisory,llm_needed,Transcript Evaluation,admissions_info,credential evaluation
good schools near yellowstone or national parks with strong ecology programs,high_school_student,multi_constraint,complex,"Ecology, National Parks",academic_program_info,national park + ecology
colleges where students regularly do fieldwork in local nature preserves,high_school_student,filtered_search,medium,"Fieldwork, Ecology",academic_program_info,field ecology
schools with strong programs in conservation biology in rural settings,high_school_student,filtered_search,medium,Conservation Biology,academic_program_info,conservation rural
colleges located near indigenous land where environmental work is community driven,high_school_student,filtered_search,medium,"Environmental Science, Indigenous",academic_program_info,indigenous env context
good schools for students who want to study ranching or land management,high_school_student,filtered_search,medium,Land Management,academic_program_info,land management program
schools where geology or earth science students have incredible field access,high_school_student,filtered_search,medium,"Geology, Field access",academic_program_info,field geology
colleges near the gulf coast with strong marine science programs,high_school_student,filtered_search,medium,"Marine Science, Gulf Coast",academic_program_info,coastal programs
schools in the great plains with strong agriculture and sustainability focus,high_school_student,filtered_search,medium,"Agriculture, Great Plains",academic_program_info,plains agriculture
good colleges for students who want to go into water resource management,high_school_student,filtered_search,medium,Water Resource Management,academic_program_info,water science niche
schools with strong programs in wildfire science or fire ecology,high_school_student,filtered_search,medium,Wildfire Science,academic_program_info,fire ecology niche
colleges where forestry students actually work in nearby forests,high_school_student,filtered_search,medium,Forestry,academic_program_info,forestry program
good schools if you want to study bats or nocturnal wildlife lol,high_school_student,filtered_search,medium,"Zoology, Bats",academic_program_info,niche zoology
schools with strong programs in soil science or agronomy,high_school_student,filtered_search,medium,Soil Science,academic_program_info,niche ag science
colleges with strong programs in aquaculture or fisheries,high_school_student,filtered_search,medium,Aquaculture,academic_program_info,fisheries program
Query,Persona,Intent,Complexity,Entities,Route,Notes
schools where students study invasive species or restoration ecology,high_school_student,filtered_search,medium,"Invasive species, Restoration ecology",academic_program_info,niche ecology
colleges with strong programs in entomology for undergrads,high_school_student,filtered_search,medium,Entomology,academic_program_info,entomology niche
good schools if i want to study indigenous foodways or ethnobotany,high_school_student,filtered_search,medium,"Indigenous foodways, Ethnobotany",academic_program_info,ethnobotany niche
schools near the everglades or wetlands with strong field programs,high_school_student,filtered_search,medium,"Everglades, Wetlands",academic_program_info,wetlands ecology
colleges with strong programs in climate adaptation for rural communities,high_school_student,filtered_search,medium,"Climate adaptation, Rural",academic_program_info,climate rural program
schools with strong tribal college partnerships or indigenous studies programs,high_school_student,filtered_search,medium,"Tribal colleges, Indigenous studies",campus_services_info,tribal college relations
good options for students who want to study permaculture or regenerative farming,high_school_student,filtered_search,medium,"Permaculture, Regenerative farming",academic_program_info,alternative agriculture
colleges with strong programs in sustainable architecture in rural settings,high_school_student,filtered_search,medium,"Sustainable architecture, Rural",academic_program_info,rural architecture
schools known for sending students into peace corps at high rates,high_school_student,filtered_search,medium,Peace Corps,career_services_info,service outcomes
good schools for students who want to do disaster relief or humanitarian work,high_school_student,filtered_search,medium,"Disaster relief, Humanitarian work",academic_program_info,humanitarian career
colleges with strong programs in refugee studies or forced migration,high_school_student,filtered_search,medium,"Refugee studies, Forced migration",academic_program_info,niche social program
schools with strong programs in conflict resolution at undergrad level,high_school_student,filtered_search,medium,Conflict resolution,academic_program_info,peace studies
good colleges if i want to work in global health but not be a doctor,high_school_student,filtered_search,medium,Global health,career_services_info,global health non-clinical
schools with strong programs in medical anthropology,high_school_student,filtered_search,medium,Medical anthropology,academic_program_info,niche anthropology
colleges with strong international human rights programs,high_school_student,filtered_search,medium,International human rights,academic_program_info,human rights undergrad
good schools for students interested in foreign service career,high_school_student,filtered_search,medium,Foreign service,career_services_info,foreign service track
schools with strong ties to the state department or diplomatic careers,high_school_student,filtered_search,medium,"State Department, Diplomacy",career_services_info,diplomacy pipeline
colleges with strong programs in security studies or intelligence analysis,high_school_student,filtered_search,medium,"Security studies, Intelligence analysis",academic_program_info,national security program
good schools for students wanting to work at the UN someday,high_school_student,filtered_search,medium,United Nations,career_services_info,UN career track
schools with strong programs in comparative politics or area studies,high_school_student,filtered_search,medium,"Comparative politics, Area studies",academic_program_info,poli sci niche
colleges where students regularly do fieldwork in other countries as undergrads,high_school_student,filtered_search,medium,International fieldwork,academic_program_info,international field research
good schools for students interested in islamic studies or middle east politics,high_school_student,filtered_search,medium,"Islamic studies, Middle East",academic_program_info,area studies niche
schools with strong programs in east asian studies with language focus,high_school_student,filtered_search,medium,East Asian studies,academic_program_info,east asia studies
colleges where students can study swahili or other african languages,high_school_student,filtered_search,medium,"Swahili, African languages",academic_program_info,african language programs
good schools if i want to focus on latin american history and politics,high_school_student,filtered_search,medium,Latin American studies,academic_program_info,latin america studies
schools with strong programs in arctic or polar studies,high_school_student,filtered_search,medium,"Arctic studies, Polar studies",academic_program_info,polar studies niche
colleges near small towns where community engagement is required not optional,counselor,filtered_search,medium,"Small town, Community engagement",academic_policy_info,civic graduation requirement
schools in rural areas that still produce graduates earning above average salaries,counselor,filtered_search,medium,"Rural area, Salary",career_services_info,rural outcomes data
how do I advise a student who wants a small town experience but fears isolation,counselor,advisory,llm_needed,"Small town, Isolation",college_search,rural vs isolation tradeoff
colleges in rural areas with strong mental health support given isolation risks,counselor,filtered_search,medium,"Rural area, Mental health",campus_services_info,rural wellness support
schools in small towns that attract students from large urban areas,counselor,filtered_search,medium,"Small town, Urban students",college_search,urban to rural adjustment
how do I help a student choose between a rural liberal arts school and a big city university,counselor,advisory,llm_needed,"Rural LAC, Urban university",college_search,environment tradeoff
which small rural schools have the best outcomes for students entering tech,counselor,filtered_search,medium,"Rural, Tech careers",career_services_info,rural cs outcomes
schools in rural settings known for strong alumni giving and community,counselor,filtered_search,medium,"Rural setting, Alumni",career_services_info,alumni rural community
how do small college towns affect students from urban backgrounds long term,counselor,reflective_advisory,llm_needed,"Small town, Urban backgrounds",college_search,rural adjustment outcomes
what should counselors know about the hidden costs of rural campus life like needing a car,counselor,advisory,llm_needed,"Rural campus, Transportation cost",financial_aid_info,hidden rural costs
how do I counsel a family concerned about study abroad safety in a developing region,counselor,advisory,llm_needed,"Study abroad safety, Developing region",admissions_info,safety abroad family concern
which schools have the strongest study abroad advising offices,counselor,filtered_search,medium,Study abroad advising,campus_services_info,abroad support infrastructure
is it smart to choose a school based partly on its study abroad options,counselor,advisory,llm_needed,Study abroad options,admissions_info,abroad as selection criteria
how do I help a low income student access study abroad funding,counselor,advisory,llm_needed,"Low income, Study abroad funding",financial_aid_info,financial abroad access
what are the best study abroad programs for students interested in human rights fieldwork,counselor,filtered_search,medium,"Human rights, Fieldwork abroad",academic_program_info,human rights abroad
schools where study abroad participation rates are above 50 percent,counselor,filtered_search,medium,Study abroad rates,academic_policy_info,high abroad participation
how do I explain the risk of losing credits when studying abroad to families,counselor,advisory,llm_needed,Study abroad credits,academic_policy_info,abroad risk communication
which schools have the most affordable study abroad programs built into tuition,counselor,filtered_search,medium,"Study abroad cost, Tuition",financial_aid_info,cost neutral abroad
what are the best schools for a student who wants to spend two years in another country during college,counselor,multi_constraint,complex,Extended study abroad,academic_policy_info,extended abroad planning
how do I advise a student who wants to go to college in europe instead of the US,counselor,advisory,llm_needed,Europe vs US college,admissions_info,international higher ed guidance
which US schools have the strongest partnerships with european universities,counselor,filtered_search,medium,Transatlantic partnerships,academic_policy_info,transatlantic partnerships
how do I help a student evaluate a foreign university they found on their own,counselor,advisory,llm_needed,Foreign university,admissions_info,vetting international school
what do counselors need to know about helping students apply to UK universities via UCAS,counselor,advisory,llm_needed,"UCAS, UK universities",admissions_info,ucas counselor prep
schools with strong programs for students who want to study in native language communities,counselor,filtered_search,medium,Native language immersion,academic_program_info,language immersion abroad
do college rankings matter when you plan to work internationally after graduating,counselor,reflective_advisory,llm_needed,"College rankings, International career",career_services_info,international career + prestige
is my daughter safe doing a rural campus tour in a very conservative small town,parent,emotional_advisory,llm_needed,"Rural campus tour, Safety",college_search,safety concern rural visit
does my kid need a car at a school in a rural area,parent,advisory,llm_needed,"Rural area, Transportation",campus_services_info,rural logistics
what is the nearest airport to schools in really remote locations,parent,advisory,llm_needed,"Remote schools, Travel",campus_services_info,travel logistics rural
how do rural campuses handle winter weather emergencies,parent,advisory,llm_needed,"Rural campus, Winter weather",campus_services_info,safety rural climate
are small town campuses safer in terms of crime than big city schools,parent,advisory,llm_needed,"Small town, Big city, Safety",campus_services_info,rural safety comparison
what is the quality of medical care near rural college campuses,parent,advisory,llm_needed,"Rural campus, Medical care",campus_services_info,healthcare rural concern
how do parents stay connected when their kid is in a really rural school with bad cell service,parent,advisory,llm_needed,"Rural school, Communication",campus_services_info,communication concern
do colleges in small towns have good mental health resources given the isolation,parent,advisory,llm_needed,"Small town, Mental health",campus_services_info,rural wellness concern
what questions should we ask on a campus visit to a small rural school,parent,advisory,llm_needed,Rural campus visit,admissions_info,visit checklist rural
is it safe for my child to study abroad in southeast asia,parent,emotional_advisory,llm_needed,"Southeast Asia, Study abroad safety",admissions_info,abroad safety parental
how do I track my child's safety when they are studying abroad,parent,advisory,llm_needed,"Study abroad, Safety tracking",admissions_info,abroad monitoring
does financial aid cover study abroad programs completely,parent,advisory,llm_needed,"Financial aid, Study abroad",financial_aid_info,abroad financial coverage
what happens if my kid gets sick abroad,parent,advisory,llm_needed,"Study abroad, Health",campus_services_info,abroad health concern
is studying abroad in africa or latin america dangerous for young women,parent,emotional_advisory,llm_needed,"Africa, Latin America, Gender safety",admissions_info,gender safety abroad
how do i support my kid emotionally during a study abroad semester far away,parent,emotional_advisory,llm_needed,"Study abroad, Emotional support",campus_services_info,parental support abroad
what should a parent know before their child does a full year abroad,parent,advisory,llm_needed,Full year abroad,admissions_info,year abroad prep
do employers value study abroad on a resume the same way parents expect,parent,advisory,llm_needed,Study abroad ROI,career_services_info,abroad ROI
is it safe for my kid to go to college in another country entirely,parent,emotional_advisory,llm_needed,"International degree, Safety",admissions_info,international degree parental
how do financial aid packages work if my child decides to go to a canadian university,parent,advisory,llm_needed,"Canadian university, Financial aid",financial_aid_info,aid canada
what is the quality of healthcare at small rural campuses,parent,advisory,llm_needed,"Rural campus, Healthcare",campus_services_info,health services rural
are there any really good schools in the appalachian region I should know about,parent,filtered_search,medium,Appalachia,college_search,regional exploration appalachia
which rural schools have strong programs in nursing that are affordable,parent,multi_constraint,complex,"Rural, Nursing, Cost",academic_program_info,rural + nursing + cost
is it normal for students at small rural colleges to leave every weekend,parent,advisory,llm_needed,"Rural college, Weekend life",campus_services_info,retention on campus rural
does a degree from a rural or lesser known school hurt job prospects,parent,reflective_advisory,llm_needed,"Rural school, Job prospects",career_services_info,degree perception concern
how do I evaluate housing quality at a campus that is far from everything,parent,advisory,llm_needed,"Remote campus, Housing",campus_services_info,remote campus housing
small colleges near scenic areas that also have strong academics,parent,filtered_search,medium,"Scenic area, Academics",college_search,scenic + academic
do small town campuses have good grocery and food access for students,parent,advisory,llm_needed,"Small town, Food access",campus_services_info,logistics rural
is it harder to get internships from a rural campus than a city campus,parent,advisory,llm_needed,"Rural campus, City campus, Internships",career_services_info,career concern rural
what happens if my child chooses a foreign university and wants to transfer back to the US,parent,advisory,llm_needed,"Foreign university, Transfer",admissions_info,transfer back to US
schools in canada that have nursing or health programs for US students,parent,filtered_search,medium,"Canada, Nursing, US students",academic_program_info,canada + health program
is it worth paying international student fees at a european school,parent,reflective_advisory,llm_needed,"European school, Tuition",financial_aid_info,international value
how does health insurance work when my child is studying in another country,parent,advisory,llm_needed,International health insurance,campus_services_info,insurance abroad
what are the most livable small college towns for students who grew up in cities,school_counselor,filtered_search,medium,"Small college town, Urban students",college_search,urban to rural fit
which rural schools have strong track records for first gen student success,school_counselor,filtered_search,medium,"Rural school, First-gen",campus_services_info,rural + first gen
how do I help a student from a city decide if a rural school is right for them,school_counselor,advisory,llm_needed,"City student, Rural school",college_search,environment fit guidance
what are realistic options for students who want to study abroad but have financial constraints,school_counselor,advisory,llm_needed,"Study abroad, Financial constraints",financial_aid_info,abroad access
which schools offer free or low cost study abroad programs,school_counselor,filtered_search,medium,Affordable study abroad,financial_aid_info,affordable abroad
how do I introduce study abroad planning to students as early as ninth grade,school_counselor,advisory,llm_needed,"Study abroad planning, 9th grade",admissions_info,early abroad planning
are there rural schools with strong pipelines into law school,school_counselor,filtered_search,medium,"Rural school, Law school",career_services_info,rural pre law
what are the unique benefits of attending a college in a small tight knit town,school_counselor,advisory,llm_needed,Small town college,college_search,rural value proposition
how do I help a student who is scared to go to school far from home in a rural area,school_counselor,emotional_advisory,llm_needed,"Rural school, Homesickness",campus_services_info,homesickness rural
which small rural colleges offer the best merit aid packages,school_counselor,filtered_search,medium,"Rural college, Merit aid",financial_aid_info,rural merit aid
how do I advise students on comparing rural colleges vs urban colleges holistically,school_counselor,advisory,llm_needed,Rural vs Urban college,college_search,environment comparison
are there international exchange programs designed for high school seniors before college,school_counselor,advisory,llm_needed,"International exchange, HS seniors",admissions_info,pre college abroad
what should counselors know about supporting students through culture shock when studying abroad,school_counselor,advisory,llm_needed,"Culture shock, Study abroad",campus_services_info,culture shock support
colleges outside the US that welcome American transfer students,school_counselor,filtered_search,medium,"International transfer, US students",admissions_info,international transfer option
how do I evaluate whether a small rural school has adequate support services,school_counselor,advisory,llm_needed,"Rural school, Support services",campus_services_info,vetting rural support
which schools near national parks or protected lands have strong environmental programs,school_counselor,filtered_search,medium,"National parks, Environmental programs",academic_program_info,national park proximity
how do I counsel a student interested in going to school in another country,school_counselor,advisory,llm_needed,International school,admissions_info,international school guidance
what are the risks of a student studying abroad alone without peer support,school_counselor,advisory,llm_needed,Solo study abroad,campus_services_info,solo abroad risk
schools with strong global semester programs for undecided students,school_counselor,filtered_search,medium,"Global semester, Undecided",academic_program_info,undecided + abroad
how do I advise families who are unsure about the value of a rural college experience,school_counselor,advisory,llm_needed,Rural college value,college_search,family rural skepticism
universities w strong partnerships placing students in remote fieldwork locations,community_college_advisor,filtered_search,medium,Remote fieldwork,academic_program_info,field research transfer
which 4 year schools have strong agriculture transfer pathways from rural community colleges,community_college_advisor,filtered_search,medium,"Agriculture transfer, Rural",admissions_info,ag transfer rural
how do I advise a rural community college student applying to urban 4 year schools,community_college_advisor,advisory,llm_needed,"Rural CC, Urban university",admissions_info,rural to urban transition
schools near rural community colleges with easy commute for transfer students,community_college_advisor,filtered_search,medium,"Rural CC, Transfer commute",campus_services_info,proximity transfer
which universities support transfers who want to study abroad after transferring,community_college_advisor,filtered_search,medium,"Transfer students, Study abroad",academic_policy_info,transfer + abroad timing
how do I help a transfer student who wants to study abroad but has fewer years left,community_college_advisor,advisory,llm_needed,"Transfer student, Study abroad",academic_policy_info,transfer abroad timing
are there programs that combine community college coursework with a semester abroad,community_college_advisor,advisory,llm_needed,"Community college, Study abroad",academic_policy_info,CC abroad hybrid
which rural 4 year schools commonly accept credits from 2 year programs in same state,community_college_advisor,filtered_search,medium,"Rural 4 year, In-state transfer",academic_policy_info,in-state rural transfer
schools with strong programs for students returning from military service in rural areas,community_college_advisor,filtered_search,medium,"Veterans, Rural",campus_services_info,veteran rural transfer
how do I advise a student who did their CC online and wants a rural residential experience,community_college_advisor,advisory,llm_needed,"Online CC, Rural residential",admissions_info,online to residential transition
which universities help students do study abroad in their home countries,nonprofit_advisor,filtered_search,medium,Heritage study abroad,academic_program_info,heritage abroad programs
schools with strong programs for students doing fieldwork in underserved international communities,nonprofit_advisor,filtered_search,medium,International fieldwork,academic_program_info,international fieldwork
colleges with strong programs preparing students for careers in rural healthcare access,nonprofit_advisor,filtered_search,medium,Rural healthcare,career_services_info,rural health nonprofits
universities producing graduates who go into rural economic development,nonprofit_advisor,filtered_search,medium,Rural economic development,career_services_info,rural dev career
schools with programs in sustainable rural livelihoods or agricultural justice,nonprofit_advisor,filtered_search,medium,"Rural sustainability, Ag justice",academic_program_info,rural justice program
which colleges prepare students to work with indigenous land rights organizations,nonprofit_advisor,filtered_search,medium,Indigenous land rights,career_services_info,indigenous rights programs
schools known for producing graduates working in international food security,nonprofit_advisor,filtered_search,medium,International food security,career_services_info,food security career
colleges with strong programs in rural education and community outreach,nonprofit_advisor,filtered_search,medium,"Rural education, Outreach",academic_program_info,rural ed outreach
which universities have strong programs placing students in rural health corps positions,nonprofit_advisor,filtered_search,medium,Rural Health Corps,career_services_info,rural health corps
schools with strong programs in global water access or sanitation advocacy,nonprofit_advisor,filtered_search,medium,Global water access,academic_program_info,water access program
universities with study abroad programs in rural development contexts,nonprofit_advisor,filtered_search,medium,"Rural development, Study abroad",academic_program_info,rural dev abroad
colleges known for producing graduates who go into international agricultural aid work,nonprofit_advisor,filtered_search,medium,International ag aid,career_services_info,intl ag aid
schools with strong programs in microfinance or community lending for rural regions,nonprofit_advisor,filtered_search,medium,"Microfinance, Rural",academic_program_info,rural finance program
universities that regularly place students in rural nonprofits as part of coursework,nonprofit_advisor,filtered_search,medium,Rural nonprofits,academic_program_info,rural nonprofit placements
schools where students engage with rural communities as part of thesis or capstone,nonprofit_advisor,filtered_search,medium,Rural community engagement,academic_program_info,community engaged scholarship rural
which universities align well with local rural employer needs in the midwest,district_advisor,filtered_search,medium,"Rural employers, Midwest",career_services_info,rural employer alignment midwest
schools that produce graduates who return to rural towns to practice medicine,district_advisor,filtered_search,medium,Rural medicine,career_services_info,rural physician pipeline
colleges with programs specifically designed to retain talent in small rural regions,district_advisor,filtered_search,medium,Rural talent retention,career_services_info,rural talent retention
universities support agricultural workforce development for rural counties,district_advisor,filtered_search,medium,"Ag workforce, Rural",career_services_info,ag workforce rural
schools with strong programs producing rural public school teachers,district_advisor,filtered_search,medium,Rural teachers,career_services_info,rural teacher pipeline
universities with strong rural hospital or clinic partnership programs,district_advisor,filtered_search,medium,Rural hospital partnerships,career_services_info,rural health partnerships
which schools produce graduates who go into rural law enforcement or emergency services,district_advisor,filtered_search,medium,Rural public safety,career_services_info,rural public safety
colleges preparing graduates for careers in rural broadband or tech infrastructure,district_advisor,filtered_search,medium,Rural tech infrastructure,career_services_info,rural tech workforce
schools known for placing graduates in rural government or county administration,district_advisor,filtered_search,medium,Rural government,career_services_info,rural government pipeline
which universities help rural districts recruit newly graduated teachers,district_advisor,filtered_search,medium,Rural teacher recruitment,career_services_info,rural recruiting pipeline
schools w strong programs for students intersted in rural journalism or local news,district_advisor,filtered_search,medium,Rural journalism,academic_program_info,rural journalism typo
colleges that partner with rural electric cooperatives on internships,district_advisor,filtered_search,medium,Rural electric cooperatives,career_services_info,rural energy internships
which schools produce graduates working in rural environmental compliance,district_advisor,filtered_search,medium,Rural environmental compliance,career_services_info,rural env compliance
universities with programs that specifically support rural community health workers,district_advisor,filtered_search,medium,Rural health workers,academic_program_info,rural CHW pipeline
which colleges are good for students who want to go back and practice dentistry in small towns,district_advisor,filtered_search,medium,Rural dentistry,career_services_info,rural dental pipeline
colleges where alumni commonly end up at international NGOs,independent_counselor,filtered_search,medium,"International NGOs, Alumni",career_services_info,international career outcomes
schools known for producing students with a global worldview not just academic prestige,independent_counselor,emotional_advisory,llm_needed,Global worldview,college_search,global citizenship
universities emphasize international perspectives in every major,independent_counselor,filtered_search,medium,International perspectives,academic_policy_info,global curriculum
how do I match a student who wants to work abroad to the right undergraduate program,independent_counselor,advisory,llm_needed,International career,career_services_info,international career match
schools with the strongest global alumni networks outside the US,independent_counselor,filtered_search,medium,Global alumni networks,career_services_info,international alumni
colleges where most graduates work internationally within five years,independent_counselor,filtered_search,medium,International careers,career_services_info,global career outcomes
which schools have the most robust foreign language requirements built into the curriculum,independent_counselor,filtered_search,medium,Foreign language requirements,academic_policy_info,language requirement
universities where students genuinely engage with international classmates not just Americans abroad,independent_counselor,filtered_search,medium,International integration,campus_services_info,international integration
schools with strong programs for students who grew up abroad or are third culture kids,independent_counselor,filtered_search,medium,Third culture kids,campus_services_info,third culture student support
which colleges best prepare students for working in complex multicultural environments,independent_counselor,filtered_search,medium,Multicultural environments,campus_services_info,cross cultural competency
schools with strong programs for students who speak multiple languages already,independent_counselor,filtered_search,medium,Multilingual students,campus_services_info,multilingual student support
which colleges have strong area studies programs tied to real career pipelines,independent_counselor,filtered_search,medium,"Area studies, Career pipelines",career_services_info,area studies + career
how do I advise a student who wants international exposure but isnt ready for a year abroad,independent_counselor,advisory,llm_needed,International exposure,academic_program_info,partial abroad alternatives
schools with strong programs for students interested in international business not just finance,independent_counselor,filtered_search,medium,International business,academic_program_info,intl business program
which colleges are well regarded outside the US even if less famous inside it,independent_counselor,filtered_search,medium,Global reputation,college_search,global reputation schools
schools near Native American reservations with strong tribal partnerships,urban_teacher,filtered_search,medium,Native American reservations,campus_services_info,indigenous community engagement
colleges preparing teachers to work in small rural border communities,urban_teacher,filtered_search,medium,Rural border communities,academic_program_info,border community prep
universities with programs preparing teachers for mixed urban rural settings,urban_teacher,filtered_search,medium,Mixed settings,academic_program_info,mixed setting prep
schools with strong programs preparing teachers for international school placements,urban_teacher,filtered_search,medium,International school teaching,academic_program_info,intl school teacher prep
which colleges prepare teachers to work in american schools abroad like DoD schools,urban_teacher,filtered_search,medium,DoD schools,academic_program_info,DoD schools teacher prep
colleges with strong programs for teaching in dual language immersion schools,urban_teacher,filtered_search,medium,Dual language immersion,academic_program_info,dual language immersion prep
universities that prepare teachers for Pacific Islander or Hawaiian communities,rural_teacher,filtered_search,medium,"Pacific Islander, Hawaii",academic_program_info,pacific community teaching
schools with strong programs preparing teachers for remote Alaskan village schools,rural_teacher,filtered_search,medium,Alaska rural schools,academic_program_info,alaska rural teaching
which colleges prepare teachers for very small multi grade schools in island communities,rural_teacher,filtered_search,medium,"Island schools, Multi-grade",academic_program_info,island school teaching
universities with programs preparing teachers for reservation schools,rural_teacher,filtered_search,medium,Reservation schools,academic_program_info,reservation school teaching
schools with strong international school teaching preparation programs,rural_teacher,filtered_search,medium,International K12 teaching,academic_program_info,international K12 teaching
which colleges have faculty with real experience teaching in rural and indigenous contexts,rural_teacher,filtered_search,medium,"Rural faculty, Indigenous contexts",academic_program_info,faculty experience rural
schools with strong programs for teachers interested in place-based outdoor learning,rural_teacher,filtered_search,medium,"Place-based learning, Outdoors",academic_program_info,outdoor education teacher
universities known for producing teachers who thrive in high need rural placements,rural_teacher,filtered_search,medium,High-need rural teaching,career_services_info,high need rural outcomes
what are the best colleges for students who want to eventually teach english abroad,high_school_student,filtered_search,medium,Teach English abroad,career_services_info,TEFL abroad pathway
schools with strong programs in linguistics and language teaching for abroad contexts,high_school_student,filtered_search,medium,"Linguistics, Language teaching",academic_program_info,linguistics abroad teaching
colleges with strong TEFL certification pathways built into curriculum,high_school_student,filtered_search,medium,TEFL certification,academic_program_info,TEFL program
good schools if i want to work for a foreign embassy someday,high_school_student,filtered_search,medium,Foreign embassy,career_services_info,diplomatic career
schools with strong programs in global supply chain or international logistics,high_school_student,filtered_search,medium,Global supply chain,academic_program_info,global business niche
good colleges if you want to work for an international development bank someday,high_school_student,filtered_search,medium,Development bank,career_services_info,development finance career
schools with programs in international environmental law,high_school_student,filtered_search,medium,International environmental law,academic_program_info,intl env law pre law
colleges with strong programs in global migration or diaspora studies,high_school_student,filtered_search,medium,Global migration,academic_program_info,migration studies
good schools for students who want to do documentary filmmaking about global issues,high_school_student,multi_constraint,complex,"Documentary film, Global issues",academic_program_info,film + global issues
schools with strong programs in comparative literature with international focus,high_school_student,filtered_search,medium,Comparative literature,academic_program_info,comp lit program
colleges where you can study abroad and count it toward your major not just electives,high_school_student,filtered_search,medium,Study abroad major credit,academic_policy_info,integrated abroad credits
good schools if i want to do research on international public health,high_school_student,filtered_search,medium,International public health,academic_program_info,global public health research
schools with strong programs in cultural heritage or museum studies abroad,high_school_student,filtered_search,medium,"Cultural heritage, Museum studies",academic_program_info,heritage studies
colleges that partner with international NGOs for student internships,high_school_student,filtered_search,medium,International NGO internships,career_services_info,NGO internship pipeline
good schools for students wanting to study in a country where they have family roots,high_school_student,emotional_advisory,llm_needed,Heritage study abroad,admissions_info,heritage connection abroad
schools w strong programs in global food policy,high_school_student,filtered_search,medium,Global food policy,academic_program_info,food policy global
colleges with strong programs preparing students to work in international courts,high_school_student,filtered_search,medium,International courts,career_services_info,intl law pathway
good schools if i want to eventually join the foreign service exam track,high_school_student,filtered_search,medium,Foreign Service Officer,career_services_info,FSO career track
schools with strong programs in international sports management,high_school_student,filtered_search,medium,International sports management,academic_program_info,niche intl program
good colleges for students who want to live and work in a country outside the US long term,high_school_student,advisory,llm_needed,Expat career,career_services_info,expat career path
is it worth going to a school abroad if it means losing access to federal student loans,high_school_student,reflective_advisory,llm_needed,"Study abroad, Student loans",financial_aid_info,financial abroad tradeoff
what are colleges in small towns where the surrounding nature is the main attraction,high_school_student,filtered_search,medium,"Small town, Nature",college_search,nature campus feature
schools where the outdoor recreation program is as big as the academic program,high_school_student,filtered_search,medium,Outdoor recreation,campus_services_info,outdoor culture campus
colleges where students regularly go camping or backpacking as part of orientation,high_school_student,filtered_search,medium,Outdoor orientation,campus_services_info,outdoor orientation
good schools near national forests with strong outdoor clubs,high_school_student,filtered_search,medium,"National forest, Outdoor clubs",campus_services_info,outdoor recreation
schools where sustainability and rural land stewardship is part of the school culture,high_school_student,filtered_search,medium,"Sustainability, Land stewardship",campus_services_info,land stewardship campus
colleges that feel like summer camp but with real academics,high_school_student,emotional_advisory,llm_needed,Outdoor campus vibe,college_search,outdoor campus vibe
schools in small towns where everybody skis or snowboards on weekends,high_school_student,filtered_search,medium,"Small town, Skiing",campus_services_info,winter outdoor campus
good colleges near the coast for students who want to surf and study,high_school_student,multi_constraint,complex,"Coast, Surfing",college_search,surf + academics
schools in small mountain towns that also have surprisingly strong business programs,high_school_student,multi_constraint,complex,"Mountain town, Business",academic_program_info,rural + business niche
colleges in desert regions with strong astronomy or physics programs,high_school_student,multi_constraint,complex,"Desert, Astronomy, Physics",academic_program_info,desert + STEM
is a small rural campus actually safer than a big city campus for late night walks,high_school_student,advisory,llm_needed,Rural campus safety,campus_services_info,safety rural comparison
schools in very small towns where students say they loved every minute of it,high_school_student,emotional_advisory,llm_needed,"Small town, Student satisfaction",college_search,rural testimonial vibe
colleges far from big cities that still get big company recruiters to visit,high_school_student,filtered_search,medium,Rural recruitment,career_services_info,rural recruitment outcomes
schools where the college town becomes your whole world in a good way,high_school_student,emotional_advisory,llm_needed,"Small town, Immersive campus",college_search,immersive small campus
good schools in places where people actually talk to strangers and are friendly,high_school_student,emotional_advisory,llm_needed,Friendly culture,college_search,southern hospitality campus
colleges located in places with extreme weather like heavy snow or heat that students love anyway,high_school_student,filtered_search,medium,"Extreme weather, Climate",college_search,climate character campus
is it worth going to a small rural school if all my friends are going to big universities,high_school_student,reflective_advisory,llm_needed,Small rural vs Big university,college_search,social comparison rural
schools where the campus and the surrounding land are basically inseparable,high_school_student,filtered_search,medium,Land-integrated campus,college_search,land integrated campus
good schools in small towns that have produced unusually famous alumni,high_school_student,filtered_search,medium,"Small town, Famous alumni",career_services_info,small school famous outcomes
colleges where students go home less because the campus town feels like home,high_school_student,emotional_advisory,llm_needed,"Belonging, Rural campus",campus_services_info,belonging rural campus
schools with journalism and actual internships,high_school_student,multi_constraint,complex,"Journalism, Internships",academic_program_info,program plus outcomes
is going pre law worth it anymore,high_school_student,reflective_advisory,llm_needed,Pre-Law,academic_program_info,career value question
best schools for psychology that arent therapy mills,high_school_student,rewrite_needed,complex,Psychology,academic_program_info,program culture concern
colleges where film students actually make films,high_school_student,rewrite_needed,complex,"Film, Production",academic_program_info,hands on concern
is a biology degree useful if i dont want to be a doctor,high_school_student,reflective_advisory,llm_needed,"Biology, Career",academic_program_info,degree ROI non-med
schools where economics majors learn more than just theory,high_school_student,rewrite_needed,complex,Economics,academic_program_info,applied learning concern
colleges with strong architecture programs that arent just prestige factories,high_school_student,rewrite_needed,complex,Architecture,academic_program_info,program substance concern
best schools for marine biology that put you near actual water,high_school_student,multi_constraint,complex,"Marine Biology, Location",academic_program_info,field access concern
is a communications degree actually worth anything,high_school_student,reflective_advisory,llm_needed,"Communications, Career",academic_program_info,degree value concern
schools where nursing students get real clinical hours early,high_school_student,filtered_search,medium,"Nursing, Clinical",academic_program_info,hands on access
colleges where sociology majors do real community work,high_school_student,filtered_search,medium,"Sociology, Community",academic_program_info,applied focus
is political science a dead end or actually useful,high_school_student,reflective_advisory,llm_needed,"Political Science, Career",academic_program_info,career concern
schools with strong graphic design programs not just fine art,high_school_student,rewrite_needed,complex,Graphic Design,academic_program_info,program distinction
colleges where pre med students dont eat each other alive,high_school_student,rewrite_needed,complex,"Pre-Med, culture",academic_program_info,program environment concern
best schools for international relations that lead to real jobs,high_school_student,multi_constraint,complex,"International Relations, Career",academic_program_info,outcomes focused
schools where english majors actually develop writing careers,high_school_student,filtered_search,medium,"English, Writing, Career",academic_program_info,career pipeline
is getting a music degree practical or a waste,high_school_student,reflective_advisory,llm_needed,"Music, Career",academic_program_info,degree ROI concern
colleges with strong dance programs that also prepare you for careers,high_school_student,multi_constraint,complex,"Dance, Career",academic_program_info,program plus outcomes
schools where public health majors get field placements not just lectures,high_school_student,filtered_search,medium,"Public Health, Field",academic_program_info,applied learning
best colleges for anthropology if you actually want to do fieldwork,high_school_student,filtered_search,medium,"Anthropology, Fieldwork",academic_program_info,hands on concern
is sports management a real major or just for athletes who cant play anymore,high_school_student,reflective_advisory,llm_needed,Sports Management,academic_program_info,degree legitimacy
colleges where criminal justice isnt just a cop pipeline,high_school_student,rewrite_needed,complex,Criminal Justice,academic_program_info,program culture concern
schools with strong philosophy programs that lead somewhere after graduation,high_school_student,multi_constraint,complex,"Philosophy, Career",academic_program_info,outcomes concern
best programs for students who want to work in museums or archives,high_school_student,filtered_search,medium,"Museum Studies, Archives",academic_program_info,niche career path
is an art history degree useful outside academia,high_school_student,reflective_advisory,llm_needed,"Art History, Career",academic_program_info,degree ROI
colleges where theater students also learn business and production,high_school_student,multi_constraint,complex,"Theater, Business",academic_program_info,interdisciplinary program
schools with strong urban planning programs at undergrad level,high_school_student,filtered_search,medium,Urban Planning,academic_program_info,niche program access
best colleges for students who want to go into education policy not teaching,high_school_student,filtered_search,medium,Education Policy,academic_program_info,career distinction
is nutrition science a good major or should i do biology instead,high_school_student,advisory,llm_needed,"Nutrition, Biology",academic_program_info,major comparison
colleges where journalism students publish real stories not just class projects,high_school_student,rewrite_needed,complex,"Journalism, Publishing",academic_program_info,real world access
schools that prepare social work students for actual caseloads,high_school_student,filtered_search,medium,"Social Work, Clinical",academic_program_info,practical prep
best undergrad programs if i want to eventually do environmental law,high_school_student,multi_constraint,complex,"Environmental Law, Pre-Law",academic_program_info,career pipeline
is marketing a useful business major or is it fluff,high_school_student,reflective_advisory,llm_needed,"Marketing, Business",academic_program_info,degree substance concern
colleges where linguistics majors have real career pathways,high_school_student,filtered_search,medium,"Linguistics, Career",academic_program_info,outcomes niche
schools with strong occupational therapy programs at undergrad,high_school_student,filtered_search,medium,Occupational Therapy,academic_program_info,health program access
best colleges for students who want to work in documentary film,high_school_student,filtered_search,medium,"Documentary, Film",academic_program_info,niche media track
is getting a history degree a mistake if i want a real career,high_school_student,reflective_advisory,llm_needed,"History, Career",academic_program_info,humanities ROI
schools where pre dental students actually get into dental school,high_school_student,filtered_search,medium,"Pre-Dental, Outcomes",academic_program_info,program outcomes
colleges with strong kinesiology programs that go beyond sports,high_school_student,rewrite_needed,complex,Kinesiology,academic_program_info,program depth
best schools for students who want to work in publishing someday,high_school_student,filtered_search,medium,"Publishing, English",academic_program_info,career track
is a geography degree actually useful in the job market,high_school_student,reflective_advisory,llm_needed,"Geography, Career",academic_program_info,degree ROI
schools where education majors get real classroom time before senior year,high_school_student,filtered_search,medium,"Education, Field Experience",academic_program_info,early placement
colleges with strong religious studies programs that arent seminary adjacent,high_school_student,rewrite_needed,complex,Religious Studies,academic_program_info,program culture concern
best programs if i want to work in fashion industry not just design,high_school_student,filtered_search,medium,"Fashion, Business",academic_program_info,industry track
is a sociology degree worth getting if i want to work in hr,high_school_student,reflective_advisory,llm_needed,"Sociology, HR, Career",academic_program_info,career application
schools where pre vet students have animal access on campus,high_school_student,filtered_search,medium,"Pre-Vet, Animal Science",academic_program_info,hands on access
colleges with strong public administration programs at undergrad level,high_school_student,filtered_search,medium,Public Administration,academic_program_info,civic career track
best schools for students who want to do humanitarian photography,high_school_student,multi_constraint,complex,"Photography, Humanitarian",academic_program_info,niche interdisciplinary
is a theater degree only useful if you want to perform,high_school_student,reflective_advisory,llm_needed,"Theater, Career",academic_program_info,degree versatility
schools where sports medicine students get clinical exposure early,high_school_student,filtered_search,medium,"Sports Medicine, Clinical",academic_program_info,applied access
colleges where criminology leads to real research not just policing,high_school_student,rewrite_needed,complex,"Criminology, Research",academic_program_info,program culture
best undergrad programs for students interested in labor organizing,high_school_student,filtered_search,medium,"Labor Studies, Organizing",academic_program_info,niche civic track
is film production better than film studies if i want to direct,high_school_student,advisory,llm_needed,"Film Production, Film Studies",academic_program_info,program comparison
schools where physics majors have research access before junior year,high_school_student,filtered_search,medium,"Physics, Research",academic_program_info,early research access
colleges with strong landscape architecture programs,high_school_student,filtered_search,medium,Landscape Architecture,academic_program_info,niche design program
best programs if i want to become a speech language pathologist,high_school_student,filtered_search,medium,Speech Pathology,academic_program_info,health career track
is an education degree limiting or can you do a lot with it,high_school_student,reflective_advisory,llm_needed,"Education, Career",academic_program_info,degree versatility
schools where chemistry students get industry experience not just lab credit,high_school_student,filtered_search,medium,"Chemistry, Industry",academic_program_info,applied outcomes
colleges where art students have gallery access and show real work,high_school_student,filtered_search,medium,"Fine Art, Gallery",academic_program_info,professional exposure
best schools for students interested in science writing or science journalism,high_school_student,filtered_search,medium,"Science Writing, Journalism",academic_program_info,interdisciplinary track
is a religious studies degree only for people going into ministry,high_school_student,reflective_advisory,llm_needed,"Religious Studies, Career",academic_program_info,degree versatility
schools where public policy students work on real local issues,high_school_student,filtered_search,medium,"Public Policy, Applied",academic_program_info,experiential learning
colleges with strong programs for students going into immigration law,high_school_student,filtered_search,medium,"Immigration Law, Pre-Law",academic_program_info,career pipeline
best undergrad programs for future nonprofit fundraisers,high_school_student,filtered_search,medium,"Nonprofit, Fundraising",academic_program_info,niche career path
is it smart to major in philosophy and minor in business,high_school_student,advisory,llm_needed,"Philosophy, Business",academic_program_info,major pairing strategy
schools where economics and political science are taught together,high_school_student,filtered_search,medium,"Economics, Political Science",academic_program_info,interdisciplinary program
colleges where audio engineering students work in real studios,high_school_student,filtered_search,medium,"Audio Engineering, Studio",academic_program_info,hands on access
best programs for students who want to work in arts administration,high_school_student,filtered_search,medium,Arts Administration,academic_program_info,niche career track
is forensic science a real field or just a tv thing,high_school_student,reflective_advisory,llm_needed,"Forensic Science, Career",academic_program_info,degree legitimacy
schools where environmental studies majors do actual policy work,high_school_student,filtered_search,medium,"Environmental Studies, Policy",academic_program_info,applied program
colleges with strong programs for students going into sports journalism,high_school_student,multi_constraint,complex,Sports Journalism,academic_program_info,niche interdisciplinary
best schools if you want to eventually run a nonprofit not just work for one,high_school_student,filtered_search,medium,Nonprofit Management,academic_program_info,leadership track
is a double major in biology and economics realistic,high_school_student,advisory,llm_needed,"Biology, Economics",academic_program_info,double major feasibility
schools where studio art students develop professional portfolios,high_school_student,filtered_search,medium,"Studio Art, Portfolio",academic_program_info,career readiness
colleges with strong programs for students going into museum education,high_school_student,filtered_search,medium,Museum Education,academic_program_info,niche public program
best undergrad programs for future urban farmers or food systems workers,high_school_student,filtered_search,medium,"Food Systems, Urban Agriculture",academic_program_info,niche applied program
is a creative writing degree useful or just self indulgent,high_school_student,reflective_advisory,llm_needed,"Creative Writing, Career",academic_program_info,degree ROI concern
schools where journalism students focus on investigative work not fluff,high_school_student,rewrite_needed,complex,"Journalism, Investigative",academic_program_info,program culture
colleges where philosophy and law connect in meaningful ways,high_school_student,filtered_search,medium,"Philosophy, Pre-Law",academic_program_info,interdisciplinary track
best programs for students interested in disability studies,high_school_student,filtered_search,medium,Disability Studies,academic_program_info,niche social program
is a double major in english and psychology a good idea,high_school_student,advisory,llm_needed,"English, Psychology",academic_program_info,major pairing strategy
schools with strong programs in applied linguistics not just theory,high_school_student,rewrite_needed,complex,Applied Linguistics,academic_program_info,program substance concern
colleges where music students can also study music business,high_school_student,multi_constraint,complex,"Music, Business",academic_program_info,interdisciplinary program
best schools for students going into physical therapy eventually,high_school_student,filtered_search,medium,"Physical Therapy, Pre-PT",academic_program_info,health career track
is a minor in statistics useful if im majoring in social science,high_school_student,advisory,llm_needed,"Statistics, Social Science",academic_program_info,minor strategy
schools where communication design is different from graphic design,high_school_student,rewrite_needed,complex,Communication Design,academic_program_info,program distinction
colleges where students can major in food science or culinary nutrition,high_school_student,filtered_search,medium,"Food Science, Nutrition",academic_program_info,niche program
best programs if i want to work in crisis communications someday,high_school_student,filtered_search,medium,"Crisis Communications, PR",academic_program_info,career track
is environmental engineering different enough from civil to matter,high_school_student,advisory,llm_needed,"Environmental Engineering, Civil",academic_program_info,program distinction
schools where health administration students do real hospital placements,high_school_student,filtered_search,medium,"Health Administration, Placements",academic_program_info,applied access
colleges with strong programs preparing students for the foreign service exam,high_school_student,filtered_search,medium,"Foreign Service, International Relations",academic_program_info,career pipeline
best undergrad programs for students interested in cognitive science,high_school_student,filtered_search,medium,Cognitive Science,academic_program_info,interdisciplinary STEM
is minoring in a second language actually worth the credits,college_student,advisory,llm_needed,"Language, Minor",academic_program_info,minor value question
schools where human development majors get real child development experience,high_school_student,filtered_search,medium,"Human Development, Child",academic_program_info,applied program
colleges with strong programs for students going into healthcare policy,high_school_student,multi_constraint,complex,"Healthcare Policy, Pre-Law",academic_program_info,interdisciplinary track
best programs for students who want to combine art and activism,high_school_student,multi_constraint,complex,"Art, Activism",academic_program_info,values driven program
is a double major in finance and philosophy weird or actually smart,high_school_student,reflective_advisory,llm_needed,"Finance, Philosophy",academic_program_info,unconventional pairing
schools where public health and social work programs overlap usefully,high_school_student,filtered_search,medium,"Public Health, Social Work",academic_program_info,interdisciplinary program
colleges where pre med students also explore humanities seriously,high_school_student,multi_constraint,complex,"Pre-Med, Humanities",academic_program_info,program balance
best programs if i want to work in educational technology someday,high_school_student,filtered_search,medium,"EdTech, Education",academic_program_info,niche career track
is studying abroad for a full year realistic if i have a strict major,high_school_student,advisory,llm_needed,"Study Abroad, Major Constraints",academic_program_info,abroad feasibility