Query,Persona,Intent,Complexity,Entities,Route,Notes
Carnegie Mellon,high_school_student,exact_lookup,short_circuit,,,simple entity
MIT housing,high_school_student,attribute_lookup,short_circuit,,,single attribute
schools in Texas with low student-to-faculty ratio,high_school_student,filtered_search,medium,,,1–2 filters
affordable engineering schools in warm states with good job placement,high_school_student,multi_constraint,complex,,,multi-constraint
Purdue vs MIT,high_school_student,comparison,complex,,,compare entities
recommend large colleges not Florida for architecture safety schools,high_school_student,recommendation,complex,,,needs recommendations
do i need sat for UC Berkeley,high_school_student,admissions_process,medium,,,how-to / admissions
how to lower college costs,high_school_student,cost_financial_aid,medium,,,cost / aid
schools with normal people,high_school_student,campus_life_fit,llm_needed,,,subjective fit
best colleges for mechanical engineering job outcomes,high_school_student,career_outcomes,medium,,,outcomes
ucla vibe but not so expensive,high_school_student,rewrite_needed,complex,,,needs rewrite
request demo for our admissions team,high_school_student,b2b_partnership,medium,,,B2B
cornell,college_student,exact_lookup,short_circuit,,,simple entity
UC Irvine scholarships,college_student,attribute_lookup,short_circuit,,,single attribute
colleges in the Midwest,college_student,filtered_search,medium,,,1–2 filters
colleges not Florida under 30k with strong research and internships,college_student,multi_constraint,complex,,,multi-constraint
Cornell vs UT Austin,college_student,comparison,complex,,,compare entities
schools like Harvard but cheaper,college_student,recommendation,complex,,,needs recommendations
what essays does University of Maryland require,college_student,admissions_process,medium,,,how-to / admissions
how to lower college costs,college_student,cost_financial_aid,medium,,,cost / aid
schools good for sports culture,college_student,campus_life_fit,llm_needed,,,subjective fit
schools with high internship placement rates,college_student,career_outcomes,medium,,,outcomes
harvard but less stressful,college_student,rewrite_needed,complex,,,needs rewrite
api access for college partners,college_student,b2b_partnership,medium,,,B2B
Vanderbilt,parent,exact_lookup,short_circuit,,,simple entity
University of Florida housing guarantee,parent,attribute_lookup,short_circuit,,,single attribute; parent framing
best political science schools in Texas,parent,filtered_search,medium,,,1–2 filters
colleges in Texas full ride options with strong research and internships,parent,multi_constraint,complex,,,multi-constraint
Penn State tuition vs Princeton tuition,parent,comparison,complex,,,compare entities
what schools should i apply to for architecture in California under 20k,parent,recommendation,complex,,,needs recommendations
University of Washington application deadlines,parent,admissions_process,medium,,,how-to / admissions
how to lower college costs,parent,cost_financial_aid,medium,,,cost / aid
University of Michigan chill campus,parent,campus_life_fit,llm_needed,,,subjective fit
best colleges for aerospace engineering job outcomes,parent,career_outcomes,medium,,,outcomes
ucla vibe but not so expensive,parent,rewrite_needed,complex,,,needs rewrite
enterprise access for counselors and districts,parent,b2b_partnership,medium,,,B2B
schools with strong first gen support,counselor_teacher,exact_lookup,short_circuit,,,simple entity; counselor framing
Carnegie Mellon mental health counseling,counselor_teacher,attribute_lookup,short_circuit,,,single attribute
schools in the Midwest with low student-to-faculty ratio,counselor_teacher,filtered_search,medium,,,1–2 filters; counselor framing
schools with strong first gen support,counselor_teacher,multi_constraint,complex,,,multi-constraint; counselor framing
UCLA tuition vs Purdue tuition,counselor_teacher,comparison,complex,,,compare entities
recommend medium-sized colleges in Texas for neuroscience not too competitive,counselor_teacher,recommendation,complex,,,needs recommendations
University of Washington admissions profile average sat and gpa,counselor_teacher,admissions_process,medium,,,how-to / admissions; counselor framing
Purdue admissions profile average sat and gpa,counselor_teacher,cost_financial_aid,medium,,,cost / aid; counselor framing
schools good for chill campus,counselor_teacher,campus_life_fit,llm_needed,,,subjective fit
Penn State job placement for engineering,counselor_teacher,career_outcomes,medium,,,outcomes; counselor framing
mit without the suffering,counselor_teacher,rewrite_needed,complex,,,needs rewrite
how do we update our school profile data,counselor_teacher,b2b_partnership,medium,,,B2B
Rice University,advisor,exact_lookup,short_circuit,,,simple entity
UC San Diego acceptance rate,advisor,attribute_lookup,short_circuit,,,single attribute
universities with strong biology,advisor,filtered_search,medium,,,1–2 filters
affordable engineering schools near the beach with good job placement,advisor,multi_constraint,complex,,,multi-constraint; advisor framing
create reach target safety list for film in Texas under 40k,advisor,comparison,complex,,,compare entities; advisor framing
what schools should i apply to for political science in Texas good financial aid,advisor,recommendation,complex,,,needs recommendations
do i need sat for Brown,advisor,admissions_process,medium,,,how-to / admissions
University of Michigan scholarships,advisor,cost_financial_aid,medium,,,cost / aid; advisor framing
create reach target safety list for pre-law in California full ride options,advisor,campus_life_fit,llm_needed,,,subjective fit; advisor framing
best colleges for film job outcomes,advisor,career_outcomes,medium,,,outcomes
harvard but less stressful,advisor,rewrite_needed,complex,,,needs rewrite
enterprise access for counselors and districts,advisor,b2b_partnership,medium,,,B2B; advisor framing
how do we update our school profile data,college_b2b,exact_lookup,short_circuit,,,B2B (forced)
how do we update our school profile data,college_b2b,attribute_lookup,short_circuit,,,B2B (forced)
request demo for our admissions team,college_b2b,filtered_search,medium,,,B2B (forced)
how do we update our school profile data,college_b2b,multi_constraint,complex,,,B2B (forced)
request demo for our admissions team,college_b2b,comparison,complex,,,B2B (forced)
request demo for our admissions team,college_b2b,recommendation,complex,,,B2B (forced)
how do we update our school profile data,college_b2b,admissions_process,medium,,,B2B (forced)
request demo for our admissions team,college_b2b,cost_financial_aid,medium,,,B2B (forced)
api access for college partners,college_b2b,campus_life_fit,llm_needed,,,B2B (forced)
how do we update our school profile data,college_b2b,career_outcomes,medium,,,B2B (forced)
how do we update our school profile data,college_b2b,rewrite_needed,complex,,,B2B (forced)
request demo for our admissions team,college_b2b,b2b_partnership,medium,,,B2B
penn state,high_school_student,exact_lookup,short_circuit,,,simple entity; complexity_seed
colleges near the beach,high_school_student,filtered_search,medium,,,1–2 filters; complexity_seed
affordable data science schools near the beach with good job placement,high_school_student,multi_constraint,complex,,,multi-constraint; complexity_seed
schools good for normal people,high_school_student,campus_life_fit,llm_needed,,,subjective fit; complexity_seed
Princeton,college_student,exact_lookup,short_circuit,,,simple entity; complexity_seed
schools in the Midwest with low student-to-faculty ratio,college_student,filtered_search,medium,,,1–2 filters; complexity_seed
colleges near Chicago under 30k with strong research and internships,college_student,multi_constraint,complex,,,multi-constraint; complexity_seed
colleges where people dont care about football,college_student,campus_life_fit,llm_needed,,,subjective fit; complexity_seed
university of michigan,parent,exact_lookup,short_circuit,,,simple entity; complexity_seed
universities with strong psychology,parent,filtered_search,medium,,,1–2 filters; complexity_seed
four year cost of UC Berkeley including housing,parent,multi_constraint,complex,,,multi-constraint; parent framing; complexity_seed
schools good for introverts,parent,campus_life_fit,llm_needed,,,subjective fit; complexity_seed
schools with strong first gen support,counselor_teacher,exact_lookup,short_circuit,,,simple entity; counselor framing; complexity_seed
schools in the Midwest with low student-to-faculty ratio,counselor_teacher,filtered_search,medium,,,1–2 filters; complexity_seed
Rice University admissions profile average sat and gpa,counselor_teacher,multi_constraint,complex,,,multi-constraint; counselor framing; complexity_seed
colleges where people dont care about football,counselor_teacher,campus_life_fit,llm_needed,,,subjective fit; counselor framing; complexity_seed
create reach target safety list for business not Florida under 40k,advisor,exact_lookup,short_circuit,,,simple entity; advisor framing; complexity_seed
colleges near a major tech hub,advisor,filtered_search,medium,,,1–2 filters; complexity_seed
colleges near the beach under 40k with strong research and internships,advisor,multi_constraint,complex,,,multi-constraint; complexity_seed
Cornell normal people,advisor,campus_life_fit,llm_needed,,,subjective fit; complexity_seed
request demo for our admissions team,college_b2b,exact_lookup,short_circuit,,,B2B (forced); complexity_seed
how do we update our school profile data,college_b2b,filtered_search,medium,,,B2B (forced); complexity_seed
how do we update our school profile data,college_b2b,multi_constraint,complex,,,B2B (forced); complexity_seed
request demo for our admissions team,college_b2b,campus_life_fit,llm_needed,,,B2B (forced); complexity_seed
enterprise access for counselors and districts,college_b2b,b2b_partnership,short_circuit,,,B2B
University of Florida scholarships,counselor_teacher,cost_financial_aid,medium,,,cost / aid
UC Irvine job placement for psychology,parent,career_outcomes,medium,,,outcomes; parent framing
how do i apply to UC San Diego,high_school_student,admissions_process,medium,,,how-to / admissions
recommend small colleges in Texas for business reach schools,counselor_teacher,recommendation,complex,,,needs recommendations
Stanford vs Harvard,advisor,comparison,medium,,,compare entities; advisor framing
what schools should i apply to for data science in warm states under 20k,high_school_student,recommendation,complex,,,needs recommendations
schools with strong first gen support,counselor_teacher,attribute_lookup,short_circuit,,,single attribute; counselor framing
Boston University,counselor_teacher,exact_lookup,short_circuit,,,simple entity
Penn State application deadlines,high_school_student,admissions_process,medium,,,how-to / admissions
does Brown have chemistry,high_school_student,attribute_lookup,short_circuit,,,single attribute
financial aid for Penn State,counselor_teacher,attribute_lookup,short_circuit,,,single attribute
acceptance rate for University of Maryland,parent,attribute_lookup,short_circuit,,,single attribute
enterprise access for counselors and districts,college_b2b,b2b_partnership,medium,,,B2B
Virginia Tech,high_school_student,exact_lookup,short_circuit,,,simple entity
schools like Princeton but cheaper,counselor_teacher,recommendation,complex,,,needs recommendations; counselor framing
schools with strong first gen support,counselor_teacher,comparison,complex,,,compare entities; counselor framing
Caltech financial aid for out of state,advisor,cost_financial_aid,medium,,,cost / aid
harvard but less stressful,parent,rewrite_needed,complex,,,needs rewrite
NYU job placement for architecture,advisor,career_outcomes,medium,,,outcomes
medium-sized engineering colleges on the East Coast under 40k target schools,counselor_teacher,multi_constraint,complex,,,multi-constraint
four year cost of University of Washington including housing,parent,career_outcomes,complex,,,outcomes; parent framing
does Vanderbilt have neuroscience,parent,attribute_lookup,short_circuit,,,single attribute
medium-sized electrical engineering colleges near Chicago full ride options safety schools,high_school_student,multi_constraint,complex,,,multi-constraint
University of Florida but cheaper,advisor,rewrite_needed,complex,,,needs rewrite
Stanford housing,high_school_student,attribute_lookup,short_circuit,,,single attribute
MIT tuition vs Arizona State tuition,high_school_student,comparison,complex,,,compare entities
large neuroscience colleges in Texas under 40k target schools,college_student,multi_constraint,complex,,,multi-constraint
create reach target safety list for film in warm states full ride options,advisor,rewrite_needed,complex,,,needs rewrite; advisor framing
colleges near the beach,college_student,filtered_search,medium,,,1–2 filters
Rice University admissions profile average sat and gpa,counselor_teacher,b2b_partnership,medium,,,B2B; counselor framing
universities with strong engineering,parent,filtered_search,medium,,,1–2 filters; parent framing
pricing for partner colleges,high_school_student,b2b_partnership,medium,,,B2B
how do we update our school profile data,college_b2b,b2b_partnership,complex,,,B2B
Northwestern,parent,exact_lookup,short_circuit,,,simple entity
MIT scholarships,parent,cost_financial_aid,medium,,,cost / aid
vanderbilt,high_school_student,exact_lookup,short_circuit,,,simple entity
Caltech tuition vs Virginia Tech tuition,college_student,comparison,complex,,,compare entities
Carnegie Mellon but cheaper,high_school_student,rewrite_needed,complex,,,needs rewrite
University of Washington vs Arizona State,parent,comparison,complex,,,compare entities
ucla vibe but not so expensive,advisor,rewrite_needed,complex,,,needs rewrite
create reach target safety list for pre-law on the East Coast under 30k,advisor,multi_constraint,complex,,,multi-constraint; advisor framing
pricing for partner colleges,college_b2b,b2b_partnership,medium,,,B2B
best business schools in warm states,college_student,filtered_search,medium,,,1–2 filters
Stanford,counselor_teacher,exact_lookup,short_circuit,,,simple entity; counselor framing
do i need sat for Carnegie Mellon,counselor_teacher,admissions_process,llm_needed,,,how-to / admissions
Vanderbilt chill campus,college_student,campus_life_fit,llm_needed,,,subjective fit
colleges where people dont care about football,parent,campus_life_fit,llm_needed,,,subjective fit
schools with strong first gen support,counselor_teacher,admissions_process,medium,,,how-to / admissions; counselor framing
colleges near Chicago under 20k with strong research and internships,advisor,multi_constraint,complex,,,multi-constraint
recommend small colleges in the Midwest for business target schools,college_student,recommendation,complex,,,needs recommendations
ucla vibe but not so expensive,counselor_teacher,rewrite_needed,complex,,,needs rewrite
harvard but less stressful,high_school_student,rewrite_needed,complex,,,needs rewrite
mit without the suffering,high_school_student,rewrite_needed,complex,,,needs rewrite
schools in Texas with low student-to-faculty ratio,parent,filtered_search,medium,,,1–2 filters
enterprise access for counselors and districts,college_b2b,b2b_partnership,llm_needed,,,B2B
how do we update our school profile data,college_student,b2b_partnership,medium,,,B2B
cheapest pre-law schools near a major tech hub,advisor,cost_financial_aid,short_circuit,,,cost / aid
enterprise access for counselors and districts,college_b2b,b2b_partnership,complex,,,B2B
recommend medium-sized colleges in warm states for economics reach schools,parent,recommendation,complex,,,needs recommendations
Boston University housing guarantee,parent,b2b_partnership,short_circuit,,,B2B; parent framing
MIT scholarships,college_student,cost_financial_aid,medium,,,cost / aid
Purdue tuition vs Rice University tuition,parent,comparison,complex,,,compare entities
schools with high internship placement rates,counselor_teacher,career_outcomes,llm_needed,,,outcomes
schools in Texas with low student-to-faculty ratio,college_student,filtered_search,medium,,,1–2 filters
enterprise access for counselors and districts,counselor_teacher,b2b_partnership,medium,,,B2B
USC housing guarantee,parent,exact_lookup,short_circuit,,,simple entity; parent framing
recommend large colleges in Texas for biology reach schools,parent,recommendation,complex,,,needs recommendations
Duke tuition vs University of Maryland tuition,counselor_teacher,comparison,complex,,,compare entities
what essays does Brown require,college_student,admissions_process,medium,,,how-to / admissions
best colleges for aerospace engineering job outcomes,college_student,career_outcomes,llm_needed,,,outcomes
colleges near a major tech hub low tuition with strong research and internships,counselor_teacher,multi_constraint,complex,,,multi-constraint
colleges where people dont care about football,counselor_teacher,campus_life_fit,llm_needed,,,subjective fit
colleges not Florida good financial aid with strong research and internships,college_student,multi_constraint,complex,,,multi-constraint
Virginia Tech,college_student,exact_lookup,short_circuit,,,simple entity
schools with high internship placement rates,advisor,career_outcomes,medium,,,outcomes
University of Michigan job placement for engineering,advisor,career_outcomes,medium,,,outcomes; advisor framing
Harvard financial aid for out of state,counselor_teacher,cost_financial_aid,medium,,,cost / aid
how do we update our school profile data,college_b2b,b2b_partnership,medium,,,B2B
UCLA vibe,high_school_student,campus_life_fit,llm_needed,,,subjective fit
affordable public health schools in Texas with good job placement,high_school_student,multi_constraint,complex,,,multi-constraint
Penn State application deadlines,counselor_teacher,admissions_process,medium,,,how-to / admissions
recommend large colleges near a major tech hub for pre-law not too competitive,advisor,recommendation,complex,,,needs recommendations
Columbia vs Caltech,college_student,comparison,complex,,,compare entities
recommend small colleges near Chicago for nursing reach schools,high_school_student,recommendation,complex,,,needs recommendations
UT Austin vs Purdue for pre-med,high_school_student,comparison,complex,,,compare entities
Purdue vs UT Austin,advisor,comparison,complex,,,compare entities
colleges in warm states under 30k with strong research and internships,college_student,multi_constraint,complex,,,multi-constraint
penn state,parent,exact_lookup,short_circuit,,,simple entity
pricing for partner colleges,parent,b2b_partnership,medium,,,B2B
medium-sized finance colleges near Chicago under 20k target schools,high_school_student,multi_constraint,medium,,,multi-constraint
Arizona State housing guarantee,parent,exact_lookup,short_circuit,,,simple entity; parent framing
does Georgia Tech have philosophy,parent,attribute_lookup,short_circuit,,,single attribute
brown,college_student,exact_lookup,short_circuit,,,simple entity
request demo for our admissions team,parent,b2b_partnership,medium,,,B2B
how do i apply to Stanford,college_student,admissions_process,medium,,,how-to / admissions
what essays does Arizona State require,counselor_teacher,admissions_process,medium,,,how-to / admissions
NYU job placement for electrical engineering,high_school_student,career_outcomes,medium,,,outcomes
do i need sat for Northeastern,parent,admissions_process,medium,,,how-to / admissions; parent framing
University of Wisconsin tuition vs UC Berkeley tuition,advisor,comparison,complex,,,compare entities
schools like Penn State but cheaper,high_school_student,recommendation,complex,,,needs recommendations
colleges in California,high_school_student,filtered_search,medium,,,1–2 filters
universities with strong psychology,advisor,filtered_search,medium,,,1–2 filters; advisor framing
do i need sat for Carnegie Mellon,advisor,admissions_process,medium,,,how-to / admissions
schools like Carnegie Mellon but cheaper,high_school_student,recommendation,complex,,,needs recommendations
Boston University vs UC Irvine for finance,counselor_teacher,comparison,complex,,,compare entities
affordable philosophy schools not Florida with good job placement,college_student,multi_constraint,complex,,,multi-constraint
Purdue vs MIT for political science,high_school_student,comparison,complex,,,compare entities
schools with normal people,college_student,campus_life_fit,short_circuit,,,subjective fit
University of Maryland but cheaper,parent,rewrite_needed,complex,,,needs rewrite; parent framing
schools with strong first gen support,counselor_teacher,career_outcomes,medium,,,outcomes; counselor framing
Vanderbilt financial aid,advisor,attribute_lookup,short_circuit,,,single attribute
colleges not Florida under 20k with strong research and internships,college_student,multi_constraint,complex,,,multi-constraint
UC Berkeley admissions profile average sat and gpa,counselor_teacher,attribute_lookup,short_circuit,,,single attribute; counselor framing
northeastern,college_student,exact_lookup,short_circuit,,,simple entity
do i need sat for Vanderbilt,high_school_student,admissions_process,short_circuit,,,how-to / admissions
schools near the beach with low student-to-faculty ratio,parent,filtered_search,medium,,,1–2 filters
schools near a major tech hub with low student-to-faculty ratio,college_student,filtered_search,medium,,,1–2 filters
University of Michigan financial aid for out of state,college_student,cost_financial_aid,medium,,,cost / aid
Princeton but cheaper,high_school_student,rewrite_needed,complex,,,needs rewrite
how do we update our school profile data,high_school_student,b2b_partnership,medium,,,B2B
affordable business schools near the beach with good job placement,parent,multi_constraint,complex,,,multi-constraint
api access for college partners,college_b2b,b2b_partnership,medium,,,B2B
large philosophy colleges on the East Coast under 40k reach schools,counselor_teacher,multi_constraint,complex,,,multi-constraint
Vanderbilt housing guarantee,parent,admissions_process,medium,,,how-to / admissions; parent framing
api access for college partners,parent,b2b_partnership,medium,,,B2B
colleges in California,advisor,filtered_search,medium,,,1–2 filters; advisor framing
request demo for our admissions team,college_student,b2b_partnership,medium,,,B2B
what essays does Caltech require,counselor_teacher,admissions_process,complex,,,how-to / admissions
Penn State study abroad,counselor_teacher,attribute_lookup,short_circuit,,,single attribute
Duke research opportunities,counselor_teacher,attribute_lookup,short_circuit,,,single attribute
research opportunities for Northeastern,parent,attribute_lookup,short_circuit,,,single attribute
mit without the suffering,college_student,rewrite_needed,complex,,,needs rewrite
schools like UC San Diego but cheaper,advisor,recommendation,complex,,,needs recommendations
Princeton vs Harvard,college_student,comparison,complex,,,compare entities
Caltech admissions profile average sat and gpa,counselor_teacher,multi_constraint,complex,,,multi-constraint; counselor framing
what schools should i apply to for computer science near Chicago low tuition,counselor_teacher,recommendation,complex,,,needs recommendations
Carnegie Mellon admissions profile average sat and gpa,counselor_teacher,attribute_lookup,short_circuit,,,single attribute; counselor framing
schools with high internship placement rates,parent,career_outcomes,medium,,,outcomes
what essays does UC San Diego require,counselor_teacher,admissions_process,medium,,,how-to / admissions
does Columbia have mechanical engineering,advisor,attribute_lookup,short_circuit,,,single attribute
request demo for our admissions team,college_b2b,b2b_partnership,short_circuit,,,B2B
universities with strong economics,parent,filtered_search,complex,,,1–2 filters
best colleges for computer science job outcomes,high_school_student,career_outcomes,medium,,,outcomes
Harvard,high_school_student,exact_lookup,short_circuit,,,simple entity
schools good for normal people,advisor,campus_life_fit,llm_needed,,,subjective fit
Arizona State housing guarantee,parent,career_outcomes,medium,,,outcomes; parent framing
Maryland,advisor,exact_lookup,short_circuit,,,simple entity
schools on the East Coast with low student-to-faculty ratio,college_student,filtered_search,medium,,,1–2 filters
colleges where people dont care about football,advisor,campus_life_fit,llm_needed,,,subjective fit
large pre-law colleges in warm states good financial aid not too competitive,high_school_student,multi_constraint,complex,,,multi-constraint
best colleges for mechanical engineering job outcomes,college_student,career_outcomes,medium,,,outcomes
Columbia,parent,exact_lookup,complex,,,simple entity
recommend large colleges near the beach for finance target schools,counselor_teacher,recommendation,complex,,,needs recommendations
Arizona State but cheaper,parent,rewrite_needed,complex,,,needs rewrite
recommend medium-sized colleges on the East Coast for biology reach schools,advisor,recommendation,complex,,,needs recommendations; advisor framing
cheapest computer science schools in California,counselor_teacher,cost_financial_aid,medium,,,cost / aid; counselor framing
schools with strong first gen support,counselor_teacher,rewrite_needed,complex,,,needs rewrite; counselor framing
four year cost of Caltech including housing,parent,cost_financial_aid,medium,,,cost / aid; parent framing
four year cost of UCLA including housing,parent,rewrite_needed,complex,,,needs rewrite; parent framing
does Columbia have political science,counselor_teacher,attribute_lookup,medium,,,single attribute
NYU application deadlines,advisor,admissions_process,medium,,,how-to / admissions
uc san diego,college_student,exact_lookup,short_circuit,,,simple entity
how do we update our school profile data,parent,b2b_partnership,medium,,,B2B
what essays does University of Maryland require,counselor_teacher,admissions_process,medium,,,how-to / admissions
colleges in California low tuition with strong research and internships,college_student,multi_constraint,complex,,,multi-constraint
do i need sat for UC Irvine,high_school_student,admissions_process,medium,,,how-to / admissions
schools good for chill campus,parent,campus_life_fit,llm_needed,,,subjective fit
schools not Florida with low student-to-faculty ratio,college_student,filtered_search,medium,,,1–2 filters
NYU housing guarantee,parent,admissions_process,medium,,,how-to / admissions; parent framing
four year cost of Duke including housing,parent,campus_life_fit,llm_needed,,,subjective fit; parent framing
Carnegie Mellon vs University of Michigan,advisor,comparison,complex,,,compare entities; advisor framing
University of Florida,parent,exact_lookup,short_circuit,,,simple entity
colleges in Texas under 20k with strong research and internships,advisor,multi_constraint,complex,,,multi-constraint
how do i apply to Virginia Tech,counselor_teacher,admissions_process,medium,,,how-to / admissions
how do i apply to Arizona State,parent,admissions_process,medium,,,how-to / admissions
UT Austin,counselor_teacher,exact_lookup,short_circuit,,,simple entity
how do we update our school profile data,college_b2b,b2b_partnership,llm_needed,,,B2B
mit without the suffering,parent,rewrite_needed,complex,,,needs rewrite
Boston University tuition vs NYU tuition,advisor,comparison,complex,,,compare entities
what schools should i apply to for architecture not Florida under 20k,parent,recommendation,medium,,,needs recommendations
UT Austin vs Northwestern,counselor_teacher,comparison,complex,,,compare entities; counselor framing
does Virginia Tech have computer science,college_student,attribute_lookup,short_circuit,,,single attribute
four year cost of University of Florida including housing,parent,b2b_partnership,medium,,,B2B; parent framing
four year cost of University of Maryland including housing,parent,b2b_partnership,medium,,,B2B; parent framing
Princeton but cheaper,college_student,rewrite_needed,complex,,,needs rewrite
colleges near the beach under 30k with strong research and internships,high_school_student,multi_constraint,complex,,,multi-constraint
NYU job placement for computer science,high_school_student,career_outcomes,medium,,,outcomes
UC Berkeley scholarships,counselor_teacher,cost_financial_aid,medium,,,cost / aid
USC,counselor_teacher,exact_lookup,medium,,,simple entity
Princeton housing guarantee,parent,filtered_search,medium,,,1–2 filters; parent framing
create reach target safety list for neuroscience on the East Coast under 20k,advisor,attribute_lookup,short_circuit,,,single attribute; advisor framing
UCLA tuition vs Rice University tuition,college_student,comparison,complex,,,compare entities
schools like Princeton but cheaper,parent,recommendation,complex,,,needs recommendations
Penn State but cheaper,advisor,rewrite_needed,complex,,,needs rewrite
virginia tech,counselor_teacher,exact_lookup,short_circuit,,,simple entity; counselor framing
schools in warm states with low student-to-faculty ratio,advisor,filtered_search,medium,,,1–2 filters
universities with strong political science,advisor,filtered_search,medium,,,1–2 filters
how do i apply to Cornell,parent,admissions_process,short_circuit,,,how-to / admissions; parent framing
what essays does Columbia require,counselor_teacher,admissions_process,medium,,,how-to / admissions
Duke vs USC,high_school_student,comparison,complex,,,compare entities
do i need sat for Purdue,high_school_student,admissions_process,medium,,,how-to / admissions
schools good for vibe,parent,campus_life_fit,llm_needed,,,subjective fit
recommend small colleges on the East Coast for political science safety schools,parent,recommendation,short_circuit,,,needs recommendations
how do i apply to University of Florida,advisor,admissions_process,medium,,,how-to / admissions
colleges near the beach under 40k with strong research and internships,college_student,multi_constraint,complex,,,multi-constraint
affordable business schools near Chicago with good job placement,college_student,multi_constraint,complex,,,multi-constraint
how do i apply to University of Wisconsin,parent,admissions_process,medium,,,how-to / admissions; parent framing
USC,counselor_teacher,exact_lookup,llm_needed,,,simple entity
recommend medium-sized colleges near a major tech hub for aerospace engineering reach schools,parent,recommendation,complex,,,needs recommendations
schools good for sports culture,high_school_student,campus_life_fit,llm_needed,,,subjective fit
UC Irvine job placement for chemistry,advisor,career_outcomes,complex,,,outcomes
Arizona State,college_student,exact_lookup,short_circuit,,,simple entity
Arizona State,high_school_student,exact_lookup,short_circuit,,,simple entity
affordable public health schools near the beach with good job placement,advisor,multi_constraint,complex,,,multi-constraint; advisor framing
mental health counseling for Cornell,advisor,attribute_lookup,short_circuit,,,single attribute
UCLA housing,college_student,attribute_lookup,short_circuit,,,single attribute
Carnegie Mellon but cheaper,advisor,rewrite_needed,complex,,,needs rewrite
recommend small colleges in the Midwest for aerospace engineering target schools,high_school_student,recommendation,complex,,,needs recommendations
does UC San Diego have philosophy,college_student,attribute_lookup,short_circuit,,,single attribute
create reach target safety list for pre-med near Chicago under 20k,advisor,admissions_process,medium,,,how-to / admissions; advisor framing
medium-sized economics colleges on the East Coast low tuition reach schools,high_school_student,multi_constraint,complex,,,multi-constraint
how do i apply to NYU,parent,admissions_process,medium,,,how-to / admissions
cornell,college_student,exact_lookup,medium,,,simple entity
ucla vibe but not so expensive,college_student,rewrite_needed,complex,,,needs rewrite
enterprise access for counselors and districts,high_school_student,b2b_partnership,medium,,,B2B
Harvard,counselor_teacher,exact_lookup,short_circuit,,,simple entity
Stanford application deadlines,counselor_teacher,admissions_process,medium,,,how-to / admissions
average SAT for Vanderbilt,advisor,attribute_lookup,short_circuit,,,single attribute
best colleges for chemistry job outcomes,counselor_teacher,career_outcomes,medium,,,outcomes
Columbia financial aid for out of state,counselor_teacher,cost_financial_aid,medium,,,cost / aid
schools in warm states with low student-to-faculty ratio,high_school_student,filtered_search,llm_needed,,,1–2 filters
University of Wisconsin but cheaper,college_student,rewrite_needed,complex,,,needs rewrite
recommend small colleges in Texas for neuroscience not too competitive,advisor,recommendation,complex,,,needs recommendations
Georgia Tech non-competitive culture,high_school_student,campus_life_fit,llm_needed,,,subjective fit
Stanford tuition vs Northwestern tuition,college_student,comparison,complex,,,compare entities
pricing for partner colleges,college_b2b,b2b_partnership,short_circuit,,,B2B
colleges where people dont care about football,college_student,campus_life_fit,llm_needed,,,subjective fit
NYU scholarships,college_student,cost_financial_aid,medium,,,cost / aid
universities with strong architecture,parent,filtered_search,medium,,,1–2 filters; parent framing
Brown tuition vs University of Wisconsin tuition,college_student,comparison,complex,,,compare entities
MIT housing guarantee,parent,exact_lookup,short_circuit,,,simple entity; parent framing
colleges on the East Coast under 30k with strong research and internships,counselor_teacher,multi_constraint,complex,,,multi-constraint
MIT admissions profile average sat and gpa,counselor_teacher,attribute_lookup,short_circuit,,,single attribute; counselor framing
University of Michigan scholarships,counselor_teacher,cost_financial_aid,medium,,,cost / aid
best political science schools in California,parent,filtered_search,medium,,,1–2 filters
mit without the suffering,college_student,rewrite_needed,llm_needed,,,needs rewrite
what essays does UCLA require,high_school_student,admissions_process,medium,,,how-to / admissions
Columbia housing guarantee,parent,exact_lookup,short_circuit,,,simple entity; parent framing
schools good for normal people,counselor_teacher,campus_life_fit,llm_needed,,,subjective fit
Penn State,parent,exact_lookup,short_circuit,,,simple entity
does Brown have business,counselor_teacher,attribute_lookup,short_circuit,,,single attribute
schools good for sports culture,advisor,campus_life_fit,llm_needed,,,subjective fit
ucla vibe but not so expensive,parent,rewrite_needed,complex,,,needs rewrite; parent framing
Carnegie Mellon financial aid for out of state,college_student,cost_financial_aid,medium,,,cost / aid
schools like Northwestern but cheaper,college_student,recommendation,medium,,,needs recommendations
best colleges for mechanical engineering job outcomes,counselor_teacher,career_outcomes,medium,,,outcomes
request demo for our admissions team,counselor_teacher,b2b_partnership,medium,,,B2B
schools like Boston University but cheaper,college_student,recommendation,complex,,,needs recommendations
schools with strong first gen support,counselor_teacher,b2b_partnership,medium,,,B2B; counselor framing
UCLA,college_student,exact_lookup,short_circuit,,,simple entity
four year cost of University of Wisconsin including housing,parent,admissions_process,medium,,,how-to / admissions; parent framing
schools near Chicago with low student-to-faculty ratio,parent,filtered_search,medium,,,1–2 filters
Harvard vs Columbia for nursing,college_student,comparison,complex,,,compare entities
best colleges for nursing job outcomes,college_student,career_outcomes,medium,,,outcomes
colleges where people dont care about football,parent,campus_life_fit,llm_needed,,,subjective fit; parent framing
affordable business schools near Chicago with good job placement,advisor,multi_constraint,complex,,,multi-constraint
universities with strong political science,college_student,filtered_search,medium,,,1–2 filters
Boston University non-competitive culture,counselor_teacher,campus_life_fit,llm_needed,,,subjective fit; counselor framing
schools with strong first gen support,counselor_teacher,recommendation,complex,,,needs recommendations; counselor framing
Michigan,college_student,exact_lookup,llm_needed,,,simple entity
Penn State application deadlines,advisor,admissions_process,medium,,,how-to / admissions
Brown vs UC Berkeley,high_school_student,comparison,complex,,,compare entities
tuition for Duke,counselor_teacher,attribute_lookup,short_circuit,,,single attribute
four year cost of Carnegie Mellon including housing,parent,multi_constraint,llm_needed,,,multi-constraint; parent framing
affordable engineering schools near Chicago with good job placement,college_student,multi_constraint,complex,,,multi-constraint
Caltech scholarships,counselor_teacher,cost_financial_aid,complex,,,cost / aid
schools with high internship placement rates,high_school_student,career_outcomes,medium,,,outcomes
create reach target safety list for architecture in California full ride options,advisor,b2b_partnership,medium,,,B2B; advisor framing
mit,parent,exact_lookup,short_circuit,,,simple entity
universities with strong computer science,college_student,filtered_search,medium,,,1–2 filters
affordable chemistry schools in the Midwest with good job placement,college_student,multi_constraint,complex,,,multi-constraint
schools with normal people,college_student,campus_life_fit,llm_needed,,,subjective fit
schools with strong first gen support,counselor_teacher,cost_financial_aid,medium,,,cost / aid; counselor framing
NYU application deadlines,high_school_student,admissions_process,medium,,,how-to / admissions
create reach target safety list for nursing on the East Coast full ride options,advisor,campus_life_fit,llm_needed,,,subjective fit; advisor framing
Carnegie Mellon,college_student,exact_lookup,short_circuit,,,simple entity
harvard but less stressful,parent,rewrite_needed,short_circuit,,,needs rewrite
schools like Northeastern but cheaper,parent,recommendation,complex,,,needs recommendations
UT Austin application deadlines,college_student,admissions_process,medium,,,how-to / admissions
acceptance rate for MIT,high_school_student,attribute_lookup,short_circuit,,,single attribute
affordable chemistry schools in Texas with good job placement,college_student,multi_constraint,complex,,,multi-constraint
Purdue,counselor_teacher,exact_lookup,short_circuit,,,simple entity
schools good for vibe,counselor_teacher,campus_life_fit,llm_needed,,,subjective fit
what schools should i apply to for public health not Florida low tuition,counselor_teacher,recommendation,complex,,,needs recommendations
pricing for partner colleges,advisor,b2b_partnership,medium,,,B2B
colleges in warm states,high_school_student,filtered_search,medium,,,1–2 filters
schools with normal people,advisor,campus_life_fit,medium,,,subjective fit
housing for Princeton,high_school_student,attribute_lookup,short_circuit,,,single attribute
best electrical engineering schools on the East Coast,advisor,filtered_search,medium,,,1–2 filters
MIT vs University of Michigan,parent,comparison,complex,,,compare entities
schools in the Midwest with low student-to-faculty ratio,counselor_teacher,filtered_search,medium,,,1–2 filters
recommend large colleges near Chicago for philosophy target schools,college_student,recommendation,complex,,,needs recommendations
what schools should i apply to for chemistry in Texas under 40k,college_student,recommendation,complex,,,needs recommendations
schools like Brown but cheaper,advisor,recommendation,complex,,,needs recommendations
MIT,high_school_student,exact_lookup,short_circuit,,,simple entity
University of Maryland vs Princeton for biology,parent,comparison,complex,,,compare entities
Columbia scholarships,advisor,cost_financial_aid,medium,,,cost / aid; advisor framing
Brown financial aid for out of state,high_school_student,cost_financial_aid,medium,,,cost / aid
colleges on the East Coast,college_student,filtered_search,medium,,,1–2 filters
api access for college partners,college_b2b,b2b_partnership,llm_needed,,,B2B
Northeastern normal people,high_school_student,campus_life_fit,llm_needed,,,subjective fit
request demo for our admissions team,college_b2b,b2b_partnership,llm_needed,,,B2B
pricing for partner colleges,advisor,b2b_partnership,short_circuit,,,B2B
Boston University housing guarantee,parent,attribute_lookup,short_circuit,,,single attribute; parent framing
best colleges for psychology job outcomes,advisor,career_outcomes,complex,,,outcomes
clubs for University of Florida,parent,attribute_lookup,complex,,,single attribute; parent framing
what schools should i apply to for pre-law in warm states low tuition,counselor_teacher,recommendation,complex,,,needs recommendations
ucla vibe but not so expensive,counselor_teacher,rewrite_needed,complex,,,needs rewrite; counselor framing
cheapest aerospace engineering schools near a major tech hub,parent,cost_financial_aid,medium,,,cost / aid; parent framing
schools like UC Irvine but cheaper,college_student,recommendation,complex,,,needs recommendations
schools with normal people,parent,campus_life_fit,llm_needed,,,subjective fit
Rice University job placement for electrical engineering,advisor,career_outcomes,medium,,,outcomes
Arizona State housing,advisor,attribute_lookup,short_circuit,,,single attribute; advisor framing
affordable neuroscience schools in California with good job placement,counselor_teacher,multi_constraint,complex,,,multi-constraint
brown,high_school_student,exact_lookup,short_circuit,,,simple entity
how to lower college costs,advisor,cost_financial_aid,medium,,,cost / aid; advisor framing
affordable economics schools in warm states with good job placement,college_student,multi_constraint,complex,,,multi-constraint
mit without the suffering,advisor,rewrite_needed,complex,,,needs rewrite
Brown,high_school_student,exact_lookup,short_circuit,,,simple entity
schools good for sports culture,parent,campus_life_fit,llm_needed,,,subjective fit
colleges not Florida low tuition with strong research and internships,advisor,multi_constraint,short_circuit,,,multi-constraint
create reach target safety list for economics in California under 30k,advisor,multi_constraint,complex,,,multi-constraint; advisor framing
UC Irvine vs Brown,college_student,comparison,llm_needed,,,compare entities
schools with strong first gen support,counselor_teacher,filtered_search,medium,,,1–2 filters; counselor framing
Brown vs Northeastern,counselor_teacher,comparison,complex,,,compare entities
schools good for normal people,college_student,campus_life_fit,llm_needed,,,subjective fit
UT Austin non-competitive culture,advisor,campus_life_fit,llm_needed,,,subjective fit
request demo for our admissions team,college_b2b,b2b_partnership,complex,,,B2B
Virginia Tech tuition vs Princeton tuition,high_school_student,comparison,complex,,,compare entities
Georgia Tech,college_student,exact_lookup,short_circuit,,,simple entity
do i need sat for Cornell,counselor_teacher,admissions_process,medium,,,how-to / admissions
Purdue tuition vs University of Washington tuition,counselor_teacher,comparison,complex,,,compare entities
Princeton mental health counseling,advisor,attribute_lookup,short_circuit,,,single attribute
University of Washington vs Vanderbilt for political science,college_student,comparison,llm_needed,,,compare entities
request demo for our admissions team,advisor,b2b_partnership,medium,,,B2B
best finance schools not Florida,college_student,filtered_search,medium,,,1–2 filters
UCLA acceptance rate,college_student,attribute_lookup,short_circuit,,,single attribute
UCLA vs Columbia,counselor_teacher,comparison,complex,,,compare entities
schools good for introverts,high_school_student,campus_life_fit,llm_needed,,,subjective fit
best colleges for pre-med job outcomes,high_school_student,career_outcomes,medium,,,outcomes
api access for college partners,advisor,b2b_partnership,medium,,,B2B
Purdue tuition vs UT Austin tuition,high_school_student,comparison,complex,,,compare entities
cheapest chemistry schools near a major tech hub,college_student,cost_financial_aid,medium,,,cost / aid
create reach target safety list for philosophy on the East Coast under 40k,advisor,admissions_process,medium,,,how-to / admissions; advisor framing
what schools should i apply to for pre-law not Florida under 40k,college_student,recommendation,complex,,,needs recommendations
University of Maryland clubs,college_student,attribute_lookup,short_circuit,,,single attribute
affordable business schools in Texas with good job placement,advisor,multi_constraint,llm_needed,,,multi-constraint; advisor framing
student-to-faculty ratio for Rice University,high_school_student,attribute_lookup,short_circuit,,,single attribute
does UC Berkeley have business,advisor,attribute_lookup,short_circuit,,,single attribute; advisor framing
schools near Chicago with low student-to-faculty ratio,counselor_teacher,filtered_search,medium,,,1–2 filters
University of Florida financial aid for out of state,advisor,cost_financial_aid,medium,,,cost / aid
purdue,college_student,exact_lookup,short_circuit,,,simple entity
do i need sat for Rice University,high_school_student,admissions_process,medium,,,how-to / admissions
Stanford but cheaper,high_school_student,rewrite_needed,complex,,,needs rewrite
cheapest data science schools near a major tech hub,counselor_teacher,cost_financial_aid,medium,,,cost / aid
schools with normal people,counselor_teacher,campus_life_fit,llm_needed,,,subjective fit
recommend medium-sized colleges in California for electrical engineering reach schools,college_student,recommendation,complex,,,needs recommendations
schools with high internship placement rates,parent,career_outcomes,medium,,,outcomes; parent framing
what schools should i apply to for psychology in California under 20k,parent,recommendation,complex,,,needs recommendations
schools like Harvard but cheaper,parent,recommendation,complex,,,needs recommendations
Georgia Tech financial aid for out of state,college_student,cost_financial_aid,medium,,,cost / aid
colleges in California,college_student,filtered_search,medium,,,1–2 filters
Princeton,high_school_student,exact_lookup,short_circuit,,,simple entity
Duke application deadlines,high_school_student,admissions_process,medium,,,how-to / admissions
Columbia vs University of Maryland,high_school_student,comparison,complex,,,compare entities
location for Rice University,counselor_teacher,attribute_lookup,short_circuit,,,single attribute
Georgia Tech housing guarantee,parent,admissions_process,medium,,,how-to / admissions; parent framing
best colleges for finance job outcomes,parent,career_outcomes,llm_needed,,,outcomes
colleges near a major tech hub full ride options with strong research and internships,parent,multi_constraint,complex,,,multi-constraint
medium-sized public health colleges near a major tech hub under 40k not too competitive,counselor_teacher,multi_constraint,llm_needed,,,multi-constraint
harvard but less stressful,counselor_teacher,rewrite_needed,complex,,,needs rewrite
colleges on the East Coast low tuition with strong research and internships,high_school_student,multi_constraint,medium,,,multi-constraint
Virginia Tech financial aid,high_school_student,attribute_lookup,short_circuit,,,single attribute
cheapest aerospace engineering schools on the East Coast,college_student,cost_financial_aid,medium,,,cost / aid
schools with high internship placement rates,college_student,career_outcomes,short_circuit,,,outcomes
Brown,advisor,exact_lookup,short_circuit,,,simple entity
Cornell vs Penn State,college_student,comparison,complex,,,compare entities
how do we update our school profile data,parent,b2b_partnership,complex,,,B2B
UC Irvine housing guarantee,parent,exact_lookup,llm_needed,,,simple entity; parent framing
Northwestern vs UC San Diego,counselor_teacher,comparison,complex,,,compare entities
colleges near the beach under 30k with strong research and internships,college_student,multi_constraint,complex,,,multi-constraint
ucla vibe but not so expensive,advisor,rewrite_needed,complex,,,needs rewrite; advisor framing
Virginia Tech clubs,parent,attribute_lookup,short_circuit,,,single attribute; parent framing
University of Wisconsin housing,counselor_teacher,attribute_lookup,short_circuit,,,single attribute
what essays does NYU require,high_school_student,admissions_process,medium,,,how-to / admissions
UCLA normal people,parent,campus_life_fit,short_circuit,,,subjective fit
universities with strong nursing,advisor,filtered_search,medium,,,1–2 filters
medium-sized aerospace engineering colleges in warm states under 30k safety schools,counselor_teacher,multi_constraint,complex,,,multi-constraint
Virginia Tech acceptance rate,advisor,attribute_lookup,short_circuit,,,single attribute; advisor framing
Columbia chill campus,college_student,campus_life_fit,llm_needed,,,subjective fit
schools good for introverts,advisor,campus_life_fit,llm_needed,,,subjective fit; advisor framing
Vanderbilt,college_student,exact_lookup,short_circuit,,,simple entity
recommend large colleges near a major tech hub for pre-med target schools,college_student,recommendation,complex,,,needs recommendations
recommend large colleges in California for mechanical engineering not too competitive,parent,recommendation,complex,,,needs recommendations
uc berkeley,parent,exact_lookup,short_circuit,,,simple entity
harvard but less stressful,college_student,rewrite_needed,llm_needed,,,needs rewrite
University of Washington,college_student,exact_lookup,short_circuit,,,simple entity
do i need sat for UC Berkeley,counselor_teacher,admissions_process,medium,,,how-to / admissions
cheapest architecture schools near Chicago,high_school_student,cost_financial_aid,medium,,,cost / aid
pricing for partner colleges,college_student,b2b_partnership,medium,,,B2B
Caltech normal people,counselor_teacher,campus_life_fit,short_circuit,,,subjective fit
Virginia Tech sports culture,parent,campus_life_fit,complex,,,subjective fit
campus safety for University of Washington,advisor,attribute_lookup,short_circuit,,,single attribute
Vanderbilt admissions profile average sat and gpa,counselor_teacher,rewrite_needed,complex,,,needs rewrite; counselor framing
Brown location,high_school_student,attribute_lookup,short_circuit,,,single attribute
Arizona State job placement for engineering,counselor_teacher,career_outcomes,medium,,,outcomes
Northeastern tuition vs University of Washington tuition,college_student,comparison,complex,,,compare entities
universities with strong pre-law,college_student,filtered_search,medium,,,1–2 filters
recommend large colleges in Texas for economics not too competitive,counselor_teacher,recommendation,complex,,,needs recommendations
recommend large colleges in Texas for architecture safety schools,parent,recommendation,complex,,,needs recommendations; parent framing
does Carnegie Mellon have engineering,advisor,attribute_lookup,short_circuit,,,single attribute
does Boston University have mechanical engineering,college_student,attribute_lookup,short_circuit,,,single attribute
create reach target safety list for neuroscience near Chicago full ride options,advisor,campus_life_fit,llm_needed,,,subjective fit; advisor framing
api access for college partners,college_b2b,b2b_partnership,short_circuit,,,B2B
Princeton job placement,counselor_teacher,attribute_lookup,short_circuit,,,single attribute
create reach target safety list for neuroscience near the beach under 30k,advisor,admissions_process,medium,,,how-to / admissions; advisor framing
Brown but cheaper,parent,rewrite_needed,complex,,,needs rewrite; parent framing
how do i apply to Georgia Tech,parent,admissions_process,medium,,,how-to / admissions
colleges near a major tech hub good financial aid with strong research and internships,parent,multi_constraint,complex,,,multi-constraint; parent framing
harvard but less stressful,advisor,rewrite_needed,short_circuit,,,needs rewrite; advisor framing
Arizona State introverts,college_student,campus_life_fit,llm_needed,,,subjective fit
api access for college partners,high_school_student,b2b_partnership,medium,,,B2B
do i need sat for UT Austin,parent,admissions_process,medium,,,how-to / admissions
Princeton,college_student,exact_lookup,short_circuit,,,simple entity
Northwestern job placement for computer science,high_school_student,career_outcomes,medium,,,outcomes
student-to-faculty ratio for Rice University,college_student,attribute_lookup,short_circuit,,,single attribute
colleges near a major tech hub,counselor_teacher,filtered_search,medium,,,1–2 filters
rankings for UC Berkeley,high_school_student,attribute_lookup,short_circuit,,,single attribute
four year cost of Harvard including housing,parent,attribute_lookup,short_circuit,,,single attribute; parent framing
university of michigan,college_student,exact_lookup,short_circuit,,,simple entity
colleges in California full ride options with strong research and internships,high_school_student,multi_constraint,complex,,,multi-constraint
Brown,high_school_student,exact_lookup,llm_needed,,,simple entity
UC Irvine job placement for architecture,parent,career_outcomes,llm_needed,,,outcomes
Columbia non-competitive culture,high_school_student,campus_life_fit,llm_needed,,,subjective fit
USC vs University of Florida,college_student,comparison,complex,,,compare entities
does Virginia Tech have mechanical engineering,advisor,attribute_lookup,short_circuit,,,single attribute; advisor framing
four year cost of University of Maryland including housing,parent,recommendation,complex,,,needs recommendations; parent framing
four year cost of Caltech including housing,parent,admissions_process,complex,,,how-to / admissions; parent framing
Georgia Tech scholarships,advisor,cost_financial_aid,medium,,,cost / aid
create reach target safety list for electrical engineering in the Midwest under 40k,advisor,comparison,complex,,,compare entities; advisor framing
Columbia financial aid,advisor,attribute_lookup,short_circuit,,,single attribute
mental health counseling for Northwestern,high_school_student,attribute_lookup,short_circuit,,,single attribute
cheapest biology schools in the Midwest,counselor_teacher,cost_financial_aid,medium,,,cost / aid
what schools should i apply to for economics near Chicago good financial aid,college_student,recommendation,complex,,,needs recommendations
recommend medium-sized colleges in warm states for aerospace engineering safety schools,college_student,recommendation,complex,,,needs recommendations
four year cost of UC Irvine including housing,parent,multi_constraint,complex,,,multi-constraint; parent framing
recommend small colleges near Chicago for aerospace engineering reach schools,counselor_teacher,recommendation,complex,,,needs recommendations
Arizona State admissions profile average sat and gpa,counselor_teacher,comparison,complex,,,compare entities; counselor framing
create reach target safety list for political science near the beach full ride options,advisor,exact_lookup,short_circuit,,,simple entity; advisor framing
create reach target safety list for engineering in the Midwest under 20k,advisor,recommendation,complex,,,needs recommendations; advisor framing
large electrical engineering colleges in the Midwest under 40k safety schools,advisor,multi_constraint,llm_needed,,,multi-constraint; advisor framing
Princeton student-to-faculty ratio,high_school_student,attribute_lookup,short_circuit,,,single attribute
schools with normal people,counselor_teacher,campus_life_fit,complex,,,subjective fit
Virginia Tech admissions profile average sat and gpa,counselor_teacher,multi_constraint,medium,,,multi-constraint; counselor framing
UC San Diego housing guarantee,parent,career_outcomes,medium,,,outcomes; parent framing
georgia tech,advisor,exact_lookup,short_circuit,,,simple entity
what schools should i apply to for engineering in Texas good financial aid,counselor_teacher,recommendation,complex,,,needs recommendations
Northwestern housing guarantee,parent,rewrite_needed,complex,,,needs rewrite; parent framing
affordable pre-law schools in Texas with good job placement,parent,multi_constraint,complex,,,multi-constraint
UCLA campus safety,college_student,attribute_lookup,short_circuit,,,single attribute
NYU job placement for finance,counselor_teacher,career_outcomes,short_circuit,,,outcomes
enterprise access for counselors and districts,advisor,b2b_partnership,medium,,,B2B
Boston University housing guarantee,parent,admissions_process,medium,,,how-to / admissions; parent framing
Boston University tuition vs MIT tuition,high_school_student,comparison,complex,,,compare entities
create reach target safety list for data science in California under 40k,advisor,rewrite_needed,complex,,,needs rewrite; advisor framing
create reach target safety list for pre-med in the Midwest under 20k,advisor,attribute_lookup,short_circuit,,,single attribute; advisor framing
large computer science colleges in warm states good financial aid reach schools,parent,multi_constraint,short_circuit,,,multi-constraint
affordable psychology schools near the beach with good job placement,counselor_teacher,multi_constraint,complex,,,multi-constraint
schools with normal people,parent,campus_life_fit,medium,,,subjective fit
what schools should i apply to for data science not Florida full ride options,high_school_student,recommendation,complex,,,needs recommendations
four year cost of Carnegie Mellon including housing,parent,attribute_lookup,short_circuit,,,single attribute; parent framing
what schools should i apply to for mechanical engineering in the Midwest good financial aid,college_student,recommendation,complex,,,needs recommendations
small film colleges near a major tech hub low tuition not too competitive,college_student,multi_constraint,complex,,,multi-constraint
MIT vs Virginia Tech for film,advisor,comparison,complex,,,compare entities; advisor framing
Caltech housing guarantee,parent,admissions_process,medium,,,how-to / admissions; parent framing
enterprise access for counselors and districts,parent,b2b_partnership,medium,,,B2B; parent framing
large biology colleges near Chicago full ride options target schools,college_student,multi_constraint,complex,,,multi-constraint
schools with high internship placement rates,counselor_teacher,career_outcomes,medium,,,outcomes
Northwestern vs UC San Diego for psychology,parent,comparison,complex,,,compare entities
best business schools not Florida,high_school_student,filtered_search,medium,,,1–2 filters
UT Austin vs MIT,counselor_teacher,comparison,complex,,,compare entities; counselor framing
Princeton,parent,exact_lookup,short_circuit,,,simple entity; parent framing
does Virginia Tech have electrical engineering,advisor,attribute_lookup,complex,,,single attribute
Purdue tuition vs Cornell tuition,high_school_student,comparison,complex,,,compare entities
schools with normal people,advisor,campus_life_fit,llm_needed,,,subjective fit
large chemistry colleges near a major tech hub under 20k safety schools,high_school_student,multi_constraint,complex,,,multi-constraint
what essays does University of Wisconsin require,college_student,admissions_process,medium,,,how-to / admissions
how do i apply to Northeastern,counselor_teacher,admissions_process,medium,,,how-to / admissions
best colleges for aerospace engineering job outcomes,high_school_student,career_outcomes,llm_needed,,,outcomes
colleges in Texas,counselor_teacher,filtered_search,medium,,,1–2 filters
schools like Virginia Tech but cheaper,counselor_teacher,recommendation,complex,,,needs recommendations
clubs for University of Maryland,college_student,attribute_lookup,short_circuit,,,single attribute
does Georgia Tech have film,advisor,attribute_lookup,short_circuit,,,single attribute
UCLA non-competitive culture,advisor,campus_life_fit,llm_needed,,,subjective fit
Penn State scholarships,college_student,cost_financial_aid,medium,,,cost / aid
Georgia Tech admissions profile average sat and gpa,counselor_teacher,b2b_partnership,medium,,,B2B; counselor framing
what schools should i apply to for philosophy near Chicago under 30k,advisor,recommendation,complex,,,needs recommendations
what schools should i apply to for film on the East Coast full ride options,high_school_student,recommendation,complex,,,needs recommendations
medium-sized pre-law colleges in California full ride options target schools,counselor_teacher,multi_constraint,complex,,,multi-constraint
Georgia Tech housing guarantee,parent,comparison,complex,,,compare entities; parent framing
rankings for Northeastern,high_school_student,attribute_lookup,short_circuit,,,single attribute
recommend small colleges in California for architecture not too competitive,counselor_teacher,recommendation,medium,,,needs recommendations
what schools should i apply to for biology in Texas under 30k,college_student,recommendation,llm_needed,,,needs recommendations
Northeastern tuition vs Virginia Tech tuition,advisor,comparison,complex,,,compare entities
does Northeastern have data science,advisor,attribute_lookup,short_circuit,,,single attribute
colleges where people dont care about football,high_school_student,campus_life_fit,llm_needed,,,subjective fit
University of Maryland but cheaper,advisor,rewrite_needed,complex,,,needs rewrite
Virginia Tech,advisor,exact_lookup,short_circuit,,,simple entity
harvard but less stressful,counselor_teacher,rewrite_needed,complex,,,needs rewrite; counselor framing
Cornell,counselor_teacher,exact_lookup,short_circuit,,,simple entity
recommend medium-sized colleges in the Midwest for finance safety schools,high_school_student,recommendation,complex,,,needs recommendations
schools like Purdue but cheaper,advisor,recommendation,complex,,,needs recommendations
affordable mechanical engineering schools near Chicago with good job placement,college_student,multi_constraint,complex,,,multi-constraint
does Stanford have business,parent,attribute_lookup,short_circuit,,,single attribute
how do we update our school profile data,parent,b2b_partnership,medium,,,B2B; parent framing
schools in the Midwest with low student-to-faculty ratio,advisor,filtered_search,medium,,,1–2 filters
Rice University admissions profile average sat and gpa,counselor_teacher,exact_lookup,short_circuit,,,simple entity; counselor framing
Penn State financial aid for out of state,counselor_teacher,cost_financial_aid,medium,,,cost / aid
MIT tuition vs Stanford tuition,high_school_student,comparison,short_circuit,,,compare entities
schools with high internship placement rates,advisor,career_outcomes,medium,,,outcomes; advisor framing
best computer science schools near a major tech hub,advisor,filtered_search,medium,,,1–2 filters; advisor framing
UC Berkeley vibe,parent,campus_life_fit,llm_needed,,,subjective fit
best colleges for mechanical engineering job outcomes,high_school_student,career_outcomes,llm_needed,,,outcomes
create reach target safety list for philosophy near a major tech hub under 20k,advisor,career_outcomes,medium,,,outcomes; advisor framing
schools like Georgia Tech but cheaper,parent,recommendation,complex,,,needs recommendations; parent framing
universities with strong computer science,parent,filtered_search,medium,,,1–2 filters
create reach target safety list for neuroscience in warm states under 30k,advisor,b2b_partnership,medium,,,B2B; advisor framing
recommend medium-sized colleges on the East Coast for film reach schools,advisor,recommendation,complex,,,needs recommendations
recommend small colleges in the Midwest for chemistry not too competitive,advisor,recommendation,complex,,,needs recommendations
UC San Diego,parent,exact_lookup,llm_needed,,,simple entity
vanderbilt,parent,exact_lookup,short_circuit,,,simple entity
do i need sat for Rice University,high_school_student,admissions_process,complex,,,how-to / admissions
Penn State job placement for engineering,advisor,career_outcomes,medium,,,outcomes
what schools should i apply to for neuroscience in warm states full ride options,parent,recommendation,complex,,,needs recommendations
Wisconsin,college_student,exact_lookup,short_circuit,,,simple entity
University of Michigan vs USC for nursing,high_school_student,comparison,complex,,,compare entities
job placement for UC San Diego,advisor,attribute_lookup,short_circuit,,,single attribute
brown,parent,exact_lookup,complex,,,simple entity
what schools should i apply to for political science near a major tech hub under 40k,high_school_student,recommendation,complex,,,needs recommendations
what schools should i apply to for electrical engineering near a major tech hub under 20k,college_student,recommendation,complex,,,needs recommendations
medium-sized computer science colleges near the beach full ride options reach schools,parent,multi_constraint,complex,,,multi-constraint
recommend large colleges in Texas for aerospace engineering safety schools,advisor,recommendation,complex,,,needs recommendations
affordable finance schools in the Midwest with good job placement,high_school_student,multi_constraint,complex,,,multi-constraint
affordable chemistry schools in California with good job placement,high_school_student,multi_constraint,complex,,,multi-constraint
USC job placement for public health,high_school_student,career_outcomes,medium,,,outcomes
Harvard job placement for computer science,parent,career_outcomes,medium,,,outcomes
how do we update our school profile data,college_student,b2b_partnership,short_circuit,,,B2B
University of Maryland vs University of Washington for nursing,counselor_teacher,comparison,complex,,,compare entities
best colleges for nursing job outcomes,counselor_teacher,career_outcomes,medium,,,outcomes
schools like University of Washington but cheaper,counselor_teacher,recommendation,complex,,,needs recommendations
cheapest nursing schools near Chicago,parent,cost_financial_aid,medium,,,cost / aid; parent framing
NYU job placement for neuroscience,counselor_teacher,career_outcomes,medium,,,outcomes
Brown financial aid for out of state,counselor_teacher,cost_financial_aid,medium,,,cost / aid
best architecture schools on the East Coast,high_school_student,filtered_search,medium,,,1–2 filters
University of Florida normal people,high_school_student,campus_life_fit,llm_needed,,,subjective fit
create reach target safety list for chemistry near the beach under 40k,advisor,filtered_search,medium,,,1–2 filters; advisor framing
what schools should i apply to for economics on the East Coast under 30k,high_school_student,recommendation,complex,,,needs recommendations
schools in warm states with low student-to-faculty ratio,high_school_student,filtered_search,medium,,,1–2 filters
study abroad for Vanderbilt,high_school_student,attribute_lookup,short_circuit,,,single attribute
UC Berkeley job placement for finance,high_school_student,career_outcomes,medium,,,outcomes
Cornell tuition vs University of Wisconsin tuition,parent,comparison,complex,,,compare entities; parent framing
schools with high internship placement rates,counselor_teacher,career_outcomes,medium,,,outcomes; counselor framing
recommend small colleges in Texas for architecture safety schools,counselor_teacher,recommendation,complex,,,needs recommendations
average ACT for Georgia Tech,college_student,attribute_lookup,short_circuit,,,single attribute
schools good for non-competitive culture,high_school_student,campus_life_fit,complex,,,subjective fit
campus safety for Princeton,advisor,attribute_lookup,short_circuit,,,single attribute; advisor framing
UC San Diego,counselor_teacher,exact_lookup,short_circuit,,,simple entity
how do i apply to Georgia Tech,high_school_student,admissions_process,medium,,,how-to / admissions
recommend medium-sized colleges in California for chemistry target schools,high_school_student,recommendation,complex,,,needs recommendations
UC Irvine vs Caltech for nursing,high_school_student,comparison,complex,,,compare entities
Georgia Tech but cheaper,counselor_teacher,rewrite_needed,complex,,,needs rewrite
what schools should i apply to for pre-law on the East Coast low tuition,college_student,recommendation,llm_needed,,,needs recommendations
UC Berkeley job placement for economics,counselor_teacher,career_outcomes,medium,,,outcomes
schools like Vanderbilt but cheaper,parent,recommendation,complex,,,needs recommendations
MIT,counselor_teacher,exact_lookup,short_circuit,,,simple entity
job placement for Northwestern,advisor,attribute_lookup,short_circuit,,,single attribute
universities with strong engineering,college_student,filtered_search,medium,,,1–2 filters
schools good for vibe,college_student,campus_life_fit,llm_needed,,,subjective fit
how do i apply to UC Irvine,counselor_teacher,admissions_process,medium,,,how-to / admissions
how do i apply to Princeton,high_school_student,admissions_process,medium,,,how-to / admissions
Arizona State tuition vs UT Austin tuition,college_student,comparison,complex,,,compare entities
Purdue vs UCLA,counselor_teacher,comparison,complex,,,compare entities
UC Irvine average ACT,college_student,attribute_lookup,short_circuit,,,single attribute
Carnegie Mellon,parent,exact_lookup,short_circuit,,,simple entity
how do we update our school profile data,advisor,b2b_partnership,medium,,,B2B
how to lower college costs,counselor_teacher,cost_financial_aid,medium,,,cost / aid
schools on the East Coast with low student-to-faculty ratio,high_school_student,filtered_search,medium,,,1–2 filters
does NYU have mechanical engineering,parent,attribute_lookup,short_circuit,,,single attribute
colleges near a major tech hub full ride options with strong research and internships,high_school_student,multi_constraint,complex,,,multi-constraint
what schools should i apply to for finance not Florida under 30k,parent,recommendation,complex,,,needs recommendations
how do i apply to University of Florida,college_student,admissions_process,medium,,,how-to / admissions
affordable political science schools near a major tech hub with good job placement,parent,multi_constraint,complex,,,multi-constraint
best colleges for computer science job outcomes,parent,career_outcomes,short_circuit,,,outcomes
University of Wisconsin vs Columbia,parent,comparison,complex,,,compare entities
how to lower college costs,counselor_teacher,cost_financial_aid,medium,,,cost / aid; counselor framing
how do i apply to Duke,advisor,admissions_process,complex,,,how-to / admissions
schools like Rice University but cheaper,parent,recommendation,complex,,,needs recommendations
University of Washington tuition vs Arizona State tuition,parent,comparison,complex,,,compare entities
UC Berkeley financial aid for out of state,parent,cost_financial_aid,medium,,,cost / aid
small philosophy colleges not Florida under 40k safety schools,counselor_teacher,multi_constraint,complex,,,multi-constraint
four year cost of Vanderbilt including housing,parent,filtered_search,medium,,,1–2 filters; parent framing
what essays does Columbia require,college_student,admissions_process,medium,,,how-to / admissions
four year cost of USC including housing,parent,comparison,complex,,,compare entities; parent framing
Caltech mental health counseling,counselor_teacher,attribute_lookup,short_circuit,,,single attribute
NYU,college_student,exact_lookup,short_circuit,,,simple entity
affordable engineering schools near Chicago with good job placement,high_school_student,multi_constraint,complex,,,multi-constraint
affordable pre-law schools in California with good job placement,high_school_student,multi_constraint,complex,,,multi-constraint
how do i apply to University of Maryland,counselor_teacher,admissions_process,medium,,,how-to / admissions; counselor framing
how do i apply to University of Washington,counselor_teacher,admissions_process,medium,,,how-to / admissions
do i need sat for Purdue,college_student,admissions_process,medium,,,how-to / admissions
pricing for partner colleges,college_b2b,b2b_partnership,llm_needed,,,B2B
UC Berkeley scholarships,parent,cost_financial_aid,short_circuit,,,cost / aid; parent framing
how do i apply to Columbia,high_school_student,admissions_process,medium,,,how-to / admissions
best colleges for psychology job outcomes,advisor,career_outcomes,medium,,,outcomes
schools good for non-competitive culture,advisor,campus_life_fit,llm_needed,,,subjective fit
schools near a major tech hub with low student-to-faculty ratio,parent,filtered_search,medium,,,1–2 filters
enterprise access for counselors and districts,college_student,b2b_partnership,medium,,,B2B
what schools should i apply to for nursing in the Midwest under 40k,advisor,recommendation,short_circuit,,,needs recommendations
best colleges for architecture job outcomes,high_school_student,career_outcomes,medium,,,outcomes
recommend large colleges in warm states for public health reach schools,parent,recommendation,complex,,,needs recommendations
schools like University of Florida but cheaper,counselor_teacher,recommendation,complex,,,needs recommendations
four year cost of Boston University including housing,parent,rewrite_needed,complex,,,needs rewrite; parent framing
four year cost of Stanford including housing,parent,campus_life_fit,llm_needed,,,subjective fit; parent framing
Arizona State scholarships,college_student,cost_financial_aid,medium,,,cost / aid
schools like University of Florida but cheaper,college_student,recommendation,complex,,,needs recommendations
Boston University tuition vs USC tuition,parent,comparison,complex,,,compare entities
does UC Berkeley have film,advisor,attribute_lookup,short_circuit,,,single attribute
Brown housing guarantee,parent,filtered_search,medium,,,1–2 filters; parent framing
does UC Berkeley have data science,college_student,attribute_lookup,short_circuit,,,single attribute
do i need sat for Caltech,counselor_teacher,admissions_process,medium,,,how-to / admissions
how do i apply to University of Michigan,college_student,admissions_process,llm_needed,,,how-to / admissions
Cornell housing guarantee,parent,filtered_search,medium,,,1–2 filters; parent framing
student-to-faculty ratio for Caltech,high_school_student,attribute_lookup,medium,,,single attribute
what essays does UC San Diego require,advisor,admissions_process,medium,,,how-to / admissions; advisor framing
does Penn State have economics,parent,attribute_lookup,short_circuit,,,single attribute; parent framing
Brown tuition vs University of Florida tuition,high_school_student,comparison,complex,,,compare entities
does Northeastern have economics,high_school_student,attribute_lookup,short_circuit,,,single attribute
small data science colleges near the beach under 30k safety schools,parent,multi_constraint,complex,,,multi-constraint
large electrical engineering colleges near the beach low tuition not too competitive,college_student,multi_constraint,complex,,,multi-constraint
University of Michigan chill campus,counselor_teacher,campus_life_fit,llm_needed,,,subjective fit
Duke housing guarantee,parent,exact_lookup,short_circuit,,,simple entity; parent framing
Brown application deadlines,parent,admissions_process,medium,,,how-to / admissions
clubs for University of Wisconsin,advisor,attribute_lookup,short_circuit,,,single attribute
large economics colleges in warm states low tuition safety schools,college_student,multi_constraint,complex,,,multi-constraint
Brown tuition vs Carnegie Mellon tuition,parent,comparison,complex,,,compare entities
does Georgia Tech have pre-law,college_student,attribute_lookup,short_circuit,,,single attribute
do i need sat for UCLA,advisor,admissions_process,medium,,,how-to / admissions
Harvard but cheaper,high_school_student,rewrite_needed,complex,,,needs rewrite
Northeastern research opportunities,college_student,attribute_lookup,short_circuit,,,single attribute
does Georgia Tech have architecture,college_student,attribute_lookup,short_circuit,,,single attribute
colleges in warm states,parent,filtered_search,llm_needed,,,1–2 filters
schools with strong first gen support,counselor_teacher,rewrite_needed,medium,,,needs rewrite; counselor framing
University of Maryland,parent,exact_lookup,short_circuit,,,simple entity
UC Berkeley application deadlines,college_student,admissions_process,complex,,,how-to / admissions
recommend small colleges in Texas for political science reach schools,high_school_student,recommendation,complex,,,needs recommendations
how to lower college costs,advisor,cost_financial_aid,medium,,,cost / aid
four year cost of UC Berkeley including housing,parent,campus_life_fit,llm_needed,,,subjective fit; parent framing
what schools should i apply to for film in Texas under 20k,high_school_student,recommendation,complex,,,needs recommendations
create reach target safety list for mechanical engineering in California under 40k,advisor,rewrite_needed,complex,,,needs rewrite; advisor framing
universities with strong biology,college_student,filtered_search,medium,,,1–2 filters
University of Maryland job placement,high_school_student,attribute_lookup,complex,,,single attribute
how do i apply to Georgia Tech,advisor,admissions_process,medium,,,how-to / admissions
colleges in warm states under 30k with strong research and internships,parent,multi_constraint,complex,,,multi-constraint; parent framing
colleges in warm states under 30k with strong research and internships,counselor_teacher,multi_constraint,complex,,,multi-constraint
schools good for non-competitive culture,parent,campus_life_fit,medium,,,subjective fit; parent framing
Caltech,high_school_student,exact_lookup,short_circuit,,,simple entity
Penn State admissions profile average sat and gpa,counselor_teacher,exact_lookup,short_circuit,,,simple entity; counselor framing
do i need sat for NYU,parent,admissions_process,medium,,,how-to / admissions
best colleges for economics job outcomes,advisor,career_outcomes,medium,,,outcomes
University of Maryland average ACT,high_school_student,attribute_lookup,short_circuit,,,single attribute
does Cornell have business,advisor,attribute_lookup,medium,,,single attribute; advisor framing
what schools should i apply to for film in the Midwest under 30k,advisor,recommendation,complex,,,needs recommendations; advisor framing
University of Wisconsin tuition vs UCLA tuition,college_student,comparison,complex,,,compare entities
best computer science schools near the beach,high_school_student,filtered_search,medium,,,1–2 filters
UC San Diego,college_student,exact_lookup,short_circuit,,,simple entity
NYU admissions profile average sat and gpa,counselor_teacher,recommendation,complex,,,needs recommendations; counselor framing
best psychology schools in warm states,parent,filtered_search,medium,,,1–2 filters
what schools should i apply to for electrical engineering on the East Coast good financial aid,counselor_teacher,recommendation,complex,,,needs recommendations
what essays does Cornell require,college_student,admissions_process,llm_needed,,,how-to / admissions
does University of Maryland have political science,counselor_teacher,attribute_lookup,short_circuit,,,single attribute
create reach target safety list for neuroscience not Florida under 40k,advisor,attribute_lookup,short_circuit,,,single attribute; advisor framing
universities with strong pre-med,college_student,filtered_search,medium,,,1–2 filters
cheapest pre-law schools in the Midwest,high_school_student,cost_financial_aid,medium,,,cost / aid
University of Michigan tuition vs UC Berkeley tuition,parent,comparison,complex,,,compare entities
Carnegie Mellon scholarships,high_school_student,cost_financial_aid,medium,,,cost / aid
MIT sports culture,high_school_student,campus_life_fit,llm_needed,,,subjective fit
large biology colleges near the beach under 30k reach schools,college_student,multi_constraint,complex,,,multi-constraint
UC Berkeley,counselor_teacher,exact_lookup,short_circuit,,,simple entity
Caltech,counselor_teacher,exact_lookup,short_circuit,,,simple entity
what schools should i apply to for aerospace engineering near the beach low tuition,high_school_student,recommendation,complex,,,needs recommendations
schools good for vibe,high_school_student,campus_life_fit,llm_needed,,,subjective fit
universities with strong finance,college_student,filtered_search,medium,,,1–2 filters
schools with high internship placement rates,advisor,career_outcomes,short_circuit,,,outcomes
UC San Diego job placement for data science,college_student,career_outcomes,medium,,,outcomes
Boston University housing guarantee,parent,recommendation,complex,,,needs recommendations; parent framing
Northeastern tuition vs MIT tuition,college_student,comparison,complex,,,compare entities
schools with strong first gen support,counselor_teacher,filtered_search,complex,,,1–2 filters; counselor framing
pricing for partner colleges,counselor_teacher,b2b_partnership,medium,,,B2B
UCLA vs Penn State,parent,comparison,complex,,,compare entities
Virginia Tech job placement for data science,counselor_teacher,career_outcomes,medium,,,outcomes
does University of Florida have aerospace engineering,advisor,attribute_lookup,medium,,,single attribute
colleges in Texas good financial aid with strong research and internships,college_student,multi_constraint,complex,,,multi-constraint
recommend large colleges on the East Coast for nursing not too competitive,college_student,recommendation,complex,,,needs recommendations
University of Michigan vibe,counselor_teacher,campus_life_fit,llm_needed,,,subjective fit
small electrical engineering colleges not Florida good financial aid target schools,college_student,multi_constraint,complex,,,multi-constraint
universities with strong philosophy,counselor_teacher,filtered_search,medium,,,1–2 filters
university of washington,counselor_teacher,exact_lookup,short_circuit,,,simple entity
schools like NYU but cheaper,high_school_student,recommendation,llm_needed,,,needs recommendations
colleges in Texas,advisor,filtered_search,medium,,,1–2 filters
four year cost of Virginia Tech including housing,parent,comparison,complex,,,compare entities; parent framing
uc berkeley,counselor_teacher,exact_lookup,short_circuit,,,simple entity
does University of Washington have aerospace engineering,high_school_student,attribute_lookup,short_circuit,,,single attribute
schools like USC but cheaper,parent,recommendation,complex,,,needs recommendations; parent framing
Caltech vs Penn State for aerospace engineering,parent,comparison,complex,,,compare entities
cornell,counselor_teacher,exact_lookup,short_circuit,,,simple entity
affordable biology schools not Florida with good job placement,counselor_teacher,multi_constraint,llm_needed,,,multi-constraint
UC Irvine job placement for chemistry,college_student,career_outcomes,medium,,,outcomes
cheapest engineering schools not Florida,college_student,cost_financial_aid,medium,,,cost / aid
harvard but less stressful,advisor,rewrite_needed,complex,,,needs rewrite; advisor framing
colleges in California full ride options with strong research and internships,counselor_teacher,multi_constraint,llm_needed,,,multi-constraint; counselor framing
recommend small colleges in California for finance not too competitive,advisor,recommendation,complex,,,needs recommendations; advisor framing
affordable pre-med schools near a major tech hub with good job placement,advisor,multi_constraint,complex,,,multi-constraint
student-to-faculty ratio for Columbia,advisor,attribute_lookup,medium,,,single attribute
four year cost of University of Wisconsin including housing,parent,attribute_lookup,short_circuit,,,single attribute; parent framing
University of Maryland tuition vs Rice University tuition,parent,comparison,complex,,,compare entities
Columbia job placement for pre-law,high_school_student,career_outcomes,medium,,,outcomes
best colleges for philosophy job outcomes,counselor_teacher,career_outcomes,medium,,,outcomes
Virginia Tech vs Stanford for pre-law,advisor,comparison,complex,,,compare entities
University of Maryland financial aid for out of state,college_student,cost_financial_aid,medium,,,cost / aid
affordable computer science schools in Texas with good job placement,parent,multi_constraint,complex,,,multi-constraint
create reach target safety list for neuroscience not Florida under 30k,advisor,b2b_partnership,medium,,,B2B; advisor framing
USC tuition vs Purdue tuition,high_school_student,comparison,complex,,,compare entities
schools like Cornell but cheaper,advisor,recommendation,complex,,,needs recommendations
harvard but less stressful,counselor_teacher,rewrite_needed,medium,,,needs rewrite
NYU vs UCLA for public health,counselor_teacher,comparison,complex,,,compare entities
universities with strong business,high_school_student,filtered_search,medium,,,1–2 filters
student-to-faculty ratio for Penn State,counselor_teacher,attribute_lookup,short_circuit,,,single attribute
University of Wisconsin non-competitive culture,parent,campus_life_fit,llm_needed,,,subjective fit
MIT vs Virginia Tech for psychology,high_school_student,comparison,complex,,,compare entities
usc,high_school_student,exact_lookup,short_circuit,,,simple entity
how do i apply to Vanderbilt,advisor,admissions_process,medium,,,how-to / admissions
do i need sat for Arizona State,college_student,admissions_process,medium,,,how-to / admissions
what schools should i apply to for public health in the Midwest under 40k,high_school_student,recommendation,complex,,,needs recommendations
schools like Virginia Tech but cheaper,college_student,recommendation,complex,,,needs recommendations
cheapest pre-law schools near Chicago,college_student,cost_financial_aid,medium,,,cost / aid
schools with normal people,high_school_student,campus_life_fit,medium,,,subjective fit
UC San Diego introverts,parent,campus_life_fit,llm_needed,,,subjective fit; parent framing
do i need sat for Virginia Tech,college_student,admissions_process,medium,,,how-to / admissions
create reach target safety list for business near a major tech hub low tuition,advisor,cost_financial_aid,medium,,,cost / aid; advisor framing
what schools should i apply to for biology in the Midwest under 20k,high_school_student,recommendation,complex,,,needs recommendations
create reach target safety list for film near the beach low tuition,advisor,campus_life_fit,llm_needed,,,subjective fit; advisor framing
create reach target safety list for mechanical engineering in Texas under 20k,advisor,multi_constraint,complex,,,multi-constraint; advisor framing
create reach target safety list for nursing in Texas under 20k,advisor,exact_lookup,complex,,,simple entity; advisor framing
how do i apply to Penn State,counselor_teacher,admissions_process,complex,,,how-to / admissions; counselor framing
colleges near a major tech hub,college_student,filtered_search,medium,,,1–2 filters
Arizona State financial aid for out of state,counselor_teacher,cost_financial_aid,medium,,,cost / aid
Boston University vs Virginia Tech,college_student,comparison,complex,,,compare entities
University of Florida,counselor_teacher,exact_lookup,short_circuit,,,simple entity
what schools should i apply to for public health in California full ride options,counselor_teacher,recommendation,complex,,,needs recommendations
cheapest psychology schools near the beach,college_student,cost_financial_aid,medium,,,cost / aid
colleges on the East Coast under 40k with strong research and internships,counselor_teacher,multi_constraint,complex,,,multi-constraint
University of Wisconsin financial aid for out of state,high_school_student,cost_financial_aid,medium,,,cost / aid
Penn State vs UC San Diego,high_school_student,comparison,complex,,,compare entities
cheapest architecture schools on the East Coast,parent,cost_financial_aid,medium,,,cost / aid; parent framing
create reach target safety list for data science near a major tech hub under 30k,advisor,career_outcomes,complex,,,outcomes; advisor framing
schools good for non-competitive culture,college_student,campus_life_fit,short_circuit,,,subjective fit
universities with strong nursing,parent,filtered_search,medium,,,1–2 filters
Purdue vs University of Florida for nursing,college_student,comparison,complex,,,compare entities
four year cost of Penn State including housing,parent,rewrite_needed,complex,,,needs rewrite; parent framing
four year cost of University of Washington including housing,parent,admissions_process,medium,,,how-to / admissions; parent framing
cheapest neuroscience schools in California,high_school_student,cost_financial_aid,medium,,,cost / aid
do i need sat for UC Berkeley,parent,admissions_process,medium,,,how-to / admissions
schools in California with low student-to-faculty ratio,high_school_student,filtered_search,medium,,,1–2 filters
Vanderbilt,parent,exact_lookup,complex,,,simple entity
University of Washington tuition vs Northwestern tuition,high_school_student,comparison,llm_needed,,,compare entities
four year cost of Brown including housing,parent,rewrite_needed,complex,,,needs rewrite; parent framing
cheapest pre-med schools not Florida,counselor_teacher,cost_financial_aid,medium,,,cost / aid
recommend small colleges in the Midwest for computer science reach schools,parent,recommendation,complex,,,needs recommendations
create reach target safety list for economics in Texas low tuition,advisor,cost_financial_aid,medium,,,cost / aid; advisor framing
UC San Diego financial aid for out of state,college_student,cost_financial_aid,medium,,,cost / aid
colleges near Chicago,parent,filtered_search,medium,,,1–2 filters
northeastern,counselor_teacher,exact_lookup,short_circuit,,,simple entity
University of Washington tuition vs Boston University tuition,high_school_student,comparison,complex,,,compare entities
University of Washington application deadlines,counselor_teacher,admissions_process,medium,,,how-to / admissions; counselor framing
University of Washington,high_school_student,exact_lookup,short_circuit,,,simple entity
schools with strong first gen support,counselor_teacher,career_outcomes,complex,,,outcomes; counselor framing
recommend small colleges not Florida for public health reach schools,parent,recommendation,complex,,,needs recommendations
location for University of Maryland,high_school_student,attribute_lookup,short_circuit,,,single attribute
does Princeton have pre-med,high_school_student,attribute_lookup,short_circuit,,,single attribute
create reach target safety list for philosophy in warm states good financial aid,advisor,filtered_search,medium,,,1–2 filters; advisor framing
UC San Diego job placement for philosophy,college_student,career_outcomes,medium,,,outcomes
small engineering colleges not Florida under 30k target schools,college_student,multi_constraint,complex,,,multi-constraint
create reach target safety list for biology on the East Coast good financial aid,advisor,career_outcomes,medium,,,outcomes; advisor framing
affordable philosophy schools not Florida with good job placement,parent,multi_constraint,complex,,,multi-constraint; parent framing
acceptance rate for UC San Diego,parent,attribute_lookup,short_circuit,,,single attribute
Boston University housing guarantee,parent,attribute_lookup,complex,,,single attribute; parent framing
Columbia job placement for film,advisor,career_outcomes,medium,,,outcomes
do i need sat for Cornell,parent,admissions_process,medium,,,how-to / admissions
University of Michigan vs UC Berkeley,parent,comparison,llm_needed,,,compare entities
schools like Cornell but cheaper,college_student,recommendation,complex,,,needs recommendations
recommend small colleges near the beach for pre-med reach schools,high_school_student,recommendation,complex,,,needs recommendations
Brown tuition vs UC Irvine tuition,college_student,comparison,complex,,,compare entities
UT Austin normal people,high_school_student,campus_life_fit,llm_needed,,,subjective fit
affordable computer science schools near the beach with good job placement,parent,multi_constraint,complex,,,multi-constraint
schools near the beach with low student-to-faculty ratio,high_school_student,filtered_search,medium,,,1–2 filters
best colleges for nursing job outcomes,advisor,career_outcomes,medium,,,outcomes; advisor framing
affordable finance schools in Texas with good job placement,counselor_teacher,multi_constraint,complex,,,multi-constraint; counselor framing
Georgia Tech housing guarantee,parent,admissions_process,llm_needed,,,how-to / admissions; parent framing
Northwestern tuition vs Rice University tuition,high_school_student,comparison,complex,,,compare entities
UCLA,parent,exact_lookup,medium,,,simple entity
Rice University,high_school_student,exact_lookup,short_circuit,,,simple entity
does Vanderbilt have philosophy,college_student,attribute_lookup,short_circuit,,,single attribute
Princeton financial aid for out of state,advisor,cost_financial_aid,medium,,,cost / aid
student-to-faculty ratio for Boston University,counselor_teacher,attribute_lookup,short_circuit,,,single attribute
University of Wisconsin admissions profile average sat and gpa,counselor_teacher,b2b_partnership,medium,,,B2B; counselor framing
northwestern,advisor,exact_lookup,short_circuit,,,simple entity; advisor framing
recommend small colleges in warm states for data science safety schools,counselor_teacher,recommendation,complex,,,needs recommendations
schools like Stanford but cheaper,high_school_student,recommendation,medium,,,needs recommendations
Vanderbilt internships,advisor,attribute_lookup,short_circuit,,,single attribute
USC vs UC San Diego for nursing,advisor,comparison,complex,,,compare entities
affordable nursing schools in Texas with good job placement,high_school_student,multi_constraint,complex,,,multi-constraint
Virginia Tech but cheaper,high_school_student,rewrite_needed,complex,,,needs rewrite
small business colleges not Florida under 30k not too competitive,counselor_teacher,multi_constraint,complex,,,multi-constraint
University of Florida,parent,exact_lookup,short_circuit,,,simple entity; parent framing
University of Michigan housing guarantee,parent,campus_life_fit,llm_needed,,,subjective fit; parent framing
Vanderbilt but cheaper,counselor_teacher,rewrite_needed,complex,,,needs rewrite
Arizona State housing guarantee,parent,recommendation,complex,,,needs recommendations; parent framing
UC San Diego vs Arizona State for economics,parent,comparison,complex,,,compare entities
university of michigan,advisor,exact_lookup,short_circuit,,,simple entity
best colleges for philosophy job outcomes,parent,career_outcomes,medium,,,outcomes
medium-sized philosophy colleges near Chicago low tuition reach schools,high_school_student,multi_constraint,complex,,,multi-constraint
what essays does Purdue require,counselor_teacher,admissions_process,medium,,,how-to / admissions
UT Austin introverts,parent,campus_life_fit,llm_needed,,,subjective fit
affordable architecture schools in California with good job placement,high_school_student,multi_constraint,complex,,,multi-constraint
northwestern,advisor,exact_lookup,llm_needed,,,simple entity
colleges in California low tuition with strong research and internships,high_school_student,multi_constraint,complex,,,multi-constraint
universities with strong electrical engineering,advisor,filtered_search,medium,,,1–2 filters
affordable philosophy schools in the Midwest with good job placement,counselor_teacher,multi_constraint,complex,,,multi-constraint
Northwestern normal people,parent,campus_life_fit,complex,,,subjective fit; parent framing
Vanderbilt non-competitive culture,advisor,campus_life_fit,llm_needed,,,subjective fit
how do i apply to MIT,parent,admissions_process,llm_needed,,,how-to / admissions; parent framing
colleges in Texas,college_student,filtered_search,medium,,,1–2 filters
Vanderbilt but cheaper,parent,rewrite_needed,complex,,,needs rewrite
Stanford financial aid,counselor_teacher,attribute_lookup,short_circuit,,,single attribute
Virginia Tech,parent,exact_lookup,short_circuit,,,simple entity
what schools should i apply to for data science in California full ride options,advisor,recommendation,medium,,,needs recommendations
university of florida,college_student,exact_lookup,short_circuit,,,simple entity
what schools should i apply to for electrical engineering near Chicago low tuition,college_student,recommendation,complex,,,needs recommendations
Duke admissions profile average sat and gpa,counselor_teacher,recommendation,llm_needed,,,needs recommendations; counselor framing
recommend small colleges near the beach for nursing reach schools,college_student,recommendation,complex,,,needs recommendations
best colleges for pre-law job outcomes,college_student,career_outcomes,medium,,,outcomes
ucla,college_student,exact_lookup,short_circuit,,,simple entity
what essays does UC Irvine require,advisor,admissions_process,medium,,,how-to / admissions
UCLA acceptance rate,parent,attribute_lookup,short_circuit,,,single attribute
UC Berkeley tuition vs Harvard tuition,high_school_student,comparison,complex,,,compare entities
how do i apply to University of Washington,high_school_student,admissions_process,medium,,,how-to / admissions
rice university,college_student,exact_lookup,short_circuit,,,simple entity
Washington,high_school_student,exact_lookup,short_circuit,,,simple entity
recommend medium-sized colleges in the Midwest for engineering safety schools,high_school_student,recommendation,complex,,,needs recommendations
do i need sat for Virginia Tech,advisor,admissions_process,medium,,,how-to / admissions
best nursing schools in California,college_student,filtered_search,medium,,,1–2 filters
UC Irvine housing guarantee,parent,comparison,complex,,,compare entities; parent framing
best colleges for pre-law job outcomes,high_school_student,career_outcomes,medium,,,outcomes
affordable biology schools in Texas with good job placement,high_school_student,multi_constraint,complex,,,multi-constraint
Caltech housing guarantee,parent,attribute_lookup,short_circuit,,,single attribute; parent framing
large biology colleges near Chicago full ride options not too competitive,college_student,multi_constraint,complex,,,multi-constraint
affordable film schools near Chicago with good job placement,counselor_teacher,multi_constraint,complex,,,multi-constraint
medium-sized economics colleges on the East Coast under 40k not too competitive,advisor,multi_constraint,complex,,,multi-constraint; advisor framing
best pre-med schools in California,high_school_student,filtered_search,medium,,,1–2 filters
University of Wisconsin chill campus,counselor_teacher,campus_life_fit,llm_needed,,,subjective fit
create reach target safety list for political science in Texas under 20k,advisor,admissions_process,medium,,,how-to / admissions; advisor framing
Purdue job placement for philosophy,college_student,career_outcomes,medium,,,outcomes
Arizona State housing guarantee,parent,comparison,complex,,,compare entities; parent framing
Purdue tuition vs Cornell tuition,advisor,comparison,complex,,,compare entities
how do i apply to Northwestern,counselor_teacher,admissions_process,medium,,,how-to / admissions; counselor framing
medium-sized nursing colleges near a major tech hub under 20k reach schools,college_student,multi_constraint,complex,,,multi-constraint
Harvard job placement for computer science,counselor_teacher,career_outcomes,medium,,,outcomes
best neuroscience schools in warm states,high_school_student,filtered_search,medium,,,1–2 filters
schools good for non-competitive culture,counselor_teacher,campus_life_fit,llm_needed,,,subjective fit
UCLA vs Virginia Tech,high_school_student,comparison,complex,,,compare entities
UC Irvine but cheaper,counselor_teacher,rewrite_needed,complex,,,needs rewrite
create reach target safety list for mechanical engineering near the beach under 30k,advisor,comparison,complex,,,compare entities; advisor framing
Georgia Tech student-to-faculty ratio,counselor_teacher,attribute_lookup,llm_needed,,,single attribute
universities with strong finance,high_school_student,filtered_search,medium,,,1–2 filters
Purdue vs Cornell,counselor_teacher,comparison,complex,,,compare entities
does University of Washington have engineering,advisor,attribute_lookup,short_circuit,,,single attribute
schools like Northwestern but cheaper,parent,recommendation,complex,,,needs recommendations
USC tuition vs UC Irvine tuition,college_student,comparison,complex,,,compare entities
recommend small colleges near a major tech hub for pre-med target schools,counselor_teacher,recommendation,complex,,,needs recommendations
cheapest architecture schools on the East Coast,counselor_teacher,cost_financial_aid,medium,,,cost / aid
best colleges for data science job outcomes,advisor,career_outcomes,medium,,,outcomes
UT Austin vs UC Berkeley,counselor_teacher,comparison,complex,,,compare entities; counselor framing
how do i apply to Harvard,high_school_student,admissions_process,medium,Entities,Route,how-to / admissions
University of Maryland job placement for pre-med,counselor_teacher,career_outcomes,medium,,,outcomes
cheapest film schools near the beach,high_school_student,cost_financial_aid,medium,,,cost / aid
best colleges for aerospace engineering job outcomes,advisor,career_outcomes,medium,,,outcomes; advisor framing
schools like Georgia Tech but cheaper,counselor_teacher,recommendation,complex,,,needs recommendations
Harvard but cheaper,advisor,rewrite_needed,complex,,,needs rewrite
Virginia Tech vs Penn State for public health,high_school_student,comparison,complex,,,compare entities
best business schools on the East Coast,college_student,filtered_search,medium,,,1–2 filters
NYU tuition vs Columbia tuition,high_school_student,comparison,complex,,,compare entities
does Arizona State have mechanical engineering,high_school_student,attribute_lookup,short_circuit,,,single attribute
best pre-law schools near a major tech hub,advisor,filtered_search,medium,,,1–2 filters
create reach target safety list for chemistry in Texas under 20k,advisor,cost_financial_aid,medium,,,cost / aid; advisor framing
Duke,college_student,exact_lookup,complex,,,simple entity
does Brown have finance,counselor_teacher,attribute_lookup,short_circuit,,,single attribute
best architecture schools in Texas,high_school_student,filtered_search,medium,,,1–2 filters
schools good for non-competitive culture,parent,campus_life_fit,llm_needed,,,subjective fit
Boston University but cheaper,advisor,rewrite_needed,complex,,,needs rewrite
schools good for introverts,parent,campus_life_fit,llm_needed,,,subjective fit; parent framing
recommend large colleges near the beach for psychology reach schools,high_school_student,recommendation,llm_needed,,,needs recommendations
affordable architecture schools near a major tech hub with good job placement,college_student,multi_constraint,complex,,,multi-constraint
MIT application deadlines,college_student,admissions_process,medium,,,how-to / admissions
cheapest architecture schools in California,parent,cost_financial_aid,medium,,,cost / aid
Northeastern vs USC for pre-med,counselor_teacher,comparison,complex,,,compare entities
Vanderbilt vibe,high_school_student,campus_life_fit,llm_needed,,,subjective fit
Harvard financial aid for out of state,advisor,cost_financial_aid,medium,,,cost / aid
Vanderbilt housing guarantee,parent,exact_lookup,short_circuit,,,simple entity; parent framing
affordable public health schools in California with good job placement,parent,multi_constraint,complex,,,multi-constraint
schools in Texas with low student-to-faculty ratio,advisor,filtered_search,medium,,,1–2 filters
affordable political science schools in Texas with good job placement,college_student,multi_constraint,complex,,,multi-constraint
university of florida,high_school_student,exact_lookup,short_circuit,,,simple entity
best electrical engineering schools not Florida,high_school_student,filtered_search,medium,,,1–2 filters
MIT admissions profile average sat and gpa,counselor_teacher,comparison,complex,,,compare entities; counselor framing
small engineering colleges near the beach full ride options reach schools,counselor_teacher,multi_constraint,complex,,,multi-constraint
Columbia application deadlines,college_student,admissions_process,medium,,,how-to / admissions
recommend small colleges in warm states for aerospace engineering reach schools,parent,recommendation,complex,,,needs recommendations; parent framing
Georgia Tech,parent,exact_lookup,short_circuit,,,simple entity
does Purdue have neuroscience,parent,attribute_lookup,short_circuit,,,single attribute; parent framing
cheapest pre-law schools near Chicago,counselor_teacher,cost_financial_aid,medium,,,cost / aid
Boston University,advisor,exact_lookup,short_circuit,,,simple entity
how do i apply to Boston University,counselor_teacher,admissions_process,medium,,,how-to / admissions; counselor framing
Stanford job placement for business,counselor_teacher,career_outcomes,medium,,,outcomes
Rice University housing guarantee,parent,admissions_process,medium,,,how-to / admissions; parent framing
best colleges for public health job outcomes,parent,career_outcomes,medium,,,outcomes
Northeastern housing guarantee,parent,attribute_lookup,short_circuit,,,single attribute; parent framing
ucla vibe but not so expensive,parent,rewrite_needed,llm_needed,,,needs rewrite
Harvard vs University of Florida for neuroscience,parent,comparison,complex,,,compare entities
api access for college partners,counselor_teacher,b2b_partnership,medium,,,B2B; counselor framing
colleges in Texas full ride options with strong research and internships,parent,multi_constraint,complex,,,multi-constraint; parent framing
do i need sat for Rice University,advisor,admissions_process,complex,,,how-to / admissions; advisor framing
cheapest business schools on the East Coast,college_student,cost_financial_aid,medium,,,cost / aid
medium-sized film colleges near Chicago good financial aid reach schools,college_student,multi_constraint,complex,,,multi-constraint
colleges in warm states under 40k with strong research and internships,counselor_teacher,multi_constraint,complex,,,multi-constraint; counselor framing
University of Washington application deadlines,parent,admissions_process,medium,,,how-to / admissions; parent framing
cheapest architecture schools near a major tech hub,counselor_teacher,cost_financial_aid,medium,,,cost / aid
Duke job placement for film,parent,career_outcomes,medium,,,outcomes; parent framing
MIT vs UC Berkeley for business,counselor_teacher,comparison,complex,,,compare entities
University of Michigan but cheaper,high_school_student,rewrite_needed,complex,,,needs rewrite
cheapest neuroscience schools on the East Coast,high_school_student,cost_financial_aid,medium,,,cost / aid
Northeastern tuition vs Georgia Tech tuition,counselor_teacher,comparison,complex,,,compare entities
USC vs UC San Diego,counselor_teacher,comparison,complex,,,compare entities
Duke job placement for nursing,high_school_student,career_outcomes,medium,,,outcomes
does Caltech have chemistry,counselor_teacher,attribute_lookup,short_circuit,,,single attribute
Northeastern scholarships,advisor,cost_financial_aid,medium,,,cost / aid; advisor framing
how do i apply to University of Florida,parent,admissions_process,medium,,,how-to / admissions
affordable mechanical engineering schools on the East Coast with good job placement,college_student,multi_constraint,complex,,,multi-constraint
does Caltech have biology,parent,attribute_lookup,short_circuit,,,single attribute
enterprise access for counselors and districts,high_school_student,b2b_partnership,short_circuit,,,B2B
four year cost of UCLA including housing,parent,cost_financial_aid,medium,,,cost / aid; parent framing
University of Michigan introverts,advisor,campus_life_fit,short_circuit,,,subjective fit
large chemistry colleges near a major tech hub under 30k target schools,college_student,multi_constraint,complex,,,multi-constraint
does Northwestern have biology,college_student,attribute_lookup,short_circuit,,,single attribute
colleges near the beach good financial aid with strong research and internships,parent,multi_constraint,complex,,,multi-constraint
what essays does Vanderbilt require,parent,admissions_process,medium,,,how-to / admissions
colleges near the beach full ride options with strong research and internships,parent,multi_constraint,complex,,,multi-constraint
does University of Wisconsin have pre-med,parent,attribute_lookup,short_circuit,,,single attribute; parent framing
Rice University admissions profile average sat and gpa,counselor_teacher,filtered_search,medium,,,1–2 filters; counselor framing
do i need sat for Carnegie Mellon,counselor_teacher,admissions_process,medium,,,how-to / admissions
schools near the beach with low student-to-faculty ratio,college_student,filtered_search,medium,,,1–2 filters
UC Berkeley scholarships,college_student,cost_financial_aid,medium,,,cost / aid
Columbia financial aid for out of state,counselor_teacher,cost_financial_aid,short_circuit,,,cost / aid
create reach target safety list for philosophy near Chicago full ride options,advisor,recommendation,complex,,,needs recommendations; advisor framing
cheapest nursing schools in California,counselor_teacher,cost_financial_aid,medium,,,cost / aid
what schools should i apply to for electrical engineering near a major tech hub under 40k,college_student,recommendation,complex,,,needs recommendations
Northeastern normal people,parent,campus_life_fit,llm_needed,,,subjective fit
what schools should i apply to for biology on the East Coast low tuition,college_student,recommendation,complex,,,needs recommendations
schools like University of Michigan but cheaper,parent,recommendation,complex,,,needs recommendations
api access for college partners,parent,b2b_partnership,complex,,,B2B
UT Austin vs University of Michigan for nursing,parent,comparison,complex,,,compare entities
recommend medium-sized colleges near Chicago for finance safety schools,counselor_teacher,recommendation,complex,,,needs recommendations
housing for University of Michigan,college_student,attribute_lookup,short_circuit,,,single attribute
colleges near the beach,advisor,filtered_search,medium,,,1–2 filters
Boston University housing guarantee,parent,comparison,complex,,,compare entities; parent framing
UC Berkeley vs USC for finance,college_student,comparison,complex,,,compare entities
cheapest engineering schools in California,advisor,cost_financial_aid,medium,,,cost / aid; advisor framing
do i need sat for Northwestern,counselor_teacher,admissions_process,medium,,,how-to / admissions
Northeastern but cheaper,advisor,rewrite_needed,complex,,,needs rewrite
Stanford housing guarantee,parent,comparison,llm_needed,,,compare entities; parent framing
four year cost of Georgia Tech including housing,parent,rewrite_needed,complex,,,needs rewrite; parent framing
affordable data science schools in California with good job placement,college_student,multi_constraint,complex,,,multi-constraint
four year cost of University of Florida including housing,parent,recommendation,complex,,,needs recommendations; parent framing
does University of Florida have engineering,college_student,attribute_lookup,short_circuit,,,single attribute
schools like Stanford but cheaper,counselor_teacher,recommendation,complex,,,needs recommendations
colleges in California,counselor_teacher,filtered_search,medium,,,1–2 filters
Duke,advisor,exact_lookup,short_circuit,,,simple entity
four year cost of Purdue including housing,parent,admissions_process,medium,,,how-to / admissions; parent framing
colleges near a major tech hub,advisor,filtered_search,medium,,,1–2 filters; advisor framing
University of Maryland vs Arizona State,high_school_student,comparison,complex,,,compare entities
pricing for partner colleges,college_b2b,b2b_partnership,complex,,,B2B
UC San Diego admissions profile average sat and gpa,counselor_teacher,filtered_search,medium,,,1–2 filters; counselor framing
how do we update our school profile data,college_student,b2b_partnership,llm_needed,,,B2B
schools good for non-competitive culture,high_school_student,campus_life_fit,llm_needed,,,subjective fit
University of Michigan,parent,exact_lookup,short_circuit,,,simple entity; parent framing
does Columbia have film,counselor_teacher,attribute_lookup,llm_needed,,,single attribute
Caltech vs University of Washington for economics,college_student,comparison,complex,,,compare entities
average SAT for Duke,advisor,attribute_lookup,short_circuit,,,single attribute
colleges on the East Coast,counselor_teacher,filtered_search,short_circuit,,,1–2 filters
University of Washington housing guarantee,parent,multi_constraint,complex,,,multi-constraint; parent framing
Caltech application deadlines,counselor_teacher,admissions_process,medium,,,how-to / admissions
research opportunities for University of Florida,parent,attribute_lookup,short_circuit,,,single attribute
how do i apply to Arizona State,counselor_teacher,admissions_process,medium,,,how-to / admissions
UC San Diego job placement for architecture,high_school_student,career_outcomes,short_circuit,,,outcomes
Penn State tuition vs Caltech tuition,counselor_teacher,comparison,complex,,,compare entities; counselor framing
Rice University vs University of Florida,high_school_student,comparison,complex,,,compare entities
scholarships for Harvard,college_student,attribute_lookup,short_circuit,,,single attribute
what essays does Princeton require,advisor,admissions_process,medium,,,how-to / admissions; advisor framing
recommend large colleges in the Midwest for economics not too competitive,parent,recommendation,complex,,,needs recommendations
schools good for chill campus,high_school_student,campus_life_fit,complex,,,subjective fit
create reach target safety list for chemistry in the Midwest low tuition,advisor,career_outcomes,medium,,,outcomes; advisor framing
best business schools near a major tech hub,advisor,filtered_search,medium,,,1–2 filters; advisor framing
Georgia Tech admissions profile average sat and gpa,counselor_teacher,comparison,complex,,,compare entities; counselor framing
create reach target safety list for pre-med in warm states under 40k,advisor,attribute_lookup,short_circuit,,,single attribute; advisor framing
colleges in warm states,advisor,filtered_search,medium,,,1–2 filters
uc san diego,advisor,exact_lookup,short_circuit,,,simple entity; advisor framing
best political science schools near a major tech hub,parent,filtered_search,medium,,,1–2 filters
affordable neuroscience schools in Texas with good job placement,parent,multi_constraint,complex,,,multi-constraint
Vanderbilt housing guarantee,parent,career_outcomes,medium,,,outcomes; parent framing
recommend medium-sized colleges near a major tech hub for economics reach schools,advisor,recommendation,complex,,,needs recommendations
UCLA average SAT,college_student,attribute_lookup,short_circuit,,,single attribute
colleges not Florida under 40k with strong research and internships,high_school_student,multi_constraint,complex,,,multi-constraint
Princeton vs Boston University,parent,comparison,complex,,,compare entities
Northwestern financial aid for out of state,college_student,cost_financial_aid,medium,,,cost / aid
University of Maryland vs MIT,parent,comparison,complex,,,compare entities
best colleges for film job outcomes,high_school_student,career_outcomes,medium,,,outcomes
MIT average ACT,parent,attribute_lookup,short_circuit,,,single attribute
Georgia Tech admissions profile average sat and gpa,counselor_teacher,exact_lookup,short_circuit,,,simple entity; counselor framing
Northeastern,advisor,exact_lookup,short_circuit,,,simple entity
schools good for introverts,counselor_teacher,campus_life_fit,medium,,,subjective fit
University of Wisconsin admissions profile average sat and gpa,counselor_teacher,attribute_lookup,short_circuit,,,single attribute; counselor framing
what essays does Arizona State require,high_school_student,admissions_process,medium,,,how-to / admissions
Northeastern scholarships,high_school_student,cost_financial_aid,medium,,,cost / aid
large computer science colleges near a major tech hub under 40k not too competitive,college_student,multi_constraint,complex,,,multi-constraint
what schools should i apply to for pre-med not Florida full ride options,high_school_student,recommendation,complex,,,needs recommendations
request demo for our admissions team,counselor_teacher,b2b_partnership,complex,,,B2B
colleges in the Midwest full ride options with strong research and internships,advisor,multi_constraint,complex,,,multi-constraint
schools like Harvard but cheaper,high_school_student,recommendation,complex,,,needs recommendations
university of washington,high_school_student,exact_lookup,short_circuit,,,simple entity
Stanford vs USC for chemistry,counselor_teacher,comparison,complex,,,compare entities
how do i apply to Northeastern,high_school_student,admissions_process,medium,,,how-to / admissions
UC Irvine job placement for pre-law,high_school_student,career_outcomes,medium,,,outcomes
UC San Diego housing guarantee,parent,filtered_search,medium,,,1–2 filters; parent framing
University of Michigan financial aid for out of state,advisor,cost_financial_aid,medium,,,cost / aid
do i need sat for USC,advisor,admissions_process,medium,,,how-to / admissions
UT Austin vs USC for mechanical engineering,high_school_student,comparison,complex,,,compare entities
University of Michigan job placement for chemistry,high_school_student,career_outcomes,medium,,,outcomes
what essays does University of Michigan require,college_student,admissions_process,medium,,,how-to / admissions
schools with high internship placement rates,parent,career_outcomes,complex,,,outcomes
recommend small colleges near Chicago for electrical engineering target schools,counselor_teacher,recommendation,complex,,,needs recommendations
recommend medium-sized colleges on the East Coast for finance not too competitive,college_student,recommendation,complex,,,needs recommendations
best colleges for computer science job outcomes,college_student,career_outcomes,medium,,,outcomes
what schools should i apply to for data science in the Midwest under 20k,college_student,recommendation,complex,,,needs recommendations
four year cost of Harvard including housing,parent,cost_financial_aid,medium,,,cost / aid; parent framing
NYU scholarships,high_school_student,cost_financial_aid,medium,,,cost / aid
cheapest pre-law schools on the East Coast,high_school_student,cost_financial_aid,medium,,,cost / aid
Vanderbilt job placement for nursing,parent,career_outcomes,medium,,,outcomes
do i need sat for UC San Diego,college_student,admissions_process,medium,,,how-to / admissions
Cornell introverts,high_school_student,campus_life_fit,llm_needed,,,subjective fit
Princeton normal people,high_school_student,campus_life_fit,llm_needed,,,subjective fit
schools good for chill campus,college_student,campus_life_fit,complex,,,subjective fit
Boston University financial aid for out of state,advisor,cost_financial_aid,medium,,,cost / aid
pricing for partner colleges,advisor,b2b_partnership,medium,,,B2B; advisor framing
recommend medium-sized colleges near Chicago for psychology reach schools,college_student,recommendation,complex,,,needs recommendations
recommend large colleges in Texas for engineering target schools,counselor_teacher,recommendation,complex,,,needs recommendations
affordable electrical engineering schools not Florida with good job placement,parent,multi_constraint,complex,,,multi-constraint; parent framing
University of Michigan admissions profile average sat and gpa,counselor_teacher,attribute_lookup,short_circuit,,,single attribute; counselor framing
what essays does USC require,parent,admissions_process,medium,,,how-to / admissions; parent framing
colleges not Florida under 20k with strong research and internships,counselor_teacher,multi_constraint,complex,,,multi-constraint
create reach target safety list for neuroscience near a major tech hub good financial aid,advisor,cost_financial_aid,medium,,,cost / aid; advisor framing
carnegie mellon,counselor_teacher,exact_lookup,short_circuit,,,simple entity
Brown application deadlines,college_student,admissions_process,medium,,,how-to / admissions
schools on the East Coast with low student-to-faculty ratio,parent,filtered_search,medium,,,1–2 filters
colleges where people dont care about football,advisor,campus_life_fit,llm_needed,,,subjective fit; advisor framing
UC Berkeley job placement for computer science,high_school_student,career_outcomes,medium,,,outcomes
University of Washington housing guarantee,parent,admissions_process,medium,,,how-to / admissions; parent framing
what essays does Penn State require,high_school_student,admissions_process,medium,,,how-to / admissions
do i need sat for Northeastern,counselor_teacher,admissions_process,medium,,,how-to / admissions
colleges in the Midwest low tuition with strong research and internships,advisor,multi_constraint,complex,,,multi-constraint
create reach target safety list for film near a major tech hub good financial aid,advisor,career_outcomes,medium,,,outcomes; advisor framing
Vanderbilt student-to-faculty ratio,high_school_student,attribute_lookup,short_circuit,,,single attribute
create reach target safety list for architecture on the East Coast under 20k,advisor,b2b_partnership,medium,,,B2B; advisor framing
University of Michigan,college_student,exact_lookup,short_circuit,,,simple entity
Northeastern financial aid for out of state,parent,cost_financial_aid,medium,,,cost / aid
schools good for normal people,high_school_student,campus_life_fit,short_circuit,,,subjective fit
does UC Berkeley have film,high_school_student,attribute_lookup,short_circuit,,,single attribute
Cornell financial aid for out of state,college_student,cost_financial_aid,medium,,,cost / aid
schools in the Midwest with low student-to-faculty ratio,high_school_student,filtered_search,medium,,,1–2 filters
schools like University of Washington but cheaper,high_school_student,recommendation,complex,,,needs recommendations
does USC have aerospace engineering,counselor_teacher,attribute_lookup,short_circuit,,,single attribute
MIT vibe,counselor_teacher,campus_life_fit,llm_needed,,,subjective fit
schools near Chicago with low student-to-faculty ratio,high_school_student,filtered_search,medium,,,1–2 filters
Columbia vs University of Maryland for nursing,college_student,comparison,complex,,,compare entities
ucla,advisor,exact_lookup,short_circuit,,,simple entity
University of Maryland vs UCLA for electrical engineering,counselor_teacher,comparison,complex,,,compare entities
does Stanford have economics,counselor_teacher,attribute_lookup,short_circuit,,,single attribute
recommend small colleges near the beach for engineering target schools,college_student,recommendation,complex,,,needs recommendations
best chemistry schools not Florida,college_student,filtered_search,medium,,,1–2 filters
Carnegie Mellon application deadlines,counselor_teacher,admissions_process,medium,,,how-to / admissions; counselor framing
schools like Caltech but cheaper,advisor,recommendation,complex,,,needs recommendations
UCLA tuition vs University of Maryland tuition,counselor_teacher,comparison,complex,,,compare entities
small engineering colleges near Chicago low tuition safety schools,advisor,multi_constraint,complex,,,multi-constraint
colleges in warm states good financial aid with strong research and internships,advisor,multi_constraint,complex,,,multi-constraint
University of Washington financial aid for out of state,advisor,cost_financial_aid,medium,,,cost / aid
mit,high_school_student,exact_lookup,short_circuit,,,simple entity
average SAT for NYU,advisor,attribute_lookup,short_circuit,,,single attribute
request demo for our admissions team,advisor,b2b_partnership,medium,,,B2B; advisor framing
affordable business schools not Florida with good job placement,counselor_teacher,multi_constraint,complex,,,multi-constraint
University of Wisconsin,high_school_student,exact_lookup,short_circuit,,,simple entity
best public health schools in warm states,advisor,filtered_search,medium,,,1–2 filters
create reach target safety list for finance in California under 30k,advisor,attribute_lookup,short_circuit,,,single attribute; advisor framing
Carnegie Mellon introverts,parent,campus_life_fit,llm_needed,,,subjective fit
how do i apply to Purdue,advisor,admissions_process,medium,,,how-to / admissions
schools good for chill campus,college_student,campus_life_fit,llm_needed,,,subjective fit
recommend small colleges in warm states for finance safety schools,advisor,recommendation,complex,,,needs recommendations; advisor framing
cheapest electrical engineering schools in Texas,counselor_teacher,cost_financial_aid,medium,,,cost / aid
medium-sized electrical engineering colleges not Florida good financial aid target schools,college_student,multi_constraint,complex,,,multi-constraint
best computer science schools near the beach,college_student,filtered_search,medium,,,1–2 filters
Carnegie Mellon admissions profile average sat and gpa,counselor_teacher,b2b_partnership,medium,,,B2B; counselor framing
Northeastern financial aid,parent,attribute_lookup,short_circuit,,,single attribute
recommend small colleges near Chicago for electrical engineering safety schools,advisor,recommendation,complex,,,needs recommendations
recommend small colleges in the Midwest for engineering not too competitive,counselor_teacher,recommendation,complex,,,needs recommendations
UC Berkeley but cheaper,high_school_student,rewrite_needed,complex,,,needs rewrite
schools like Carnegie Mellon but cheaper,advisor,recommendation,medium,,,needs recommendations
clubs for UCLA,counselor_teacher,attribute_lookup,short_circuit,,,single attribute; counselor framing
Rice University,parent,exact_lookup,short_circuit,,,simple entity
what schools should i apply to for film in Texas under 40k,college_student,recommendation,complex,,,needs recommendations
Princeton vs Duke,college_student,comparison,complex,,,compare entities
University of Maryland,high_school_student,exact_lookup,short_circuit,,,simple entity
what schools should i apply to for pre-med not Florida under 30k,parent,recommendation,complex,,,needs recommendations
Georgia Tech housing guarantee,parent,exact_lookup,short_circuit,,,simple entity; parent framing
University of Florida job placement for psychology,college_student,career_outcomes,medium,,,outcomes
Cornell but cheaper,college_student,rewrite_needed,complex,,,needs rewrite
USC scholarships,counselor_teacher,cost_financial_aid,llm_needed,,,cost / aid
small political science colleges on the East Coast under 30k reach schools,advisor,multi_constraint,complex,,,multi-constraint
colleges in warm states good financial aid with strong research and internships,high_school_student,multi_constraint,complex,,,multi-constraint
Rice University but cheaper,college_student,rewrite_needed,complex,,,needs rewrite
Northeastern vs UC San Diego for mechanical engineering,college_student,comparison,complex,,,compare entities
UCLA financial aid for out of state,high_school_student,cost_financial_aid,medium,,,cost / aid
uc san diego,advisor,exact_lookup,short_circuit,,,simple entity
Vanderbilt,counselor_teacher,exact_lookup,short_circuit,,,simple entity; counselor framing
create reach target safety list for business in the Midwest under 20k,advisor,cost_financial_aid,complex,,,cost / aid; advisor framing
affordable economics schools in warm states with good job placement,advisor,multi_constraint,complex,,,multi-constraint
cheapest aerospace engineering schools in the Midwest,parent,cost_financial_aid,medium,,,cost / aid
Georgia Tech admissions profile average sat and gpa,counselor_teacher,campus_life_fit,llm_needed,,,subjective fit; counselor framing
Carnegie Mellon admissions profile average sat and gpa,counselor_teacher,rewrite_needed,complex,,,needs rewrite; counselor framing
what schools should i apply to for political science near the beach full ride options,counselor_teacher,recommendation,complex,,,needs recommendations
Stanford,high_school_student,exact_lookup,short_circuit,,,simple entity
Georgia Tech,high_school_student,exact_lookup,short_circuit,,,simple entity
Stanford scholarships,counselor_teacher,cost_financial_aid,medium,,,cost / aid
colleges in the Midwest,high_school_student,filtered_search,medium,,,1–2 filters
what essays does Georgia Tech require,college_student,admissions_process,medium,,,how-to / admissions
Harvard tuition vs Cornell tuition,high_school_student,comparison,complex,,,compare entities
NYU,high_school_student,exact_lookup,llm_needed,,,simple entity
do i need sat for University of Washington,advisor,admissions_process,medium,,,how-to / admissions
Cornell admissions profile average sat and gpa,counselor_teacher,exact_lookup,short_circuit,,,simple entity; counselor framing
Brown,parent,exact_lookup,short_circuit,,,simple entity
Duke,advisor,exact_lookup,short_circuit,,,simple entity; advisor framing
does Rice University have business,high_school_student,attribute_lookup,short_circuit,,,single attribute
do i need sat for MIT,advisor,admissions_process,medium,,,how-to / admissions; advisor framing
affordable computer science schools near a major tech hub with good job placement,high_school_student,multi_constraint,complex,,,multi-constraint
what essays does Northwestern require,high_school_student,admissions_process,medium,,,how-to / admissions
cheapest pre-med schools near a major tech hub,parent,cost_financial_aid,medium,,,cost / aid
Rice University vs Purdue for electrical engineering,high_school_student,comparison,complex,,,compare entities
create reach target safety list for film in warm states low tuition,advisor,exact_lookup,short_circuit,,,simple entity; advisor framing
Boston University vibe,high_school_student,campus_life_fit,llm_needed,,,subjective fit
University of Washington rankings,counselor_teacher,attribute_lookup,short_circuit,,,single attribute
Boston University admissions profile average sat and gpa,counselor_teacher,filtered_search,medium,,,1–2 filters; counselor framing
what schools should i apply to for political science in Texas under 30k,college_student,recommendation,complex,,,needs recommendations
recommend medium-sized colleges in Texas for electrical engineering safety schools,high_school_student,recommendation,complex,,,needs recommendations
mit without the suffering,counselor_teacher,rewrite_needed,complex,,,needs rewrite; counselor framing
colleges near the beach under 20k with strong research and internships,counselor_teacher,multi_constraint,complex,,,multi-constraint
best political science schools in the Midwest,advisor,filtered_search,llm_needed,,,1–2 filters
colleges near a major tech hub full ride options with strong research and internships,advisor,multi_constraint,complex,,,multi-constraint
University of Michigan vs Stanford for psychology,high_school_student,comparison,medium,,,compare entities
colleges near the beach under 30k with strong research and internships,parent,multi_constraint,complex,,,multi-constraint
what schools should i apply to for architecture in the Midwest under 40k,parent,recommendation,complex,,,needs recommendations
recommend large colleges near Chicago for film not too competitive,counselor_teacher,recommendation,complex,,,needs recommendations
schools on the East Coast with low student-to-faculty ratio,advisor,filtered_search,medium,,,1–2 filters; advisor framing
NYU job placement,high_school_student,attribute_lookup,short_circuit,,,single attribute
does UC Berkeley have business,advisor,attribute_lookup,short_circuit,,,single attribute
Caltech job placement for economics,counselor_teacher,career_outcomes,medium,,,outcomes; counselor framing
colleges on the East Coast,parent,filtered_search,medium,,,1–2 filters
cheapest psychology schools in California,college_student,cost_financial_aid,medium,,,cost / aid
how do i apply to Princeton,counselor_teacher,admissions_process,medium,,,how-to / admissions
colleges in California,advisor,filtered_search,medium,,,1–2 filters
four year cost of Vanderbilt including housing,parent,admissions_process,medium,,,how-to / admissions; parent framing
Boston University vs Northeastern,counselor_teacher,comparison,complex,,,compare entities
colleges not Florida good financial aid with strong research and internships,parent,multi_constraint,complex,,,multi-constraint; parent framing
Columbia tuition vs University of Maryland tuition,high_school_student,comparison,complex,,,compare entities
Vanderbilt vs Virginia Tech for pre-med,parent,comparison,complex,,,compare entities
best colleges for pre-med job outcomes,counselor_teacher,career_outcomes,medium,,,outcomes
Caltech financial aid for out of state,high_school_student,cost_financial_aid,medium,,,cost / aid
recommend small colleges in Texas for pre-med reach schools,counselor_teacher,recommendation,complex,,,needs recommendations
UC San Diego,high_school_student,exact_lookup,short_circuit,,,simple entity
does Duke have film,high_school_student,attribute_lookup,short_circuit,,,single attribute
location for Arizona State,parent,attribute_lookup,short_circuit,,,single attribute
create reach target safety list for computer science in warm states under 40k,advisor,comparison,complex,,,compare entities; advisor framing
colleges in the Midwest,counselor_teacher,filtered_search,medium,,,1–2 filters
does Arizona State have mechanical engineering,counselor_teacher,attribute_lookup,short_circuit,,,single attribute
Caltech vs University of Maryland for mechanical engineering,advisor,comparison,short_circuit,,,compare entities
small computer science colleges near Chicago under 30k not too competitive,counselor_teacher,multi_constraint,complex,,,multi-constraint
University of Michigan job placement for pre-law,counselor_teacher,career_outcomes,llm_needed,,,outcomes
Duke admissions profile average sat and gpa,counselor_teacher,exact_lookup,short_circuit,,,simple entity; counselor framing
schools like NYU but cheaper,parent,recommendation,complex,,,needs recommendations
colleges near Chicago,counselor_teacher,filtered_search,medium,,,1–2 filters
schools not Florida with low student-to-faculty ratio,high_school_student,filtered_search,medium,,,1–2 filters
UC San Diego,counselor_teacher,exact_lookup,medium,,,simple entity
Arizona State tuition vs Harvard tuition,college_student,comparison,complex,,,compare entities
University of Wisconsin admissions profile average sat and gpa,counselor_teacher,cost_financial_aid,medium,,,cost / aid; counselor framing
what schools should i apply to for biology near Chicago under 20k,high_school_student,recommendation,complex,,,needs recommendations
UC Irvine scholarships,high_school_student,cost_financial_aid,llm_needed,,,cost / aid
recommend large colleges near a major tech hub for mechanical engineering safety schools,counselor_teacher,recommendation,complex,,,needs recommendations
small economics colleges near the beach under 30k not too competitive,high_school_student,multi_constraint,complex,,,multi-constraint
four year cost of University of Wisconsin including housing,parent,campus_life_fit,llm_needed,,,subjective fit; parent framing
colleges near Chicago good financial aid with strong research and internships,advisor,multi_constraint,complex,,,multi-constraint
Princeton financial aid for out of state,college_student,cost_financial_aid,medium,,,cost / aid
what schools should i apply to for public health in California full ride options,advisor,recommendation,complex,,,needs recommendations
best colleges for political science job outcomes,parent,career_outcomes,medium,,,outcomes
USC tuition vs Rice University tuition,counselor_teacher,comparison,complex,,,compare entities
what schools should i apply to for data science not Florida good financial aid,advisor,recommendation,complex,,,needs recommendations
schools with normal people,advisor,campus_life_fit,llm_needed,,,subjective fit; advisor framing
what essays does University of Wisconsin require,high_school_student,admissions_process,medium,,,how-to / admissions
Northwestern,counselor_teacher,exact_lookup,short_circuit,,,simple entity
large public health colleges not Florida under 20k not too competitive,college_student,multi_constraint,medium,,,multi-constraint
universities with strong philosophy,advisor,filtered_search,medium,,,1–2 filters
UC Irvine housing guarantee,parent,exact_lookup,short_circuit,,,simple entity; parent framing
what essays does Harvard require,high_school_student,admissions_process,medium,,,how-to / admissions
colleges near Chicago,high_school_student,filtered_search,medium,,,1–2 filters
what essays does Purdue require,parent,admissions_process,medium,,,how-to / admissions
colleges near the beach low tuition with strong research and internships,counselor_teacher,multi_constraint,complex,,,multi-constraint
api access for college partners,parent,b2b_partnership,medium,,,B2B; parent framing
Brown admissions profile average sat and gpa,counselor_teacher,campus_life_fit,llm_needed,,,subjective fit; counselor framing
schools in the Midwest with low student-to-faculty ratio,parent,filtered_search,medium,,,1–2 filters; parent framing
small data science colleges in Texas full ride options reach schools,college_student,multi_constraint,complex,,,multi-constraint
job placement for University of Wisconsin,parent,attribute_lookup,short_circuit,,,single attribute
medium-sized film colleges in the Midwest under 40k not too competitive,counselor_teacher,multi_constraint,complex,,,multi-constraint
universities with strong data science,high_school_student,filtered_search,medium,,,1–2 filters
what essays does UT Austin require,counselor_teacher,admissions_process,medium,,,how-to / admissions; counselor framing
University of Washington vs UC San Diego,advisor,comparison,complex,,,compare entities
schools good for chill campus,advisor,campus_life_fit,llm_needed,,,subjective fit
Carnegie Mellon average ACT,parent,attribute_lookup,short_circuit,,,single attribute
four year cost of Virginia Tech including housing,parent,recommendation,complex,,,needs recommendations; parent framing
how do i apply to Northeastern,college_student,admissions_process,medium,,,how-to / admissions
Duke tuition vs Purdue tuition,parent,comparison,complex,,,compare entities
University of Michigan housing guarantee,parent,recommendation,complex,,,needs recommendations; parent framing
rice university,parent,exact_lookup,short_circuit,,,simple entity; parent framing
harvard,high_school_student,exact_lookup,short_circuit,,,simple entity
Purdue but cheaper,parent,rewrite_needed,complex,,,needs rewrite
create reach target safety list for film near a major tech hub full ride options,advisor,multi_constraint,complex,,,multi-constraint; advisor framing
affordable chemistry schools in warm states with good job placement,parent,multi_constraint,complex,,,multi-constraint
University of Washington admissions profile average sat and gpa,counselor_teacher,recommendation,complex,,,needs recommendations; counselor framing
Virginia Tech vs NYU,college_student,comparison,complex,,,compare entities
small business colleges in California good financial aid target schools,high_school_student,multi_constraint,complex,,,multi-constraint
best colleges for philosophy job outcomes,high_school_student,career_outcomes,medium,,,outcomes
Duke student-to-faculty ratio,high_school_student,attribute_lookup,short_circuit,,,single attribute
cheapest mechanical engineering schools in the Midwest,parent,cost_financial_aid,medium,,,cost / aid; parent framing
Penn State application deadlines,parent,admissions_process,medium,,,how-to / admissions
Duke but cheaper,advisor,rewrite_needed,complex,,,needs rewrite
schools good for introverts,advisor,campus_life_fit,llm_needed,,,subjective fit
affordable political science schools in the Midwest with good job placement,college_student,multi_constraint,complex,,,multi-constraint
Harvard campus safety,advisor,attribute_lookup,short_circuit,,,single attribute
Cornell tuition vs UC Berkeley tuition,advisor,comparison,complex,,,compare entities
recommend small colleges near Chicago for computer science target schools,advisor,recommendation,complex,,,needs recommendations
large neuroscience colleges in California under 40k not too competitive,college_student,multi_constraint,complex,,,multi-constraint
NYU,counselor_teacher,exact_lookup,short_circuit,,,simple entity
what schools should i apply to for mechanical engineering near the beach low tuition,counselor_teacher,recommendation,complex,,,needs recommendations
University of Wisconsin job placement for pre-med,college_student,career_outcomes,llm_needed,,,outcomes
schools with high internship placement rates,advisor,career_outcomes,llm_needed,,,outcomes
colleges in California under 20k with strong research and internships,high_school_student,multi_constraint,complex,,,multi-constraint
how do i apply to Stanford,parent,admissions_process,medium,,,how-to / admissions; parent framing
University of Washington admissions profile average sat and gpa,counselor_teacher,comparison,complex,,,compare entities; counselor framing
how do we update our school profile data,counselor_teacher,b2b_partnership,medium,,,B2B; counselor framing
universities with strong public health,high_school_student,filtered_search,medium,,,1–2 filters
affordable data science schools in warm states with good job placement,counselor_teacher,multi_constraint,complex,,,multi-constraint
best nursing schools near a major tech hub,high_school_student,filtered_search,medium,,,1–2 filters
colleges in California under 40k with strong research and internships,advisor,multi_constraint,short_circuit,,,multi-constraint
schools not Florida with low student-to-faculty ratio,high_school_student,filtered_search,complex,,,1–2 filters
Harvard,high_school_student,exact_lookup,llm_needed,,,simple entity
Northwestern job placement for philosophy,parent,career_outcomes,medium,,,outcomes; parent framing
Vanderbilt scholarships,college_student,cost_financial_aid,medium,,,cost / aid
does Harvard have business,college_student,attribute_lookup,short_circuit,,,single attribute
UC Irvine scholarships,counselor_teacher,cost_financial_aid,medium,,,cost / aid
colleges not Florida under 20k with strong research and internships,advisor,multi_constraint,complex,,,multi-constraint
USC chill campus,advisor,campus_life_fit,llm_needed,,,subjective fit
Northwestern application deadlines,college_student,admissions_process,medium,,,how-to / admissions
University of Wisconsin scholarships,high_school_student,cost_financial_aid,medium,,,cost / aid
Princeton tuition vs University of Florida tuition,advisor,comparison,complex,,,compare entities
colleges near Chicago,college_student,filtered_search,medium,,,1–2 filters
Penn State housing guarantee,parent,comparison,complex,,,compare entities; parent framing
do i need sat for UC San Diego,advisor,admissions_process,complex,,,how-to / admissions
northwestern,college_student,exact_lookup,short_circuit,,,simple entity
four year cost of MIT including housing,parent,cost_financial_aid,medium,,,cost / aid; parent framing
Duke vs Princeton,high_school_student,comparison,complex,,,compare entities
Carnegie Mellon job placement for mechanical engineering,college_student,career_outcomes,short_circuit,,,outcomes
schools good for sports culture,counselor_teacher,campus_life_fit,llm_needed,,,subjective fit; counselor framing
universities with strong neuroscience,high_school_student,filtered_search,medium,,,1–2 filters
best colleges for business job outcomes,high_school_student,career_outcomes,medium,,,outcomes
University of Maryland job placement for computer science,high_school_student,career_outcomes,medium,,,outcomes
do i need sat for Duke,counselor_teacher,admissions_process,medium,,,how-to / admissions; counselor framing
small biology colleges not Florida under 20k reach schools,advisor,multi_constraint,complex,,,multi-constraint
create reach target safety list for public health near Chicago under 30k,advisor,exact_lookup,complex,,,simple entity; advisor framing
recommend medium-sized colleges not Florida for film not too competitive,advisor,recommendation,complex,,,needs recommendations
UT Austin housing guarantee,parent,exact_lookup,short_circuit,,,simple entity; parent framing
USC but cheaper,college_student,rewrite_needed,complex,,,needs rewrite
cheapest chemistry schools on the East Coast,parent,cost_financial_aid,medium,,,cost / aid
recommend small colleges near Chicago for mechanical engineering safety schools,college_student,recommendation,complex,,,needs recommendations
Caltech but cheaper,parent,rewrite_needed,complex,,,needs rewrite
UC Irvine,advisor,exact_lookup,medium,,,simple entity
Penn State campus safety,high_school_student,attribute_lookup,complex,,,single attribute
schools like Georgia Tech but cheaper,advisor,recommendation,complex,,,needs recommendations
MIT but cheaper,high_school_student,rewrite_needed,complex,,,needs rewrite
what schools should i apply to for public health in warm states under 40k,college_student,recommendation,complex,,,needs recommendations
best colleges for psychology job outcomes,parent,career_outcomes,medium,,,outcomes
Northeastern normal people,counselor_teacher,campus_life_fit,llm_needed,,,subjective fit
Rice University job placement for mechanical engineering,college_student,career_outcomes,medium,,,outcomes
what essays does UC Irvine require,high_school_student,admissions_process,medium,,,how-to / admissions
UC San Diego,advisor,exact_lookup,short_circuit,,,simple entity
Rice University housing guarantee,parent,attribute_lookup,short_circuit,,,single attribute; parent framing
University of Wisconsin housing guarantee,parent,rewrite_needed,complex,,,needs rewrite; parent framing
best pre-law schools near the beach,parent,filtered_search,medium,,,1–2 filters; parent framing
housing for Harvard,parent,attribute_lookup,short_circuit,,,single attribute
schools near the beach with low student-to-faculty ratio,counselor_teacher,filtered_search,medium,,,1–2 filters
Rice University financial aid for out of state,advisor,cost_financial_aid,medium,,,cost / aid
Boston University tuition vs University of Wisconsin tuition,high_school_student,comparison,short_circuit,,,compare entities
colleges in warm states under 40k with strong research and internships,counselor_teacher,multi_constraint,llm_needed,,,multi-constraint
UCLA financial aid for out of state,counselor_teacher,cost_financial_aid,medium,,,cost / aid
does Purdue have engineering,counselor_teacher,attribute_lookup,short_circuit,,,single attribute
what schools should i apply to for finance in Texas low tuition,high_school_student,recommendation,complex,,,needs recommendations
create reach target safety list for chemistry in warm states under 30k,advisor,exact_lookup,short_circuit,,,simple entity; advisor framing
what schools should i apply to for electrical engineering near the beach under 30k,high_school_student,recommendation,complex,,,needs recommendations
USC job placement for political science,college_student,career_outcomes,medium,,,outcomes
Boston University tuition vs Stanford tuition,parent,comparison,complex,,,compare entities
large computer science colleges in Texas under 20k safety schools,high_school_student,multi_constraint,complex,,,multi-constraint
best architecture schools on the East Coast,high_school_student,filtered_search,llm_needed,,,1–2 filters
does Duke have psychology,college_student,attribute_lookup,complex,,,single attribute
what schools should i apply to for public health in the Midwest low tuition,counselor_teacher,recommendation,complex,,,needs recommendations
what schools should i apply to for philosophy in warm states full ride options,advisor,recommendation,complex,,,needs recommendations
schools with strong first gen support,counselor_teacher,b2b_partnership,short_circuit,,,B2B; counselor framing
Northwestern tuition vs Caltech tuition,parent,comparison,complex,,,compare entities
Rice University job placement for business,high_school_student,career_outcomes,short_circuit,,,outcomes
affordable film schools in Texas with good job placement,parent,multi_constraint,complex,,,multi-constraint
average ACT for Duke,advisor,attribute_lookup,medium,,,single attribute
Vanderbilt acceptance rate,parent,attribute_lookup,short_circuit,,,single attribute
virginia tech,counselor_teacher,exact_lookup,short_circuit,,,simple entity
what schools should i apply to for computer science near Chicago under 20k,college_student,recommendation,complex,,,needs recommendations
UC Berkeley,counselor_teacher,exact_lookup,medium,,,simple entity
Harvard vs UT Austin for chemistry,advisor,comparison,llm_needed,,,compare entities; advisor framing
schools like Rice University but cheaper,high_school_student,recommendation,complex,,,needs recommendations
Duke vs Carnegie Mellon,college_student,comparison,complex,,,compare entities
create reach target safety list for pre-law near Chicago good financial aid,advisor,admissions_process,medium,,,how-to / admissions; advisor framing
schools like Arizona State but cheaper,high_school_student,recommendation,complex,,,needs recommendations
what schools should i apply to for psychology near a major tech hub under 40k,advisor,recommendation,complex,,,needs recommendations
columbia,college_student,exact_lookup,short_circuit,,,simple entity
NYU,high_school_student,exact_lookup,short_circuit,,,simple entity
best colleges for psychology job outcomes,college_student,career_outcomes,medium,,,outcomes
recommend large colleges near the beach for psychology reach schools,counselor_teacher,recommendation,complex,,,needs recommendations
large public health colleges in warm states good financial aid reach schools,advisor,multi_constraint,llm_needed,,,multi-constraint
Northwestern job placement for data science,advisor,career_outcomes,medium,,,outcomes; advisor framing
University of Washington scholarships,high_school_student,cost_financial_aid,medium,,,cost / aid
best economics schools near Chicago,high_school_student,filtered_search,medium,,,1–2 filters
UC Berkeley,advisor,exact_lookup,short_circuit,,,simple entity
affordable film schools not Florida with good job placement,high_school_student,multi_constraint,complex,,,multi-constraint
University of Florida application deadlines,college_student,admissions_process,medium,,,how-to / admissions
Virginia Tech,counselor_teacher,exact_lookup,short_circuit,,,simple entity
Virginia Tech scholarships,college_student,cost_financial_aid,medium,,,cost / aid
Arizona State job placement for psychology,high_school_student,career_outcomes,medium,,,outcomes
Harvard admissions profile average sat and gpa,counselor_teacher,campus_life_fit,llm_needed,,,subjective fit; counselor framing
does University of Michigan have engineering,high_school_student,attribute_lookup,short_circuit,,,single attribute
campus safety for University of Maryland,high_school_student,attribute_lookup,short_circuit,,,single attribute
USC vs Vanderbilt,high_school_student,comparison,complex,,,compare entities
Arizona State location,college_student,attribute_lookup,short_circuit,,,single attribute
Vanderbilt job placement for political science,parent,career_outcomes,medium,,,outcomes; parent framing
create reach target safety list for finance not Florida full ride options,advisor,cost_financial_aid,medium,,,cost / aid; advisor framing
schools like UC San Diego but cheaper,advisor,recommendation,complex,,,needs recommendations; advisor framing
Purdue internships,counselor_teacher,attribute_lookup,short_circuit,,,single attribute
recommend large colleges in the Midwest for architecture target schools,college_student,recommendation,complex,,,needs recommendations
recommend large colleges on the East Coast for architecture reach schools,advisor,recommendation,complex,,,needs recommendations; advisor framing
Rice University but cheaper,high_school_student,rewrite_needed,complex,,,needs rewrite
what schools should i apply to for engineering near the beach under 20k,parent,recommendation,complex,,,needs recommendations
Stanford job placement for computer science,advisor,career_outcomes,medium,,,outcomes
Boston University vs Vanderbilt,advisor,comparison,complex,,,compare entities
Boston University internships,high_school_student,attribute_lookup,short_circuit,,,single attribute
duke,college_student,exact_lookup,short_circuit,,,simple entity
Cornell housing guarantee,parent,campus_life_fit,llm_needed,,,subjective fit; parent framing
Caltech,advisor,exact_lookup,short_circuit,,,simple entity
colleges near Chicago full ride options with strong research and internships,advisor,multi_constraint,complex,,,multi-constraint
cheapest mechanical engineering schools in the Midwest,high_school_student,cost_financial_aid,medium,,,cost / aid
how do i apply to UC Berkeley,advisor,admissions_process,medium,,,how-to / admissions
universities with strong finance,parent,filtered_search,medium,,,1–2 filters
cheapest political science schools in the Midwest,parent,cost_financial_aid,medium,,,cost / aid
Northwestern application deadlines,high_school_student,admissions_process,medium,,,how-to / admissions
schools good for normal people,high_school_student,campus_life_fit,llm_needed,,,subjective fit
create reach target safety list for nursing near the beach low tuition,advisor,career_outcomes,medium,,,outcomes; advisor framing
Virginia Tech housing guarantee,parent,campus_life_fit,llm_needed,,,subjective fit; parent framing
Arizona State vs USC for economics,high_school_student,comparison,complex,,,compare entities
enterprise access for counselors and districts,parent,b2b_partnership,llm_needed,,,B2B
Brown student-to-faculty ratio,advisor,attribute_lookup,short_circuit,,,single attribute
NYU vs Columbia,college_student,comparison,complex,,,compare entities
schools like NYU but cheaper,advisor,recommendation,complex,,,needs recommendations
do i need sat for Arizona State,high_school_student,admissions_process,medium,,,how-to / admissions
Carnegie Mellon tuition vs Cornell tuition,college_student,comparison,short_circuit,,,compare entities
UCLA job placement for neuroscience,college_student,career_outcomes,medium,,,outcomes
Duke vs USC,advisor,comparison,complex,,,compare entities
cheapest aerospace engineering schools near the beach,college_student,cost_financial_aid,medium,,,cost / aid
UT Austin,college_student,exact_lookup,short_circuit,,,simple entity
Harvard non-competitive culture,parent,campus_life_fit,llm_needed,,,subjective fit
cheapest film schools near the beach,parent,cost_financial_aid,medium,,,cost / aid
UC Berkeley student-to-faculty ratio,counselor_teacher,attribute_lookup,short_circuit,,,single attribute; counselor framing
NYU,advisor,exact_lookup,short_circuit,,,simple entity
duke,counselor_teacher,exact_lookup,short_circuit,,,simple entity
best aerospace engineering schools near Chicago,advisor,filtered_search,medium,,,1–2 filters; advisor framing
UT Austin financial aid for out of state,high_school_student,cost_financial_aid,medium,,,cost / aid
best philosophy schools in the Midwest,advisor,filtered_search,medium,,,1–2 filters
University of Washington vs USC for biology,high_school_student,comparison,complex,,,compare entities
Harvard application deadlines,college_student,admissions_process,medium,,,how-to / admissions
Purdue tuition vs Duke tuition,college_student,comparison,complex,,,compare entities
affordable pre-law schools not Florida with good job placement,parent,multi_constraint,complex,,,multi-constraint
does Georgia Tech have public health,college_student,attribute_lookup,short_circuit,,,single attribute
Princeton but cheaper,parent,rewrite_needed,complex,,,needs rewrite
Harvard,counselor_teacher,exact_lookup,medium,,,simple entity; counselor framing
MIT financial aid for out of state,high_school_student,cost_financial_aid,medium,,,cost / aid
UC San Diego,parent,exact_lookup,short_circuit,,,simple entity; parent framing
UC Berkeley tuition vs UCLA tuition,counselor_teacher,comparison,complex,,,compare entities
Georgia Tech vs Princeton,college_student,comparison,complex,,,compare entities
four year cost of Caltech including housing,parent,career_outcomes,medium,,,outcomes; parent framing
financial aid for Stanford,high_school_student,attribute_lookup,short_circuit,,,single attribute
UC Berkeley clubs,parent,attribute_lookup,short_circuit,,,single attribute
colleges near Chicago low tuition with strong research and internships,counselor_teacher,multi_constraint,complex,,,multi-constraint
UT Austin vs UC Berkeley for mechanical engineering,parent,comparison,complex,,,compare entities
create reach target safety list for pre-law in warm states low tuition,advisor,exact_lookup,short_circuit,,,simple entity; advisor framing
Northwestern,advisor,exact_lookup,llm_needed,,,simple entity
create reach target safety list for finance in the Midwest low tuition,advisor,rewrite_needed,llm_needed,,,needs rewrite; advisor framing
what schools should i apply to for philosophy near the beach good financial aid,counselor_teacher,recommendation,complex,,,needs recommendations; counselor framing
colleges on the East Coast good financial aid with strong research and internships,parent,multi_constraint,complex,,,multi-constraint
rankings for Carnegie Mellon,high_school_student,attribute_lookup,short_circuit,,,single attribute
best economics schools in warm states,parent,filtered_search,medium,,,1–2 filters
four year cost of Duke including housing,parent,recommendation,complex,,,needs recommendations; parent framing
UC Berkeley housing guarantee,parent,career_outcomes,medium,,,outcomes; parent framing
create reach target safety list for electrical engineering near the beach full ride options,advisor,filtered_search,medium,,,1–2 filters; advisor framing
does UC San Diego have film,college_student,attribute_lookup,llm_needed,,,single attribute
Georgia Tech financial aid for out of state,advisor,cost_financial_aid,llm_needed,,,cost / aid
create reach target safety list for public health in the Midwest under 40k,advisor,multi_constraint,complex,,,multi-constraint; advisor framing
large pre-law colleges in California under 40k not too competitive,counselor_teacher,multi_constraint,medium,,,multi-constraint; counselor framing
Stanford tuition vs Penn State tuition,high_school_student,comparison,complex,,,compare entities
what schools should i apply to for biology near the beach under 30k,parent,recommendation,complex,,,needs recommendations
what schools should i apply to for psychology not Florida good financial aid,parent,recommendation,complex,,,needs recommendations
best film schools in Texas,high_school_student,filtered_search,medium,,,1–2 filters
medium-sized chemistry colleges in the Midwest under 30k not too competitive,counselor_teacher,multi_constraint,complex,,,multi-constraint
four year cost of University of Maryland including housing,parent,attribute_lookup,short_circuit,,,single attribute; parent framing
University of Wisconsin student-to-faculty ratio,counselor_teacher,attribute_lookup,short_circuit,,,single attribute
Virginia Tech job placement for public health,advisor,career_outcomes,medium,,,outcomes
small biology colleges in California under 30k safety schools,parent,multi_constraint,complex,,,multi-constraint
UC San Diego financial aid for out of state,high_school_student,cost_financial_aid,medium,,,cost / aid
University of Maryland financial aid for out of state,counselor_teacher,cost_financial_aid,medium,,,cost / aid
University of Maryland clubs,high_school_student,attribute_lookup,short_circuit,,,single attribute
api access for college partners,high_school_student,b2b_partnership,short_circuit,,,B2B
affordable economics schools in California with good job placement,advisor,multi_constraint,complex,,,multi-constraint
what essays does Penn State require,advisor,admissions_process,medium,,,how-to / admissions
UT Austin job placement for nursing,parent,career_outcomes,medium,,,outcomes
large electrical engineering colleges near a major tech hub under 20k not too competitive,college_student,multi_constraint,complex,,,multi-constraint
recommend small colleges near the beach for neuroscience target schools,advisor,recommendation,complex,,,needs recommendations
Florida,counselor_teacher,exact_lookup,short_circuit,,,simple entity
schools with normal people,parent,campus_life_fit,short_circuit,,,subjective fit
schools like Purdue but cheaper,college_student,recommendation,complex,,,needs recommendations
Georgia Tech application deadlines,high_school_student,admissions_process,medium,,,how-to / admissions
create reach target safety list for psychology in California full ride options,advisor,career_outcomes,medium,,,outcomes; advisor framing
Purdue scholarships,advisor,cost_financial_aid,medium,,,cost / aid
enterprise access for counselors and districts,advisor,b2b_partnership,llm_needed,,,B2B
UT Austin tuition vs NYU tuition,advisor,comparison,complex,,,compare entities
Caltech admissions profile average sat and gpa,counselor_teacher,admissions_process,medium,,,how-to / admissions; counselor framing
best philosophy schools near a major tech hub,counselor_teacher,filtered_search,medium,,,1–2 filters
Vanderbilt research opportunities,high_school_student,attribute_lookup,short_circuit,,,single attribute
colleges where people dont care about football,counselor_teacher,campus_life_fit,complex,,,subjective fit
Purdue,parent,exact_lookup,short_circuit,,,simple entity
what essays does Rice University require,high_school_student,admissions_process,medium,,,how-to / admissions
how do i apply to Duke,college_student,admissions_process,medium,,,how-to / admissions
do i need sat for University of Wisconsin,college_student,admissions_process,medium,,,how-to / admissions
University of Michigan but cheaper,college_student,rewrite_needed,complex,,,needs rewrite
housing for Stanford,parent,attribute_lookup,short_circuit,,,single attribute
does Carnegie Mellon have neuroscience,high_school_student,attribute_lookup,short_circuit,,,single attribute
api access for college partners,counselor_teacher,b2b_partnership,medium,,,B2B
Northeastern admissions profile average sat and gpa,counselor_teacher,campus_life_fit,llm_needed,,,subjective fit; counselor framing
Virginia Tech housing guarantee,parent,cost_financial_aid,medium,,,cost / aid; parent framing
recommend medium-sized colleges in the Midwest for electrical engineering target schools,high_school_student,recommendation,medium,,,needs recommendations
UC Irvine application deadlines,high_school_student,admissions_process,medium,,,how-to / admissions
best computer science schools near Chicago,college_student,filtered_search,medium,,,1–2 filters
Northeastern vs Stanford,parent,comparison,complex,,,compare entities
best colleges for film job outcomes,parent,career_outcomes,medium,,,outcomes
schools not Florida with low student-to-faculty ratio,parent,filtered_search,medium,,,1–2 filters
create reach target safety list for political science in the Midwest low tuition,advisor,filtered_search,medium,,,1–2 filters; advisor framing
Vanderbilt,counselor_teacher,exact_lookup,short_circuit,,,simple entity
universities with strong public health,counselor_teacher,filtered_search,medium,,,1–2 filters
best psychology schools in California,advisor,filtered_search,medium,,,1–2 filters
large public health colleges near a major tech hub under 20k safety schools,advisor,multi_constraint,complex,,,multi-constraint
Florida,advisor,exact_lookup,short_circuit,,,simple entity; advisor framing
UC Berkeley admissions profile average sat and gpa,counselor_teacher,comparison,complex,,,compare entities; counselor framing
best pre-med schools on the East Coast,advisor,filtered_search,medium,,,1–2 filters; advisor framing
Georgia Tech vs University of Maryland for data science,advisor,comparison,complex,,,compare entities; advisor framing
Brown job placement for pre-law,college_student,career_outcomes,medium,,,outcomes
schools like Arizona State but cheaper,college_student,recommendation,complex,,,needs recommendations
create reach target safety list for political science in the Midwest under 20k,advisor,attribute_lookup,short_circuit,,,single attribute; advisor framing
Brown housing guarantee,parent,recommendation,complex,,,needs recommendations; parent framing
Carnegie Mellon financial aid for out of state,counselor_teacher,cost_financial_aid,medium,,,cost / aid
what essays does University of Michigan require,advisor,admissions_process,medium,,,how-to / admissions
cheapest data science schools in California,high_school_student,cost_financial_aid,complex,,,cost / aid
schools like Virginia Tech but cheaper,high_school_student,recommendation,complex,,,needs recommendations
affordable aerospace engineering schools in Texas with good job placement,counselor_teacher,multi_constraint,complex,,,multi-constraint
how do i apply to Georgia Tech,college_student,admissions_process,medium,,,how-to / admissions
tuition for NYU,high_school_student,attribute_lookup,short_circuit,,,single attribute
affordable public health schools not Florida with good job placement,college_student,multi_constraint,complex,,,multi-constraint
Virginia Tech tuition vs Stanford tuition,advisor,comparison,complex,,,compare entities; advisor framing
best colleges for architecture job outcomes,counselor_teacher,career_outcomes,medium,,,outcomes
Rice University tuition vs UCLA tuition,college_student,comparison,complex,,,compare entities
Columbia admissions profile average sat and gpa,counselor_teacher,b2b_partnership,medium,,,B2B; counselor framing
Carnegie Mellon vs Columbia,counselor_teacher,comparison,complex,,,compare entities
UC Berkeley tuition vs MIT tuition,college_student,comparison,complex,,,compare entities
do i need sat for Vanderbilt,counselor_teacher,admissions_process,medium,,,how-to / admissions
Rice University tuition vs MIT tuition,advisor,comparison,complex,,,compare entities
best colleges for biology job outcomes,parent,career_outcomes,medium,,,outcomes
colleges not Florida under 20k with strong research and internships,high_school_student,multi_constraint,complex,,,multi-constraint
create reach target safety list for data science near the beach under 30k,advisor,comparison,complex,,,compare entities; advisor framing
colleges near the beach under 30k with strong research and internships,advisor,multi_constraint,complex,,,multi-constraint
cheapest neuroscience schools in warm states,parent,cost_financial_aid,complex,,,cost / aid; parent framing
Brown application deadlines,advisor,admissions_process,medium,,,how-to / admissions
UC San Diego vs University of Washington,advisor,comparison,complex,,,compare entities
UCLA clubs,high_school_student,attribute_lookup,short_circuit,,,single attribute
what schools should i apply to for economics not Florida under 20k,counselor_teacher,recommendation,complex,,,needs recommendations
cheapest pre-law schools in California,college_student,cost_financial_aid,medium,,,cost / aid
colleges near Chicago under 40k with strong research and internships,advisor,multi_constraint,complex,,,multi-constraint; advisor framing
small aerospace engineering colleges on the East Coast under 30k reach schools,college_student,multi_constraint,complex,,,multi-constraint
uc san diego,parent,exact_lookup,short_circuit,,,simple entity
housing for Purdue,high_school_student,attribute_lookup,short_circuit,,,single attribute
financial aid for Georgia Tech,parent,attribute_lookup,short_circuit,,,single attribute
schools like MIT but cheaper,advisor,recommendation,medium,,,needs recommendations
UT Austin tuition,counselor_teacher,attribute_lookup,short_circuit,,,single attribute
Caltech financial aid,college_student,attribute_lookup,short_circuit,,,single attribute
Northwestern application deadlines,advisor,admissions_process,medium,,,how-to / admissions
penn state,high_school_student,exact_lookup,medium,,,simple entity
Rice University job placement for finance,high_school_student,career_outcomes,medium,,,outcomes
Princeton vs MIT,advisor,comparison,complex,,,compare entities
MIT admissions profile average sat and gpa,counselor_teacher,rewrite_needed,complex,,,needs rewrite; counselor framing
schools like UC San Diego but cheaper,parent,recommendation,complex,,,needs recommendations; parent framing
UT Austin tuition vs Purdue tuition,counselor_teacher,comparison,complex,,,compare entities
University of Florida financial aid,high_school_student,attribute_lookup,short_circuit,,,single attribute
Rice University job placement for nursing,college_student,career_outcomes,medium,,,outcomes
schools on the East Coast with low student-to-faculty ratio,advisor,filtered_search,complex,,,1–2 filters
does University of Wisconsin have political science,high_school_student,attribute_lookup,short_circuit,,,single attribute
schools like Georgia Tech but cheaper,parent,recommendation,complex,,,needs recommendations
Boston University vs Columbia,high_school_student,comparison,complex,,,compare entities
what schools should i apply to for finance not Florida low tuition,high_school_student,recommendation,short_circuit,,,needs recommendations
student-to-faculty ratio for UCLA,counselor_teacher,attribute_lookup,short_circuit,,,single attribute
pricing for partner colleges,counselor_teacher,b2b_partnership,llm_needed,,,B2B
best philosophy schools on the East Coast,counselor_teacher,filtered_search,medium,,,1–2 filters
how do i apply to Boston University,high_school_student,admissions_process,complex,,,how-to / admissions
affordable aerospace engineering schools near the beach with good job placement,college_student,multi_constraint,complex,,,multi-constraint
job placement for Harvard,high_school_student,attribute_lookup,short_circuit,,,single attribute
University of Florida but cheaper,college_student,rewrite_needed,complex,,,needs rewrite
Stanford vs UCLA for finance,counselor_teacher,comparison,complex,,,compare entities
best political science schools in California,college_student,filtered_search,medium,,,1–2 filters
internships for Duke,college_student,attribute_lookup,short_circuit,,,single attribute
Vanderbilt job placement for psychology,high_school_student,career_outcomes,medium,,,outcomes
affordable film schools in warm states with good job placement,high_school_student,multi_constraint,complex,,,multi-constraint
Georgia Tech scholarships,parent,cost_financial_aid,llm_needed,,,cost / aid
create reach target safety list for film in California under 20k,advisor,filtered_search,medium,,,1–2 filters; advisor framing
Northwestern tuition vs Arizona State tuition,college_student,comparison,complex,,,compare entities
Stanford acceptance rate,college_student,attribute_lookup,short_circuit,,,single attribute
best colleges for political science job outcomes,college_student,career_outcomes,medium,,,outcomes
does Princeton have chemistry,counselor_teacher,attribute_lookup,short_circuit,,,single attribute
Wisconsin,counselor_teacher,exact_lookup,short_circuit,,,simple entity
Columbia admissions profile average sat and gpa,counselor_teacher,recommendation,complex,,,needs recommendations; counselor framing
affordable nursing schools near a major tech hub with good job placement,high_school_student,multi_constraint,complex,,,multi-constraint
cheapest pre-law schools in the Midwest,advisor,cost_financial_aid,medium,,,cost / aid; advisor framing
how do i apply to Harvard,advisor,admissions_process,medium,,,how-to / admissions
universities with strong computer science,counselor_teacher,filtered_search,medium,,,1–2 filters; counselor framing
enterprise access for counselors and districts,advisor,b2b_partnership,medium,,,B2B
schools like Purdue but cheaper,high_school_student,recommendation,complex,,,needs recommendations
Northeastern housing guarantee,parent,attribute_lookup,short_circuit,,,single attribute; parent framing
four year cost of Purdue including housing,parent,cost_financial_aid,medium,,,cost / aid; parent framing
medium-sized data science colleges in Texas low tuition reach schools,parent,multi_constraint,complex,,,multi-constraint
NYU,parent,exact_lookup,short_circuit,,,simple entity
colleges near a major tech hub,parent,filtered_search,short_circuit,,,1–2 filters
cheapest pre-law schools in Texas,high_school_student,cost_financial_aid,medium,,,cost / aid
what essays does USC require,college_student,admissions_process,medium,,,how-to / admissions
Cornell job placement for public health,counselor_teacher,career_outcomes,medium,,,outcomes
colleges where people dont care about football,college_student,campus_life_fit,llm_needed,,,subjective fit
pricing for partner colleges,college_b2b,b2b_partnership,medium,,,B2B
colleges in Texas,parent,filtered_search,complex,,,1–2 filters
University of Michigan vs University of Washington for neuroscience,advisor,comparison,complex,,,compare entities
small electrical engineering colleges on the East Coast under 20k reach schools,advisor,multi_constraint,complex,,,multi-constraint
Vanderbilt tuition vs UC Irvine tuition,high_school_student,comparison,complex,,,compare entities
colleges near a major tech hub under 20k with strong research and internships,parent,multi_constraint,complex,,,multi-constraint
pricing for partner colleges,college_b2b,b2b_partnership,medium,,,B2B
four year cost of UC Irvine including housing,parent,filtered_search,short_circuit,,,1–2 filters; parent framing
how to lower college costs,parent,cost_financial_aid,medium,,,cost / aid
mit without the suffering,parent,rewrite_needed,complex,,,needs rewrite; parent framing
pricing for partner colleges,high_school_student,b2b_partnership,medium,,,B2B
UT Austin,college_student,exact_lookup,short_circuit,,,simple entity
mit without the suffering,high_school_student,rewrite_needed,complex,,,needs rewrite
Northeastern study abroad,high_school_student,attribute_lookup,short_circuit,,,single attribute
harvard but less stressful,high_school_student,rewrite_needed,short_circuit,,,needs rewrite
affordable pre-law schools near the beach with good job placement,high_school_student,multi_constraint,complex,,,multi-constraint
university of florida,parent,exact_lookup,short_circuit,,,simple entity
enterprise access for counselors and districts,college_b2b,b2b_partnership,medium,,,B2B
Princeton financial aid for out of state,counselor_teacher,cost_financial_aid,medium,,,cost / aid
Northeastern tuition vs MIT tuition,parent,comparison,llm_needed,,,compare entities
mit without the suffering,counselor_teacher,rewrite_needed,complex,,,needs rewrite
pricing for partner colleges,college_b2b,b2b_partnership,medium,,,B2B
colleges near the beach under 40k with strong research and internships,advisor,multi_constraint,complex,,,multi-constraint; advisor framing
does Columbia have mechanical engineering,college_student,attribute_lookup,short_circuit,,,single attribute
rankings for Georgia Tech,parent,attribute_lookup,short_circuit,,,single attribute
api access for college partners,high_school_student,b2b_partnership,medium,,,B2B
colleges in warm states,parent,filtered_search,medium,,,1–2 filters; parent framing
enterprise access for counselors and districts,college_b2b,b2b_partnership,medium,,,B2B
request demo for our admissions team,counselor_teacher,b2b_partnership,medium,,,B2B
Vanderbilt introverts,advisor,campus_life_fit,llm_needed,,,subjective fit
colleges in California,counselor_teacher,filtered_search,medium,,,1–2 filters
small electrical engineering colleges near a major tech hub low tuition safety schools,advisor,multi_constraint,complex,,,multi-constraint
medium-sized business colleges in warm states under 20k safety schools,college_student,multi_constraint,complex,,,multi-constraint
location for Virginia Tech,parent,attribute_lookup,short_circuit,,,single attribute
schools with high internship placement rates,parent,career_outcomes,medium,,,outcomes
enterprise access for counselors and districts,college_b2b,b2b_partnership,medium,,,B2B
best computer science schools not Florida,college_student,filtered_search,medium,,,1–2 filters
request demo for our admissions team,college_b2b,b2b_partnership,medium,,,B2B
best pre-law schools not Florida,counselor_teacher,filtered_search,medium,,,1–2 filters
schools with normal people,counselor_teacher,campus_life_fit,complex,,,subjective fit
api access for college partners,college_b2b,b2b_partnership,medium,,,B2B
University of Maryland admissions profile average sat and gpa,counselor_teacher,filtered_search,medium,,,1–2 filters; counselor framing
large business colleges near Chicago under 30k reach schools,parent,multi_constraint,complex,,,multi-constraint
schools good for sports culture,high_school_student,campus_life_fit,llm_needed,,,subjective fit
Vanderbilt financial aid for out of state,parent,cost_financial_aid,medium,,,cost / aid
Columbia vibe,advisor,campus_life_fit,llm_needed,,,subjective fit
cheapest biology schools near Chicago,college_student,cost_financial_aid,medium,,,cost / aid
schools like UC Berkeley but cheaper,high_school_student,recommendation,complex,,,needs recommendations
pricing for partner colleges,college_b2b,b2b_partnership,medium,,,B2B
University of Michigan,parent,exact_lookup,short_circuit,,,simple entity
schools good for vibe,parent,campus_life_fit,llm_needed,,,subjective fit; parent framing
recommend large colleges near Chicago for psychology not too competitive,high_school_student,recommendation,complex,,,needs recommendations
Cornell but cheaper,advisor,rewrite_needed,complex,,,needs rewrite
recommend large colleges near a major tech hub for public health not too competitive,counselor_teacher,recommendation,complex,,,needs recommendations
how do we update our school profile data,college_b2b,b2b_partnership,medium,,,B2B
schools like Vanderbilt but cheaper,college_student,recommendation,complex,,,needs recommendations
Rice University admissions profile average sat and gpa,counselor_teacher,cost_financial_aid,medium,,,cost / aid; counselor framing
pricing for partner colleges,counselor_teacher,b2b_partnership,medium,,,B2B
schools with strong first gen support,counselor_teacher,campus_life_fit,llm_needed,,,subjective fit; counselor framing
schools with high internship placement rates,high_school_student,career_outcomes,medium,,,outcomes
four year cost of Carnegie Mellon including housing,parent,career_outcomes,medium,,,outcomes; parent framing
what essays does Virginia Tech require,college_student,admissions_process,medium,,,how-to / admissions
does Northwestern have engineering,high_school_student,attribute_lookup,short_circuit,,,single attribute
request demo for our admissions team,college_b2b,b2b_partnership,medium,,,B2B
enterprise access for counselors and districts,college_student,b2b_partnership,medium,,,B2B
schools good for non-competitive culture,high_school_student,campus_life_fit,llm_needed,,,subjective fit
api access for college partners,high_school_student,b2b_partnership,medium,,,B2B
schools in California with low student-to-faculty ratio,parent,filtered_search,medium,,,1–2 filters; parent framing
schools good for chill campus,college_student,campus_life_fit,llm_needed,,,subjective fit
Vanderbilt,parent,exact_lookup,short_circuit,,,simple entity
job placement for Georgia Tech,parent,attribute_lookup,short_circuit,,,single attribute
University of Maryland vs University of Florida,counselor_teacher,comparison,complex,,,compare entities
Stanford average ACT,advisor,attribute_lookup,short_circuit,,,single attribute
internships for UC Berkeley,college_student,attribute_lookup,short_circuit,,,single attribute
Northwestern vs University of Florida for data science,college_student,comparison,complex,,,compare entities
api access for college partners,college_b2b,b2b_partnership,medium,,,B2B
best neuroscience schools near the beach,advisor,filtered_search,medium,,,1–2 filters
request demo for our admissions team,college_b2b,b2b_partnership,llm_needed,,,B2B
schools good for normal people,advisor,campus_life_fit,llm_needed,,,subjective fit
Stanford housing guarantee,parent,comparison,complex,,,compare entities; parent framing
schools with high internship placement rates,high_school_student,career_outcomes,medium,,,outcomes
schools like Rice University but cheaper,advisor,recommendation,complex,,,needs recommendations
MIT tuition vs University of Wisconsin tuition,high_school_student,comparison,complex,,,compare entities
Caltech vs Stanford,college_student,comparison,llm_needed,,,compare entities
Virginia Tech scholarships,counselor_teacher,cost_financial_aid,medium,,,cost / aid
affordable pre-law schools on the East Coast with good job placement,advisor,multi_constraint,complex,,,multi-constraint
schools with strong first gen support,counselor_teacher,campus_life_fit,medium,,,subjective fit; counselor framing
Vanderbilt but cheaper,parent,rewrite_needed,complex,,,needs rewrite
university of maryland,parent,exact_lookup,short_circuit,,,simple entity
Boston University but cheaper,college_student,rewrite_needed,complex,,,needs rewrite
universities with strong pre-med,parent,filtered_search,medium,,,1–2 filters
schools like Carnegie Mellon but cheaper,parent,recommendation,llm_needed,,,needs recommendations
MIT vs Northwestern for computer science,high_school_student,comparison,complex,,,compare entities
Boston University financial aid for out of state,college_student,cost_financial_aid,medium,,,cost / aid
does University of Florida have chemistry,counselor_teacher,attribute_lookup,short_circuit,,,single attribute
enterprise access for counselors and districts,high_school_student,b2b_partnership,medium,,,B2B
api access for college partners,college_b2b,b2b_partnership,medium,,,B2B
schools good for introverts,advisor,campus_life_fit,llm_needed,,,subjective fit; advisor framing
best philosophy schools in Texas,high_school_student,filtered_search,medium,,,1–2 filters
colleges in warm states,counselor_teacher,filtered_search,medium,,,1–2 filters
request demo for our admissions team,college_b2b,b2b_partnership,medium,,,B2B
Purdue scholarships,counselor_teacher,cost_financial_aid,complex,,,cost / aid
how do we update our school profile data,college_b2b,b2b_partnership,medium,,,B2B
pricing for partner colleges,college_b2b,b2b_partnership,medium,,,B2B
schools with high internship placement rates,counselor_teacher,career_outcomes,medium,,,outcomes
create reach target safety list for economics on the East Coast under 20k,advisor,exact_lookup,short_circuit,,,simple entity; advisor framing
harvard but less stressful,counselor_teacher,rewrite_needed,complex,,,needs rewrite
colleges on the East Coast under 30k with strong research and internships,college_student,multi_constraint,complex,,,multi-constraint
what schools should i apply to for aerospace engineering not Florida under 20k,parent,recommendation,complex,,,needs recommendations; parent framing
University of Wisconsin financial aid for out of state,high_school_student,cost_financial_aid,medium,,,cost / aid
Caltech financial aid for out of state,high_school_student,cost_financial_aid,medium,,,cost / aid
Northeastern vs University of Michigan for pre-med,advisor,comparison,complex,,,compare entities
how do we update our school profile data,college_b2b,b2b_partnership,complex,,,B2B
schools like University of Florida but cheaper,counselor_teacher,recommendation,complex,,,needs recommendations
Harvard vs Caltech,college_student,comparison,complex,,,compare entities
schools with normal people,parent,campus_life_fit,llm_needed,,,subjective fit; parent framing
ucla vibe but not so expensive,parent,rewrite_needed,complex,,,needs rewrite
harvard but less stressful,high_school_student,rewrite_needed,short_circuit,,,needs rewrite
schools near the beach with low student-to-faculty ratio,college_student,filtered_search,medium,,,1–2 filters
Caltech,parent,exact_lookup,short_circuit,,,simple entity
request demo for our admissions team,high_school_student,b2b_partnership,medium,,,B2B
colleges near the beach low tuition with strong research and internships,counselor_teacher,multi_constraint,complex,,,multi-constraint; counselor framing
enterprise access for counselors and districts,parent,b2b_partnership,medium,,,B2B
medium-sized public health colleges near Chicago good financial aid target schools,college_student,multi_constraint,complex,,,multi-constraint
affordable economics schools not Florida with good job placement,college_student,multi_constraint,complex,,,multi-constraint
request demo for our admissions team,college_b2b,b2b_partnership,medium,,,B2B
api access for college partners,college_b2b,b2b_partnership,medium,,,B2B
pricing for partner colleges,college_b2b,b2b_partnership,medium,,,B2B
how do we update our school profile data,college_b2b,b2b_partnership,medium,,,B2B
University of Wisconsin chill campus,parent,campus_life_fit,llm_needed,,,subjective fit
schools with normal people,parent,campus_life_fit,llm_needed,,,subjective fit
request demo for our admissions team,college_student,b2b_partnership,complex,,,B2B
Northeastern,college_student,exact_lookup,short_circuit,,,simple entity
do i need sat for Harvard,advisor,admissions_process,medium,,,how-to / admissions
schools with normal people,high_school_student,campus_life_fit,llm_needed,,,subjective fit
how do i apply to Northwestern,parent,admissions_process,medium,,,how-to / admissions; parent framing
api access for college partners,college_b2b,b2b_partnership,medium,,,B2B
does Purdue have neuroscience,counselor_teacher,attribute_lookup,short_circuit,,,single attribute
pricing for partner colleges,high_school_student,b2b_partnership,medium,,,B2B
mit without the suffering,college_student,rewrite_needed,complex,,,needs rewrite
api access for college partners,counselor_teacher,b2b_partnership,medium,,,B2B
Duke application deadlines,college_student,admissions_process,medium,,,how-to / admissions
best colleges for public health job outcomes,parent,career_outcomes,medium,,,outcomes
USC vs Boston University for pre-law,parent,comparison,complex,,,compare entities
best pre-med schools in warm states,counselor_teacher,filtered_search,medium,,,1–2 filters
mit,advisor,exact_lookup,medium,,,simple entity
colleges where people dont care about football,counselor_teacher,campus_life_fit,llm_needed,,,subjective fit
schools near Chicago with low student-to-faculty ratio,college_student,filtered_search,medium,,,1–2 filters
nyu,counselor_teacher,exact_lookup,short_circuit,,,simple entity; counselor framing
Vanderbilt scholarships,advisor,cost_financial_aid,medium,,,cost / aid
Georgia Tech scholarships,advisor,cost_financial_aid,medium,,,cost / aid
affordable pre-med schools near a major tech hub with good job placement,high_school_student,multi_constraint,complex,,,multi-constraint
purdue,high_school_student,exact_lookup,short_circuit,,,simple entity
api access for college partners,college_b2b,b2b_partnership,medium,,,B2B
University of Michigan vs UC Irvine,high_school_student,comparison,complex,,,compare entities
harvard but less stressful,advisor,rewrite_needed,complex,,,needs rewrite
University of Wisconsin housing guarantee,parent,multi_constraint,complex,,,multi-constraint; parent framing
Princeton vs Harvard for mechanical engineering,advisor,comparison,complex,,,compare entities
clubs for Columbia,advisor,attribute_lookup,llm_needed,,,single attribute; advisor framing
schools good for sports culture,high_school_student,campus_life_fit,llm_needed,,,subjective fit
cheapest architecture schools near a major tech hub,high_school_student,cost_financial_aid,medium,,,cost / aid
what essays does Georgia Tech require,counselor_teacher,admissions_process,medium,,,how-to / admissions
pricing for partner colleges,college_b2b,b2b_partnership,medium,,,B2B
Vanderbilt mental health counseling,high_school_student,attribute_lookup,short_circuit,,,single attribute
mit,high_school_student,exact_lookup,short_circuit,,,simple entity
request demo for our admissions team,parent,b2b_partnership,medium,,,B2B
large pre-med colleges near the beach low tuition not too competitive,college_student,multi_constraint,complex,,,multi-constraint
Georgia Tech,high_school_student,exact_lookup,short_circuit,,,simple entity
how do we update our school profile data,college_b2b,b2b_partnership,medium,,,B2B
what schools should i apply to for economics in Texas under 20k,advisor,recommendation,complex,,,needs recommendations; advisor framing
university of florida,high_school_student,exact_lookup,short_circuit,,,simple entity
create reach target safety list for business near the beach low tuition,advisor,cost_financial_aid,medium,,,cost / aid; advisor framing
create reach target safety list for nursing near the beach full ride options,advisor,campus_life_fit,llm_needed,,,subjective fit; advisor framing
schools near the beach with low student-to-faculty ratio,college_student,filtered_search,medium,,,1–2 filters
Columbia,advisor,exact_lookup,short_circuit,,,simple entity; advisor framing
University of Maryland tuition vs USC tuition,college_student,comparison,complex,,,compare entities
rankings for UCLA,counselor_teacher,attribute_lookup,short_circuit,,,single attribute
colleges in California good financial aid with strong research and internships,high_school_student,multi_constraint,complex,,,multi-constraint
Northeastern,parent,exact_lookup,short_circuit,,,simple entity
best colleges for mechanical engineering job outcomes,high_school_student,career_outcomes,medium,,,outcomes
mit without the suffering,advisor,rewrite_needed,complex,,,needs rewrite
Penn State,counselor_teacher,exact_lookup,short_circuit,,,simple entity; counselor framing
UC Irvine housing guarantee,parent,comparison,complex,,,compare entities; parent framing
University of Washington application deadlines,college_student,admissions_process,medium,,,how-to / admissions
UT Austin sports culture,college_student,campus_life_fit,llm_needed,,,subjective fit
affordable philosophy schools in the Midwest with good job placement,high_school_student,multi_constraint,complex,,,multi-constraint
api access for college partners,college_b2b,b2b_partnership,medium,,,B2B
Brown introverts,college_student,campus_life_fit,llm_needed,,,subjective fit
pricing for partner colleges,college_b2b,b2b_partnership,medium,,,B2B
Boston University non-competitive culture,college_student,campus_life_fit,short_circuit,,,subjective fit
create reach target safety list for pre-med near a major tech hub good financial aid,advisor,recommendation,complex,,,needs recommendations; advisor framing
schools with normal people,college_student,campus_life_fit,llm_needed,,,subjective fit
how do we update our school profile data,college_b2b,b2b_partnership,medium,,,B2B
what schools should i apply to for aerospace engineering on the East Coast under 30k,college_student,recommendation,complex,,,needs recommendations
create reach target safety list for philosophy near Chicago full ride options,advisor,exact_lookup,short_circuit,,,simple entity; advisor framing
how do we update our school profile data,college_b2b,b2b_partnership,medium,,,B2B
Purdue,parent,exact_lookup,short_circuit,,,simple entity
do i need sat for Princeton,advisor,admissions_process,short_circuit,,,how-to / admissions
Columbia job placement for computer science,parent,career_outcomes,medium,,,outcomes
request demo for our admissions team,college_student,b2b_partnership,medium,,,B2B
USC housing guarantee,parent,cost_financial_aid,medium,,,cost / aid; parent framing
how do we update our school profile data,college_b2b,b2b_partnership,medium,,,B2B
colleges where people dont care about football,advisor,campus_life_fit,llm_needed,,,subjective fit; advisor framing
enterprise access for counselors and districts,college_b2b,b2b_partnership,medium,,,B2B
arizona state,college_student,exact_lookup,short_circuit,,,simple entity
what essays does Vanderbilt require,high_school_student,admissions_process,medium,,,how-to / admissions
University of Florida but cheaper,advisor,rewrite_needed,llm_needed,,,needs rewrite
what schools should i apply to for public health near Chicago under 20k,high_school_student,recommendation,complex,,,needs recommendations
Harvard,college_student,exact_lookup,short_circuit,,,simple entity
api access for college partners,college_b2b,b2b_partnership,medium,,,B2B
Vanderbilt vs Princeton for philosophy,advisor,comparison,complex,,,compare entities
enterprise access for counselors and districts,college_b2b,b2b_partnership,medium,,,B2B
schools with normal people,high_school_student,campus_life_fit,llm_needed,,,subjective fit
request demo for our admissions team,college_b2b,b2b_partnership,medium,,,B2B
api access for college partners,college_student,b2b_partnership,medium,,,B2B
University of Washington application deadlines,college_student,admissions_process,medium,,,how-to / admissions
arizona state,college_student,exact_lookup,short_circuit,,,simple entity
colleges in warm states,counselor_teacher,filtered_search,medium,,,1–2 filters
MIT vs University of Wisconsin,college_student,comparison,complex,,,compare entities
Virginia Tech admissions profile average sat and gpa,counselor_teacher,comparison,short_circuit,,,compare entities; counselor framing
harvard but less stressful,high_school_student,rewrite_needed,complex,,,needs rewrite
mit,counselor_teacher,exact_lookup,short_circuit,,,simple entity
MIT,parent,exact_lookup,short_circuit,,,simple entity; parent framing
mit without the suffering,high_school_student,rewrite_needed,complex,,,needs rewrite
best colleges for business job outcomes,college_student,career_outcomes,medium,,,outcomes
schools with strong first gen support,counselor_teacher,career_outcomes,medium,,,outcomes; counselor framing
create reach target safety list for computer science near the beach under 40k,advisor,filtered_search,medium,,,1–2 filters; advisor framing
schools with normal people,high_school_student,campus_life_fit,llm_needed,,,subjective fit
recommend large colleges not Florida for psychology reach schools,high_school_student,recommendation,complex,,,needs recommendations
scholarships for UC Berkeley,parent,attribute_lookup,short_circuit,,,single attribute; parent framing
pricing for partner colleges,college_b2b,b2b_partnership,medium,,,B2B
does Brown have public health,high_school_student,attribute_lookup,short_circuit,,,single attribute
Rice University scholarships,advisor,cost_financial_aid,medium,,,cost / aid; advisor framing
how do we update our school profile data,college_b2b,b2b_partnership,medium,,,B2B
api access for college partners,college_b2b,b2b_partnership,medium,,,B2B
schools with high internship placement rates,advisor,career_outcomes,medium,,,outcomes
Columbia but cheaper,parent,rewrite_needed,short_circuit,,,needs rewrite
api access for college partners,parent,b2b_partnership,short_circuit,,,B2B
Caltech rankings,advisor,attribute_lookup,short_circuit,,,single attribute
schools near Chicago with low student-to-faculty ratio,counselor_teacher,filtered_search,medium,,,1–2 filters
how do we update our school profile data,college_b2b,b2b_partnership,medium,,,B2B
create reach target safety list for aerospace engineering near Chicago low tuition,advisor,campus_life_fit,llm_needed,,,subjective fit; advisor framing
Northwestern housing,college_student,attribute_lookup,short_circuit,,,single attribute
how do i apply to University of Maryland,college_student,admissions_process,medium,,,how-to / admissions
request demo for our admissions team,college_b2b,b2b_partnership,medium,,,B2B
create reach target safety list for philosophy in California full ride options,advisor,campus_life_fit,short_circuit,,,subjective fit; advisor framing
how do we update our school profile data,college_b2b,b2b_partnership,medium,,,B2B
colleges in Texas under 30k with strong research and internships,high_school_student,multi_constraint,complex,,,multi-constraint
rice university,parent,exact_lookup,short_circuit,,,simple entity
affordable electrical engineering schools near Chicago with good job placement,college_student,multi_constraint,complex,,,multi-constraint
small pre-med colleges near a major tech hub under 40k target schools,counselor_teacher,multi_constraint,complex,,,multi-constraint
pricing for partner colleges,college_b2b,b2b_partnership,medium,,,B2B
does University of Florida have nursing,high_school_student,attribute_lookup,short_circuit,,,single attribute
api access for college partners,college_b2b,b2b_partnership,medium,,,B2B
how do we update our school profile data,college_b2b,b2b_partnership,medium,,,B2B
how to lower college costs,counselor_teacher,cost_financial_aid,medium,,,cost / aid
schools with normal people,advisor,campus_life_fit,llm_needed,,,subjective fit
colleges near a major tech hub,counselor_teacher,filtered_search,medium,,,1–2 filters; counselor framing
does UC San Diego have nursing,high_school_student,attribute_lookup,short_circuit,,,single attribute
schools with normal people,high_school_student,campus_life_fit,llm_needed,,,subjective fit
schools in warm states with low student-to-faculty ratio,advisor,filtered_search,medium,,,1–2 filters; advisor framing
api access for college partners,college_b2b,b2b_partnership,medium,,,B2B
best colleges for public health job outcomes,advisor,career_outcomes,medium,,,outcomes
pricing for partner colleges,college_b2b,b2b_partnership,medium,,,B2B
best film schools in the Midwest,parent,filtered_search,medium,,,1–2 filters
schools with high internship placement rates,high_school_student,career_outcomes,medium,,,outcomes
four year cost of UC Berkeley including housing,parent,rewrite_needed,complex,,,needs rewrite; parent framing
universities with strong finance,college_student,filtered_search,medium,,,1–2 filters
Columbia,advisor,exact_lookup,short_circuit,,,simple entity
harvard but less stressful,parent,rewrite_needed,complex,,,needs rewrite
schools with normal people,college_student,campus_life_fit,llm_needed,,,subjective fit
how do i apply to University of Washington,advisor,admissions_process,medium,,,how-to / admissions
how do i apply to Boston University,parent,admissions_process,medium,,,how-to / admissions
University of Michigan sports culture,college_student,campus_life_fit,llm_needed,,,subjective fit
schools with strong first gen support,counselor_teacher,filtered_search,medium,,,1–2 filters; counselor framing
financial aid for University of Florida,parent,attribute_lookup,short_circuit,,,single attribute; parent framing
what schools should i apply to for mechanical engineering in California good financial aid,high_school_student,recommendation,complex,,,needs recommendations
UC Irvine admissions profile average sat and gpa,counselor_teacher,comparison,complex,,,compare entities; counselor framing
four year cost of Stanford including housing,parent,b2b_partnership,medium,,,B2B; parent framing
how do we update our school profile data,counselor_teacher,b2b_partnership,medium,,,B2B
universities with strong economics,college_student,filtered_search,medium,,,1–2 filters
enterprise access for counselors and districts,college_b2b,b2b_partnership,medium,,,B2B
UC San Diego housing guarantee,parent,cost_financial_aid,medium,,,cost / aid; parent framing
Cornell admissions profile average sat and gpa,counselor_teacher,exact_lookup,short_circuit,,,simple entity; counselor framing
colleges where people dont care about football,counselor_teacher,campus_life_fit,llm_needed,,,subjective fit
University of Florida job placement for mechanical engineering,counselor_teacher,career_outcomes,medium,,,outcomes
enterprise access for counselors and districts,college_b2b,b2b_partnership,medium,,,B2B
schools good for normal people,college_student,campus_life_fit,llm_needed,,,subjective fit
colleges on the East Coast,parent,filtered_search,complex,,,1–2 filters
schools near Chicago with low student-to-faculty ratio,counselor_teacher,filtered_search,medium,,,1–2 filters
create reach target safety list for aerospace engineering in warm states good financial aid,advisor,multi_constraint,complex,,,multi-constraint; advisor framing
Brown but cheaper,parent,rewrite_needed,complex,,,needs rewrite
how do we update our school profile data,college_b2b,b2b_partnership,medium,,,B2B
colleges where people dont care about football,advisor,campus_life_fit,llm_needed,,,subjective fit
best business schools in Texas,high_school_student,filtered_search,medium,,,1–2 filters
schools good for vibe,high_school_student,campus_life_fit,llm_needed,,,subjective fit
schools with strong first gen support,counselor_teacher,exact_lookup,short_circuit,,,simple entity; counselor framing
student-to-faculty ratio for Stanford,college_student,attribute_lookup,short_circuit,,,single attribute
Arizona State but cheaper,advisor,rewrite_needed,complex,,,needs rewrite
create reach target safety list for nursing not Florida good financial aid,advisor,b2b_partnership,medium,,,B2B; advisor framing
ucla vibe but not so expensive,advisor,rewrite_needed,medium,,,needs rewrite; advisor framing
Stanford,college_student,exact_lookup,short_circuit,,,simple entity
rankings for Caltech,college_student,attribute_lookup,medium,,,single attribute
UT Austin but cheaper,parent,rewrite_needed,complex,,,needs rewrite
universities with strong chemistry,advisor,filtered_search,medium,,,1–2 filters
affordable chemistry schools on the East Coast with good job placement,high_school_student,multi_constraint,complex,,,multi-constraint
University of Wisconsin financial aid,college_student,attribute_lookup,short_circuit,,,single attribute
rankings for Penn State,parent,attribute_lookup,short_circuit,,,single attribute; parent framing
UC Irvine vs USC,parent,comparison,complex,,,compare entities
schools in California with low student-to-faculty ratio,counselor_teacher,filtered_search,medium,,,1–2 filters
how do we update our school profile data,college_b2b,b2b_partnership,medium,,,B2B
UC San Diego job placement for mechanical engineering,counselor_teacher,career_outcomes,medium,,,outcomes
api access for college partners,college_b2b,b2b_partnership,medium,,,B2B
UC San Diego application deadlines,advisor,admissions_process,medium,,,how-to / admissions
university of maryland,advisor,exact_lookup,complex,,,simple entity
pricing for partner colleges,college_b2b,b2b_partnership,medium,,,B2B
Purdue but cheaper,college_student,rewrite_needed,complex,,,needs rewrite
Vanderbilt tuition vs University of Michigan tuition,high_school_student,comparison,complex,,,compare entities
schools with high internship placement rates,high_school_student,career_outcomes,medium,,,outcomes
schools with strong first gen support,counselor_teacher,filtered_search,medium,,,1–2 filters; counselor framing
colleges where people dont care about football,high_school_student,campus_life_fit,llm_needed,,,subjective fit
schools not Florida with low student-to-faculty ratio,college_student,filtered_search,medium,,,1–2 filters
how do we update our school profile data,advisor,b2b_partnership,medium,,,B2B
enterprise access for counselors and districts,advisor,b2b_partnership,medium,,,B2B
medium-sized public health colleges in Texas full ride options safety schools,high_school_student,multi_constraint,complex,,,multi-constraint
NYU application deadlines,parent,admissions_process,medium,,,how-to / admissions
best colleges for architecture job outcomes,college_student,career_outcomes,medium,,,outcomes
how do we update our school profile data,college_b2b,b2b_partnership,medium,,,B2B
cheapest data science schools in warm states,college_student,cost_financial_aid,medium,,,cost / aid
schools in Texas with low student-to-faculty ratio,college_student,filtered_search,medium,,,1–2 filters
enterprise access for counselors and districts,college_b2b,b2b_partnership,medium,,,B2B
Cornell scholarships,high_school_student,cost_financial_aid,medium,,,cost / aid
Caltech scholarships,college_student,cost_financial_aid,medium,,,cost / aid
medium-sized architecture colleges in California under 40k reach schools,parent,multi_constraint,complex,,,multi-constraint; parent framing
University of Maryland normal people,advisor,campus_life_fit,complex,,,subjective fit
request demo for our admissions team,college_student,b2b_partnership,medium,,,B2B
Columbia financial aid for out of state,counselor_teacher,cost_financial_aid,medium,,,cost / aid
ucla vibe but not so expensive,high_school_student,rewrite_needed,complex,,,needs rewrite
University of Washington vs UT Austin for psychology,counselor_teacher,comparison,complex,,,compare entities
best colleges for architecture job outcomes,advisor,career_outcomes,medium,,,outcomes
best colleges for chemistry job outcomes,parent,career_outcomes,medium,,,outcomes
how do we update our school profile data,college_b2b,b2b_partnership,medium,,,B2B
Arizona State,parent,exact_lookup,short_circuit,,,simple entity
does Rice University have chemistry,college_student,attribute_lookup,llm_needed,,,single attribute
Harvard job placement,counselor_teacher,attribute_lookup,short_circuit,,,single attribute
schools near the beach with low student-to-faculty ratio,high_school_student,filtered_search,llm_needed,,,1–2 filters
Purdue location,college_student,attribute_lookup,short_circuit,,,single attribute
schools in California with low student-to-faculty ratio,advisor,filtered_search,medium,,,1–2 filters; advisor framing
schools with normal people,parent,campus_life_fit,llm_needed,,,subjective fit; parent framing
Caltech vs UC San Diego,counselor_teacher,comparison,complex,,,compare entities
schools with high internship placement rates,college_student,career_outcomes,medium,,,outcomes
colleges on the East Coast,advisor,filtered_search,medium,,,1–2 filters
universities with strong chemistry,counselor_teacher,filtered_search,medium,,,1–2 filters
Rice University chill campus,high_school_student,campus_life_fit,llm_needed,,,subjective fit
Penn State vibe,college_student,campus_life_fit,llm_needed,,,subjective fit
create reach target safety list for computer science in the Midwest under 20k,advisor,admissions_process,medium,,,how-to / admissions; advisor framing
api access for college partners,college_b2b,b2b_partnership,medium,,,B2B
schools good for sports culture,parent,campus_life_fit,llm_needed,,,subjective fit
University of Michigan application deadlines,college_student,admissions_process,llm_needed,,,how-to / admissions
Harvard financial aid for out of state,counselor_teacher,cost_financial_aid,medium,,,cost / aid
University of Wisconsin job placement for psychology,high_school_student,career_outcomes,medium,,,outcomes
create reach target safety list for mechanical engineering in warm states full ride options,advisor,cost_financial_aid,medium,,,cost / aid; advisor framing
Rice University financial aid for out of state,advisor,cost_financial_aid,medium,,,cost / aid
University of Wisconsin admissions profile average sat and gpa,counselor_teacher,rewrite_needed,complex,,,needs rewrite; counselor framing
how do we update our school profile data,college_b2b,b2b_partnership,medium,,,B2B
api access for college partners,college_b2b,b2b_partnership,medium,,,B2B
four year cost of MIT including housing,parent,b2b_partnership,medium,,,B2B; parent framing
Northeastern scholarships,advisor,cost_financial_aid,medium,,,cost / aid
how do we update our school profile data,college_b2b,b2b_partnership,medium,,,B2B
Rice University,counselor_teacher,exact_lookup,short_circuit,,,simple entity
ucla vibe but not so expensive,parent,rewrite_needed,complex,,,needs rewrite
harvard,college_student,exact_lookup,short_circuit,,,simple entity
UCLA application deadlines,advisor,admissions_process,medium,,,how-to / admissions; advisor framing
Carnegie Mellon vs University of Washington,college_student,comparison,complex,,,compare entities
how do we update our school profile data,college_b2b,b2b_partnership,medium,,,B2B
pricing for partner colleges,counselor_teacher,b2b_partnership,medium,,,B2B
create reach target safety list for engineering in California full ride options,advisor,campus_life_fit,llm_needed,,,subjective fit; advisor framing
Boston University vs University of Michigan,high_school_student,comparison,complex,,,compare entities
schools good for chill campus,counselor_teacher,campus_life_fit,llm_needed,,,subjective fit
request demo for our admissions team,college_student,b2b_partnership,medium,,,B2B
Vanderbilt vs University of Maryland,counselor_teacher,comparison,complex,,,compare entities
schools good for introverts,parent,campus_life_fit,llm_needed,,,subjective fit
schools with strong first gen support,counselor_teacher,b2b_partnership,medium,,,B2B; counselor framing
schools with normal people,college_student,campus_life_fit,llm_needed,,,subjective fit
create reach target safety list for economics in the Midwest under 30k,advisor,campus_life_fit,llm_needed,,,subjective fit; advisor framing
pricing for partner colleges,college_b2b,b2b_partnership,medium,,,B2B
create reach target safety list for public health in California good financial aid,advisor,b2b_partnership,medium,,,B2B; advisor framing
schools good for chill campus,parent,campus_life_fit,llm_needed,,,subjective fit
enterprise access for counselors and districts,college_b2b,b2b_partnership,medium,,,B2B
schools with normal people,high_school_student,campus_life_fit,llm_needed,,,subjective fit
api access for college partners,college_b2b,b2b_partnership,medium,,,B2B
enterprise access for counselors and districts,college_b2b,b2b_partnership,medium,,,B2B
schools with high internship placement rates,parent,career_outcomes,medium,,,outcomes
schools with high internship placement rates,college_student,career_outcomes,short_circuit,,,outcomes
Georgia Tech vs NYU,parent,comparison,complex,,,compare entities
colleges where people dont care about football,high_school_student,campus_life_fit,llm_needed,,,subjective fit
small data science colleges near Chicago under 20k target schools,advisor,multi_constraint,medium,,,multi-constraint; advisor framing
schools with strong first gen support,counselor_teacher,campus_life_fit,llm_needed,,,subjective fit; counselor framing
University of Michigan financial aid for out of state,high_school_student,cost_financial_aid,medium,,,cost / aid
schools like Caltech but cheaper,high_school_student,recommendation,complex,,,needs recommendations
pricing for partner colleges,college_b2b,b2b_partnership,medium,,,B2B
University of Michigan vs Harvard for business,college_student,comparison,complex,,,compare entities
Rice University,counselor_teacher,exact_lookup,short_circuit,,,simple entity
colleges near Chicago under 30k with strong research and internships,advisor,multi_constraint,complex,,,multi-constraint; advisor framing
MIT financial aid for out of state,advisor,cost_financial_aid,medium,,,cost / aid
cheapest nursing schools near the beach,advisor,cost_financial_aid,complex,,,cost / aid; advisor framing
University of Michigan admissions profile average sat and gpa,counselor_teacher,rewrite_needed,complex,,,needs rewrite; counselor framing
what schools should i apply to for data science in the Midwest good financial aid,parent,recommendation,complex,,,needs recommendations
do i need sat for Virginia Tech,parent,admissions_process,medium,,,how-to / admissions
boston university,counselor_teacher,exact_lookup,short_circuit,,,simple entity; counselor framing
affordable pre-med schools near Chicago with good job placement,high_school_student,multi_constraint,complex,,,multi-constraint
enterprise access for counselors and districts,college_b2b,b2b_partnership,medium,,,B2B
how do we update our school profile data,college_student,b2b_partnership,medium,,,B2B
best colleges for chemistry job outcomes,counselor_teacher,career_outcomes,medium,,,outcomes
do i need sat for Northeastern,counselor_teacher,admissions_process,medium,,,how-to / admissions
pricing for partner colleges,college_b2b,b2b_partnership,medium,,,B2B
small political science colleges in the Midwest under 30k not too competitive,counselor_teacher,multi_constraint,complex,,,multi-constraint
mit without the suffering,college_student,rewrite_needed,complex,,,needs rewrite
Princeton but cheaper,college_student,rewrite_needed,complex,,,needs rewrite
large public health colleges not Florida under 20k reach schools,counselor_teacher,multi_constraint,complex,,,multi-constraint
mit without the suffering,college_student,rewrite_needed,complex,,,needs rewrite
create reach target safety list for film in Texas good financial aid,advisor,rewrite_needed,complex,,,needs rewrite; advisor framing
mit without the suffering,college_student,rewrite_needed,medium,,,needs rewrite
schools with strong first gen support,counselor_teacher,career_outcomes,medium,,,outcomes; counselor framing
MIT,counselor_teacher,exact_lookup,short_circuit,,,simple entity
api access for college partners,college_b2b,b2b_partnership,medium,,,B2B
University of Washington scholarships,advisor,cost_financial_aid,medium,,,cost / aid; advisor framing
schools with normal people,high_school_student,campus_life_fit,llm_needed,,,subjective fit
UC Irvine financial aid for out of state,high_school_student,cost_financial_aid,medium,,,cost / aid
boston university,college_student,exact_lookup,llm_needed,,,simple entity
UC San Diego scholarships,advisor,cost_financial_aid,medium,,,cost / aid
schools like Arizona State but cheaper,high_school_student,recommendation,complex,,,needs recommendations
what essays does University of Washington require,advisor,admissions_process,medium,,,how-to / admissions; advisor framing
schools with high internship placement rates,counselor_teacher,career_outcomes,medium,,,outcomes
best colleges for pre-med job outcomes,counselor_teacher,career_outcomes,medium,,,outcomes
Cornell job placement for nursing,college_student,career_outcomes,medium,,,outcomes
api access for college partners,college_b2b,b2b_partnership,medium,,,B2B
Cornell vs Northwestern for business,parent,comparison,complex,,,compare entities
schools near Chicago with low student-to-faculty ratio,high_school_student,filtered_search,medium,,,1–2 filters
enterprise access for counselors and districts,college_b2b,b2b_partnership,complex,,,B2B
clubs for Duke,advisor,attribute_lookup,short_circuit,,,single attribute
request demo for our admissions team,college_b2b,b2b_partnership,medium,,,B2B
what schools should i apply to for neuroscience in California under 40k,counselor_teacher,recommendation,complex,,,needs recommendations
colleges near Chicago,college_student,filtered_search,short_circuit,,,1–2 filters
Duke tuition vs University of Michigan tuition,high_school_student,comparison,complex,,,compare entities
best philosophy schools near a major tech hub,college_student,filtered_search,medium,,,1–2 filters
colleges on the East Coast low tuition with strong research and internships,advisor,multi_constraint,complex,,,multi-constraint
request demo for our admissions team,college_b2b,b2b_partnership,medium,,,B2B
schools like Harvard but cheaper,advisor,recommendation,complex,,,needs recommendations
University of Maryland vs UCLA,parent,comparison,complex,,,compare entities
schools in Texas with low student-to-faculty ratio,college_student,filtered_search,medium,,,1–2 filters
mit without the suffering,high_school_student,rewrite_needed,short_circuit,,,needs rewrite
recommend medium-sized colleges in Texas for chemistry reach schools,high_school_student,recommendation,complex,,,needs recommendations
USC,high_school_student,exact_lookup,short_circuit,,,simple entity
universities with strong engineering,counselor_teacher,filtered_search,medium,,,1–2 filters
four year cost of Caltech including housing,parent,exact_lookup,medium,,,simple entity; parent framing
Virginia Tech tuition vs USC tuition,counselor_teacher,comparison,complex,,,compare entities
Cornell job placement for engineering,college_student,career_outcomes,medium,,,outcomes
pricing for partner colleges,college_b2b,b2b_partnership,medium,,,B2B
create reach target safety list for public health near Chicago good financial aid,advisor,b2b_partnership,medium,,,B2B; advisor framing
cheapest aerospace engineering schools in California,parent,cost_financial_aid,medium,,,cost / aid
Arizona State job placement for business,parent,career_outcomes,medium,,,outcomes
ucla vibe but not so expensive,parent,rewrite_needed,complex,,,needs rewrite
Brown financial aid for out of state,advisor,cost_financial_aid,medium,,,cost / aid
request demo for our admissions team,high_school_student,b2b_partnership,medium,,,B2B
how do we update our school profile data,college_b2b,b2b_partnership,medium,,,B2B
does University of Florida have engineering,counselor_teacher,attribute_lookup,short_circuit,,,single attribute
USC,advisor,exact_lookup,short_circuit,,,simple entity; advisor framing
Princeton tuition vs Rice University tuition,counselor_teacher,comparison,complex,,,compare entities
University of Florida housing guarantee,parent,career_outcomes,medium,,,outcomes; parent framing
what schools should i apply to for business in the Midwest low tuition,high_school_student,recommendation,complex,,,needs recommendations
api access for college partners,college_b2b,b2b_partnership,medium,,,B2B
best colleges for psychology job outcomes,college_student,career_outcomes,medium,,,outcomes
create reach target safety list for pre-med on the East Coast good financial aid,advisor,filtered_search,medium,,,1–2 filters; advisor framing
affordable architecture schools near a major tech hub with good job placement,high_school_student,multi_constraint,complex,,,multi-constraint
universities with strong psychology,counselor_teacher,filtered_search,medium,,,1–2 filters
Columbia financial aid for out of state,high_school_student,cost_financial_aid,medium,,,cost / aid
UCLA housing guarantee,parent,attribute_lookup,short_circuit,,,single attribute; parent framing
recommend large colleges not Florida for psychology target schools,advisor,recommendation,medium,,,needs recommendations; advisor framing
do i need sat for USC,parent,admissions_process,medium,,,how-to / admissions
best data science schools near a major tech hub,advisor,filtered_search,medium,,,1–2 filters
UC San Diego job placement for neuroscience,college_student,career_outcomes,medium,,,outcomes
pricing for partner colleges,college_b2b,b2b_partnership,medium,,,B2B
api access for college partners,college_b2b,b2b_partnership,medium,,,B2B
USC,college_student,exact_lookup,short_circuit,,,simple entity
scholarships for Purdue,college_student,attribute_lookup,short_circuit,,,single attribute
schools like Rice University but cheaper,college_student,recommendation,short_circuit,,,needs recommendations
University of Florida job placement for biology,college_student,career_outcomes,medium,,,outcomes
pricing for partner colleges,high_school_student,b2b_partnership,medium,,,B2B
do i need sat for Boston University,college_student,admissions_process,medium,,,how-to / admissions
what schools should i apply to for psychology in California under 30k,counselor_teacher,recommendation,complex,,,needs recommendations
how to lower college costs,high_school_student,cost_financial_aid,medium,,,cost / aid
University of Michigan tuition vs Purdue tuition,college_student,comparison,complex,,,compare entities
universities with strong economics,high_school_student,filtered_search,medium,,,1–2 filters
Northwestern tuition vs USC tuition,college_student,comparison,complex,,,compare entities
colleges in California,college_student,filtered_search,medium,,,1–2 filters
enterprise access for counselors and districts,college_b2b,b2b_partnership,llm_needed,,,B2B
enterprise access for counselors and districts,college_b2b,b2b_partnership,llm_needed,,,B2B
schools like UT Austin but cheaper,college_student,recommendation,short_circuit,,,needs recommendations
how do we update our school profile data,college_b2b,b2b_partnership,medium,,,B2B
request demo for our admissions team,college_b2b,b2b_partnership,medium,,,B2B
rice university,parent,exact_lookup,short_circuit,,,simple entity
create reach target safety list for business in California under 30k,advisor,filtered_search,medium,,,1–2 filters; advisor framing
best pre-law schools in the Midwest,college_student,filtered_search,medium,,,1–2 filters
USC job placement for finance,parent,career_outcomes,medium,,,outcomes
schools near a major tech hub with low student-to-faculty ratio,counselor_teacher,filtered_search,medium,,,1–2 filters
schools not Florida with low student-to-faculty ratio,parent,filtered_search,medium,,,1–2 filters
what schools should i apply to for biology in warm states under 20k,advisor,recommendation,complex,,,needs recommendations
how to lower college costs,parent,cost_financial_aid,medium,,,cost / aid
what schools should i apply to for data science on the East Coast under 40k,counselor_teacher,recommendation,complex,,,needs recommendations
enterprise access for counselors and districts,high_school_student,b2b_partnership,short_circuit,,,B2B
pricing for partner colleges,advisor,b2b_partnership,medium,,,B2B
how do we update our school profile data,college_b2b,b2b_partnership,medium,,,B2B
enterprise access for counselors and districts,advisor,b2b_partnership,medium,,,B2B
colleges near a major tech hub,high_school_student,filtered_search,medium,,,1–2 filters
mit without the suffering,parent,rewrite_needed,complex,,,needs rewrite; parent framing
schools with strong first gen support,counselor_teacher,campus_life_fit,llm_needed,,,subjective fit; counselor framing
affordable computer science schools in the Midwest with good job placement,counselor_teacher,multi_constraint,llm_needed,,,multi-constraint
pricing for partner colleges,college_student,b2b_partnership,medium,,,B2B
schools with strong first gen support,counselor_teacher,b2b_partnership,medium,,,B2B; counselor framing
schools in the Midwest with low student-to-faculty ratio,college_student,filtered_search,medium,,,1–2 filters
colleges near a major tech hub,college_student,filtered_search,medium,,,1–2 filters
do i need sat for Northeastern,counselor_teacher,admissions_process,medium,,,how-to / admissions
cheapest engineering schools in Texas,advisor,cost_financial_aid,medium,,,cost / aid
api access for college partners,college_b2b,b2b_partnership,medium,,,B2B
recommend large colleges in the Midwest for pre-law reach schools,college_student,recommendation,complex,,,needs recommendations
Cornell chill campus,parent,campus_life_fit,llm_needed,,,subjective fit
do i need sat for USC,counselor_teacher,admissions_process,medium,,,how-to / admissions
mit without the suffering,high_school_student,rewrite_needed,complex,,,needs rewrite
mit without the suffering,advisor,rewrite_needed,complex,,,needs rewrite
Rice University vs MIT,college_student,comparison,complex,,,compare entities
pricing for partner colleges,college_b2b,b2b_partnership,medium,,,B2B
Virginia Tech housing guarantee,parent,career_outcomes,medium,,,outcomes; parent framing
create reach target safety list for pre-med in the Midwest good financial aid,advisor,rewrite_needed,complex,,,needs rewrite; advisor framing
Cornell scholarships,counselor_teacher,cost_financial_aid,medium,,,cost / aid
schools with high internship placement rates,advisor,career_outcomes,medium,,,outcomes
how to lower college costs,high_school_student,cost_financial_aid,complex,,,cost / aid
harvard but less stressful,parent,rewrite_needed,complex,,,needs rewrite
enterprise access for counselors and districts,counselor_teacher,b2b_partnership,medium,,,B2B
best colleges for psychology job outcomes,college_student,career_outcomes,medium,,,outcomes
schools with normal people,counselor_teacher,campus_life_fit,llm_needed,,,subjective fit
Harvard housing guarantee,parent,b2b_partnership,medium,,,B2B; parent framing
ucla vibe but not so expensive,high_school_student,rewrite_needed,llm_needed,,,needs rewrite
api access for college partners,college_b2b,b2b_partnership,medium,,,B2B
Columbia application deadlines,high_school_student,admissions_process,medium,,,how-to / admissions
schools with high internship placement rates,high_school_student,career_outcomes,medium,,,outcomes
pricing for partner colleges,college_b2b,b2b_partnership,medium,,,B2B
how do we update our school profile data,advisor,b2b_partnership,medium,,,B2B
UCLA housing guarantee,parent,attribute_lookup,short_circuit,,,single attribute; parent framing
colleges where people dont care about football,counselor_teacher,campus_life_fit,llm_needed,,,subjective fit
colleges on the East Coast,advisor,filtered_search,medium,,,1–2 filters; advisor framing
what schools should i apply to for nursing not Florida under 40k,high_school_student,recommendation,complex,,,needs recommendations
USC vs Boston University for aerospace engineering,high_school_student,comparison,complex,,,compare entities
universities with strong finance,college_student,filtered_search,medium,,,1–2 filters
colleges not Florida,high_school_student,filtered_search,medium,,,1–2 filters
best computer science schools not Florida,college_student,filtered_search,medium,,,1–2 filters
schools like USC but cheaper,college_student,recommendation,complex,,,needs recommendations
how do i apply to Cornell,college_student,admissions_process,medium,,,how-to / admissions
Cornell housing guarantee,parent,admissions_process,medium,,,how-to / admissions; parent framing
create reach target safety list for aerospace engineering near Chicago under 40k,advisor,exact_lookup,short_circuit,,,simple entity; advisor framing
harvard but less stressful,parent,rewrite_needed,complex,,,needs rewrite
Georgia Tech vs Arizona State for pre-law,college_student,comparison,complex,,,compare entities
affordable electrical engineering schools near a major tech hub with good job placement,college_student,multi_constraint,complex,,,multi-constraint
schools like University of Maryland but cheaper,college_student,recommendation,complex,,,needs recommendations
schools with normal people,advisor,campus_life_fit,llm_needed,,,subjective fit
how do we update our school profile data,college_b2b,b2b_partnership,medium,,,B2B
cheapest finance schools in the Midwest,college_student,cost_financial_aid,medium,,,cost / aid
api access for college partners,counselor_teacher,b2b_partnership,medium,,,B2B
pricing for partner colleges,college_b2b,b2b_partnership,medium,,,B2B
api access for college partners,college_b2b,b2b_partnership,medium,,,B2B
best colleges for neuroscience job outcomes,college_student,career_outcomes,medium,,,outcomes
colleges in California,counselor_teacher,filtered_search,complex,,,1–2 filters
does USC have mechanical engineering,college_student,attribute_lookup,short_circuit,,,single attribute
what schools should i apply to for mechanical engineering near a major tech hub under 40k,counselor_teacher,recommendation,complex,,,needs recommendations
harvard but less stressful,high_school_student,rewrite_needed,complex,,,needs rewrite
harvard but less stressful,high_school_student,rewrite_needed,complex,,,needs rewrite
how do i apply to UC Irvine,counselor_teacher,admissions_process,medium,,,how-to / admissions
schools with strong first gen support,counselor_teacher,recommendation,complex,,,needs recommendations; counselor framing
colleges where people dont care about football,college_student,campus_life_fit,llm_needed,,,subjective fit
schools like Boston University but cheaper,parent,recommendation,complex,,,needs recommendations
Rice University housing guarantee,parent,rewrite_needed,complex,,,needs rewrite; parent framing
api access for college partners,advisor,b2b_partnership,complex,,,B2B
recommend small colleges not Florida for economics safety schools,counselor_teacher,recommendation,complex,,,needs recommendations; counselor framing
schools with high internship placement rates,college_student,career_outcomes,medium,,,outcomes
api access for college partners,advisor,b2b_partnership,medium,,,B2B
how do we update our school profile data,college_b2b,b2b_partnership,medium,,,B2B
schools good for introverts,counselor_teacher,campus_life_fit,llm_needed,,,subjective fit
best computer science schools in Texas,high_school_student,filtered_search,medium,,,1–2 filters
Cornell but cheaper,college_student,rewrite_needed,complex,,,needs rewrite
api access for college partners,college_b2b,b2b_partnership,medium,,,B2B
universities with strong computer science,advisor,filtered_search,medium,,,1–2 filters
pricing for partner colleges,college_b2b,b2b_partnership,medium,,,B2B
schools with high internship placement rates,parent,career_outcomes,medium,,,outcomes
best colleges for neuroscience job outcomes,college_student,career_outcomes,medium,,,outcomes
affordable pre-med schools in the Midwest with good job placement,parent,multi_constraint,complex,,,multi-constraint
create reach target safety list for engineering in warm states good financial aid,advisor,multi_constraint,complex,,,multi-constraint; advisor framing
api access for college partners,college_b2b,b2b_partnership,medium,,,B2B
schools with high internship placement rates,advisor,career_outcomes,medium,,,outcomes
Rice University,advisor,exact_lookup,short_circuit,,,simple entity
northeastern,parent,exact_lookup,complex,,,simple entity
api access for college partners,college_b2b,b2b_partnership,medium,,,B2B
UCLA,college_student,exact_lookup,short_circuit,,,simple entity
Columbia job placement for electrical engineering,college_student,career_outcomes,medium,,,outcomes
ucla vibe but not so expensive,parent,rewrite_needed,complex,,,needs rewrite
schools with normal people,high_school_student,campus_life_fit,llm_needed,,,subjective fit
UC San Diego job placement for engineering,advisor,career_outcomes,medium,,,outcomes
does MIT have chemistry,high_school_student,attribute_lookup,short_circuit,,,single attribute
Brown vs UCLA,counselor_teacher,comparison,complex,,,compare entities
create reach target safety list for economics in California full ride options,advisor,campus_life_fit,llm_needed,,,subjective fit; advisor framing
Cornell vs Arizona State for psychology,advisor,comparison,short_circuit,,,compare entities
enterprise access for counselors and districts,college_b2b,b2b_partnership,llm_needed,,,B2B
how do we update our school profile data,college_b2b,b2b_partnership,medium,,,B2B
University of Florida chill campus,college_student,campus_life_fit,llm_needed,,,subjective fit
best business schools not Florida,counselor_teacher,filtered_search,medium,,,1–2 filters
Georgia Tech,high_school_student,exact_lookup,short_circuit,,,simple entity
ut austin,advisor,exact_lookup,short_circuit,,,simple entity
create reach target safety list for neuroscience near Chicago full ride options,advisor,rewrite_needed,complex,,,needs rewrite; advisor framing
api access for college partners,counselor_teacher,b2b_partnership,llm_needed,,,B2B; counselor framing
how do we update our school profile data,college_b2b,b2b_partnership,medium,,,B2B
pricing for partner colleges,college_b2b,b2b_partnership,medium,,,B2B
harvard,parent,exact_lookup,short_circuit,,,simple entity
create reach target safety list for film near Chicago under 20k,advisor,attribute_lookup,short_circuit,,,single attribute; advisor framing
best aerospace engineering schools in warm states,college_student,filtered_search,medium,,,1–2 filters
colleges in California,parent,filtered_search,medium,,,1–2 filters
UT Austin vs University of Washington,parent,comparison,complex,,,compare entities
how do we update our school profile data,college_b2b,b2b_partnership,medium,,,B2B
UC San Diego sports culture,college_student,campus_life_fit,llm_needed,,,subjective fit
api access for college partners,college_b2b,b2b_partnership,medium,,,B2B
schools good for non-competitive culture,counselor_teacher,campus_life_fit,short_circuit,,,subjective fit
colleges in the Midwest under 20k with strong research and internships,college_student,multi_constraint,complex,,,multi-constraint
best colleges for engineering job outcomes,counselor_teacher,career_outcomes,medium,,,outcomes
colleges near a major tech hub under 20k with strong research and internships,advisor,multi_constraint,complex,,,multi-constraint
what schools should i apply to for political science near a major tech hub full ride options,college_student,recommendation,llm_needed,,,needs recommendations
colleges in the Midwest,counselor_teacher,filtered_search,medium,,,1–2 filters
what essays does UC Berkeley require,advisor,admissions_process,medium,,,how-to / admissions; advisor framing
schools like USC but cheaper,counselor_teacher,recommendation,complex,,,needs recommendations
schools with high internship placement rates,parent,career_outcomes,medium,,,outcomes
NYU housing guarantee,parent,b2b_partnership,medium,,,B2B; parent framing
UT Austin scholarships,advisor,cost_financial_aid,medium,,,cost / aid
schools with strong first gen support,counselor_teacher,multi_constraint,complex,,,multi-constraint; counselor framing
princeton,advisor,exact_lookup,short_circuit,,,simple entity
api access for college partners,college_b2b,b2b_partnership,medium,,,B2B
best colleges for chemistry job outcomes,college_student,career_outcomes,medium,,,outcomes
Columbia vs UC Irvine,counselor_teacher,comparison,complex,,,compare entities
UCLA job placement for film,counselor_teacher,career_outcomes,medium,,,outcomes
Columbia tuition vs Penn State tuition,counselor_teacher,comparison,complex,,,compare entities
University of Wisconsin job placement for mechanical engineering,advisor,career_outcomes,medium,,,outcomes
how do we update our school profile data,college_b2b,b2b_partnership,medium,,,B2B
small pre-law colleges in California full ride options not too competitive,college_student,multi_constraint,complex,,,multi-constraint
pricing for partner colleges,college_b2b,b2b_partnership,medium,,,B2B
Cornell but cheaper,parent,rewrite_needed,complex,,,needs rewrite
four year cost of UT Austin including housing,parent,cost_financial_aid,medium,,,cost / aid; parent framing
do i need sat for UT Austin,parent,admissions_process,medium,,,how-to / admissions; parent framing
request demo for our admissions team,college_b2b,b2b_partnership,medium,,,B2B
schools like Brown but cheaper,college_student,recommendation,complex,,,needs recommendations
best colleges for architecture job outcomes,counselor_teacher,career_outcomes,medium,,,outcomes
what schools should i apply to for film near a major tech hub good financial aid,college_student,recommendation,complex,,,needs recommendations
does UC Berkeley have computer science,college_student,attribute_lookup,short_circuit,,,single attribute
enterprise access for counselors and districts,counselor_teacher,b2b_partnership,medium,,,B2B
Carnegie Mellon financial aid for out of state,counselor_teacher,cost_financial_aid,medium,,,cost / aid; counselor framing
University of Maryland,high_school_student,exact_lookup,short_circuit,,,simple entity
usc,counselor_teacher,exact_lookup,short_circuit,,,simple entity
best pre-med schools near Chicago,advisor,filtered_search,medium,,,1–2 filters
Boston University housing guarantee,parent,campus_life_fit,llm_needed,,,subjective fit; parent framing
how do we update our school profile data,college_b2b,b2b_partnership,medium,,,B2B
Cornell,advisor,exact_lookup,short_circuit,,,simple entity
NYU housing guarantee,parent,campus_life_fit,llm_needed,,,subjective fit; parent framing
api access for college partners,college_b2b,b2b_partnership,medium,,,B2B
schools like Duke but cheaper,parent,recommendation,complex,,,needs recommendations
colleges in Texas low tuition with strong research and internships,high_school_student,multi_constraint,complex,,,multi-constraint
colleges where people dont care about football,college_student,campus_life_fit,llm_needed,,,subjective fit
request demo for our admissions team,college_b2b,b2b_partnership,medium,,,B2B
Duke application deadlines,college_student,admissions_process,medium,,,how-to / admissions
university of florida,parent,exact_lookup,short_circuit,,,simple entity; parent framing
request demo for our admissions team,college_b2b,b2b_partnership,medium,,,B2B
what essays does University of Washington require,college_student,admissions_process,medium,,,how-to / admissions
four year cost of UC Berkeley including housing,parent,exact_lookup,short_circuit,,,simple entity; parent framing
enterprise access for counselors and districts,college_b2b,b2b_partnership,medium,,,B2B
University of Florida housing guarantee,parent,comparison,complex,,,compare entities; parent framing
colleges on the East Coast,counselor_teacher,filtered_search,medium,,,1–2 filters
what essays does Cornell require,parent,admissions_process,llm_needed,,,how-to / admissions
colleges where people dont care about football,counselor_teacher,campus_life_fit,complex,,,subjective fit
enterprise access for counselors and districts,college_b2b,b2b_partnership,medium,,,B2B
acceptance rate for Penn State,counselor_teacher,attribute_lookup,short_circuit,,,single attribute
request demo for our admissions team,college_b2b,b2b_partnership,medium,,,B2B
affordable pre-med schools near Chicago with good job placement,high_school_student,multi_constraint,medium,,,multi-constraint
colleges on the East Coast under 40k with strong research and internships,high_school_student,multi_constraint,complex,,,multi-constraint
how do we update our school profile data,college_b2b,b2b_partnership,medium,,,B2B
UT Austin vs Brown,high_school_student,comparison,complex,,,compare entities
University of Washington location,advisor,attribute_lookup,short_circuit,,,single attribute
job placement for University of Maryland,counselor_teacher,attribute_lookup,short_circuit,,,single attribute
enterprise access for counselors and districts,college_student,b2b_partnership,medium,,,B2B
colleges on the East Coast under 40k with strong research and internships,advisor,multi_constraint,complex,,,multi-constraint
University of Michigan vs Duke,advisor,comparison,short_circuit,,,compare entities
request demo for our admissions team,parent,b2b_partnership,medium,,,B2B
schools good for vibe,counselor_teacher,campus_life_fit,llm_needed,,,subjective fit
schools on the East Coast with low student-to-faculty ratio,parent,filtered_search,medium,,,1–2 filters
Penn State but cheaper,high_school_student,rewrite_needed,complex,,,needs rewrite
UC San Diego scholarships,high_school_student,cost_financial_aid,medium,,,cost / aid
schools good for normal people,college_student,campus_life_fit,llm_needed,,,subjective fit
four year cost of Virginia Tech including housing,parent,rewrite_needed,complex,,,needs rewrite; parent framing
affordable political science schools in California with good job placement,advisor,multi_constraint,complex,,,multi-constraint
create reach target safety list for chemistry not Florida full ride options,advisor,filtered_search,medium,,,1–2 filters; advisor framing
how to lower college costs,advisor,cost_financial_aid,medium,,,cost / aid
UC San Diego application deadlines,advisor,admissions_process,medium,,,how-to / admissions
ucla vibe but not so expensive,counselor_teacher,rewrite_needed,complex,,,needs rewrite
uc san diego,high_school_student,exact_lookup,short_circuit,,,simple entity
cheapest psychology schools near the beach,advisor,cost_financial_aid,medium,,,cost / aid
schools with high internship placement rates,college_student,career_outcomes,medium,,,outcomes
api access for college partners,college_b2b,b2b_partnership,medium,,,B2B
pricing for partner colleges,college_b2b,b2b_partnership,medium,,,B2B
colleges in California,counselor_teacher,filtered_search,medium,,,1–2 filters
api access for college partners,advisor,b2b_partnership,medium,,,B2B
best colleges for film job outcomes,counselor_teacher,career_outcomes,medium,,,outcomes
enterprise access for counselors and districts,college_b2b,b2b_partnership,medium,,,B2B
Carnegie Mellon,parent,exact_lookup,short_circuit,,,simple entity
University of Wisconsin tuition vs Carnegie Mellon tuition,high_school_student,comparison,complex,,,compare entities
what essays does Cornell require,counselor_teacher,admissions_process,medium,,,how-to / admissions
what schools should i apply to for engineering near the beach good financial aid,parent,recommendation,complex,,,needs recommendations
schools with high internship placement rates,college_student,career_outcomes,medium,,,outcomes
Stanford application deadlines,college_student,admissions_process,medium,,,how-to / admissions
Harvard chill campus,advisor,campus_life_fit,medium,,,subjective fit; advisor framing
colleges on the East Coast,college_student,filtered_search,medium,,,1–2 filters
housing for Georgia Tech,college_student,attribute_lookup,short_circuit,,,single attribute
request demo for our admissions team,advisor,b2b_partnership,medium,,,B2B
enterprise access for counselors and districts,college_b2b,b2b_partnership,medium,,,B2B
how do i apply to Harvard,counselor_teacher,admissions_process,medium,,,how-to / admissions
cheapest philosophy schools near a major tech hub,parent,cost_financial_aid,medium,,,cost / aid
recommend large colleges on the East Coast for public health safety schools,high_school_student,recommendation,complex,,,needs recommendations
what essays does USC require,high_school_student,admissions_process,medium,,,how-to / admissions
UCLA vibe,counselor_teacher,campus_life_fit,llm_needed,,,subjective fit
enterprise access for counselors and districts,college_b2b,b2b_partnership,medium,,,B2B
University of Maryland job placement for philosophy,high_school_student,career_outcomes,medium,,,outcomes
virginia tech,high_school_student,exact_lookup,short_circuit,,,simple entity
schools with high internship placement rates,parent,career_outcomes,medium,,,outcomes
caltech,college_student,exact_lookup,short_circuit,,,simple entity
colleges on the East Coast,advisor,filtered_search,medium,,,1–2 filters
create reach target safety list for computer science near Chicago full ride options,advisor,career_outcomes,medium,,,outcomes; advisor framing
api access for college partners,advisor,b2b_partnership,medium,,,B2B
request demo for our admissions team,college_b2b,b2b_partnership,medium,,,B2B
request demo for our admissions team,college_b2b,b2b_partnership,medium,,,B2B
how do we update our school profile data,parent,b2b_partnership,medium,,,B2B
enterprise access for counselors and districts,college_b2b,b2b_partnership,medium,,,B2B
what schools should i apply to for engineering in Texas good financial aid,high_school_student,recommendation,short_circuit,,,needs recommendations
what schools should i apply to for political science in California low tuition,college_student,recommendation,complex,,,needs recommendations
affordable finance schools near a major tech hub with good job placement,advisor,multi_constraint,complex,,,multi-constraint
schools like University of Michigan but cheaper,counselor_teacher,recommendation,complex,,,needs recommendations
recommend small colleges near Chicago for pre-law target schools,high_school_student,recommendation,complex,,,needs recommendations
create reach target safety list for film in warm states under 40k,advisor,b2b_partnership,medium,,,B2B; advisor framing
Virginia Tech rankings,parent,attribute_lookup,short_circuit,,,single attribute
how to lower college costs,high_school_student,cost_financial_aid,medium,,,cost / aid
medium-sized electrical engineering colleges in California under 20k reach schools,counselor_teacher,multi_constraint,complex,,,multi-constraint
create reach target safety list for philosophy in Texas good financial aid,advisor,campus_life_fit,llm_needed,,,subjective fit; advisor framing
Virginia Tech scholarships,high_school_student,cost_financial_aid,medium,,,cost / aid
colleges in California,counselor_teacher,filtered_search,llm_needed,,,1–2 filters
Carnegie Mellon scholarships,high_school_student,cost_financial_aid,medium,,,cost / aid
api access for college partners,college_b2b,b2b_partnership,medium,,,B2B
request demo for our admissions team,college_b2b,b2b_partnership,medium,,,B2B
request demo for our admissions team,college_b2b,b2b_partnership,medium,,,B2B
UC Irvine,advisor,exact_lookup,short_circuit,,,simple entity
ucla vibe but not so expensive,college_student,rewrite_needed,complex,,,needs rewrite
UCLA,college_student,exact_lookup,short_circuit,,,simple entity
request demo for our admissions team,counselor_teacher,b2b_partnership,medium,,,B2B
how do we update our school profile data,counselor_teacher,b2b_partnership,medium,,,B2B; counselor framing
UC Irvine job placement for psychology,college_student,career_outcomes,medium,,,outcomes
enterprise access for counselors and districts,college_b2b,b2b_partnership,medium,,,B2B
MIT vs University of Washington for neuroscience,counselor_teacher,comparison,complex,,,compare entities
schools with strong first gen support,counselor_teacher,recommendation,complex,,,needs recommendations; counselor framing
MIT vs Vanderbilt,college_student,comparison,complex,,,compare entities
UCLA housing guarantee,parent,admissions_process,medium,,,how-to / admissions; parent framing
request demo for our admissions team,counselor_teacher,b2b_partnership,llm_needed,,,B2B
how do we update our school profile data,college_b2b,b2b_partnership,medium,,,B2B
request demo for our admissions team,counselor_teacher,b2b_partnership,medium,,,B2B
harvard but less stressful,college_student,rewrite_needed,complex,,,needs rewrite
virginia tech,college_student,exact_lookup,short_circuit,,,simple entity
cheapest data science schools near Chicago,college_student,cost_financial_aid,medium,,,cost / aid
schools with normal people,advisor,campus_life_fit,llm_needed,,,subjective fit
University of Washington tuition vs MIT tuition,college_student,comparison,complex,,,compare entities
Princeton,high_school_student,exact_lookup,short_circuit,,,simple entity
best architecture schools near Chicago,advisor,filtered_search,medium,,,1–2 filters
request demo for our admissions team,college_b2b,b2b_partnership,medium,,,B2B
UT Austin,college_student,exact_lookup,short_circuit,,,simple entity
does Duke have chemistry,counselor_teacher,attribute_lookup,short_circuit,,,single attribute
Cornell housing guarantee,parent,admissions_process,medium,,,how-to / admissions; parent framing
Brown non-competitive culture,high_school_student,campus_life_fit,complex,,,subjective fit
georgia tech,advisor,exact_lookup,short_circuit,,,simple entity
enterprise access for counselors and districts,advisor,b2b_partnership,medium,,,B2B
enterprise access for counselors and districts,advisor,b2b_partnership,medium,,,B2B
does Purdue have engineering,parent,attribute_lookup,short_circuit,,,single attribute
Georgia Tech job placement for philosophy,college_student,career_outcomes,medium,,,outcomes
Rice University housing guarantee,parent,cost_financial_aid,short_circuit,,,cost / aid; parent framing
schools like Northeastern but cheaper,college_student,recommendation,short_circuit,,,needs recommendations
University of Wisconsin,counselor_teacher,exact_lookup,short_circuit,,,simple entity
nyu,advisor,exact_lookup,complex,,,simple entity; advisor framing
cheapest neuroscience schools near the beach,counselor_teacher,cost_financial_aid,medium,,,cost / aid
Caltech,counselor_teacher,exact_lookup,short_circuit,,,simple entity
how to lower college costs,high_school_student,cost_financial_aid,medium,,,cost / aid
NYU,college_student,exact_lookup,short_circuit,,,simple entity
Arizona State campus culture,advisor,campus_life_fit,llm_needed,,,fit question
api access for college partners,college_b2b,b2b_partnership,llm_needed,,,B2B
colleges with low stress environment,college_student,campus_life_fit,llm_needed,,,fit question
api access for college partners,college_b2b,b2b_partnership,llm_needed,,,B2B
best colleges for psychology job outcomes,parent,career_outcomes,medium,,,career outcomes
mit without the suffering,parent,rewrite_needed,complex,,,rewrite needed
schools with collaborative culture,advisor,campus_life_fit,llm_needed,,,fit question
Northwestern housing,college_student,attribute_lookup,medium,,,single attribute
mit without the suffering,college_student,rewrite_needed,complex,,,rewrite needed
job placement for Northwestern,advisor,attribute_lookup,medium,,,single attribute
Rice University,counselor_teacher,exact_lookup,short_circuit,,,simple entity
cheapest business schools near the beach,advisor,cost_financial_aid,medium,,,cost aid
how do i apply to Cornell,parent,admissions_process,medium,,,admissions
request demo for admissions office,college_b2b,b2b_partnership,llm_needed,,,B2B
best aerospace engineering schools in the Midwest,college_student,filtered_search,medium,,,filter search
does USC have electrical engineering,advisor,attribute_lookup,medium,,,single attribute
recommend small colleges near the beach for mechanical engineering,counselor_teacher,recommendation,complex,,,recommendation
harvard but less stressful,parent,rewrite_needed,complex,,,rewrite needed
request demo for admissions office,college_b2b,b2b_partnership,llm_needed,,,B2B
carnegie mellon,college_student,exact_lookup,short_circuit,,,simple entity
how can our university join the platform,college_b2b,b2b_partnership,llm_needed,,,B2B
how can our university join the platform,college_b2b,b2b_partnership,llm_needed,,,B2B
large mechanical engineering colleges near Chicago good financial aid,advisor,multi_constraint,complex,,,multi constraint
schools like Harvard but cheaper,college_student,recommendation,complex,,,recommendation
request demo for admissions office,college_b2b,b2b_partnership,llm_needed,,,B2B
does University of Florida have biology,advisor,attribute_lookup,medium,,,single attribute
request demo for admissions office,counselor_teacher,b2b_partnership,llm_needed,,,B2B
does Rice University have architecture,advisor,attribute_lookup,medium,,,single attribute
Northwestern application deadlines,advisor,admissions_process,medium,,,admissions
how do i apply to University of Florida,counselor_teacher,admissions_process,medium,,,admissions
USC campus culture,advisor,campus_life_fit,llm_needed,,,fit question
georgia tech,advisor,exact_lookup,short_circuit,,,simple entity
UT Austin,counselor_teacher,exact_lookup,short_circuit,,,simple entity
harvard but less stressful,counselor_teacher,rewrite_needed,complex,,,rewrite needed
small electrical engineering colleges near Chicago under 30k,advisor,multi_constraint,complex,,,multi constraint
recommend small colleges in the Midwest for engineering,advisor,recommendation,complex,,,recommendation
NYU vs UC Berkeley for chemistry,advisor,comparison,complex,,,comparison
pricing for partner universities,college_b2b,b2b_partnership,llm_needed,,,B2B
how can our university join the platform,college_b2b,b2b_partnership,llm_needed,,,B2B
Arizona State,parent,exact_lookup,short_circuit,,,simple entity
does Cornell have data science,advisor,attribute_lookup,medium,,,single attribute
colleges in California low tuition with strong research,parent,multi_constraint,complex,,,multi constraint
universities with strong nursing,college_student,filtered_search,medium,,,filter search
how do i apply to Virginia Tech,parent,admissions_process,medium,,,admissions
affordable chemistry schools in warm states with good internships,advisor,multi_constraint,complex,,,multi constraint
NYU but cheaper,counselor_teacher,rewrite_needed,complex,,,rewrite needed
does Penn State have nursing,advisor,attribute_lookup,medium,,,single attribute
UC Berkeley,college_student,exact_lookup,short_circuit,,,simple entity
Rice University research opportunities,parent,attribute_lookup,medium,,,single attribute
pricing for partner universities,college_b2b,b2b_partnership,llm_needed,,,B2B
how can our university join the platform,college_b2b,b2b_partnership,llm_needed,,,B2B
api access for college partners,college_b2b,b2b_partnership,llm_needed,,,B2B
MIT campus culture,advisor,campus_life_fit,llm_needed,,,fit question
how can our university join the platform,college_b2b,b2b_partnership,llm_needed,,,B2B
how do i apply to University of Michigan,advisor,admissions_process,medium,,,admissions
request demo for admissions office,college_b2b,b2b_partnership,llm_needed,,,B2B
affordable computer science schools near Chicago with good internships,college_student,multi_constraint,complex,,,multi constraint
best colleges for psychology job outcomes,parent,career_outcomes,medium,,,career outcomes
how can our university join the platform,counselor_teacher,b2b_partnership,llm_needed,,,B2B
api access for college partners,college_b2b,b2b_partnership,llm_needed,,,B2B
pricing for partner universities,college_b2b,b2b_partnership,llm_needed,,,B2B
large engineering colleges in Texas under 30k,parent,multi_constraint,complex,,,multi constraint
how do i apply to MIT,counselor_teacher,admissions_process,medium,,,admissions
does NYU have data science,college_student,attribute_lookup,medium,,,single attribute
request demo for admissions office,college_b2b,b2b_partnership,llm_needed,,,B2B
Arizona State,college_student,exact_lookup,short_circuit,,,simple entity
NYU average SAT,parent,attribute_lookup,medium,,,single attribute
mit without the suffering,parent,rewrite_needed,complex,,,rewrite needed
api access for college partners,college_b2b,b2b_partnership,llm_needed,,,B2B
UT Austin scholarships,advisor,cost_financial_aid,medium,,,cost aid
api access for college partners,college_b2b,b2b_partnership,llm_needed,,,B2B
api access for college partners,college_b2b,b2b_partnership,llm_needed,,,B2B
University of Washington campus culture,counselor_teacher,campus_life_fit,llm_needed,,,fit question
does Virginia Tech have aerospace engineering,parent,attribute_lookup,medium,,,single attribute
how can our university join the platform,college_b2b,b2b_partnership,llm_needed,,,B2B
request demo for admissions office,college_b2b,b2b_partnership,llm_needed,,,B2B
schools with high internship placement rates,advisor,career_outcomes,medium,,,career outcomes
schools with collaborative culture,advisor,campus_life_fit,llm_needed,,,fit question
Purdue vs Northwestern,counselor_teacher,comparison,complex,,,comparison
USC but cheaper,advisor,rewrite_needed,complex,,,rewrite needed
Princeton financial aid,advisor,cost_financial_aid,medium,,,cost aid
Carnegie Mellon vs Caltech for economics,advisor,comparison,complex,,,comparison
Penn State campus culture,counselor_teacher,campus_life_fit,llm_needed,,,fit question
how can our university join the platform,college_b2b,b2b_partnership,llm_needed,,,B2B
University of Florida job placement for engineering,college_student,career_outcomes,medium,,,career outcomes
colleges with low stress environment,college_student,campus_life_fit,llm_needed,,,fit question
Brown,college_student,exact_lookup,short_circuit,,,simple entity
what schools should i apply to for data science,college_student,recommendation,complex,,,recommendation
api access for college partners,college_b2b,b2b_partnership,llm_needed,,,B2B
MIT financial aid,parent,cost_financial_aid,medium,,,cost aid
api access for college partners,college_b2b,b2b_partnership,llm_needed,,,B2B
UCLA but cheaper,college_student,rewrite_needed,complex,,,rewrite needed
large engineering colleges near a tech hub under 30k,college_student,multi_constraint,complex,,,multi constraint
UC San Diego scholarships,counselor_teacher,cost_financial_aid,medium,,,cost aid
average ACT for UC Berkeley,college_student,attribute_lookup,medium,,,single attribute
universities with strong data science,advisor,filtered_search,medium,,,filter search
do i need sat for Cornell,parent,admissions_process,medium,,,admissions
Northwestern application deadlines,college_student,admissions_process,medium,,,admissions
colleges near Chicago low tuition with strong research,counselor_teacher,multi_constraint,complex,,,multi constraint
Harvard vs University of Michigan,counselor_teacher,comparison,complex,,,comparison
pricing for partner universities,counselor_teacher,b2b_partnership,llm_needed,,,B2B
recommend medium-sized colleges in Texas for philosophy,advisor,recommendation,complex,,,recommendation
what schools should i apply to for economics,college_student,recommendation,complex,,,recommendation
Duke application deadlines,counselor_teacher,admissions_process,medium,,,admissions
Virginia Tech tuition vs Stanford tuition,advisor,comparison,complex,,,comparison
Cornell,counselor_teacher,exact_lookup,short_circuit,,,simple entity
does University of Michigan have engineering,counselor_teacher,attribute_lookup,medium,,,single attribute
does University of Florida have chemistry,parent,attribute_lookup,medium,,,single attribute
Caltech financial aid,counselor_teacher,cost_financial_aid,medium,,,cost aid
how can our university join the platform,college_b2b,b2b_partnership,llm_needed,,,B2B
Duke financial aid,college_student,cost_financial_aid,medium,,,cost aid
colleges near the beach,advisor,filtered_search,medium,,,filter search
Carnegie Mellon application deadlines,advisor,admissions_process,medium,,,admissions
harvard but less stressful,counselor_teacher,rewrite_needed,complex,,,rewrite needed
Purdue,advisor,exact_lookup,short_circuit,,,simple entity
api access for college partners,college_b2b,b2b_partnership,llm_needed,,,B2B
harvard but less stressful,counselor_teacher,rewrite_needed,complex,,,rewrite needed
pricing for partner universities,college_b2b,b2b_partnership,llm_needed,,,B2B
harvard but less stressful,college_student,rewrite_needed,complex,,,rewrite needed
Princeton job placement for mechanical engineering,advisor,career_outcomes,medium,,,career outcomes
api access for college partners,college_b2b,b2b_partnership,llm_needed,,,B2B
best aerospace engineering schools near a tech hub,parent,filtered_search,medium,,,filter search
research opportunities for University of Florida,advisor,attribute_lookup,medium,,,single attribute
mit without the suffering,parent,rewrite_needed,complex,,,rewrite needed
Purdue tuition vs Penn State tuition,parent,comparison,complex,,,comparison
recommend large colleges near a tech hub for mechanical engineering,college_student,recommendation,complex,,,recommendation
mit without the suffering,college_student,rewrite_needed,complex,,,rewrite needed
pricing for partner universities,college_b2b,b2b_partnership,llm_needed,,,B2B
University of Florida campus culture,advisor,campus_life_fit,llm_needed,,,fit question
do i need sat for University of Florida,parent,admissions_process,medium,,,admissions
cheapest engineering schools in warm states,counselor_teacher,cost_financial_aid,medium,,,cost aid
colleges in warm states,parent,filtered_search,medium,,,filter search
colleges near Chicago,college_student,filtered_search,medium,,,filter search
universities with strong psychology,parent,filtered_search,medium,,,filter search
University of Washington job placement for nursing,advisor,career_outcomes,medium,,,career outcomes
recommend large colleges near the beach for aerospace engineering,counselor_teacher,recommendation,complex,,,recommendation
colleges with low stress environment,parent,campus_life_fit,llm_needed,,,fit question
colleges with low stress environment,counselor_teacher,campus_life_fit,llm_needed,,,fit question
colleges with low stress environment,parent,campus_life_fit,llm_needed,,,fit question
Harvard internships,parent,attribute_lookup,medium,,,single attribute
UC Berkeley tuition vs MIT tuition,counselor_teacher,comparison,complex,,,comparison
api access for college partners,college_b2b,b2b_partnership,llm_needed,,,B2B
Penn State,college_student,exact_lookup,short_circuit,,,simple entity
Duke job placement for psychology,parent,career_outcomes,medium,,,career outcomes
University of Florida but cheaper,counselor_teacher,rewrite_needed,complex,,,rewrite needed
UCLA scholarships,advisor,cost_financial_aid,medium,,,cost aid
Harvard campus culture,counselor_teacher,campus_life_fit,llm_needed,,,fit question
do i need sat for UC San Diego,parent,admissions_process,medium,,,admissions
request demo for admissions office,college_b2b,b2b_partnership,llm_needed,,,B2B
pricing for partner universities,college_b2b,b2b_partnership,llm_needed,,,B2B
University of Florida vs Brown for chemistry,college_student,comparison,complex,,,comparison
request demo for admissions office,college_b2b,b2b_partnership,llm_needed,,,B2B
request demo for admissions office,advisor,b2b_partnership,llm_needed,,,B2B
Rice University campus culture,counselor_teacher,campus_life_fit,llm_needed,,,fit question
research opportunities for Carnegie Mellon,college_student,attribute_lookup,medium,,,single attribute
how can our university join the platform,parent,b2b_partnership,llm_needed,,,B2B
recommend medium-sized colleges near Chicago for electrical engineering,parent,recommendation,complex,,,recommendation
what schools should i apply to for nursing,counselor_teacher,recommendation,complex,,,recommendation
colleges in Texas good financial aid with strong research,college_student,multi_constraint,complex,,,multi constraint
affordable engineering schools near a tech hub with good internships,parent,multi_constraint,complex,,,multi constraint
recommend small colleges in California for psychology,parent,recommendation,complex,,,recommendation
pricing for partner universities,college_student,b2b_partnership,llm_needed,,,B2B
recommend small colleges in warm states for business,counselor_teacher,recommendation,complex,,,recommendation
Georgia Tech but cheaper,parent,rewrite_needed,complex,,,rewrite needed
colleges with low stress environment,advisor,campus_life_fit,llm_needed,,,fit question
Virginia Tech application deadlines,counselor_teacher,admissions_process,medium,,,admissions
how can our university join the platform,counselor_teacher,b2b_partnership,llm_needed,,,B2B
cheapest engineering schools in the Midwest,college_student,cost_financial_aid,medium,,,cost aid
Carnegie Mellon,advisor,exact_lookup,short_circuit,,,simple entity
pricing for partner universities,college_b2b,b2b_partnership,llm_needed,,,B2B
UC San Diego vs Northwestern,parent,comparison,complex,,,comparison
University of Washington job placement for economics,parent,career_outcomes,medium,,,career outcomes
pricing for partner universities,college_b2b,b2b_partnership,llm_needed,,,B2B
MIT job placement,college_student,attribute_lookup,medium,,,single attribute
pricing for partner universities,college_b2b,b2b_partnership,llm_needed,,,B2B
api access for college partners,college_b2b,b2b_partnership,llm_needed,,,B2B
University of Washington financial aid,parent,cost_financial_aid,medium,,,cost aid
cheapest electrical engineering schools in California,advisor,cost_financial_aid,medium,,,cost aid
best business schools in California,parent,filtered_search,medium,,,filter search
request demo for admissions office,college_b2b,b2b_partnership,llm_needed,,,B2B
how can our university join the platform,college_b2b,b2b_partnership,llm_needed,,,B2B
affordable biology schools in Texas with good internships,college_student,multi_constraint,complex,,,multi constraint
how can our university join the platform,college_b2b,b2b_partnership,llm_needed,,,B2B
medium-sized nursing colleges in Texas low tuition,advisor,multi_constraint,complex,,,multi constraint
schools with collaborative culture,parent,campus_life_fit,llm_needed,,,fit question
cheapest data science schools in Texas,counselor_teacher,cost_financial_aid,medium,,,cost aid
USC application deadlines,advisor,admissions_process,medium,,,admissions
request demo for admissions office,college_b2b,b2b_partnership,llm_needed,,,B2B
Harvard,counselor_teacher,exact_lookup,short_circuit,,,simple entity
what schools should i apply to for engineering,college_student,recommendation,complex,,,recommendation
Caltech tuition vs Cornell tuition,college_student,comparison,complex,,,comparison
api access for college partners,college_b2b,b2b_partnership,llm_needed,,,B2B
pricing for partner universities,college_b2b,b2b_partnership,llm_needed,,,B2B
request demo for admissions office,college_b2b,b2b_partnership,llm_needed,,,B2B
what schools should i apply to for electrical engineering,counselor_teacher,recommendation,complex,,,recommendation
best colleges for philosophy job outcomes,advisor,career_outcomes,medium,,,career outcomes
mit without the suffering,counselor_teacher,rewrite_needed,complex,,,rewrite needed
do i need sat for UC San Diego,college_student,admissions_process,medium,,,admissions
colleges in the Midwest under 30k with strong research,counselor_teacher,multi_constraint,complex,,,multi constraint
colleges with low stress environment,parent,campus_life_fit,llm_needed,,,fit question
request demo for admissions office,counselor_teacher,b2b_partnership,llm_needed,,,B2B
UCLA vs Rice University for psychology,advisor,comparison,complex,,,comparison
location for Stanford,counselor_teacher,attribute_lookup,medium,,,single attribute
harvard but less stressful,parent,rewrite_needed,complex,,,rewrite needed
Cornell research opportunities,parent,attribute_lookup,medium,,,single attribute
does UC Berkeley have chemistry,counselor_teacher,attribute_lookup,medium,,,single attribute
UC San Diego vs UT Austin for psychology,counselor_teacher,comparison,complex,,,comparison
Columbia vs Georgia Tech,parent,comparison,complex,,,comparison
colleges with low stress environment,parent,campus_life_fit,llm_needed,,,fit question
UT Austin vs MIT for computer science,counselor_teacher,comparison,complex,,,comparison
affordable biology schools near a tech hub with good internships,parent,multi_constraint,complex,,,multi constraint
do i need sat for Penn State,counselor_teacher,admissions_process,medium,,,admissions
schools like Purdue but cheaper,parent,recommendation,complex,,,recommendation
api access for college partners,college_student,b2b_partnership,llm_needed,,,B2B
how can our university join the platform,college_b2b,b2b_partnership,llm_needed,,,B2B
pricing for partner universities,counselor_teacher,b2b_partnership,llm_needed,,,B2B
best colleges for chemistry job outcomes,parent,career_outcomes,medium,,,career outcomes
universities with strong chemistry,counselor_teacher,filtered_search,medium,,,filter search
uc san diego,parent,exact_lookup,short_circuit,,,simple entity
Columbia application deadlines,advisor,admissions_process,medium,,,admissions
what schools should i apply to for nursing,counselor_teacher,recommendation,complex,,,recommendation
best aerospace engineering schools in the Midwest,advisor,filtered_search,medium,,,filter search
pricing for partner universities,college_b2b,b2b_partnership,llm_needed,,,B2B
Princeton scholarships,parent,cost_financial_aid,medium,,,cost aid
university of michigan,counselor_teacher,exact_lookup,short_circuit,,,simple entity
UC San Diego research opportunities,parent,attribute_lookup,medium,,,single attribute
arizona state,college_student,exact_lookup,short_circuit,,,simple entity
colleges near Chicago good financial aid with strong research,parent,multi_constraint,complex,,,multi constraint
affordable data science schools near Chicago with good internships,college_student,multi_constraint,complex,,,multi constraint
cheapest computer science schools in the Midwest,parent,cost_financial_aid,medium,,,cost aid
USC but cheaper,college_student,rewrite_needed,complex,,,rewrite needed
api access for college partners,college_b2b,b2b_partnership,llm_needed,,,B2B
how do i apply to Penn State,advisor,admissions_process,medium,,,admissions
Brown vs Stanford for computer science,advisor,comparison,complex,,,comparison
schools with collaborative culture,counselor_teacher,campus_life_fit,llm_needed,,,fit question
does Cornell have economics,counselor_teacher,attribute_lookup,medium,,,single attribute
affordable mechanical engineering schools near Chicago with good internships,parent,multi_constraint,complex,,,multi constraint
best biology schools near the beach,college_student,filtered_search,medium,,,filter search
api access for college partners,college_b2b,b2b_partnership,llm_needed,,,B2B
Arizona State internships,counselor_teacher,attribute_lookup,medium,,,single attribute
Arizona State application deadlines,advisor,admissions_process,medium,,,admissions
Stanford campus culture,counselor_teacher,campus_life_fit,llm_needed,,,fit question
best colleges for psychology job outcomes,parent,career_outcomes,medium,,,career outcomes
student-to-faculty ratio for University of Florida,college_student,attribute_lookup,medium,,,single attribute
how can our university join the platform,college_b2b,b2b_partnership,llm_needed,,,B2B
Northwestern vs UCLA for economics,advisor,comparison,complex,,,comparison
University of Florida vs Brown for biology,counselor_teacher,comparison,complex,,,comparison
colleges in Texas,college_student,filtered_search,medium,,,filter search
pricing for partner universities,college_b2b,b2b_partnership,llm_needed,,,B2B
colleges in Texas low tuition with strong research,advisor,multi_constraint,complex,,,multi constraint
MIT student-to-faculty ratio,parent,attribute_lookup,medium,,,single attribute
request demo for admissions office,college_b2b,b2b_partnership,llm_needed,,,B2B
colleges in warm states low tuition with strong research,counselor_teacher,multi_constraint,complex,,,multi constraint
pricing for partner universities,college_b2b,b2b_partnership,llm_needed,,,B2B
schools with collaborative culture,parent,campus_life_fit,llm_needed,,,fit question
harvard but less stressful,counselor_teacher,rewrite_needed,complex,,,rewrite needed
pricing for partner universities,college_b2b,b2b_partnership,llm_needed,,,B2B
affordable philosophy schools near a tech hub with good internships,counselor_teacher,multi_constraint,complex,,,multi constraint
best aerospace engineering schools near Chicago,parent,filtered_search,medium,,,filter search
best engineering schools in warm states,advisor,filtered_search,medium,,,filter search
how can our university join the platform,college_b2b,b2b_partnership,llm_needed,,,B2B
cheapest philosophy schools in warm states,parent,cost_financial_aid,medium,,,cost aid
what schools should i apply to for aerospace engineering,college_student,recommendation,complex,,,recommendation
mit without the suffering,college_student,rewrite_needed,complex,,,rewrite needed
University of Michigan application deadlines,advisor,admissions_process,medium,,,admissions
colleges in California good financial aid with strong research,advisor,multi_constraint,complex,,,multi constraint
columbia,counselor_teacher,exact_lookup,short_circuit,,,simple entity
how can our university join the platform,college_b2b,b2b_partnership,llm_needed,,,B2B
colleges in California under 20k with strong research,advisor,multi_constraint,complex,,,multi constraint
harvard but less stressful,advisor,rewrite_needed,complex,,,rewrite needed
average SAT for University of Florida,advisor,attribute_lookup,medium,,,single attribute
Rice University tuition,advisor,attribute_lookup,medium,,,single attribute
do i need sat for Duke,counselor_teacher,admissions_process,medium,,,admissions
pricing for partner universities,college_b2b,b2b_partnership,llm_needed,,,B2B
schools like Arizona State but cheaper,counselor_teacher,recommendation,complex,,,recommendation
api access for college partners,college_b2b,b2b_partnership,llm_needed,,,B2B
Carnegie Mellon job placement for chemistry,parent,career_outcomes,medium,,,career outcomes
best philosophy schools near a tech hub,parent,filtered_search,medium,,,filter search
how can our university join the platform,college_b2b,b2b_partnership,llm_needed,,,B2B
acceptance rate for NYU,counselor_teacher,attribute_lookup,medium,,,single attribute
mit without the suffering,parent,rewrite_needed,complex,,,rewrite needed
how can our university join the platform,counselor_teacher,b2b_partnership,llm_needed,,,B2B
Rice University but cheaper,counselor_teacher,rewrite_needed,complex,,,rewrite needed
Caltech campus culture,parent,campus_life_fit,llm_needed,,,fit question
Purdue,counselor_teacher,exact_lookup,short_circuit,,,simple entity
how do i apply to Northwestern,counselor_teacher,admissions_process,medium,,,admissions
how can our university join the platform,college_b2b,b2b_partnership,llm_needed,,,B2B
schools with collaborative culture,college_student,campus_life_fit,llm_needed,,,fit question
request demo for admissions office,college_b2b,b2b_partnership,llm_needed,,,B2B
how do i apply to Georgia Tech,college_student,admissions_process,medium,,,admissions
Arizona State,counselor_teacher,exact_lookup,short_circuit,,,simple entity
harvard but less stressful,counselor_teacher,rewrite_needed,complex,,,rewrite needed
request demo for admissions office,college_student,b2b_partnership,llm_needed,,,B2B
mit without the suffering,advisor,rewrite_needed,complex,,,rewrite needed
request demo for admissions office,counselor_teacher,b2b_partnership,llm_needed,,,B2B
how do i apply to Penn State,college_student,admissions_process,medium,,,admissions
schools with collaborative culture,counselor_teacher,campus_life_fit,llm_needed,,,fit question
affordable psychology schools near the beach with good internships,advisor,multi_constraint,complex,,,multi constraint
schools with collaborative culture,college_student,campus_life_fit,llm_needed,,,fit question
harvard but less stressful,parent,rewrite_needed,complex,,,rewrite needed
request demo for admissions office,college_b2b,b2b_partnership,llm_needed,,,B2B
affordable biology schools near the beach with good internships,advisor,multi_constraint,complex,,,multi constraint
Caltech tuition vs Georgia Tech tuition,college_student,comparison,complex,,,comparison
do i need sat for Carnegie Mellon,parent,admissions_process,medium,,,admissions
Penn State but cheaper,college_student,rewrite_needed,complex,,,rewrite needed
request demo for admissions office,college_b2b,b2b_partnership,llm_needed,,,B2B
colleges near a tech hub,parent,filtered_search,medium,,,filter search
colleges near Chicago under 40k with strong research,parent,multi_constraint,complex,,,multi constraint
best colleges for engineering job outcomes,counselor_teacher,career_outcomes,medium,,,career outcomes
Penn State but cheaper,counselor_teacher,rewrite_needed,complex,,,rewrite needed
Penn State,counselor_teacher,exact_lookup,short_circuit,,,simple entity
pricing for partner universities,college_b2b,b2b_partnership,llm_needed,,,B2B
rice university,counselor_teacher,exact_lookup,short_circuit,,,simple entity
harvard but less stressful,advisor,rewrite_needed,complex,,,rewrite needed
medium-sized engineering colleges near a tech hub under 20k,counselor_teacher,multi_constraint,complex,,,multi constraint
best colleges for biology job outcomes,college_student,career_outcomes,medium,,,career outcomes
colleges near a tech hub,college_student,filtered_search,medium,,,filter search
schools with collaborative culture,advisor,campus_life_fit,llm_needed,,,fit question
how can our university join the platform,parent,b2b_partnership,llm_needed,,,B2B
colleges with low stress environment,college_student,campus_life_fit,llm_needed,,,fit question
best architecture schools in the Midwest,counselor_teacher,filtered_search,medium,,,filter search
request demo for admissions office,college_b2b,b2b_partnership,llm_needed,,,B2B
Stanford tuition vs UC Berkeley tuition,counselor_teacher,comparison,complex,,,comparison
pricing for partner universities,college_b2b,b2b_partnership,llm_needed,,,B2B
affordable computer science schools near Chicago with good internships,counselor_teacher,multi_constraint,complex,,,multi constraint
api access for college partners,college_b2b,b2b_partnership,llm_needed,,,B2B
colleges in Texas,parent,filtered_search,medium,,,filter search
pricing for partner universities,college_b2b,b2b_partnership,llm_needed,,,B2B
Penn State financial aid,parent,attribute_lookup,medium,,,single attribute
USC campus culture,parent,campus_life_fit,llm_needed,,,fit question
Harvard campus culture,advisor,campus_life_fit,llm_needed,,,fit question
harvard but less stressful,advisor,rewrite_needed,complex,,,rewrite needed
Stanford scholarships,college_student,cost_financial_aid,medium,,,cost aid
NYU average ACT,parent,attribute_lookup,medium,,,single attribute
how can our university join the platform,parent,b2b_partnership,llm_needed,,,B2B
what schools should i apply to for aerospace engineering,counselor_teacher,recommendation,complex,,,recommendation
mit without the suffering,counselor_teacher,rewrite_needed,complex,,,rewrite needed
request demo for admissions office,college_b2b,b2b_partnership,llm_needed,,,B2B
mit without the suffering,counselor_teacher,rewrite_needed,complex,,,rewrite needed
UC Berkeley job placement for economics,advisor,career_outcomes,medium,,,career outcomes
mit without the suffering,advisor,rewrite_needed,complex,,,rewrite needed
princeton,parent,exact_lookup,short_circuit,,,simple entity
Cornell job placement for psychology,advisor,career_outcomes,medium,,,career outcomes
purdue,counselor_teacher,exact_lookup,short_circuit,,,simple entity
best colleges for mechanical engineering job outcomes,counselor_teacher,career_outcomes,medium,,,career outcomes
do i need sat for Duke,advisor,admissions_process,medium,,,admissions
pricing for partner universities,college_b2b,b2b_partnership,llm_needed,,,B2B
Northwestern campus culture,parent,campus_life_fit,llm_needed,,,fit question
recommend large colleges near a tech hub for engineering,college_student,recommendation,complex,,,recommendation
UC San Diego but cheaper,college_student,rewrite_needed,complex,,,rewrite needed
recommend small colleges near a tech hub for psychology,college_student,recommendation,complex,,,recommendation
request demo for admissions office,college_b2b,b2b_partnership,llm_needed,,,B2B
small engineering colleges near Chicago good financial aid,counselor_teacher,multi_constraint,complex,,,multi constraint
Harvard scholarships,advisor,cost_financial_aid,medium,,,cost aid
pricing for partner universities,parent,b2b_partnership,llm_needed,,,B2B
universities with strong aerospace engineering,counselor_teacher,filtered_search,medium,,,filter search
Virginia Tech scholarships,counselor_teacher,cost_financial_aid,medium,,,cost aid
Penn State vs Rice University for aerospace engineering,college_student,comparison,complex,,,comparison
request demo for admissions office,college_b2b,b2b_partnership,llm_needed,,,B2B
request demo for admissions office,college_b2b,b2b_partnership,llm_needed,,,B2B
Virginia Tech scholarships,parent,cost_financial_aid,medium,,,cost aid
pricing for partner universities,college_b2b,b2b_partnership,llm_needed,,,B2B
recommend large colleges in warm states for computer science,college_student,recommendation,complex,,,recommendation
Purdue,advisor,exact_lookup,short_circuit,,,simple entity
api access for college partners,college_student,b2b_partnership,llm_needed,,,B2B
pricing for partner universities,college_b2b,b2b_partnership,llm_needed,,,B2B
Cornell campus culture,counselor_teacher,campus_life_fit,llm_needed,,,fit question
do i need sat for Rice University,college_student,admissions_process,medium,,,admissions
Duke job placement for computer science,counselor_teacher,career_outcomes,medium,,,career outcomes
request demo for admissions office,college_b2b,b2b_partnership,llm_needed,,,B2B
cheapest engineering schools in Texas,college_student,cost_financial_aid,medium,,,cost aid
university of michigan,college_student,exact_lookup,short_circuit,,,simple entity
request demo for admissions office,college_b2b,b2b_partnership,llm_needed,,,B2B
request demo for admissions office,college_student,b2b_partnership,llm_needed,,,B2B
University of Florida student-to-faculty ratio,advisor,attribute_lookup,medium,,,single attribute
best colleges for engineering job outcomes,advisor,career_outcomes,medium,,,career outcomes
pricing for partner universities,college_b2b,b2b_partnership,llm_needed,,,B2B
medium-sized chemistry colleges near the beach low tuition,advisor,multi_constraint,complex,,,multi constraint
how can our university join the platform,college_b2b,b2b_partnership,llm_needed,,,B2B
Carnegie Mellon but cheaper,advisor,rewrite_needed,complex,,,rewrite needed
pricing for partner universities,college_b2b,b2b_partnership,llm_needed,,,B2B
how can our university join the platform,college_b2b,b2b_partnership,llm_needed,,,B2B
Penn State application deadlines,parent,admissions_process,medium,,,admissions
mit without the suffering,parent,rewrite_needed,complex,,,rewrite needed
api access for college partners,college_b2b,b2b_partnership,llm_needed,,,B2B
best economics schools in the Midwest,college_student,filtered_search,medium,,,filter search
how can our university join the platform,college_b2b,b2b_partnership,llm_needed,,,B2B
do i need sat for Columbia,counselor_teacher,admissions_process,medium,,,admissions
request demo for admissions office,college_b2b,b2b_partnership,llm_needed,,,B2B
colleges with low stress environment,counselor_teacher,campus_life_fit,llm_needed,,,fit question
best business schools in California,counselor_teacher,filtered_search,medium,,,filter search
colleges in Texas,advisor,filtered_search,medium,,,filter search
Cornell average ACT,college_student,attribute_lookup,medium,,,single attribute
pricing for partner universities,college_b2b,b2b_partnership,llm_needed,,,B2B
recommend small colleges near a tech hub for architecture,counselor_teacher,recommendation,complex,,,recommendation
pricing for partner universities,college_b2b,b2b_partnership,llm_needed,,,B2B
harvard but less stressful,parent,rewrite_needed,complex,,,rewrite needed
UT Austin financial aid,parent,cost_financial_aid,medium,,,cost aid
Georgia Tech,counselor_teacher,exact_lookup,short_circuit,,,simple entity
schools like UCLA but cheaper,college_student,recommendation,complex,,,recommendation
do i need sat for Stanford,college_student,admissions_process,medium,,,admissions
request demo for admissions office,parent,b2b_partnership,llm_needed,,,B2B
small electrical engineering colleges near Chicago under 40k,counselor_teacher,multi_constraint,complex,,,multi constraint
Rice University vs Brown,counselor_teacher,comparison,complex,,,comparison
mit without the suffering,advisor,rewrite_needed,complex,,,rewrite needed
api access for college partners,college_b2b,b2b_partnership,llm_needed,,,B2B
penn state,counselor_teacher,exact_lookup,short_circuit,,,simple entity
schools with collaborative culture,counselor_teacher,campus_life_fit,llm_needed,,,fit question
Caltech average ACT,advisor,attribute_lookup,medium,,,single attribute
schools with collaborative culture,parent,campus_life_fit,llm_needed,,,fit question
request demo for admissions office,college_b2b,b2b_partnership,llm_needed,,,B2B
colleges with low stress environment,advisor,campus_life_fit,llm_needed,,,fit question
does UC Berkeley have electrical engineering,parent,attribute_lookup,medium,,,single attribute
api access for college partners,college_b2b,b2b_partnership,llm_needed,,,B2B
request demo for admissions office,college_b2b,b2b_partnership,llm_needed,,,B2B
NYU tuition vs Arizona State tuition,parent,comparison,complex,,,comparison
colleges near the beach under 40k with strong research,parent,multi_constraint,complex,,,multi constraint
recommend large colleges near a tech hub for economics,parent,recommendation,complex,,,recommendation
harvard but less stressful,advisor,rewrite_needed,complex,,,rewrite needed
affordable aerospace engineering schools near a tech hub with good internships,college_student,multi_constraint,complex,,,multi constraint
how can our university join the platform,parent,b2b_partnership,llm_needed,,,B2B
cheapest chemistry schools in warm states,counselor_teacher,cost_financial_aid,medium,,,cost aid
mit,counselor_teacher,exact_lookup,short_circuit,,,simple entity
best colleges for mechanical engineering job outcomes,parent,career_outcomes,medium,,,career outcomes
request demo for admissions office,college_b2b,b2b_partnership,llm_needed,,,B2B
large electrical engineering colleges in warm states low tuition,parent,multi_constraint,complex,,,multi constraint
request demo for admissions office,counselor_teacher,b2b_partnership,llm_needed,,,B2B
affordable mechanical engineering schools near a tech hub with good internships,college_student,multi_constraint,complex,,,multi constraint
request demo for admissions office,college_b2b,b2b_partnership,llm_needed,,,B2B
affordable business schools in California with good internships,advisor,multi_constraint,complex,,,multi constraint
best philosophy schools in California,advisor,filtered_search,medium,,,filter search
brown,counselor_teacher,exact_lookup,short_circuit,,,simple entity
Penn State campus culture,counselor_teacher,campus_life_fit,llm_needed,,,fit question
Penn State tuition vs Purdue tuition,college_student,comparison,complex,,,comparison
harvard but less stressful,parent,rewrite_needed,complex,,,rewrite needed
UT Austin but cheaper,advisor,rewrite_needed,complex,,,rewrite needed
University of Michigan but cheaper,advisor,rewrite_needed,complex,,,rewrite needed
harvard but less stressful,parent,rewrite_needed,complex,,,rewrite needed
colleges near Chicago under 30k with strong research,advisor,multi_constraint,complex,,,multi constraint
request demo for admissions office,college_b2b,b2b_partnership,llm_needed,,,B2B
University of Washington,college_student,exact_lookup,short_circuit,,,simple entity
do i need sat for University of Washington,college_student,admissions_process,medium,,,admissions
Purdue tuition vs Northwestern tuition,advisor,comparison,complex,,,comparison
request demo for admissions office,college_b2b,b2b_partnership,llm_needed,,,B2B
Princeton application deadlines,advisor,admissions_process,medium,,,admissions
job placement for UCLA,counselor_teacher,attribute_lookup,medium,,,single attribute
api access for college partners,college_b2b,b2b_partnership,llm_needed,,,B2B
Northwestern,college_student,exact_lookup,short_circuit,,,simple entity
best colleges for engineering job outcomes,college_student,career_outcomes,medium,,,career outcomes
how can our university join the platform,college_b2b,b2b_partnership,llm_needed,,,B2B
large psychology colleges near the beach good financial aid,advisor,multi_constraint,complex,,,multi constraint
request demo for admissions office,college_b2b,b2b_partnership,llm_needed,,,B2B
does UC Berkeley have business,counselor_teacher,attribute_lookup,medium,,,single attribute
do i need sat for Columbia,advisor,admissions_process,medium,,,admissions
USC campus culture,advisor,campus_life_fit,llm_needed,,,fit question
how can our university join the platform,college_b2b,b2b_partnership,llm_needed,,,B2B
api access for college partners,parent,b2b_partnership,llm_needed,,,B2B
how can our university join the platform,college_student,b2b_partnership,llm_needed,,,B2B
UCLA job placement for computer science,parent,career_outcomes,medium,,,career outcomes
colleges with low stress environment,college_student,campus_life_fit,llm_needed,,,fit question
UC San Diego scholarships,parent,cost_financial_aid,medium,,,cost aid
Princeton job placement for computer science,advisor,career_outcomes,medium,,,career outcomes
colleges with low stress environment,parent,campus_life_fit,llm_needed,,,fit question
universities with strong aerospace engineering,counselor_teacher,filtered_search,medium,,,filter search
USC financial aid,parent,cost_financial_aid,medium,,,cost aid
harvard but less stressful,advisor,rewrite_needed,complex,,,rewrite needed
how can our university join the platform,college_b2b,b2b_partnership,llm_needed,,,B2B
affordable chemistry schools in California with good internships,advisor,multi_constraint,complex,,,multi constraint
colleges with low stress environment,counselor_teacher,campus_life_fit,llm_needed,,,fit question
Caltech tuition vs Purdue tuition,college_student,comparison,complex,,,comparison
mit without the suffering,advisor,rewrite_needed,complex,,,rewrite needed
affordable biology schools near the beach with good internships,advisor,multi_constraint,complex,,,multi constraint
University of Florida vs UC San Diego for computer science,counselor_teacher,comparison,complex,,,comparison
MIT,parent,exact_lookup,short_circuit,,,simple entity
UC Berkeley financial aid,parent,cost_financial_aid,medium,,,cost aid
schools like University of Michigan but cheaper,advisor,recommendation,complex,,,recommendation
USC but cheaper,counselor_teacher,rewrite_needed,complex,,,rewrite needed
schools with high internship placement rates,advisor,career_outcomes,medium,,,career outcomes
cheapest biology schools in California,college_student,cost_financial_aid,medium,,,cost aid
University of Florida campus culture,advisor,campus_life_fit,llm_needed,,,fit question
universities with strong engineering,college_student,filtered_search,medium,,,filter search
request demo for admissions office,college_b2b,b2b_partnership,llm_needed,,,B2B
colleges with low stress environment,advisor,campus_life_fit,llm_needed,,,fit question
request demo for admissions office,college_b2b,b2b_partnership,llm_needed,,,B2B
columbia,counselor_teacher,exact_lookup,short_circuit,,,simple entity
colleges near the beach low tuition with strong research,college_student,multi_constraint,complex,,,multi constraint
NYU job placement for engineering,advisor,career_outcomes,medium,,,career outcomes
Harvard financial aid,college_student,cost_financial_aid,medium,,,cost aid
UC Berkeley,advisor,exact_lookup,short_circuit,,,simple entity
carnegie mellon,parent,exact_lookup,short_circuit,,,simple entity
schools like Stanford but cheaper,parent,recommendation,complex,,,recommendation
schools with high internship placement rates,college_student,career_outcomes,medium,,,career outcomes
Arizona State scholarships,college_student,cost_financial_aid,medium,,,cost aid
recommend small colleges in the Midwest for engineering,advisor,recommendation,complex,,,recommendation
what schools should i apply to for engineering,advisor,recommendation,complex,,,recommendation
schools with collaborative culture,counselor_teacher,campus_life_fit,llm_needed,,,fit question
cheapest data science schools in Texas,counselor_teacher,cost_financial_aid,medium,,,cost aid
penn state,college_student,exact_lookup,short_circuit,,,simple entity
how do i apply to Georgia Tech,college_student,admissions_process,medium,,,admissions
penn state,college_student,exact_lookup,short_circuit,,,simple entity
UC Berkeley,counselor_teacher,exact_lookup,short_circuit,,,simple entity
UCLA job placement for aerospace engineering,counselor_teacher,career_outcomes,medium,,,career outcomes
best colleges for computer science job outcomes,advisor,career_outcomes,medium,,,career outcomes
rice university,parent,exact_lookup,short_circuit,,,simple entity
Carnegie Mellon vs Caltech for nursing,advisor,comparison,complex,,,comparison
colleges with low stress environment,advisor,campus_life_fit,llm_needed,,,fit question
pricing for partner universities,college_b2b,b2b_partnership,llm_needed,,,B2B
MIT financial aid,parent,cost_financial_aid,medium,,,cost aid
how can our university join the platform,parent,b2b_partnership,llm_needed,,,B2B
schools with high internship placement rates,college_student,career_outcomes,medium,,,career outcomes
acceptance rate for Northwestern,parent,attribute_lookup,medium,,,single attribute
how can our university join the platform,college_b2b,b2b_partnership,llm_needed,,,B2B
schools with high internship placement rates,parent,career_outcomes,medium,,,career outcomes
University of Washington job placement for data science,advisor,career_outcomes,medium,,,career outcomes
pricing for partner universities,parent,b2b_partnership,llm_needed,,,B2B
pricing for partner universities,college_b2b,b2b_partnership,llm_needed,,,B2B
pricing for partner universities,college_b2b,b2b_partnership,llm_needed,,,B2B
best engineering schools near a tech hub,parent,filtered_search,medium,,,filter search
how can our university join the platform,college_b2b,b2b_partnership,llm_needed,,,B2B
schools with high internship placement rates,college_student,career_outcomes,medium,,,career outcomes
Cornell,counselor_teacher,exact_lookup,short_circuit,,,simple entity
UC Berkeley scholarships,parent,cost_financial_aid,medium,,,cost aid
colleges in the Midwest good financial aid with strong research,advisor,multi_constraint,complex,,,multi constraint
mit without the suffering,college_student,rewrite_needed,complex,,,rewrite needed
what schools should i apply to for biology,college_student,recommendation,complex,,,recommendation
best colleges for architecture job outcomes,advisor,career_outcomes,medium,,,career outcomes
how can our university join the platform,college_b2b,b2b_partnership,llm_needed,,,B2B
schools with high internship placement rates,advisor,career_outcomes,medium,,,career outcomes
Purdue campus culture,college_student,campus_life_fit,llm_needed,,,fit question
best colleges for chemistry job outcomes,college_student,career_outcomes,medium,,,career outcomes
what schools should i apply to for biology,advisor,recommendation,complex,,,recommendation
affordable business schools near the beach with good internships,counselor_teacher,multi_constraint,complex,,,multi constraint
api access for college partners,college_b2b,b2b_partnership,llm_needed,,,B2B
api access for college partners,counselor_teacher,b2b_partnership,llm_needed,,,B2B
pricing for partner universities,college_b2b,b2b_partnership,llm_needed,,,B2B
Caltech scholarships,college_student,cost_financial_aid,medium,,,cost aid
UC Berkeley tuition vs Cornell tuition,parent,comparison,complex,,,comparison
what schools should i apply to for economics,counselor_teacher,recommendation,complex,,,recommendation
colleges in California under 30k with strong research,parent,multi_constraint,complex,,,multi constraint
cheapest psychology schools near Chicago,advisor,cost_financial_aid,medium,,,cost aid
cheapest biology schools in Texas,college_student,cost_financial_aid,medium,,,cost aid
pricing for partner universities,college_b2b,b2b_partnership,llm_needed,,,B2B
Arizona State average ACT,counselor_teacher,attribute_lookup,medium,,,single attribute
how can our university join the platform,college_b2b,b2b_partnership,llm_needed,,,B2B
Georgia Tech vs USC for electrical engineering,counselor_teacher,comparison,complex,,,comparison
how can our university join the platform,college_b2b,b2b_partnership,llm_needed,,,B2B
Stanford scholarships,college_student,cost_financial_aid,medium,,,cost aid
medium-sized architecture colleges in Texas under 30k,parent,multi_constraint,complex,,,multi constraint
request demo for admissions office,college_b2b,b2b_partnership,llm_needed,,,B2B
Columbia vs UCLA,parent,comparison,complex,,,comparison
do i need sat for Georgia Tech,parent,admissions_process,medium,,,admissions
Harvard,counselor_teacher,exact_lookup,short_circuit,,,simple entity
api access for college partners,college_b2b,b2b_partnership,llm_needed,,,B2B
colleges in California,advisor,filtered_search,medium,,,filter search
request demo for admissions office,college_b2b,b2b_partnership,llm_needed,,,B2B
mit without the suffering,college_student,rewrite_needed,complex,,,rewrite needed
how can our university join the platform,college_b2b,b2b_partnership,llm_needed,,,B2B
rankings for Cornell,advisor,attribute_lookup,medium,,,single attribute
request demo for admissions office,college_b2b,b2b_partnership,llm_needed,,,B2B
Virginia Tech but cheaper,parent,rewrite_needed,complex,,,rewrite needed
recommend small colleges near the beach for psychology,counselor_teacher,recommendation,complex,,,recommendation
do i need sat for Arizona State,counselor_teacher,admissions_process,medium,,,admissions
request demo for admissions office,college_b2b,b2b_partnership,llm_needed,,,B2B
USC scholarships,counselor_teacher,cost_financial_aid,medium,,,cost aid
cheapest nursing schools in the Midwest,advisor,cost_financial_aid,medium,,,cost aid
colleges in Texas,advisor,filtered_search,medium,,,filter search
does Harvard have architecture,advisor,attribute_lookup,medium,,,single attribute
Brown vs Northwestern,parent,comparison,complex,,,comparison
recommend small colleges in Texas for architecture,parent,recommendation,complex,,,recommendation
nyu,parent,exact_lookup,short_circuit,,,simple entity
colleges in the Midwest low tuition with strong research,parent,multi_constraint,complex,,,multi constraint
what schools should i apply to for electrical engineering,college_student,recommendation,complex,,,recommendation
api access for college partners,counselor_teacher,b2b_partnership,llm_needed,,,B2B
request demo for admissions office,college_b2b,b2b_partnership,llm_needed,,,B2B
Brown job placement for electrical engineering,college_student,career_outcomes,medium,,,career outcomes
NYU tuition vs Caltech tuition,advisor,comparison,complex,,,comparison
best colleges for economics job outcomes,parent,career_outcomes,medium,,,career outcomes
large architecture colleges near a tech hub under 30k,counselor_teacher,multi_constraint,complex,,,multi constraint
what schools should i apply to for mechanical engineering,parent,recommendation,complex,,,recommendation
Princeton but cheaper,college_student,rewrite_needed,complex,,,rewrite needed
how can our university join the platform,college_b2b,b2b_partnership,llm_needed,,,B2B
colleges in Texas,advisor,filtered_search,medium,,,filter search
harvard but less stressful,parent,rewrite_needed,complex,,,rewrite needed
api access for college partners,college_b2b,b2b_partnership,llm_needed,,,B2B
pricing for partner universities,counselor_teacher,b2b_partnership,llm_needed,,,B2B
recommend small colleges near a tech hub for psychology,counselor_teacher,recommendation,complex,,,recommendation
UC San Diego campus culture,parent,campus_life_fit,llm_needed,,,fit question
purdue,college_student,exact_lookup,short_circuit,,,simple entity
Cornell job placement for business,advisor,career_outcomes,medium,,,career outcomes
pricing for partner universities,college_b2b,b2b_partnership,llm_needed,,,B2B
universities with strong mechanical engineering,counselor_teacher,filtered_search,medium,,,filter search
USC vs Columbia for architecture,parent,comparison,complex,,,comparison
Virginia Tech but cheaper,college_student,rewrite_needed,complex,,,rewrite needed
api access for college partners,college_b2b,b2b_partnership,llm_needed,,,B2B
pricing for partner universities,college_b2b,b2b_partnership,llm_needed,,,B2B
Princeton financial aid,counselor_teacher,cost_financial_aid,medium,,,cost aid
pricing for partner universities,college_b2b,b2b_partnership,llm_needed,,,B2B
Rice University tuition vs University of Florida tuition,counselor_teacher,comparison,complex,,,comparison
do i need sat for UC Berkeley,counselor_teacher,admissions_process,medium,,,admissions
Georgia Tech campus culture,advisor,campus_life_fit,llm_needed,,,fit question
request demo for admissions office,college_b2b,b2b_partnership,llm_needed,,,B2B
what schools should i apply to for computer science,parent,recommendation,complex,,,recommendation
schools with high internship placement rates,parent,career_outcomes,medium,,,career outcomes
how can our university join the platform,advisor,b2b_partnership,llm_needed,,,B2B
Georgia Tech vs Brown,advisor,comparison,complex,,,comparison
Caltech campus culture,counselor_teacher,campus_life_fit,llm_needed,,,fit question
medium-sized electrical engineering colleges near a tech hub under 30k,counselor_teacher,multi_constraint,complex,,,multi constraint
mit,college_student,exact_lookup,short_circuit,,,simple entity
universities with strong architecture,counselor_teacher,filtered_search,medium,,,filter search
request demo for admissions office,college_b2b,b2b_partnership,llm_needed,,,B2B
best electrical engineering schools in warm states,college_student,filtered_search,medium,,,filter search
recommend medium-sized colleges near Chicago for data science,college_student,recommendation,complex,,,recommendation
Caltech location,counselor_teacher,attribute_lookup,medium,,,single attribute
api access for college partners,college_b2b,b2b_partnership,llm_needed,,,B2B
how can our university join the platform,advisor,b2b_partnership,llm_needed,,,B2B
pricing for partner universities,college_b2b,b2b_partnership,llm_needed,,,B2B
do i need sat for Brown,counselor_teacher,admissions_process,medium,,,admissions
how do i apply to Georgia Tech,college_student,admissions_process,medium,,,admissions
how can our university join the platform,college_student,b2b_partnership,llm_needed,,,B2B
Arizona State,parent,exact_lookup,short_circuit,,,simple entity
how can our university join the platform,college_b2b,b2b_partnership,llm_needed,,,B2B
how do i apply to Cornell,advisor,admissions_process,medium,,,admissions
request demo for admissions office,college_b2b,b2b_partnership,llm_needed,,,B2B
harvard but less stressful,college_student,rewrite_needed,complex,,,rewrite needed
how do i apply to Georgia Tech,counselor_teacher,admissions_process,medium,,,admissions
colleges with low stress environment,counselor_teacher,campus_life_fit,llm_needed,,,fit question
api access for college partners,college_b2b,b2b_partnership,llm_needed,,,B2B
Georgia Tech application deadlines,counselor_teacher,admissions_process,medium,,,admissions
mit without the suffering,counselor_teacher,rewrite_needed,complex,,,rewrite needed
Harvard but cheaper,college_student,rewrite_needed,complex,,,rewrite needed
api access for college partners,college_b2b,b2b_partnership,llm_needed,,,B2B
Arizona State vs UCLA for economics,advisor,comparison,complex,,,comparison
request demo for admissions office,advisor,b2b_partnership,llm_needed,,,B2B
api access for college partners,college_b2b,b2b_partnership,llm_needed,,,B2B
how can our university join the platform,college_b2b,b2b_partnership,llm_needed,,,B2B
how can our university join the platform,parent,b2b_partnership,llm_needed,,,B2B
best colleges for biology job outcomes,parent,career_outcomes,medium,,,career outcomes
affordable chemistry schools in California with good internships,parent,multi_constraint,complex,,,multi constraint
schools like Caltech but cheaper,advisor,recommendation,complex,,,recommendation
USC but cheaper,advisor,rewrite_needed,complex,,,rewrite needed
how can our university join the platform,college_student,b2b_partnership,llm_needed,,,B2B
ut austin,college_student,exact_lookup,short_circuit,,,simple entity
do i need sat for Stanford,college_student,admissions_process,medium,,,admissions
affordable mechanical engineering schools in warm states with good internships,counselor_teacher,multi_constraint,complex,,,multi constraint
request demo for admissions office,college_b2b,b2b_partnership,llm_needed,,,B2B
University of Florida but cheaper,counselor_teacher,rewrite_needed,complex,,,rewrite needed
Penn State application deadlines,parent,admissions_process,medium,,,admissions
how can our university join the platform,college_b2b,b2b_partnership,llm_needed,,,B2B
Rice University vs Duke for business,parent,comparison,complex,,,comparison
api access for college partners,college_student,b2b_partnership,llm_needed,,,B2B
University of Michigan scholarships,college_student,cost_financial_aid,medium,,,cost aid
Princeton student-to-faculty ratio,advisor,attribute_lookup,medium,,,single attribute
schools with high internship placement rates,counselor_teacher,career_outcomes,medium,,,career outcomes
request demo for admissions office,college_b2b,b2b_partnership,llm_needed,,,B2B
Duke tuition vs UCLA tuition,advisor,comparison,complex,,,comparison
job placement for Cornell,advisor,attribute_lookup,medium,,,single attribute
affordable philosophy schools near a tech hub with good internships,advisor,multi_constraint,complex,,,multi constraint
how can our university join the platform,college_b2b,b2b_partnership,llm_needed,,,B2B
university of washington,advisor,exact_lookup,short_circuit,,,simple entity
mit without the suffering,college_student,rewrite_needed,complex,,,rewrite needed
recommend large colleges in the Midwest for business,parent,recommendation,complex,,,recommendation
MIT scholarships,parent,cost_financial_aid,medium,,,cost aid
UC San Diego vs Princeton,advisor,comparison,complex,,,comparison
University of Florida tuition vs Columbia tuition,parent,comparison,complex,,,comparison
request demo for admissions office,advisor,b2b_partnership,llm_needed,,,B2B
api access for college partners,college_b2b,b2b_partnership,llm_needed,,,B2B
recommend medium-sized colleges near a tech hub for economics,college_student,recommendation,complex,,,recommendation
Cornell but cheaper,college_student,rewrite_needed,complex,,,rewrite needed
cheapest biology schools near a tech hub,advisor,cost_financial_aid,medium,,,cost aid
University of Michigan scholarships,parent,cost_financial_aid,medium,,,cost aid
how can our university join the platform,college_b2b,b2b_partnership,llm_needed,,,B2B
Rice University financial aid,college_student,cost_financial_aid,medium,,,cost aid
UC Berkeley tuition vs Carnegie Mellon tuition,parent,comparison,complex,,,comparison
best colleges for philosophy job outcomes,advisor,career_outcomes,medium,,,career outcomes
medium-sized philosophy colleges in warm states under 20k,advisor,multi_constraint,complex,,,multi constraint
does Cornell have psychology,parent,attribute_lookup,medium,,,single attribute
what schools should i apply to for computer science,college_student,recommendation,complex,,,recommendation
api access for college partners,college_b2b,b2b_partnership,llm_needed,,,B2B
pricing for partner universities,college_b2b,b2b_partnership,llm_needed,,,B2B
best colleges for biology job outcomes,parent,career_outcomes,medium,,,career outcomes
Carnegie Mellon but cheaper,advisor,rewrite_needed,complex,,,rewrite needed
what schools should i apply to for mechanical engineering,counselor_teacher,recommendation,complex,,,recommendation
recommend medium-sized colleges in California for computer science,advisor,recommendation,complex,,,recommendation
request demo for admissions office,college_b2b,b2b_partnership,llm_needed,,,B2B
cheapest aerospace engineering schools near Chicago,counselor_teacher,cost_financial_aid,medium,,,cost aid
harvard but less stressful,college_student,rewrite_needed,complex,,,rewrite needed
research opportunities for Penn State,counselor_teacher,attribute_lookup,medium,,,single attribute
pricing for partner universities,college_b2b,b2b_partnership,llm_needed,,,B2B
how can our university join the platform,college_b2b,b2b_partnership,llm_needed,,,B2B
medium-sized economics colleges near the beach under 30k,parent,multi_constraint,complex,,,multi constraint
pricing for partner universities,college_b2b,b2b_partnership,llm_needed,,,B2B
best colleges for electrical engineering job outcomes,college_student,career_outcomes,medium,,,career outcomes
api access for college partners,college_b2b,b2b_partnership,llm_needed,,,B2B
schools with high internship placement rates,advisor,career_outcomes,medium,,,career outcomes
universities with strong data science,parent,filtered_search,medium,,,filter search
does Cornell have mechanical engineering,advisor,attribute_lookup,medium,,,single attribute
Cornell but cheaper,counselor_teacher,rewrite_needed,complex,,,rewrite needed
pricing for partner universities,college_b2b,b2b_partnership,llm_needed,,,B2B
how can our university join the platform,college_b2b,b2b_partnership,llm_needed,,,B2B
Harvard but cheaper,college_student,rewrite_needed,complex,,,rewrite needed
how do i apply to Rice University,advisor,admissions_process,medium,,,admissions
uc berkeley,college_student,exact_lookup,short_circuit,,,simple entity
schools like Arizona State but cheaper,advisor,recommendation,complex,,,recommendation
best engineering schools near a tech hub,counselor_teacher,filtered_search,medium,,,filter search
Brown,advisor,exact_lookup,short_circuit,,,simple entity
schools with high internship placement rates,advisor,career_outcomes,medium,,,career outcomes
affordable economics schools in Texas with good internships,parent,multi_constraint,complex,,,multi constraint
schools like NYU but cheaper,college_student,recommendation,complex,,,recommendation
what schools should i apply to for economics,advisor,recommendation,complex,,,recommendation
request demo for admissions office,college_b2b,b2b_partnership,llm_needed,,,B2B
Northwestern application deadlines,parent,admissions_process,medium,,,admissions
pricing for partner universities,college_b2b,b2b_partnership,llm_needed,,,B2B
pricing for partner universities,college_b2b,b2b_partnership,llm_needed,,,B2B
schools with collaborative culture,counselor_teacher,campus_life_fit,llm_needed,,,fit question
request demo for admissions office,college_b2b,b2b_partnership,llm_needed,,,B2B
pricing for partner universities,college_b2b,b2b_partnership,llm_needed,,,B2B
Carnegie Mellon scholarships,parent,cost_financial_aid,medium,,,cost aid
Virginia Tech,advisor,exact_lookup,short_circuit,,,simple entity
Purdue job placement for philosophy,college_student,career_outcomes,medium,,,career outcomes
what schools should i apply to for economics,advisor,recommendation,complex,,,recommendation
Brown campus culture,parent,campus_life_fit,llm_needed,,,fit question
affordable engineering schools in Texas with good internships,parent,multi_constraint,complex,,,multi constraint
Northwestern application deadlines,college_student,admissions_process,medium,,,admissions
request demo for admissions office,college_student,b2b_partnership,llm_needed,,,B2B
UC Berkeley vs Duke for business,college_student,comparison,complex,,,comparison
api access for college partners,college_b2b,b2b_partnership,llm_needed,,,B2B
UC San Diego application deadlines,counselor_teacher,admissions_process,medium,,,admissions
pricing for partner universities,college_b2b,b2b_partnership,llm_needed,,,B2B
Stanford vs UT Austin,college_student,comparison,complex,,,comparison
small mechanical engineering colleges near a tech hub under 20k,parent,multi_constraint,complex,,,multi constraint
Purdue,parent,exact_lookup,short_circuit,,,simple entity
Purdue,college_student,exact_lookup,short_circuit,,,simple entity
NYU job placement for biology,college_student,career_outcomes,medium,,,career outcomes
Purdue financial aid,counselor_teacher,cost_financial_aid,medium,,,cost aid
does Northwestern have nursing,counselor_teacher,attribute_lookup,medium,,,single attribute
cheapest data science schools in Texas,college_student,cost_financial_aid,medium,,,cost aid
NYU,college_student,exact_lookup,short_circuit,,,simple entity
what schools should i apply to for business,counselor_teacher,recommendation,complex,,,recommendation
Brown application deadlines,college_student,admissions_process,medium,,,admissions
mit without the suffering,advisor,rewrite_needed,complex,,,rewrite needed
how do i apply to Rice University,college_student,admissions_process,medium,,,admissions
University of Michigan scholarships,advisor,cost_financial_aid,medium,,,cost aid
best colleges for psychology job outcomes,counselor_teacher,career_outcomes,medium,,,career outcomes
api access for college partners,college_b2b,b2b_partnership,llm_needed,,,B2B
affordable engineering schools in the Midwest with good internships,counselor_teacher,multi_constraint,complex,,,multi constraint
pricing for partner universities,college_b2b,b2b_partnership,llm_needed,,,B2B
cheapest chemistry schools near Chicago,college_student,cost_financial_aid,medium,,,cost aid
how can our university join the platform,college_b2b,b2b_partnership,llm_needed,,,B2B
best electrical engineering schools in California,college_student,filtered_search,medium,,,filter search
does Cornell have chemistry,counselor_teacher,attribute_lookup,medium,,,single attribute
best colleges for mechanical engineering job outcomes,counselor_teacher,career_outcomes,medium,,,career outcomes
how can our university join the platform,college_student,b2b_partnership,llm_needed,,,B2B
colleges with low stress environment,counselor_teacher,campus_life_fit,llm_needed,,,fit question
what schools should i apply to for business,parent,recommendation,complex,,,recommendation
University of Florida job placement for data science,advisor,career_outcomes,medium,,,career outcomes
pricing for partner universities,college_b2b,b2b_partnership,llm_needed,,,B2B
pricing for partner universities,college_b2b,b2b_partnership,llm_needed,,,B2B
large data science colleges near a tech hub under 40k,college_student,multi_constraint,complex,,,multi constraint
colleges in Texas low tuition with strong research,college_student,multi_constraint,complex,,,multi constraint
schools like Harvard but cheaper,parent,recommendation,complex,,,recommendation
request demo for admissions office,college_student,b2b_partnership,llm_needed,,,B2B
colleges with low stress environment,advisor,campus_life_fit,llm_needed,,,fit question
UC San Diego student-to-faculty ratio,counselor_teacher,attribute_lookup,medium,,,single attribute
small computer science colleges in the Midwest good financial aid,advisor,multi_constraint,complex,,,multi constraint
UCLA student-to-faculty ratio,advisor,attribute_lookup,medium,,,single attribute
Stanford average SAT,college_student,attribute_lookup,medium,,,single attribute
request demo for admissions office,college_student,b2b_partnership,llm_needed,,,B2B
how can our university join the platform,college_b2b,b2b_partnership,llm_needed,,,B2B
how can our university join the platform,college_b2b,b2b_partnership,llm_needed,,,B2B
medium-sized architecture colleges near the beach under 20k,advisor,multi_constraint,complex,,,multi constraint
MIT,college_student,exact_lookup,short_circuit,,,simple entity
how can our university join the platform,college_student,b2b_partnership,llm_needed,,,B2B
api access for college partners,college_b2b,b2b_partnership,llm_needed,,,B2B
colleges in warm states,counselor_teacher,filtered_search,medium,,,filter search
Stanford but cheaper,advisor,rewrite_needed,complex,,,rewrite needed
Rice University but cheaper,advisor,rewrite_needed,complex,,,rewrite needed
penn state,college_student,exact_lookup,short_circuit,,,simple entity
UC San Diego campus culture,college_student,campus_life_fit,llm_needed,,,fit question
princeton,parent,exact_lookup,short_circuit,,,simple entity
how can our university join the platform,college_b2b,b2b_partnership,llm_needed,,,B2B
job placement for UC San Diego,college_student,attribute_lookup,medium,,,single attribute
how do i apply to Carnegie Mellon,counselor_teacher,admissions_process,medium,,,admissions
university of michigan,parent,exact_lookup,short_circuit,,,simple entity
api access for college partners,parent,b2b_partnership,llm_needed,,,B2B
schools with collaborative culture,advisor,campus_life_fit,llm_needed,,,fit question
pricing for partner universities,college_b2b,b2b_partnership,llm_needed,,,B2B
UT Austin financial aid,parent,cost_financial_aid,medium,,,cost aid
recommend medium-sized colleges in Texas for mechanical engineering,advisor,recommendation,complex,,,recommendation
colleges with low stress environment,advisor,campus_life_fit,llm_needed,,,fit question
best colleges for philosophy job outcomes,counselor_teacher,career_outcomes,medium,,,career outcomes
does Northwestern have psychology,parent,attribute_lookup,medium,,,single attribute
Stanford vs Northwestern for business,college_student,comparison,complex,,,comparison
schools like Duke but cheaper,advisor,recommendation,complex,,,recommendation
University of Florida campus culture,counselor_teacher,campus_life_fit,llm_needed,,,fit question
colleges with low stress environment,advisor,campus_life_fit,llm_needed,,,fit question
best biology schools in warm states,counselor_teacher,filtered_search,medium,,,filter search
pricing for partner universities,college_b2b,b2b_partnership,llm_needed,,,B2B
how do i apply to University of Washington,advisor,admissions_process,medium,,,admissions
do i need sat for USC,advisor,admissions_process,medium,,,admissions
how do i apply to Cornell,counselor_teacher,admissions_process,medium,,,admissions
schools with high internship placement rates,advisor,career_outcomes,medium,,,career outcomes
do i need sat for Virginia Tech,advisor,admissions_process,medium,,,admissions
mit without the suffering,college_student,rewrite_needed,complex,,,rewrite needed
colleges near Chicago,counselor_teacher,filtered_search,medium,,,filter search
pricing for partner universities,college_b2b,b2b_partnership,llm_needed,,,B2B
does UC San Diego have engineering,counselor_teacher,attribute_lookup,medium,,,single attribute
colleges with low stress environment,counselor_teacher,campus_life_fit,llm_needed,,,fit question
request demo for admissions office,college_b2b,b2b_partnership,llm_needed,,,B2B
harvard but less stressful,parent,rewrite_needed,complex,,,rewrite needed
recommend medium-sized colleges in the Midwest for data science,parent,recommendation,complex,,,recommendation
medium-sized aerospace engineering colleges near Chicago good financial aid,counselor_teacher,multi_constraint,complex,,,multi constraint
UC San Diego,counselor_teacher,exact_lookup,short_circuit,,,simple entity
MIT financial aid,college_student,cost_financial_aid,medium,,,cost aid
small aerospace engineering colleges in California good financial aid,parent,multi_constraint,complex,,,multi constraint
medium-sized economics colleges near the beach under 20k,advisor,multi_constraint,complex,,,multi constraint
what schools should i apply to for psychology,counselor_teacher,recommendation,complex,,,recommendation
api access for college partners,advisor,b2b_partnership,llm_needed,,,B2B
request demo for admissions office,college_b2b,b2b_partnership,llm_needed,,,B2B
cheapest chemistry schools in warm states,counselor_teacher,cost_financial_aid,medium,,,cost aid
mit without the suffering,parent,rewrite_needed,complex,,,rewrite needed
Carnegie Mellon vs MIT for nursing,advisor,comparison,complex,,,comparison
schools with collaborative culture,advisor,campus_life_fit,llm_needed,,,fit question
request demo for admissions office,college_b2b,b2b_partnership,llm_needed,,,B2B
medium-sized philosophy colleges near Chicago good financial aid,college_student,multi_constraint,complex,,,multi constraint
colleges in the Midwest under 40k with strong research,college_student,multi_constraint,complex,,,multi constraint
request demo for admissions office,advisor,b2b_partnership,llm_needed,,,B2B
Penn State tuition vs Virginia Tech tuition,counselor_teacher,comparison,complex,,,comparison
does Harvard have philosophy,college_student,attribute_lookup,medium,,,single attribute
Northwestern tuition vs Virginia Tech tuition,advisor,comparison,complex,,,comparison
how can our university join the platform,college_b2b,b2b_partnership,llm_needed,,,B2B
schools with high internship placement rates,college_student,career_outcomes,medium,,,career outcomes
how can our university join the platform,college_b2b,b2b_partnership,llm_needed,,,B2B
University of Michigan,advisor,exact_lookup,short_circuit,,,simple entity
rankings for Northwestern,advisor,attribute_lookup,medium,,,single attribute
UC San Diego vs Northwestern,college_student,comparison,complex,,,comparison
harvard but less stressful,counselor_teacher,rewrite_needed,complex,,,rewrite needed
Georgia Tech but cheaper,counselor_teacher,rewrite_needed,complex,,,rewrite needed
cheapest chemistry schools near the beach,college_student,cost_financial_aid,medium,,,cost aid
request demo for admissions office,college_b2b,b2b_partnership,llm_needed,,,B2B
request demo for admissions office,parent,b2b_partnership,llm_needed,,,B2B
universities with strong philosophy,advisor,filtered_search,medium,,,filter search
colleges in California low tuition with strong research,parent,multi_constraint,complex,,,multi constraint
request demo for admissions office,college_b2b,b2b_partnership,llm_needed,,,B2B
schools with collaborative culture,parent,campus_life_fit,llm_needed,,,fit question
best economics schools in warm states,advisor,filtered_search,medium,,,filter search
colleges in warm states,advisor,filtered_search,medium,,,filter search
colleges with low stress environment,counselor_teacher,campus_life_fit,llm_needed,,,fit question
cheapest psychology schools in Texas,parent,cost_financial_aid,medium,,,cost aid
how can our university join the platform,advisor,b2b_partnership,llm_needed,,,B2B
Caltech application deadlines,counselor_teacher,admissions_process,medium,,,admissions
how do i apply to UCLA,advisor,admissions_process,medium,,,admissions
universities with strong biology,parent,filtered_search,medium,,,filter search
UC Berkeley vs Virginia Tech for chemistry,college_student,comparison,complex,,,comparison
affordable philosophy schools near Chicago with good internships,counselor_teacher,multi_constraint,complex,,,multi constraint
pricing for partner universities,advisor,b2b_partnership,llm_needed,,,B2B
do i need sat for University of Florida,advisor,admissions_process,medium,,,admissions
request demo for admissions office,college_b2b,b2b_partnership,llm_needed,,,B2B
pricing for partner universities,college_b2b,b2b_partnership,llm_needed,,,B2B
University of Washington job placement for economics,counselor_teacher,career_outcomes,medium,,,career outcomes
harvard but less stressful,college_student,rewrite_needed,complex,,,rewrite needed
harvard but less stressful,advisor,rewrite_needed,complex,,,rewrite needed
affordable computer science schools near Chicago with good internships,advisor,multi_constraint,complex,,,multi constraint
Princeton,parent,exact_lookup,short_circuit,,,simple entity
Caltech financial aid,parent,attribute_lookup,medium,,,single attribute
University of Michigan job placement,counselor_teacher,attribute_lookup,medium,,,single attribute
api access for college partners,counselor_teacher,b2b_partnership,llm_needed,,,B2B
best colleges for electrical engineering job outcomes,counselor_teacher,career_outcomes,medium,,,career outcomes
what schools should i apply to for nursing,parent,recommendation,complex,,,recommendation
what schools should i apply to for data science,counselor_teacher,recommendation,complex,,,recommendation
how can our university join the platform,college_b2b,b2b_partnership,llm_needed,,,B2B
best colleges for business job outcomes,advisor,career_outcomes,medium,,,career outcomes
schools with collaborative culture,parent,campus_life_fit,llm_needed,,,fit question
Purdue tuition vs Rice University tuition,counselor_teacher,comparison,complex,,,comparison
schools like USC but cheaper,advisor,recommendation,complex,,,recommendation
Cornell scholarships,advisor,cost_financial_aid,medium,,,cost aid
harvard but less stressful,parent,rewrite_needed,complex,,,rewrite needed
schools like Duke but cheaper,college_student,recommendation,complex,,,recommendation
best chemistry schools near the beach,college_student,filtered_search,medium,,,filter search
small philosophy colleges near Chicago good financial aid,parent,multi_constraint,complex,,,multi constraint
does USC have mechanical engineering,college_student,attribute_lookup,medium,,,single attribute
colleges in California under 30k with strong research,parent,multi_constraint,complex,,,multi constraint
pricing for partner universities,college_b2b,b2b_partnership,llm_needed,,,B2B
api access for college partners,college_b2b,b2b_partnership,llm_needed,,,B2B
universities with strong architecture,parent,filtered_search,medium,,,filter search
universities with strong data science,counselor_teacher,filtered_search,medium,,,filter search
Purdue application deadlines,counselor_teacher,admissions_process,medium,,,admissions
best philosophy schools in Texas,counselor_teacher,filtered_search,medium,,,filter search
request demo for admissions office,college_b2b,b2b_partnership,llm_needed,,,B2B
api access for college partners,college_b2b,b2b_partnership,llm_needed,,,B2B
best data science schools in warm states,college_student,filtered_search,medium,,,filter search
api access for college partners,college_b2b,b2b_partnership,llm_needed,,,B2B
recommend small colleges in warm states for architecture,college_student,recommendation,complex,,,recommendation
Cornell average SAT,counselor_teacher,attribute_lookup,medium,,,single attribute
Duke job placement for engineering,parent,career_outcomes,medium,,,career outcomes
Caltech rankings,college_student,attribute_lookup,medium,,,single attribute
Purdue job placement for electrical engineering,college_student,career_outcomes,medium,,,career outcomes
NYU,advisor,exact_lookup,short_circuit,,,simple entity
does Duke have psychology,advisor,attribute_lookup,medium,,,single attribute
best economics schools in Texas,advisor,filtered_search,medium,,,filter search
colleges with low stress environment,advisor,campus_life_fit,llm_needed,,,fit question
Caltech but cheaper,college_student,rewrite_needed,complex,,,rewrite needed
universities with strong chemistry,counselor_teacher,filtered_search,medium,,,filter search
Rice University student-to-faculty ratio,parent,attribute_lookup,medium,,,single attribute
pricing for partner universities,college_b2b,b2b_partnership,llm_needed,,,B2B
api access for college partners,college_student,b2b_partnership,llm_needed,,,B2B
University of Washington vs UCLA for business,counselor_teacher,comparison,complex,,,comparison
best colleges for engineering job outcomes,college_student,career_outcomes,medium,,,career outcomes
how do i apply to Georgia Tech,parent,admissions_process,medium,,,admissions
recommend small colleges near Chicago for psychology,parent,recommendation,complex,,,recommendation
colleges near the beach,advisor,filtered_search,medium,,,filter search
colleges near Chicago under 40k with strong research,college_student,multi_constraint,complex,,,multi constraint
api access for college partners,college_b2b,b2b_partnership,llm_needed,,,B2B
Purdue campus culture,counselor_teacher,campus_life_fit,llm_needed,,,fit question
how can our university join the platform,advisor,b2b_partnership,llm_needed,,,B2B
harvard but less stressful,parent,rewrite_needed,complex,,,rewrite needed
best colleges for nursing job outcomes,counselor_teacher,career_outcomes,medium,,,career outcomes
what schools should i apply to for data science,parent,recommendation,complex,,,recommendation
pricing for partner universities,counselor_teacher,b2b_partnership,llm_needed,,,B2B
Georgia Tech financial aid,parent,cost_financial_aid,medium,,,cost aid
NYU vs Arizona State,college_student,comparison,complex,,,comparison
how can our university join the platform,college_b2b,b2b_partnership,llm_needed,,,B2B
average ACT for Stanford,college_student,attribute_lookup,medium,,,single attribute
NYU campus culture,parent,campus_life_fit,llm_needed,,,fit question
Cornell scholarships,parent,cost_financial_aid,medium,,,cost aid
columbia,advisor,exact_lookup,short_circuit,,,simple entity
University of Washington campus culture,parent,campus_life_fit,llm_needed,,,fit question
pricing for partner universities,college_b2b,b2b_partnership,llm_needed,,,B2B
how do i apply to University of Michigan,college_student,admissions_process,medium,,,admissions
Cornell student-to-faculty ratio,parent,attribute_lookup,medium,,,single attribute
recommend small colleges in Texas for chemistry,parent,recommendation,complex,,,recommendation
Stanford scholarships,college_student,cost_financial_aid,medium,,,cost aid
Harvard vs UC San Diego,parent,comparison,complex,,,comparison
UCLA vs Northwestern,advisor,comparison,complex,,,comparison
average SAT for University of Florida,parent,attribute_lookup,medium,,,single attribute
how do i apply to Virginia Tech,college_student,admissions_process,medium,,,admissions
University of Washington rankings,advisor,attribute_lookup,medium,,,single attribute
NYU scholarships,counselor_teacher,cost_financial_aid,medium,,,cost aid
pricing for partner universities,advisor,b2b_partnership,llm_needed,,,B2B
Virginia Tech scholarships,counselor_teacher,cost_financial_aid,medium,,,cost aid
pricing for partner universities,college_b2b,b2b_partnership,llm_needed,,,B2B
Penn State campus culture,college_student,campus_life_fit,llm_needed,,,fit question
UT Austin financial aid,college_student,cost_financial_aid,medium,,,cost aid
api access for college partners,college_b2b,b2b_partnership,llm_needed,,,B2B
colleges near the beach,counselor_teacher,filtered_search,medium,,,filter search
pricing for partner universities,college_b2b,b2b_partnership,llm_needed,,,B2B
what schools should i apply to for engineering,advisor,recommendation,complex,,,recommendation
harvard but less stressful,advisor,rewrite_needed,complex,,,rewrite needed
pricing for partner universities,college_b2b,b2b_partnership,llm_needed,,,B2B
Penn State vs Brown for computer science,counselor_teacher,comparison,complex,,,comparison
do i need sat for Penn State,counselor_teacher,admissions_process,medium,,,admissions
pricing for partner universities,college_b2b,b2b_partnership,llm_needed,,,B2B
pricing for partner universities,college_b2b,b2b_partnership,llm_needed,,,B2B
best colleges for chemistry job outcomes,counselor_teacher,career_outcomes,medium,,,career outcomes
Georgia Tech campus culture,counselor_teacher,campus_life_fit,llm_needed,,,fit question
request demo for admissions office,college_b2b,b2b_partnership,llm_needed,,,B2B
request demo for admissions office,college_b2b,b2b_partnership,llm_needed,,,B2B
Duke vs Harvard for biology,college_student,comparison,complex,,,comparison
Princeton campus culture,college_student,campus_life_fit,llm_needed,,,fit question
recommend medium-sized colleges near a tech hub for psychology,advisor,recommendation,complex,,,recommendation
api access for college partners,college_b2b,b2b_partnership,llm_needed,,,B2B
Cornell vs Stanford for computer science,advisor,comparison,complex,,,comparison
best chemistry schools in California,counselor_teacher,filtered_search,medium,,,filter search
how do i apply to Caltech,parent,admissions_process,medium,,,admissions
does USC have business,advisor,attribute_lookup,medium,,,single attribute
do i need sat for Virginia Tech,advisor,admissions_process,medium,,,admissions
how can our university join the platform,parent,b2b_partnership,llm_needed,,,B2B
Columbia but cheaper,counselor_teacher,rewrite_needed,complex,,,rewrite needed
Cornell but cheaper,advisor,rewrite_needed,complex,,,rewrite needed
Brown but cheaper,advisor,rewrite_needed,complex,,,rewrite needed
affordable business schools near the beach with good internships,counselor_teacher,multi_constraint,complex,,,multi constraint
University of Washington campus culture,college_student,campus_life_fit,llm_needed,,,fit question
University of Michigan campus culture,parent,campus_life_fit,llm_needed,,,fit question
what schools should i apply to for psychology,advisor,recommendation,complex,,,recommendation
colleges near Chicago,college_student,filtered_search,medium,,,filter search
Virginia Tech job placement for chemistry,advisor,career_outcomes,medium,,,career outcomes
does Cornell have electrical engineering,college_student,attribute_lookup,medium,,,single attribute
what schools should i apply to for data science,advisor,recommendation,complex,,,recommendation
harvard but less stressful,parent,rewrite_needed,complex,,,rewrite needed
pricing for partner universities,college_b2b,b2b_partnership,llm_needed,,,B2B
princeton,counselor_teacher,exact_lookup,short_circuit,,,simple entity
api access for college partners,college_b2b,b2b_partnership,llm_needed,,,B2B
UCLA,counselor_teacher,exact_lookup,short_circuit,,,simple entity
request demo for admissions office,college_b2b,b2b_partnership,llm_needed,,,B2B
schools with high internship placement rates,counselor_teacher,career_outcomes,medium,,,career outcomes
UC San Diego job placement,college_student,attribute_lookup,medium,,,single attribute
best engineering schools in warm states,advisor,filtered_search,medium,,,filter search
api access for college partners,college_b2b,b2b_partnership,llm_needed,,,B2B
how can our university join the platform,college_b2b,b2b_partnership,llm_needed,,,B2B
mit without the suffering,advisor,rewrite_needed,complex,,,rewrite needed
pricing for partner universities,parent,b2b_partnership,llm_needed,,,B2B
Stanford tuition vs University of Washington tuition,advisor,comparison,complex,,,comparison
Penn State vs MIT,counselor_teacher,comparison,complex,,,comparison
best colleges for philosophy job outcomes,counselor_teacher,career_outcomes,medium,,,career outcomes
colleges in Texas,college_student,filtered_search,medium,,,filter search
best psychology schools in the Midwest,parent,filtered_search,medium,,,filter search
what schools should i apply to for chemistry,college_student,recommendation,complex,,,recommendation
University of Florida job placement for economics,parent,career_outcomes,medium,,,career outcomes
request demo for admissions office,college_b2b,b2b_partnership,llm_needed,,,B2B
northwestern,college_student,exact_lookup,short_circuit,,,simple entity
best colleges for data science job outcomes,counselor_teacher,career_outcomes,medium,,,career outcomes
Cornell application deadlines,college_student,admissions_process,medium,,,admissions
Harvard job placement for philosophy,parent,career_outcomes,medium,,,career outcomes
cheapest psychology schools in the Midwest,college_student,cost_financial_aid,medium,,,cost aid
request demo for admissions office,college_b2b,b2b_partnership,llm_needed,,,B2B
financial aid for Virginia Tech,parent,attribute_lookup,medium,,,single attribute
best nursing schools near Chicago,college_student,filtered_search,medium,,,filter search
how can our university join the platform,counselor_teacher,b2b_partnership,llm_needed,,,B2B
pricing for partner universities,college_b2b,b2b_partnership,llm_needed,,,B2B
how do i apply to Northwestern,college_student,admissions_process,medium,,,admissions
universities with strong data science,advisor,filtered_search,medium,,,filter search
how can our university join the platform,college_b2b,b2b_partnership,llm_needed,,,B2B
colleges with low stress environment,counselor_teacher,campus_life_fit,llm_needed,,,fit question
Northwestern application deadlines,parent,admissions_process,medium,,,admissions
colleges near Chicago under 20k with strong research,college_student,multi_constraint,complex,,,multi constraint
affordable architecture schools in Texas with good internships,parent,multi_constraint,complex,,,multi constraint
purdue,advisor,exact_lookup,short_circuit,,,simple entity
small biology colleges in California low tuition,college_student,multi_constraint,complex,,,multi constraint
schools like Penn State but cheaper,college_student,recommendation,complex,,,recommendation
schools with collaborative culture,parent,campus_life_fit,llm_needed,,,fit question
schools with collaborative culture,parent,campus_life_fit,llm_needed,,,fit question
rankings for Carnegie Mellon,advisor,attribute_lookup,medium,,,single attribute
best colleges for psychology job outcomes,counselor_teacher,career_outcomes,medium,,,career outcomes
ut austin,parent,exact_lookup,short_circuit,,,simple entity
request demo for admissions office,college_b2b,b2b_partnership,llm_needed,,,B2B
colleges near a tech hub good financial aid with strong research,college_student,multi_constraint,complex,,,multi constraint
schools with high internship placement rates,parent,career_outcomes,medium,,,career outcomes
brown,parent,exact_lookup,short_circuit,,,simple entity
NYU but cheaper,counselor_teacher,rewrite_needed,complex,,,rewrite needed
api access for college partners,parent,b2b_partnership,llm_needed,,,B2B
large architecture colleges in the Midwest good financial aid,college_student,multi_constraint,complex,,,multi constraint
schools with high internship placement rates,college_student,career_outcomes,medium,,,career outcomes
harvard but less stressful,college_student,rewrite_needed,complex,,,rewrite needed
Georgia Tech,counselor_teacher,exact_lookup,short_circuit,,,simple entity
how can our university join the platform,college_b2b,b2b_partnership,llm_needed,,,B2B
mit without the suffering,advisor,rewrite_needed,complex,,,rewrite needed
api access for college partners,advisor,b2b_partnership,llm_needed,,,B2B
schools with collaborative culture,parent,campus_life_fit,llm_needed,,,fit question
Caltech application deadlines,counselor_teacher,admissions_process,medium,,,admissions
affordable architecture schools in the Midwest with good internships,advisor,multi_constraint,complex,,,multi constraint
schools like University of Florida but cheaper,counselor_teacher,recommendation,complex,,,recommendation
how do i apply to Northwestern,advisor,admissions_process,medium,,,admissions
recommend small colleges in Texas for chemistry,advisor,recommendation,complex,,,recommendation
how do i apply to Rice University,parent,admissions_process,medium,,,admissions
small mechanical engineering colleges in warm states under 20k,parent,multi_constraint,complex,,,multi constraint
request demo for admissions office,college_b2b,b2b_partnership,llm_needed,,,B2B
how can our university join the platform,college_b2b,b2b_partnership,llm_needed,,,B2B
USC,advisor,exact_lookup,short_circuit,,,simple entity
large philosophy colleges in warm states low tuition,parent,multi_constraint,complex,,,multi constraint
University of Florida tuition vs Arizona State tuition,counselor_teacher,comparison,complex,,,comparison
schools like Arizona State but cheaper,parent,recommendation,complex,,,recommendation
Harvard scholarships,advisor,cost_financial_aid,medium,,,cost aid
pricing for partner universities,college_b2b,b2b_partnership,llm_needed,,,B2B
NYU vs Duke for engineering,parent,comparison,complex,,,comparison
pricing for partner universities,college_b2b,b2b_partnership,llm_needed,,,B2B
Harvard financial aid,counselor_teacher,cost_financial_aid,medium,,,cost aid
recommend medium-sized colleges near Chicago for chemistry,counselor_teacher,recommendation,complex,,,recommendation
Princeton campus culture,college_student,campus_life_fit,llm_needed,,,fit question
Duke but cheaper,counselor_teacher,rewrite_needed,complex,,,rewrite needed
Columbia student-to-faculty ratio,counselor_teacher,attribute_lookup,medium,,,single attribute
Columbia,parent,exact_lookup,short_circuit,,,simple entity
harvard but less stressful,college_student,rewrite_needed,complex,,,rewrite needed
how can our university join the platform,advisor,b2b_partnership,llm_needed,,,B2B
api access for college partners,college_b2b,b2b_partnership,llm_needed,,,B2B
do i need sat for USC,counselor_teacher,admissions_process,medium,,,admissions
how do i apply to UT Austin,counselor_teacher,admissions_process,medium,,,admissions
schools with high internship placement rates,counselor_teacher,career_outcomes,medium,,,career outcomes
financial aid for University of Michigan,counselor_teacher,attribute_lookup,medium,,,single attribute
api access for college partners,counselor_teacher,b2b_partnership,llm_needed,,,B2B
Arizona State campus culture,college_student,campus_life_fit,llm_needed,,,fit question
how do i apply to Columbia,parent,admissions_process,medium,,,admissions
NYU campus culture,parent,campus_life_fit,llm_needed,,,fit question
schools with high internship placement rates,advisor,career_outcomes,medium,,,career outcomes
api access for college partners,college_b2b,b2b_partnership,llm_needed,,,B2B
mit,parent,exact_lookup,short_circuit,,,simple entity
schools with collaborative culture,parent,campus_life_fit,llm_needed,,,fit question
ut austin,parent,exact_lookup,short_circuit,,,simple entity
does Arizona State have aerospace engineering,advisor,attribute_lookup,medium,,,single attribute
job placement for University of Florida,advisor,attribute_lookup,medium,,,single attribute
api access for college partners,college_b2b,b2b_partnership,llm_needed,,,B2B
schools with collaborative culture,counselor_teacher,campus_life_fit,llm_needed,,,fit question
NYU application deadlines,parent,admissions_process,medium,,,admissions
large aerospace engineering colleges in California under 30k,advisor,multi_constraint,complex,,,multi constraint
Arizona State vs Harvard for biology,counselor_teacher,comparison,complex,,,comparison
universities with strong business,counselor_teacher,filtered_search,medium,,,filter search
schools with high internship placement rates,college_student,career_outcomes,medium,,,career outcomes
colleges with low stress environment,advisor,campus_life_fit,llm_needed,,,fit question
request demo for admissions office,college_b2b,b2b_partnership,llm_needed,,,B2B
NYU financial aid,advisor,cost_financial_aid,medium,,,cost aid
what schools should i apply to for engineering,college_student,recommendation,complex,,,recommendation
api access for college partners,college_b2b,b2b_partnership,llm_needed,,,B2B
how can our university join the platform,college_student,b2b_partnership,llm_needed,,,B2B
how can our university join the platform,parent,b2b_partnership,llm_needed,,,B2B
University of Washington job placement for philosophy,advisor,career_outcomes,medium,,,career outcomes
Virginia Tech but cheaper,college_student,rewrite_needed,complex,,,rewrite needed
do i need sat for Cornell,college_student,admissions_process,medium,,,admissions
pricing for partner universities,college_b2b,b2b_partnership,llm_needed,,,B2B
colleges with low stress environment,college_student,campus_life_fit,llm_needed,,,fit question
pricing for partner universities,college_b2b,b2b_partnership,llm_needed,,,B2B
small psychology colleges in warm states under 40k,counselor_teacher,multi_constraint,complex,,,multi constraint
affordable chemistry schools near Chicago with good internships,parent,multi_constraint,complex,,,multi constraint
Caltech,parent,exact_lookup,short_circuit,,,simple entity
Harvard financial aid,advisor,cost_financial_aid,medium,,,cost aid
affordable data science schools in warm states with good internships,college_student,multi_constraint,complex,,,multi constraint
harvard but less stressful,counselor_teacher,rewrite_needed,complex,,,rewrite needed
colleges near the beach low tuition with strong research,advisor,multi_constraint,complex,,,multi constraint
Columbia rankings,college_student,attribute_lookup,medium,,,single attribute
how can our university join the platform,college_student,b2b_partnership,llm_needed,,,B2B
request demo for admissions office,college_b2b,b2b_partnership,llm_needed,,,B2B
how can our university join the platform,college_b2b,b2b_partnership,llm_needed,,,B2B
schools like MIT but cheaper,counselor_teacher,recommendation,complex,,,recommendation
affordable aerospace engineering schools in Texas with good internships,counselor_teacher,multi_constraint,complex,,,multi constraint
pricing for partner universities,college_b2b,b2b_partnership,llm_needed,,,B2B
small nursing colleges in warm states good financial aid,advisor,multi_constraint,complex,,,multi constraint
Cornell job placement for mechanical engineering,parent,career_outcomes,medium,,,career outcomes
how can our university join the platform,college_b2b,b2b_partnership,llm_needed,,,B2B
api access for college partners,advisor,b2b_partnership,llm_needed,,,B2B
University of Florida,counselor_teacher,exact_lookup,short_circuit,,,simple entity
harvard but less stressful,advisor,rewrite_needed,complex,,,rewrite needed
UC San Diego vs Rice University for engineering,counselor_teacher,comparison,complex,,,comparison
pricing for partner universities,advisor,b2b_partnership,llm_needed,,,B2B
request demo for admissions office,college_b2b,b2b_partnership,llm_needed,,,B2B
pricing for partner universities,college_b2b,b2b_partnership,llm_needed,,,B2B
does Columbia have biology,parent,attribute_lookup,medium,,,single attribute
request demo for admissions office,parent,b2b_partnership,llm_needed,,,B2B
colleges near the beach,parent,filtered_search,medium,,,filter search
what schools should i apply to for chemistry,college_student,recommendation,complex,,,recommendation
does Caltech have economics,parent,attribute_lookup,medium,,,single attribute
colleges near the beach good financial aid with strong research,counselor_teacher,multi_constraint,complex,,,multi constraint
pricing for partner universities,college_b2b,b2b_partnership,llm_needed,,,B2B
USC location,college_student,attribute_lookup,medium,,,single attribute
University of Florida internships,counselor_teacher,attribute_lookup,medium,,,single attribute
best colleges for data science job outcomes,counselor_teacher,career_outcomes,medium,,,career outcomes
pricing for partner universities,college_b2b,b2b_partnership,llm_needed,,,B2B
how can our university join the platform,college_b2b,b2b_partnership,llm_needed,,,B2B
api access for college partners,college_b2b,b2b_partnership,llm_needed,,,B2B
colleges near the beach under 20k with strong research,counselor_teacher,multi_constraint,complex,,,multi constraint
affordable aerospace engineering schools in the Midwest with good internships,parent,multi_constraint,complex,,,multi constraint
request demo for admissions office,advisor,b2b_partnership,llm_needed,,,B2B
Penn State but cheaper,counselor_teacher,rewrite_needed,complex,,,rewrite needed
request demo for admissions office,college_b2b,b2b_partnership,llm_needed,,,B2B
cheapest psychology schools near the beach,advisor,cost_financial_aid,medium,,,cost aid
Georgia Tech vs Duke,advisor,comparison,complex,,,comparison
Harvard financial aid,parent,cost_financial_aid,medium,,,cost aid
cheapest engineering schools near a tech hub,college_student,cost_financial_aid,medium,,,cost aid
UT Austin but cheaper,counselor_teacher,rewrite_needed,complex,,,rewrite needed
api access for college partners,college_b2b,b2b_partnership,llm_needed,,,B2B
colleges near the beach under 40k with strong research,parent,multi_constraint,complex,,,multi constraint
does Cornell have data science,counselor_teacher,attribute_lookup,medium,,,single attribute
Purdue application deadlines,counselor_teacher,admissions_process,medium,,,admissions
small psychology colleges near the beach under 40k,advisor,multi_constraint,complex,,,multi constraint
best colleges for nursing job outcomes,advisor,career_outcomes,medium,,,career outcomes
how can our university join the platform,college_b2b,b2b_partnership,llm_needed,,,B2B
large nursing colleges near a tech hub low tuition,parent,multi_constraint,complex,,,multi constraint
cheapest psychology schools near a tech hub,parent,cost_financial_aid,medium,,,cost aid
how do i apply to Georgia Tech,college_student,admissions_process,medium,,,admissions
UC San Diego campus culture,college_student,campus_life_fit,llm_needed,,,fit question
how do i apply to Columbia,college_student,admissions_process,medium,,,admissions
recommend medium-sized colleges near the beach for computer science,advisor,recommendation,complex,,,recommendation
api access for college partners,college_b2b,b2b_partnership,llm_needed,,,B2B
pricing for partner universities,parent,b2b_partnership,llm_needed,,,B2B
do i need sat for Cornell,college_student,admissions_process,medium,,,admissions
request demo for admissions office,college_b2b,b2b_partnership,llm_needed,,,B2B
Rice University scholarships,advisor,cost_financial_aid,medium,,,cost aid
internships for UC Berkeley,parent,attribute_lookup,medium,,,single attribute
best aerospace engineering schools in Texas,counselor_teacher,filtered_search,medium,,,filter search
pricing for partner universities,college_b2b,b2b_partnership,llm_needed,,,B2B
do i need sat for UC San Diego,parent,admissions_process,medium,,,admissions
Rice University vs Columbia for economics,parent,comparison,complex,,,comparison
schools with collaborative culture,advisor,campus_life_fit,llm_needed,,,fit question
pricing for partner universities,college_b2b,b2b_partnership,llm_needed,,,B2B
Columbia scholarships,parent,cost_financial_aid,medium,,,cost aid
colleges in warm states,counselor_teacher,filtered_search,medium,,,filter search
schools with high internship placement rates,advisor,career_outcomes,medium,,,career outcomes
mit without the suffering,college_student,rewrite_needed,complex,,,rewrite needed
mit without the suffering,parent,rewrite_needed,complex,,,rewrite needed
medium-sized economics colleges near the beach low tuition,advisor,multi_constraint,complex,,,multi constraint
schools with collaborative culture,parent,campus_life_fit,llm_needed,,,fit question
rankings for Duke,parent,attribute_lookup,medium,,,single attribute
affordable electrical engineering schools in warm states with good internships,parent,multi_constraint,complex,,,multi constraint
mit without the suffering,college_student,rewrite_needed,complex,,,rewrite needed
request demo for admissions office,college_b2b,b2b_partnership,llm_needed,,,B2B
api access for college partners,college_b2b,b2b_partnership,llm_needed,,,B2B
MIT campus culture,counselor_teacher,campus_life_fit,llm_needed,,,fit question
duke,advisor,exact_lookup,short_circuit,,,simple entity
how can our university join the platform,college_b2b,b2b_partnership,llm_needed,,,B2B
api access for college partners,college_b2b,b2b_partnership,llm_needed,,,B2B
colleges near Chicago under 30k with strong research,college_student,multi_constraint,complex,,,multi constraint
affordable computer science schools in the Midwest with good internships,advisor,multi_constraint,complex,,,multi constraint
request demo for admissions office,college_b2b,b2b_partnership,llm_needed,,,B2B
small business colleges near Chicago good financial aid,counselor_teacher,multi_constraint,complex,,,multi constraint
Duke application deadlines,parent,admissions_process,medium,,,admissions
University of Florida application deadlines,counselor_teacher,admissions_process,medium,,,admissions
how can our university join the platform,college_b2b,b2b_partnership,llm_needed,,,B2B
colleges with low stress environment,college_student,campus_life_fit,llm_needed,,,fit question
request demo for admissions office,college_b2b,b2b_partnership,llm_needed,,,B2B
harvard,counselor_teacher,exact_lookup,short_circuit,,,simple entity
schools with collaborative culture,counselor_teacher,campus_life_fit,llm_needed,,,fit question
best chemistry schools in Texas,parent,filtered_search,medium,,,filter search
harvard but less stressful,counselor_teacher,rewrite_needed,complex,,,rewrite needed
request demo for admissions office,college_b2b,b2b_partnership,llm_needed,,,B2B
api access for college partners,college_b2b,b2b_partnership,llm_needed,,,B2B
Arizona State scholarships,advisor,cost_financial_aid,medium,,,cost aid
request demo for admissions office,advisor,b2b_partnership,llm_needed,,,B2B
MIT,college_student,exact_lookup,short_circuit,,,simple entity
pricing for partner universities,college_b2b,b2b_partnership,llm_needed,,,B2B
colleges with low stress environment,counselor_teacher,campus_life_fit,llm_needed,,,fit question
colleges near the beach,advisor,filtered_search,medium,,,filter search
api access for college partners,counselor_teacher,b2b_partnership,llm_needed,,,B2B
large nursing colleges in warm states low tuition,college_student,multi_constraint,complex,,,multi constraint
Princeton but cheaper,parent,rewrite_needed,complex,,,rewrite needed
api access for college partners,college_student,b2b_partnership,llm_needed,,,B2B
NYU job placement for mechanical engineering,counselor_teacher,career_outcomes,medium,,,career outcomes
NYU campus culture,advisor,campus_life_fit,llm_needed,,,fit question
schools with high internship placement rates,counselor_teacher,career_outcomes,medium,,,career outcomes
UCLA vs Duke,advisor,comparison,complex,,,comparison
Caltech but cheaper,college_student,rewrite_needed,complex,,,rewrite needed
request demo for admissions office,college_b2b,b2b_partnership,llm_needed,,,B2B
pricing for partner universities,college_b2b,b2b_partnership,llm_needed,,,B2B
Northwestern job placement for aerospace engineering,counselor_teacher,career_outcomes,medium,,,career outcomes
affordable chemistry schools in warm states with good internships,counselor_teacher,multi_constraint,complex,,,multi constraint
University of Michigan application deadlines,college_student,admissions_process,medium,,,admissions
UT Austin scholarships,parent,cost_financial_aid,medium,,,cost aid
request demo for admissions office,college_b2b,b2b_partnership,llm_needed,,,B2B
Harvard vs Carnegie Mellon for philosophy,parent,comparison,complex,,,comparison
best aerospace engineering schools near a tech hub,counselor_teacher,filtered_search,medium,,,filter search
pricing for partner universities,college_b2b,b2b_partnership,llm_needed,,,B2B
api access for college partners,college_b2b,b2b_partnership,llm_needed,,,B2B
NYU vs Penn State,college_student,comparison,complex,,,comparison
api access for college partners,parent,b2b_partnership,llm_needed,,,B2B
request demo for admissions office,college_b2b,b2b_partnership,llm_needed,,,B2B
pricing for partner universities,college_b2b,b2b_partnership,llm_needed,,,B2B
does Harvard have business,counselor_teacher,attribute_lookup,medium,,,single attribute
pricing for partner universities,college_b2b,b2b_partnership,llm_needed,,,B2B
request demo for admissions office,college_b2b,b2b_partnership,llm_needed,,,B2B
Georgia Tech job placement for aerospace engineering,advisor,career_outcomes,medium,,,career outcomes
UC San Diego campus culture,college_student,campus_life_fit,llm_needed,,,fit question
universities with strong engineering,counselor_teacher,filtered_search,medium,,,filter search
USC vs Rice University for architecture,parent,comparison,complex,,,comparison
cheapest psychology schools in the Midwest,parent,cost_financial_aid,medium,,,cost aid
Arizona State campus culture,counselor_teacher,campus_life_fit,llm_needed,,,fit question
request demo for admissions office,advisor,b2b_partnership,llm_needed,,,B2B
duke,college_student,exact_lookup,short_circuit,,,simple entity
Purdue application deadlines,parent,admissions_process,medium,,,admissions
pricing for partner universities,college_b2b,b2b_partnership,llm_needed,,,B2B
how can our university join the platform,college_b2b,b2b_partnership,llm_needed,,,B2B
recommend small colleges in California for engineering,advisor,recommendation,complex,,,recommendation
MIT scholarships,parent,cost_financial_aid,medium,,,cost aid
MIT tuition,parent,attribute_lookup,medium,,,single attribute
schools with collaborative culture,parent,campus_life_fit,llm_needed,,,fit question
Brown vs Harvard,college_student,comparison,complex,,,comparison
api access for college partners,college_b2b,b2b_partnership,llm_needed,,,B2B
recommend small colleges in Texas for data science,college_student,recommendation,complex,,,recommendation
affordable nursing schools in warm states with good internships,advisor,multi_constraint,complex,,,multi constraint
affordable biology schools near the beach with good internships,counselor_teacher,multi_constraint,complex,,,multi constraint
universities with strong architecture,parent,filtered_search,medium,,,filter search
pricing for partner universities,counselor_teacher,b2b_partnership,llm_needed,,,B2B
harvard but less stressful,college_student,rewrite_needed,complex,,,rewrite needed
cheapest computer science schools in warm states,counselor_teacher,cost_financial_aid,medium,,,cost aid
Duke job placement for biology,parent,career_outcomes,medium,,,career outcomes
Arizona State,college_student,exact_lookup,short_circuit,,,simple entity
cheapest nursing schools near the beach,college_student,cost_financial_aid,medium,,,cost aid
how can our university join the platform,college_b2b,b2b_partnership,llm_needed,,,B2B
do i need sat for UC Berkeley,college_student,admissions_process,medium,,,admissions
schools with collaborative culture,advisor,campus_life_fit,llm_needed,,,fit question
harvard but less stressful,counselor_teacher,rewrite_needed,complex,,,rewrite needed
Brown financial aid,advisor,cost_financial_aid,medium,,,cost aid
mit without the suffering,counselor_teacher,rewrite_needed,complex,,,rewrite needed
pricing for partner universities,college_student,b2b_partnership,llm_needed,,,B2B
Rice University vs Purdue,college_student,comparison,complex,,,comparison
schools with high internship placement rates,college_student,career_outcomes,medium,,,career outcomes
mit without the suffering,college_student,rewrite_needed,complex,,,rewrite needed
University of Michigan,parent,exact_lookup,short_circuit,,,simple entity
do i need sat for Rice University,college_student,admissions_process,medium,,,admissions
request demo for admissions office,college_b2b,b2b_partnership,llm_needed,,,B2B
harvard but less stressful,college_student,rewrite_needed,complex,,,rewrite needed
universities with strong architecture,parent,filtered_search,medium,,,filter search
recommend medium-sized colleges in the Midwest for biology,counselor_teacher,recommendation,complex,,,recommendation
request demo for admissions office,college_b2b,b2b_partnership,llm_needed,,,B2B
colleges near a tech hub good financial aid with strong research,parent,multi_constraint,complex,,,multi constraint
universities with strong biology,counselor_teacher,filtered_search,medium,,,filter search
colleges with low stress environment,advisor,campus_life_fit,llm_needed,,,fit question
what schools should i apply to for philosophy,advisor,recommendation,complex,,,recommendation
schools with collaborative culture,counselor_teacher,campus_life_fit,llm_needed,,,fit question
University of Michigan campus culture,parent,campus_life_fit,llm_needed,,,fit question
api access for college partners,college_b2b,b2b_partnership,llm_needed,,,B2B
request demo for admissions office,college_b2b,b2b_partnership,llm_needed,,,B2B
Rice University scholarships,advisor,cost_financial_aid,medium,,,cost aid
universities with strong business,college_student,filtered_search,medium,,,filter search
UC San Diego vs Virginia Tech,college_student,comparison,complex,,,comparison
api access for college partners,counselor_teacher,b2b_partnership,llm_needed,,,B2B
what schools should i apply to for aerospace engineering,counselor_teacher,recommendation,complex,,,recommendation
UT Austin but cheaper,parent,rewrite_needed,complex,,,rewrite needed
medium-sized business colleges near a tech hub low tuition,advisor,multi_constraint,complex,,,multi constraint
schools with collaborative culture,counselor_teacher,campus_life_fit,llm_needed,,,fit question
Cornell,parent,exact_lookup,short_circuit,,,simple entity
NYU job placement,advisor,attribute_lookup,medium,,,single attribute
api access for college partners,college_b2b,b2b_partnership,llm_needed,,,B2B
pricing for partner universities,college_student,b2b_partnership,llm_needed,,,B2B
request demo for admissions office,college_b2b,b2b_partnership,llm_needed,,,B2B
Northwestern,advisor,exact_lookup,short_circuit,,,simple entity
schools like Rice University but cheaper,advisor,recommendation,complex,,,recommendation
cheapest architecture schools in California,counselor_teacher,cost_financial_aid,medium,,,cost aid
affordable philosophy schools near the beach with good internships,advisor,multi_constraint,complex,,,multi constraint
how can our university join the platform,advisor,b2b_partnership,llm_needed,,,B2B
how can our university join the platform,college_b2b,b2b_partnership,llm_needed,,,B2B
api access for college partners,college_b2b,b2b_partnership,llm_needed,,,B2B
colleges in warm states under 40k with strong research,advisor,multi_constraint,complex,,,multi constraint
does Virginia Tech have engineering,college_student,attribute_lookup,medium,,,single attribute
how can our university join the platform,advisor,b2b_partnership,llm_needed,,,B2B
affordable aerospace engineering schools in California with good internships,college_student,multi_constraint,complex,,,multi constraint
Princeton job placement for biology,counselor_teacher,career_outcomes,medium,,,career outcomes
what schools should i apply to for psychology,advisor,recommendation,complex,,,recommendation
schools like Brown but cheaper,advisor,recommendation,complex,,,recommendation
request demo for admissions office,college_b2b,b2b_partnership,llm_needed,,,B2B
api access for college partners,college_b2b,b2b_partnership,llm_needed,,,B2B
large aerospace engineering colleges in warm states under 30k,parent,multi_constraint,complex,,,multi constraint
how can our university join the platform,college_b2b,b2b_partnership,llm_needed,,,B2B
MIT tuition,college_student,attribute_lookup,medium,,,single attribute
api access for college partners,college_b2b,b2b_partnership,llm_needed,,,B2B
Georgia Tech but cheaper,advisor,rewrite_needed,complex,,,rewrite needed
small aerospace engineering colleges in Texas under 40k,parent,multi_constraint,complex,,,multi constraint
cheapest philosophy schools in Texas,college_student,cost_financial_aid,medium,,,cost aid
Purdue vs Rice University for biology,college_student,comparison,complex,,,comparison
how can our university join the platform,college_b2b,b2b_partnership,llm_needed,,,B2B
how can our university join the platform,college_b2b,b2b_partnership,llm_needed,,,B2B
Purdue financial aid,counselor_teacher,cost_financial_aid,medium,,,cost aid
Duke scholarships,parent,cost_financial_aid,medium,,,cost aid
affordable philosophy schools in warm states with good internships,counselor_teacher,multi_constraint,complex,,,multi constraint
UCLA,counselor_teacher,exact_lookup,short_circuit,,,simple entity
USC scholarships,college_student,cost_financial_aid,medium,,,cost aid
schools like University of Michigan but cheaper,counselor_teacher,recommendation,complex,,,recommendation
best chemistry schools in Texas,parent,filtered_search,medium,,,filter search
colleges with low stress environment,parent,campus_life_fit,llm_needed,,,fit question
Virginia Tech,college_student,exact_lookup,short_circuit,,,simple entity
what schools should i apply to for engineering,college_student,recommendation,complex,,,recommendation
schools like University of Michigan but cheaper,counselor_teacher,recommendation,complex,,,recommendation
Georgia Tech tuition,parent,attribute_lookup,medium,,,single attribute
Carnegie Mellon vs University of Michigan,advisor,comparison,complex,,,comparison
schools with collaborative culture,parent,campus_life_fit,llm_needed,,,fit question
mit without the suffering,parent,rewrite_needed,complex,,,rewrite needed
Princeton campus culture,parent,campus_life_fit,llm_needed,,,fit question
do i need sat for Purdue,counselor_teacher,admissions_process,medium,,,admissions
average ACT for Penn State,advisor,attribute_lookup,medium,,,single attribute
pricing for partner universities,college_b2b,b2b_partnership,llm_needed,,,B2B
Penn State campus culture,college_student,campus_life_fit,llm_needed,,,fit question
recommend large colleges in warm states for economics,counselor_teacher,recommendation,complex,,,recommendation
recommend small colleges in warm states for biology,counselor_teacher,recommendation,complex,,,recommendation
how do i apply to Georgia Tech,college_student,admissions_process,medium,,,admissions
colleges near Chicago,counselor_teacher,filtered_search,medium,,,filter search
UC Berkeley vs Penn State for business,parent,comparison,complex,,,comparison
pricing for partner universities,college_b2b,b2b_partnership,llm_needed,,,B2B
mit without the suffering,parent,rewrite_needed,complex,,,rewrite needed
request demo for admissions office,advisor,b2b_partnership,llm_needed,,,B2B
schools with collaborative culture,advisor,campus_life_fit,llm_needed,,,fit question
pricing for partner universities,college_b2b,b2b_partnership,llm_needed,,,B2B
colleges near a tech hub,advisor,filtered_search,medium,,,filter search
does UC San Diego have engineering,counselor_teacher,attribute_lookup,medium,,,single attribute
mit without the suffering,advisor,rewrite_needed,complex,,,rewrite needed
University of Washington tuition vs USC tuition,advisor,comparison,complex,,,comparison
brown,parent,exact_lookup,short_circuit,,,simple entity
Arizona State vs Caltech for psychology,parent,comparison,complex,,,comparison
best colleges for engineering job outcomes,advisor,career_outcomes,medium,,,career outcomes
universities with strong biology,college_student,filtered_search,medium,,,filter search
how can our university join the platform,college_b2b,b2b_partnership,llm_needed,,,B2B
api access for college partners,college_b2b,b2b_partnership,llm_needed,,,B2B
schools like USC but cheaper,counselor_teacher,recommendation,complex,,,recommendation
mit,counselor_teacher,exact_lookup,short_circuit,,,simple entity
api access for college partners,parent,b2b_partnership,llm_needed,,,B2B
do i need sat for NYU,college_student,admissions_process,medium,,,admissions
colleges near Chicago,college_student,filtered_search,medium,,,filter search
Caltech vs Carnegie Mellon for electrical engineering,counselor_teacher,comparison,complex,,,comparison
request demo for admissions office,college_b2b,b2b_partnership,llm_needed,,,B2B
colleges in Texas under 40k with strong research,college_student,multi_constraint,complex,,,multi constraint
cheapest business schools in Texas,college_student,cost_financial_aid,medium,,,cost aid
Duke campus culture,advisor,campus_life_fit,llm_needed,,,fit question
recommend small colleges in warm states for mechanical engineering,parent,recommendation,complex,,,recommendation
carnegie mellon,parent,exact_lookup,short_circuit,,,simple entity
best colleges for electrical engineering job outcomes,counselor_teacher,career_outcomes,medium,,,career outcomes
pricing for partner universities,college_b2b,b2b_partnership,llm_needed,,,B2B
Columbia campus culture,parent,campus_life_fit,llm_needed,,,fit question
what schools should i apply to for biology,counselor_teacher,recommendation,complex,,,recommendation
UCLA but cheaper,parent,rewrite_needed,complex,,,rewrite needed
Brown vs Virginia Tech for mechanical engineering,parent,comparison,complex,,,comparison
Brown,parent,exact_lookup,short_circuit,,,simple entity
University of Washington campus culture,parent,campus_life_fit,llm_needed,,,fit question
Penn State,advisor,exact_lookup,short_circuit,,,simple entity
schools like Stanford but cheaper,college_student,recommendation,complex,,,recommendation
what schools should i apply to for psychology,parent,recommendation,complex,,,recommendation
northwestern,parent,exact_lookup,short_circuit,,,simple entity
schools like Carnegie Mellon but cheaper,parent,recommendation,complex,,,recommendation
api access for college partners,college_b2b,b2b_partnership,llm_needed,,,B2B
harvard but less stressful,counselor_teacher,rewrite_needed,complex,,,rewrite needed
Brown but cheaper,counselor_teacher,rewrite_needed,complex,,,rewrite needed
does Duke have data science,advisor,attribute_lookup,medium,,,single attribute
pricing for partner universities,college_b2b,b2b_partnership,llm_needed,,,B2B
schools like Northwestern but cheaper,counselor_teacher,recommendation,complex,,,recommendation
colleges near the beach,counselor_teacher,filtered_search,medium,,,filter search
how can our university join the platform,college_b2b,b2b_partnership,llm_needed,,,B2B
mit without the suffering,college_student,rewrite_needed,complex,,,rewrite needed
Princeton financial aid,advisor,cost_financial_aid,medium,,,cost aid
schools with high internship placement rates,college_student,career_outcomes,medium,,,career outcomes
USC,advisor,exact_lookup,short_circuit,,,simple entity
pricing for partner universities,college_b2b,b2b_partnership,llm_needed,,,B2B
University of Michigan application deadlines,counselor_teacher,admissions_process,medium,,,admissions
request demo for admissions office,college_b2b,b2b_partnership,llm_needed,,,B2B
colleges in California,counselor_teacher,filtered_search,medium,,,filter search
how do i apply to MIT,counselor_teacher,admissions_process,medium,,,admissions
best colleges for philosophy job outcomes,college_student,career_outcomes,medium,,,career outcomes
request demo for admissions office,parent,b2b_partnership,llm_needed,,,B2B
Virginia Tech application deadlines,counselor_teacher,admissions_process,medium,,,admissions
student-to-faculty ratio for University of Michigan,counselor_teacher,attribute_lookup,medium,,,single attribute
universities with strong architecture,counselor_teacher,filtered_search,medium,,,filter search
how do i apply to Northwestern,college_student,admissions_process,medium,,,admissions
penn state,college_student,exact_lookup,short_circuit,,,simple entity
MIT,advisor,exact_lookup,short_circuit,,,simple entity
schools like Brown but cheaper,advisor,recommendation,complex,,,recommendation
UC Berkeley job placement for computer science,advisor,career_outcomes,medium,,,career outcomes
request demo for admissions office,college_b2b,b2b_partnership,llm_needed,,,B2B
do i need sat for MIT,college_student,admissions_process,medium,,,admissions
best psychology schools in Texas,college_student,filtered_search,medium,,,filter search
Virginia Tech tuition vs Stanford tuition,counselor_teacher,comparison,complex,,,comparison
what schools should i apply to for data science,college_student,recommendation,complex,,,recommendation
princeton,college_student,exact_lookup,short_circuit,,,simple entity
best business schools near a tech hub,advisor,filtered_search,medium,,,filter search
colleges near Chicago,parent,filtered_search,medium,,,filter search
pricing for partner universities,college_b2b,b2b_partnership,llm_needed,,,B2B
schools like Caltech but cheaper,parent,recommendation,complex,,,recommendation
MIT financial aid,college_student,cost_financial_aid,medium,,,cost aid
api access for college partners,advisor,b2b_partnership,llm_needed,,,B2B
harvard but less stressful,advisor,rewrite_needed,complex,,,rewrite needed
schools with collaborative culture,parent,campus_life_fit,llm_needed,,,fit question
uc berkeley,parent,exact_lookup,short_circuit,,,simple entity
api access for college partners,college_b2b,b2b_partnership,llm_needed,,,B2B
Caltech application deadlines,parent,admissions_process,medium,,,admissions
medium-sized business colleges in the Midwest under 20k,college_student,multi_constraint,complex,,,multi constraint
UCLA research opportunities,college_student,attribute_lookup,medium,,,single attribute
pricing for partner universities,counselor_teacher,b2b_partnership,llm_needed,,,B2B
Virginia Tech financial aid,advisor,cost_financial_aid,medium,,,cost aid
affordable philosophy schools in warm states with good internships,advisor,multi_constraint,complex,,,multi constraint
arizona state,counselor_teacher,exact_lookup,short_circuit,,,simple entity
do i need sat for Caltech,college_student,admissions_process,medium,,,admissions
schools with high internship placement rates,advisor,career_outcomes,medium,,,career outcomes
MIT scholarships,parent,cost_financial_aid,medium,,,cost aid
Virginia Tech,advisor,exact_lookup,short_circuit,,,simple entity
api access for college partners,college_b2b,b2b_partnership,llm_needed,,,B2B
how do i apply to UC San Diego,parent,admissions_process,medium,,,admissions
acceptance rate for Rice University,college_student,attribute_lookup,medium,,,single attribute
Caltech tuition vs Harvard tuition,parent,comparison,complex,,,comparison
georgia tech,parent,exact_lookup,short_circuit,,,simple entity
best biology schools in Texas,advisor,filtered_search,medium,,,filter search
what schools should i apply to for chemistry,parent,recommendation,complex,,,recommendation
colleges in warm states,counselor_teacher,filtered_search,medium,,,filter search
colleges with low stress environment,counselor_teacher,campus_life_fit,llm_needed,,,fit question
schools like Caltech but cheaper,advisor,recommendation,complex,,,recommendation
does Northwestern have psychology,advisor,attribute_lookup,medium,,,single attribute
Penn State student-to-faculty ratio,parent,attribute_lookup,medium,,,single attribute
Duke vs UCLA,college_student,comparison,complex,,,comparison
harvard but less stressful,parent,rewrite_needed,complex,,,rewrite needed
affordable engineering schools in California with good internships,advisor,multi_constraint,complex,,,multi constraint
Georgia Tech campus culture,counselor_teacher,campus_life_fit,llm_needed,,,fit question
schools with collaborative culture,college_student,campus_life_fit,llm_needed,,,fit question
colleges near a tech hub,college_student,filtered_search,medium,,,filter search
do i need sat for NYU,parent,admissions_process,medium,,,admissions
best economics schools in Texas,advisor,filtered_search,medium,,,filter search
does UCLA have nursing,parent,attribute_lookup,medium,,,single attribute
Purdue scholarships,college_student,cost_financial_aid,medium,,,cost aid
University of Washington,advisor,exact_lookup,short_circuit,,,simple entity
Harvard average SAT,college_student,attribute_lookup,medium,,,single attribute
how can our university join the platform,college_b2b,b2b_partnership,llm_needed,,,B2B
colleges near the beach under 20k with strong research,counselor_teacher,multi_constraint,complex,,,multi constraint
Rice University financial aid,advisor,cost_financial_aid,medium,,,cost aid
Cornell tuition vs UCLA tuition,parent,comparison,complex,,,comparison
small electrical engineering colleges in warm states low tuition,parent,multi_constraint,complex,,,multi constraint
affordable nursing schools in the Midwest with good internships,advisor,multi_constraint,complex,,,multi constraint
what schools should i apply to for computer science,college_student,recommendation,complex,,,recommendation
Columbia vs NYU,advisor,comparison,complex,,,comparison
do i need sat for UT Austin,advisor,admissions_process,medium,,,admissions
schools with high internship placement rates,college_student,career_outcomes,medium,,,career outcomes
University of Michigan tuition vs Purdue tuition,counselor_teacher,comparison,complex,,,comparison
Columbia vs UCLA,college_student,comparison,complex,,,comparison
mit without the suffering,parent,rewrite_needed,complex,,,rewrite needed
university of washington,counselor_teacher,exact_lookup,short_circuit,,,simple entity
University of Michigan vs Purdue for nursing,parent,comparison,complex,,,comparison
mit without the suffering,college_student,rewrite_needed,complex,,,rewrite needed
how can our university join the platform,college_b2b,b2b_partnership,llm_needed,,,B2B
universities with strong psychology,advisor,filtered_search,medium,,,filter search
best engineering schools in California,parent,filtered_search,medium,,,filter search
Cornell application deadlines,counselor_teacher,admissions_process,medium,,,admissions
best computer science schools in warm states,college_student,filtered_search,medium,,,filter search
request demo for admissions office,college_b2b,b2b_partnership,llm_needed,,,B2B
pricing for partner universities,college_b2b,b2b_partnership,llm_needed,,,B2B
University of Florida scholarships,college_student,cost_financial_aid,medium,,,cost aid
colleges near a tech hub,advisor,filtered_search,medium,,,filter search
Cornell vs Caltech for economics,advisor,comparison,complex,,,comparison
do i need sat for MIT,advisor,admissions_process,medium,,,admissions
pricing for partner universities,college_b2b,b2b_partnership,llm_needed,,,B2B
affordable biology schools in the Midwest with good internships,advisor,multi_constraint,complex,,,multi constraint
how can our university join the platform,college_b2b,b2b_partnership,llm_needed,,,B2B
Harvard location,parent,attribute_lookup,medium,,,single attribute
pricing for partner universities,college_b2b,b2b_partnership,llm_needed,,,B2B
colleges with low stress environment,counselor_teacher,campus_life_fit,llm_needed,,,fit question
Columbia tuition,counselor_teacher,attribute_lookup,medium,,,single attribute
affordable electrical engineering schools near the beach with good internships,advisor,multi_constraint,complex,,,multi constraint
schools like Harvard but cheaper,advisor,recommendation,complex,,,recommendation
request demo for admissions office,advisor,b2b_partnership,llm_needed,,,B2B
Rice University tuition vs Arizona State tuition,counselor_teacher,comparison,complex,,,comparison
schools with high internship placement rates,parent,career_outcomes,medium,,,career outcomes
medium-sized chemistry colleges near the beach low tuition,counselor_teacher,multi_constraint,complex,,,multi constraint
best nursing schools in Texas,advisor,filtered_search,medium,,,filter search
how can our university join the platform,college_b2b,b2b_partnership,llm_needed,,,B2B
pricing for partner universities,college_b2b,b2b_partnership,llm_needed,,,B2B
Stanford application deadlines,advisor,admissions_process,medium,,,admissions
request demo for admissions office,college_b2b,b2b_partnership,llm_needed,,,B2B
api access for college partners,college_b2b,b2b_partnership,llm_needed,,,B2B
MIT tuition vs USC tuition,parent,comparison,complex,,,comparison
schools like Carnegie Mellon but cheaper,counselor_teacher,recommendation,complex,,,recommendation
how can our university join the platform,college_b2b,b2b_partnership,llm_needed,,,B2B
job placement for Rice University,advisor,attribute_lookup,medium,,,single attribute
Harvard vs UC San Diego,parent,comparison,complex,,,comparison
how can our university join the platform,college_b2b,b2b_partnership,llm_needed,,,B2B
pricing for partner universities,college_b2b,b2b_partnership,llm_needed,,,B2B
USC but cheaper,counselor_teacher,rewrite_needed,complex,,,rewrite needed
request demo for admissions office,college_b2b,b2b_partnership,llm_needed,,,B2B
pricing for partner universities,college_b2b,b2b_partnership,llm_needed,,,B2B
harvard but less stressful,college_student,rewrite_needed,complex,,,rewrite needed
how can our university join the platform,advisor,b2b_partnership,llm_needed,,,B2B
pricing for partner universities,counselor_teacher,b2b_partnership,llm_needed,,,B2B
affordable psychology schools in California with good internships,college_student,multi_constraint,complex,,,multi constraint
do i need sat for UC Berkeley,advisor,admissions_process,medium,,,admissions
request demo for admissions office,college_student,b2b_partnership,llm_needed,,,B2B
UC Berkeley tuition vs University of Florida tuition,parent,comparison,complex,,,comparison
University of Michigan average ACT,advisor,attribute_lookup,medium,,,single attribute
what schools should i apply to for electrical engineering,parent,recommendation,complex,,,recommendation
Brown vs Rice University,advisor,comparison,complex,,,comparison
do i need sat for UT Austin,parent,admissions_process,medium,,,admissions
how do i apply to UC Berkeley,advisor,admissions_process,medium,,,admissions
best colleges for electrical engineering job outcomes,counselor_teacher,career_outcomes,medium,,,career outcomes
colleges in the Midwest,counselor_teacher,filtered_search,medium,,,filter search
Brown job placement for business,parent,career_outcomes,medium,,,career outcomes
Harvard application deadlines,parent,admissions_process,medium,,,admissions
how can our university join the platform,parent,b2b_partnership,llm_needed,,,B2B
recommend large colleges near Chicago for electrical engineering,advisor,recommendation,complex,,,recommendation
how can our university join the platform,college_b2b,b2b_partnership,llm_needed,,,B2B
Penn State application deadlines,college_student,admissions_process,medium,,,admissions
cheapest mechanical engineering schools near a tech hub,parent,cost_financial_aid,medium,,,cost aid
universities with strong chemistry,counselor_teacher,filtered_search,medium,,,filter search
pricing for partner universities,college_b2b,b2b_partnership,llm_needed,,,B2B
mit without the suffering,counselor_teacher,rewrite_needed,complex,,,rewrite needed
colleges in Texas,college_student,filtered_search,medium,,,filter search
schools with collaborative culture,counselor_teacher,campus_life_fit,llm_needed,,,fit question
cheapest philosophy schools near a tech hub,advisor,cost_financial_aid,medium,,,cost aid
universities with strong architecture,college_student,filtered_search,medium,,,filter search
UC San Diego campus culture,parent,campus_life_fit,llm_needed,,,fit question
Purdue but cheaper,advisor,rewrite_needed,complex,,,rewrite needed
Rice University,counselor_teacher,exact_lookup,short_circuit,,,simple entity
columbia,advisor,exact_lookup,short_circuit,,,simple entity
cheapest mechanical engineering schools near Chicago,parent,cost_financial_aid,medium,,,cost aid
what schools should i apply to for nursing,parent,recommendation,complex,,,recommendation
colleges with low stress environment,parent,campus_life_fit,llm_needed,,,fit question
USC application deadlines,college_student,admissions_process,medium,,,admissions
Cornell,parent,exact_lookup,short_circuit,,,simple entity
USC vs University of Michigan for mechanical engineering,college_student,comparison,complex,,,comparison
Princeton but cheaper,parent,rewrite_needed,complex,,,rewrite needed
how can our university join the platform,college_b2b,b2b_partnership,llm_needed,,,B2B
colleges in California under 40k with strong research,college_student,multi_constraint,complex,,,multi constraint
NYU application deadlines,counselor_teacher,admissions_process,medium,,,admissions
schools like University of Michigan but cheaper,counselor_teacher,recommendation,complex,,,recommendation
request demo for admissions office,counselor_teacher,b2b_partnership,llm_needed,,,B2B
cheapest aerospace engineering schools near the beach,counselor_teacher,cost_financial_aid,medium,,,cost aid
request demo for admissions office,college_b2b,b2b_partnership,llm_needed,,,B2B
affordable computer science schools near the beach with good internships,counselor_teacher,multi_constraint,complex,,,multi constraint
universities with strong nursing,counselor_teacher,filtered_search,medium,,,filter search
how can our university join the platform,college_b2b,b2b_partnership,llm_needed,,,B2B
best data science schools near a tech hub,advisor,filtered_search,medium,,,filter search
how can our university join the platform,college_b2b,b2b_partnership,llm_needed,,,B2B
request demo for admissions office,college_b2b,b2b_partnership,llm_needed,,,B2B
best colleges for computer science job outcomes,counselor_teacher,career_outcomes,medium,,,career outcomes
recommend medium-sized colleges in warm states for economics,counselor_teacher,recommendation,complex,,,recommendation
Harvard campus culture,advisor,campus_life_fit,llm_needed,,,fit question
schools with collaborative culture,parent,campus_life_fit,llm_needed,,,fit question
mit,advisor,exact_lookup,short_circuit,,,simple entity
request demo for admissions office,college_b2b,b2b_partnership,llm_needed,,,B2B
how can our university join the platform,college_b2b,b2b_partnership,llm_needed,,,B2B
how can our university join the platform,college_b2b,b2b_partnership,llm_needed,,,B2B
request demo for admissions office,college_student,b2b_partnership,llm_needed,,,B2B
Rice University average SAT,college_student,attribute_lookup,medium,,,single attribute
request demo for admissions office,college_b2b,b2b_partnership,llm_needed,,,B2B
Arizona State application deadlines,counselor_teacher,admissions_process,medium,,,admissions
cheapest architecture schools in California,parent,cost_financial_aid,medium,,,cost aid
MIT but cheaper,counselor_teacher,rewrite_needed,complex,,,rewrite needed
Arizona State vs Brown for engineering,college_student,comparison,complex,,,comparison
pricing for partner universities,college_b2b,b2b_partnership,llm_needed,,,B2B
affordable psychology schools in California with good internships,parent,multi_constraint,complex,,,multi constraint
Brown acceptance rate,counselor_teacher,attribute_lookup,medium,,,single attribute
what schools should i apply to for nursing,counselor_teacher,recommendation,complex,,,recommendation
University of Michigan financial aid,college_student,cost_financial_aid,medium,,,cost aid
Stanford,parent,exact_lookup,short_circuit,,,simple entity
what schools should i apply to for engineering,counselor_teacher,recommendation,complex,,,recommendation
api access for college partners,college_b2b,b2b_partnership,llm_needed,,,B2B
harvard but less stressful,college_student,rewrite_needed,complex,,,rewrite needed
University of Michigan,counselor_teacher,exact_lookup,short_circuit,,,simple entity
medium-sized business colleges in warm states under 40k,counselor_teacher,multi_constraint,complex,,,multi constraint
how can our university join the platform,college_b2b,b2b_partnership,llm_needed,,,B2B
pricing for partner universities,college_b2b,b2b_partnership,llm_needed,,,B2B
universities with strong electrical engineering,college_student,filtered_search,medium,,,filter search
universities with strong data science,parent,filtered_search,medium,,,filter search
universities with strong architecture,college_student,filtered_search,medium,,,filter search
how can our university join the platform,advisor,b2b_partnership,llm_needed,,,B2B
do i need sat for Cornell,parent,admissions_process,medium,,,admissions
Arizona State campus culture,counselor_teacher,campus_life_fit,llm_needed,,,fit question
api access for college partners,college_b2b,b2b_partnership,llm_needed,,,B2B
request demo for admissions office,counselor_teacher,b2b_partnership,llm_needed,,,B2B
recommend small colleges in warm states for architecture,parent,recommendation,complex,,,recommendation
request demo for admissions office,college_student,b2b_partnership,llm_needed,,,B2B
api access for college partners,college_b2b,b2b_partnership,llm_needed,,,B2B
colleges near the beach good financial aid with strong research,college_student,multi_constraint,complex,,,multi constraint
pricing for partner universities,college_b2b,b2b_partnership,llm_needed,,,B2B
api access for college partners,college_b2b,b2b_partnership,llm_needed,,,B2B
how can our university join the platform,college_b2b,b2b_partnership,llm_needed,,,B2B
api access for college partners,parent,b2b_partnership,llm_needed,,,B2B
schools with high internship placement rates,college_student,career_outcomes,medium,,,career outcomes
pricing for partner universities,college_b2b,b2b_partnership,llm_needed,,,B2B
best biology schools near the beach,college_student,filtered_search,medium,,,filter search
api access for college partners,parent,b2b_partnership,llm_needed,,,B2B
colleges in California under 20k with strong research,college_student,multi_constraint,complex,,,multi constraint
pricing for partner universities,college_b2b,b2b_partnership,llm_needed,,,B2B
best colleges for chemistry job outcomes,college_student,career_outcomes,medium,,,career outcomes
NYU financial aid,college_student,cost_financial_aid,medium,,,cost aid
how can our university join the platform,college_student,b2b_partnership,llm_needed,,,B2B
pricing for partner universities,college_student,b2b_partnership,llm_needed,,,B2B
pricing for partner universities,college_b2b,b2b_partnership,llm_needed,,,B2B
research opportunities for UC Berkeley,counselor_teacher,attribute_lookup,medium,,,single attribute
api access for college partners,college_b2b,b2b_partnership,llm_needed,,,B2B
colleges near a tech hub under 30k with strong research,counselor_teacher,multi_constraint,complex,,,multi constraint
pricing for partner universities,college_b2b,b2b_partnership,llm_needed,,,B2B
schools with high internship placement rates,advisor,career_outcomes,medium,,,career outcomes
schools with collaborative culture,college_student,campus_life_fit,llm_needed,,,fit question
Penn State but cheaper,counselor_teacher,rewrite_needed,complex,,,rewrite needed
universities with strong economics,advisor,filtered_search,medium,,,filter search
best colleges for computer science job outcomes,counselor_teacher,career_outcomes,medium,,,career outcomes
api access for college partners,college_b2b,b2b_partnership,llm_needed,,,B2B
schools with collaborative culture,parent,campus_life_fit,llm_needed,,,fit question
colleges in the Midwest under 30k with strong research,counselor_teacher,multi_constraint,complex,,,multi constraint
schools like Purdue but cheaper,advisor,recommendation,complex,,,recommendation
Arizona State job placement for psychology,counselor_teacher,career_outcomes,medium,,,career outcomes
research opportunities for Cornell,counselor_teacher,attribute_lookup,medium,,,single attribute
cheapest psychology schools in Texas,advisor,cost_financial_aid,medium,,,cost aid
affordable nursing schools near a tech hub with good internships,college_student,multi_constraint,complex,,,multi constraint
how can our university join the platform,college_b2b,b2b_partnership,llm_needed,,,B2B
harvard but less stressful,counselor_teacher,rewrite_needed,complex,,,rewrite needed
api access for college partners,college_b2b,b2b_partnership,llm_needed,,,B2B
Purdue,counselor_teacher,exact_lookup,short_circuit,,,simple entity
best colleges for psychology job outcomes,parent,career_outcomes,medium,,,career outcomes
schools like Georgia Tech but cheaper,counselor_teacher,recommendation,complex,,,recommendation
pricing for partner universities,college_b2b,b2b_partnership,llm_needed,,,B2B
request demo for admissions office,college_b2b,b2b_partnership,llm_needed,,,B2B
University of Washington tuition vs MIT tuition,parent,comparison,complex,,,comparison
do i need sat for Princeton,counselor_teacher,admissions_process,medium,,,admissions
how can our university join the platform,college_student,b2b_partnership,llm_needed,,,B2B
request demo for admissions office,college_b2b,b2b_partnership,llm_needed,,,B2B
cheapest psychology schools in Texas,advisor,cost_financial_aid,medium,,,cost aid
Arizona State scholarships,counselor_teacher,cost_financial_aid,medium,,,cost aid
request demo for admissions office,counselor_teacher,b2b_partnership,llm_needed,,,B2B
do i need sat for Brown,parent,admissions_process,medium,,,admissions
pricing for partner universities,college_b2b,b2b_partnership,llm_needed,,,B2B
how do i apply to Cornell,advisor,admissions_process,medium,,,admissions
affordable philosophy schools in California with good internships,counselor_teacher,multi_constraint,complex,,,multi constraint
caltech,advisor,exact_lookup,short_circuit,,,simple entity
what schools should i apply to for biology,parent,recommendation,complex,,,recommendation
research opportunities for Harvard,advisor,attribute_lookup,medium,,,single attribute
UT Austin vs Harvard,counselor_teacher,comparison,complex,,,comparison
colleges near a tech hub,college_student,filtered_search,medium,,,filter search
api access for college partners,college_b2b,b2b_partnership,llm_needed,,,B2B
api access for college partners,college_b2b,b2b_partnership,llm_needed,,,B2B
how do i apply to University of Washington,counselor_teacher,admissions_process,medium,,,admissions
pricing for partner universities,college_b2b,b2b_partnership,llm_needed,,,B2B
what schools should i apply to for electrical engineering,college_student,recommendation,complex,,,recommendation
UCLA but cheaper,parent,rewrite_needed,complex,,,rewrite needed
Penn State application deadlines,advisor,admissions_process,medium,,,admissions
best colleges for architecture job outcomes,college_student,career_outcomes,medium,,,career outcomes
cheapest chemistry schools near Chicago,college_student,cost_financial_aid,medium,,,cost aid
what schools should i apply to for mechanical engineering,parent,recommendation,complex,,,recommendation
how do i apply to Harvard,parent,admissions_process,medium,,,admissions
schools with collaborative culture,college_student,campus_life_fit,llm_needed,,,fit question
affordable electrical engineering schools near Chicago with good internships,counselor_teacher,multi_constraint,complex,,,multi constraint
harvard but less stressful,parent,rewrite_needed,complex,,,rewrite needed
Penn State campus culture,college_student,campus_life_fit,llm_needed,,,fit question
request demo for admissions office,college_b2b,b2b_partnership,llm_needed,,,B2B
best philosophy schools in warm states,parent,filtered_search,medium,,,filter search
colleges with low stress environment,college_student,campus_life_fit,llm_needed,,,fit question
University of Washington,college_student,exact_lookup,short_circuit,,,simple entity
does Arizona State have electrical engineering,counselor_teacher,attribute_lookup,medium,,,single attribute
colleges with low stress environment,college_student,campus_life_fit,llm_needed,,,fit question
best colleges for aerospace engineering job outcomes,parent,career_outcomes,medium,,,career outcomes
schools with collaborative culture,parent,campus_life_fit,llm_needed,,,fit question
University of Michigan scholarships,counselor_teacher,cost_financial_aid,medium,,,cost aid
api access for college partners,college_b2b,b2b_partnership,llm_needed,,,B2B
pricing for partner universities,college_b2b,b2b_partnership,llm_needed,,,B2B
recommend medium-sized colleges in Texas for nursing,advisor,recommendation,complex,,,recommendation
universities with strong nursing,advisor,filtered_search,medium,,,filter search
pricing for partner universities,college_b2b,b2b_partnership,llm_needed,,,B2B
Caltech rankings,counselor_teacher,attribute_lookup,medium,,,single attribute
Penn State but cheaper,parent,rewrite_needed,complex,,,rewrite needed
request demo for admissions office,college_b2b,b2b_partnership,llm_needed,,,B2B
colleges with low stress environment,college_student,campus_life_fit,llm_needed,,,fit question
USC campus culture,college_student,campus_life_fit,llm_needed,,,fit question
MIT financial aid,college_student,cost_financial_aid,medium,,,cost aid
Harvard vs Northwestern,advisor,comparison,complex,,,comparison
Purdue application deadlines,parent,admissions_process,medium,,,admissions
colleges near a tech hub under 20k with strong research,counselor_teacher,multi_constraint,complex,,,multi constraint
universities with strong data science,college_student,filtered_search,medium,,,filter search
affordable electrical engineering schools near the beach with good internships,counselor_teacher,multi_constraint,complex,,,multi constraint
Carnegie Mellon financial aid,college_student,cost_financial_aid,medium,,,cost aid
colleges in Texas,advisor,filtered_search,medium,,,filter search
do i need sat for Duke,college_student,admissions_process,medium,,,admissions
schools with collaborative culture,advisor,campus_life_fit,llm_needed,,,fit question
how do i apply to Purdue,college_student,admissions_process,medium,,,admissions
recommend medium-sized colleges near Chicago for mechanical engineering,parent,recommendation,complex,,,recommendation
colleges near the beach low tuition with strong research,advisor,multi_constraint,complex,,,multi constraint
UT Austin tuition vs Brown tuition,college_student,comparison,complex,,,comparison
brown,advisor,exact_lookup,short_circuit,,,simple entity
Virginia Tech application deadlines,college_student,admissions_process,medium,,,admissions
how can our university join the platform,advisor,b2b_partnership,llm_needed,,,B2B
schools like UT Austin but cheaper,college_student,recommendation,complex,,,recommendation
rice university,counselor_teacher,exact_lookup,short_circuit,,,simple entity
do i need sat for UCLA,counselor_teacher,admissions_process,medium,,,admissions
pricing for partner universities,college_b2b,b2b_partnership,llm_needed,,,B2B
request demo for admissions office,college_b2b,b2b_partnership,llm_needed,,,B2B
harvard but less stressful,counselor_teacher,rewrite_needed,complex,,,rewrite needed
Cornell internships,advisor,attribute_lookup,medium,,,single attribute
Carnegie Mellon vs Arizona State,counselor_teacher,comparison,complex,,,comparison
api access for college partners,college_b2b,b2b_partnership,llm_needed,,,B2B
best colleges for engineering job outcomes,college_student,career_outcomes,medium,,,career outcomes
mit without the suffering,counselor_teacher,rewrite_needed,complex,,,rewrite needed
Rice University tuition vs UT Austin tuition,counselor_teacher,comparison,complex,,,comparison
request demo for admissions office,college_b2b,b2b_partnership,llm_needed,,,B2B
Stanford but cheaper,advisor,rewrite_needed,complex,,,rewrite needed
best philosophy schools near Chicago,parent,filtered_search,medium,,,filter search
UC Berkeley,parent,exact_lookup,short_circuit,,,simple entity
do i need sat for University of Washington,college_student,admissions_process,medium,,,admissions
UT Austin tuition,counselor_teacher,attribute_lookup,medium,,,single attribute
how can our university join the platform,counselor_teacher,b2b_partnership,llm_needed,,,B2B
best colleges for mechanical engineering job outcomes,advisor,career_outcomes,medium,,,career outcomes
schools like UC Berkeley but cheaper,college_student,recommendation,complex,,,recommendation
recommend large colleges in the Midwest for chemistry,parent,recommendation,complex,,,recommendation
large economics colleges near Chicago under 30k,parent,multi_constraint,complex,,,multi constraint
does Arizona State have electrical engineering,parent,attribute_lookup,medium,,,single attribute
Georgia Tech but cheaper,advisor,rewrite_needed,complex,,,rewrite needed
request demo for admissions office,advisor,b2b_partnership,llm_needed,,,B2B
small philosophy colleges near a tech hub low tuition,college_student,multi_constraint,complex,,,multi constraint
pricing for partner universities,parent,b2b_partnership,llm_needed,,,B2B
api access for college partners,college_b2b,b2b_partnership,llm_needed,,,B2B
affordable aerospace engineering schools near the beach with good internships,counselor_teacher,multi_constraint,complex,,,multi constraint
internships for Stanford,college_student,attribute_lookup,medium,,,single attribute
schools like Caltech but cheaper,counselor_teacher,recommendation,complex,,,recommendation
best nursing schools in California,college_student,filtered_search,medium,,,filter search
best biology schools in Texas,parent,filtered_search,medium,,,filter search
universities with strong economics,counselor_teacher,filtered_search,medium,,,filter search
affordable biology schools in Texas with good internships,advisor,multi_constraint,complex,,,multi constraint
best colleges for psychology job outcomes,advisor,career_outcomes,medium,,,career outcomes
schools like University of Michigan but cheaper,counselor_teacher,recommendation,complex,,,recommendation
how can our university join the platform,college_b2b,b2b_partnership,llm_needed,,,B2B
colleges in warm states under 40k with strong research,counselor_teacher,multi_constraint,complex,,,multi constraint
api access for college partners,college_b2b,b2b_partnership,llm_needed,,,B2B
universities with strong computer science,advisor,filtered_search,medium,,,filter search
api access for college partners,parent,b2b_partnership,llm_needed,,,B2B
api access for college partners,college_b2b,b2b_partnership,llm_needed,,,B2B
Northwestern tuition vs Columbia tuition,parent,comparison,complex,,,comparison
cheapest philosophy schools near a tech hub,advisor,cost_financial_aid,medium,,,cost aid
schools like Duke but cheaper,counselor_teacher,recommendation,complex,,,recommendation
UT Austin,advisor,exact_lookup,short_circuit,,,simple entity
large economics colleges near the beach under 30k,advisor,multi_constraint,complex,,,multi constraint
Harvard housing,counselor_teacher,attribute_lookup,medium,,,single attribute
usc,college_student,exact_lookup,short_circuit,,,simple entity
Duke job placement for psychology,college_student,career_outcomes,medium,,,career outcomes
pricing for partner universities,advisor,b2b_partnership,llm_needed,,,B2B
what schools should i apply to for psychology,counselor_teacher,recommendation,complex,,,recommendation
pricing for partner universities,college_b2b,b2b_partnership,llm_needed,,,B2B
schools like MIT but cheaper,college_student,recommendation,complex,,,recommendation
does Princeton have economics,advisor,attribute_lookup,medium,,,single attribute
UT Austin application deadlines,college_student,admissions_process,medium,,,admissions
Purdue financial aid,advisor,attribute_lookup,medium,,,single attribute
Princeton application deadlines,parent,admissions_process,medium,,,admissions
affordable psychology schools in California with good internships,advisor,multi_constraint,complex,,,multi constraint
small mechanical engineering colleges near Chicago low tuition,counselor_teacher,multi_constraint,complex,,,multi constraint
Virginia Tech financial aid,counselor_teacher,cost_financial_aid,medium,,,cost aid
how do i apply to UCLA,parent,admissions_process,medium,,,admissions
UC San Diego campus culture,counselor_teacher,campus_life_fit,llm_needed,,,fit question
Princeton,college_student,exact_lookup,short_circuit,,,simple entity
Georgia Tech,counselor_teacher,exact_lookup,short_circuit,,,simple entity
affordable computer science schools near a tech hub with good internships,counselor_teacher,multi_constraint,complex,,,multi constraint
universities with strong chemistry,college_student,filtered_search,medium,,,filter search
colleges with low stress environment,parent,campus_life_fit,llm_needed,,,fit question
Harvard tuition vs Cornell tuition,college_student,comparison,complex,,,comparison
pricing for partner universities,college_b2b,b2b_partnership,llm_needed,,,B2B
internships for Caltech,counselor_teacher,attribute_lookup,medium,,,single attribute
Harvard acceptance rate,counselor_teacher,attribute_lookup,medium,,,single attribute
how do i apply to Carnegie Mellon,advisor,admissions_process,medium,,,admissions
small mechanical engineering colleges near the beach under 20k,college_student,multi_constraint,complex,,,multi constraint
harvard but less stressful,advisor,rewrite_needed,complex,,,rewrite needed
research opportunities for University of Michigan,advisor,attribute_lookup,medium,,,single attribute
colleges with low stress environment,parent,campus_life_fit,llm_needed,,,fit question
Caltech vs Rice University for electrical engineering,parent,comparison,complex,,,comparison
request demo for admissions office,college_b2b,b2b_partnership,llm_needed,,,B2B
how do i apply to University of Florida,college_student,admissions_process,medium,,,admissions
University of Florida but cheaper,advisor,rewrite_needed,complex,,,rewrite needed
does MIT have biology,college_student,attribute_lookup,medium,,,single attribute
colleges with low stress environment,parent,campus_life_fit,llm_needed,,,fit question
colleges in the Midwest under 40k with strong research,parent,multi_constraint,complex,,,multi constraint
cheapest architecture schools in California,advisor,cost_financial_aid,medium,,,cost aid
UT Austin application deadlines,advisor,admissions_process,medium,,,admissions
University of Florida vs Princeton for business,counselor_teacher,comparison,complex,,,comparison
colleges in warm states,college_student,filtered_search,medium,,,filter search
schools with collaborative culture,college_student,campus_life_fit,llm_needed,,,fit question
cheapest philosophy schools near Chicago,advisor,cost_financial_aid,medium,,,cost aid
affordable philosophy schools near Chicago with good internships,counselor_teacher,multi_constraint,complex,,,multi constraint
does Duke have data science,college_student,attribute_lookup,medium,,,single attribute
harvard but less stressful,advisor,rewrite_needed,complex,,,rewrite needed
recommend small colleges in Texas for computer science,counselor_teacher,recommendation,complex,,,recommendation
api access for college partners,counselor_teacher,b2b_partnership,llm_needed,,,B2B
cheapest architecture schools near a tech hub,counselor_teacher,cost_financial_aid,medium,,,cost aid
does UC Berkeley have biology,parent,attribute_lookup,medium,,,single attribute
api access for college partners,college_b2b,b2b_partnership,llm_needed,,,B2B
schools with high internship placement rates,college_student,career_outcomes,medium,,,career outcomes
request demo for admissions office,parent,b2b_partnership,llm_needed,,,B2B
Brown,advisor,exact_lookup,short_circuit,,,simple entity
NYU,counselor_teacher,exact_lookup,short_circuit,,,simple entity
universities with strong psychology,parent,filtered_search,medium,,,filter search
recommend large colleges in California for computer science,advisor,recommendation,complex,,,recommendation
Harvard job placement for computer science,counselor_teacher,career_outcomes,medium,,,career outcomes
harvard but less stressful,counselor_teacher,rewrite_needed,complex,,,rewrite needed
harvard but less stressful,counselor_teacher,rewrite_needed,complex,,,rewrite needed
api access for college partners,college_b2b,b2b_partnership,llm_needed,,,B2B
api access for college partners,college_b2b,b2b_partnership,llm_needed,,,B2B
how can our university join the platform,advisor,b2b_partnership,llm_needed,,,B2B
Brown scholarships,advisor,cost_financial_aid,medium,,,cost aid
NYU financial aid,advisor,cost_financial_aid,medium,,,cost aid
pricing for partner universities,counselor_teacher,b2b_partnership,llm_needed,,,B2B
mit without the suffering,advisor,rewrite_needed,complex,,,rewrite needed
UCLA,advisor,exact_lookup,short_circuit,,,simple entity
request demo for admissions office,college_b2b,b2b_partnership,llm_needed,,,B2B
schools like Princeton but cheaper,counselor_teacher,recommendation,complex,,,recommendation
api access for college partners,college_b2b,b2b_partnership,llm_needed,,,B2B
Duke vs USC,college_student,comparison,complex,,,comparison
colleges with low stress environment,college_student,campus_life_fit,llm_needed,,,fit question
how do i apply to Northwestern,parent,admissions_process,medium,,,admissions
how can our university join the platform,college_b2b,b2b_partnership,llm_needed,,,B2B
how can our university join the platform,college_b2b,b2b_partnership,llm_needed,,,B2B
Harvard tuition vs Brown tuition,parent,comparison,complex,,,comparison
how can our university join the platform,college_b2b,b2b_partnership,llm_needed,,,B2B
schools with high internship placement rates,advisor,career_outcomes,medium,,,career outcomes
UC San Diego scholarships,college_student,cost_financial_aid,medium,,,cost aid
Caltech but cheaper,advisor,rewrite_needed,complex,,,rewrite needed
how can our university join the platform,advisor,b2b_partnership,llm_needed,,,B2B
rice university,advisor,exact_lookup,short_circuit,,,simple entity
housing for University of Michigan,counselor_teacher,attribute_lookup,medium,,,single attribute
Purdue job placement for electrical engineering,parent,career_outcomes,medium,,,career outcomes
schools with high internship placement rates,parent,career_outcomes,medium,,,career outcomes
pricing for partner universities,college_b2b,b2b_partnership,llm_needed,,,B2B
Caltech tuition vs Georgia Tech tuition,counselor_teacher,comparison,complex,,,comparison
pricing for partner universities,college_b2b,b2b_partnership,llm_needed,,,B2B
colleges with low stress environment,college_student,campus_life_fit,llm_needed,,,fit question
affordable mechanical engineering schools in warm states with good internships,counselor_teacher,multi_constraint,complex,,,multi constraint
UT Austin,college_student,exact_lookup,short_circuit,,,simple entity
how can our university join the platform,college_student,b2b_partnership,llm_needed,,,B2B
colleges with low stress environment,college_student,campus_life_fit,llm_needed,,,fit question
schools with high internship placement rates,advisor,career_outcomes,medium,,,career outcomes
Caltech vs Penn State,parent,comparison,complex,,,comparison
brown,advisor,exact_lookup,short_circuit,,,simple entity
schools like Purdue but cheaper,advisor,recommendation,complex,,,recommendation
Princeton but cheaper,college_student,rewrite_needed,complex,,,rewrite needed
pricing for partner universities,college_b2b,b2b_partnership,llm_needed,,,B2B
how can our university join the platform,college_b2b,b2b_partnership,llm_needed,,,B2B
affordable psychology schools in the Midwest with good internships,advisor,multi_constraint,complex,,,multi constraint
arizona state,parent,exact_lookup,short_circuit,,,simple entity
request demo for admissions office,college_b2b,b2b_partnership,llm_needed,,,B2B
pricing for partner universities,college_b2b,b2b_partnership,llm_needed,,,B2B
Caltech vs USC for chemistry,college_student,comparison,complex,,,comparison
pricing for partner universities,college_b2b,b2b_partnership,llm_needed,,,B2B
small philosophy colleges in California low tuition,counselor_teacher,multi_constraint,complex,,,multi constraint
request demo for admissions office,college_student,b2b_partnership,llm_needed,,,B2B
job placement for Columbia,counselor_teacher,attribute_lookup,medium,,,single attribute
colleges in Texas,advisor,filtered_search,medium,,,filter search
Columbia tuition vs Harvard tuition,parent,comparison,complex,,,comparison
how can our university join the platform,college_b2b,b2b_partnership,llm_needed,,,B2B
pricing for partner universities,counselor_teacher,b2b_partnership,llm_needed,,,B2B
location for Purdue,counselor_teacher,attribute_lookup,medium,,,single attribute
how do i apply to Stanford,college_student,admissions_process,medium,,,admissions
universities with strong aerospace engineering,college_student,filtered_search,medium,,,filter search
Columbia vs Carnegie Mellon,advisor,comparison,complex,,,comparison
Arizona State,parent,exact_lookup,short_circuit,,,simple entity
schools like University of Florida but cheaper,counselor_teacher,recommendation,complex,,,recommendation
pricing for partner universities,counselor_teacher,b2b_partnership,llm_needed,,,B2B
recommend large colleges near a tech hub for aerospace engineering,advisor,recommendation,complex,,,recommendation
pricing for partner universities,college_b2b,b2b_partnership,llm_needed,,,B2B
Carnegie Mellon job placement for computer science,college_student,career_outcomes,medium,,,career outcomes
how can our university join the platform,college_b2b,b2b_partnership,llm_needed,,,B2B
Penn State,advisor,exact_lookup,short_circuit,,,simple entity
Harvard but cheaper,college_student,rewrite_needed,complex,,,rewrite needed
what schools should i apply to for business,college_student,recommendation,complex,,,recommendation
MIT campus culture,counselor_teacher,campus_life_fit,llm_needed,,,fit question
api access for college partners,parent,b2b_partnership,llm_needed,,,B2B
recommend large colleges in California for business,college_student,recommendation,complex,,,recommendation
Stanford application deadlines,college_student,admissions_process,medium,,,admissions
request demo for admissions office,college_b2b,b2b_partnership,llm_needed,,,B2B
Princeton but cheaper,counselor_teacher,rewrite_needed,complex,,,rewrite needed
Cornell vs Caltech,parent,comparison,complex,,,comparison
colleges with low stress environment,parent,campus_life_fit,llm_needed,,,fit question
schools with high internship placement rates,counselor_teacher,career_outcomes,medium,,,career outcomes
MIT financial aid,parent,cost_financial_aid,medium,,,cost aid
request demo for admissions office,college_b2b,b2b_partnership,llm_needed,,,B2B
job placement for University of Florida,parent,attribute_lookup,medium,,,single attribute
Columbia campus culture,college_student,campus_life_fit,llm_needed,,,fit question
schools with high internship placement rates,parent,career_outcomes,medium,,,career outcomes
api access for college partners,college_b2b,b2b_partnership,llm_needed,,,B2B
schools like Princeton but cheaper,parent,recommendation,complex,,,recommendation
UC Berkeley scholarships,counselor_teacher,cost_financial_aid,medium,,,cost aid
mit without the suffering,college_student,rewrite_needed,complex,,,rewrite needed
housing for Rice University,parent,attribute_lookup,medium,,,single attribute
api access for college partners,college_b2b,b2b_partnership,llm_needed,,,B2B
Duke vs UC San Diego for economics,advisor,comparison,complex,,,comparison
cheapest data science schools in California,college_student,cost_financial_aid,medium,,,cost aid
api access for college partners,college_b2b,b2b_partnership,llm_needed,,,B2B
Arizona State scholarships,counselor_teacher,cost_financial_aid,medium,,,cost aid
Penn State tuition vs Cornell tuition,parent,comparison,complex,,,comparison
universities with strong aerospace engineering,counselor_teacher,filtered_search,medium,,,filter search
best colleges for electrical engineering job outcomes,parent,career_outcomes,medium,,,career outcomes
how do i apply to NYU,parent,admissions_process,medium,,,admissions
request demo for admissions office,college_b2b,b2b_partnership,llm_needed,,,B2B
request demo for admissions office,college_b2b,b2b_partnership,llm_needed,,,B2B
UCLA vs University of Michigan,college_student,comparison,complex,,,comparison
colleges in California under 20k with strong research,parent,multi_constraint,complex,,,multi constraint
how do i apply to UCLA,college_student,admissions_process,medium,,,admissions
NYU job placement for economics,parent,career_outcomes,medium,,,career outcomes
Columbia vs Brown,advisor,comparison,complex,,,comparison
University of Washington tuition vs USC tuition,counselor_teacher,comparison,complex,,,comparison
how can our university join the platform,parent,b2b_partnership,llm_needed,,,B2B
colleges in the Midwest,counselor_teacher,filtered_search,medium,,,filter search
pricing for partner universities,college_b2b,b2b_partnership,llm_needed,,,B2B
Columbia internships,counselor_teacher,attribute_lookup,medium,,,single attribute
colleges near the beach,advisor,filtered_search,medium,,,filter search
UT Austin campus culture,parent,campus_life_fit,llm_needed,,,fit question
best colleges for economics job outcomes,advisor,career_outcomes,medium,,,career outcomes
UC Berkeley but cheaper,advisor,rewrite_needed,complex,,,rewrite needed
University of Washington,parent,exact_lookup,short_circuit,,,simple entity
universities with strong computer science,parent,filtered_search,medium,,,filter search
pricing for partner universities,college_b2b,b2b_partnership,llm_needed,,,B2B
UC San Diego but cheaper,advisor,rewrite_needed,complex,,,rewrite needed
request demo for admissions office,college_b2b,b2b_partnership,llm_needed,,,B2B
pricing for partner universities,college_b2b,b2b_partnership,llm_needed,,,B2B
harvard but less stressful,college_student,rewrite_needed,complex,,,rewrite needed
api access for college partners,college_b2b,b2b_partnership,llm_needed,,,B2B
request demo for admissions office,college_b2b,b2b_partnership,llm_needed,,,B2B
colleges near the beach under 20k with strong research,counselor_teacher,multi_constraint,complex,,,multi constraint
schools like Brown but cheaper,advisor,recommendation,complex,,,recommendation
affordable mechanical engineering schools in warm states with good internships,counselor_teacher,multi_constraint,complex,,,multi constraint
USC financial aid,advisor,cost_financial_aid,medium,,,cost aid
Harvard financial aid,advisor,cost_financial_aid,medium,,,cost aid
api access for college partners,college_b2b,b2b_partnership,llm_needed,,,B2B
location for Cornell,advisor,attribute_lookup,medium,,,single attribute
housing for Purdue,college_student,attribute_lookup,medium,,,single attribute
api access for college partners,college_b2b,b2b_partnership,llm_needed,,,B2B
pricing for partner universities,college_student,b2b_partnership,llm_needed,,,B2B
how can our university join the platform,college_b2b,b2b_partnership,llm_needed,,,B2B
how do i apply to University of Washington,advisor,admissions_process,medium,,,admissions
schools with collaborative culture,college_student,campus_life_fit,llm_needed,,,fit question
does UC San Diego have psychology,college_student,attribute_lookup,medium,,,single attribute
schools with high internship placement rates,advisor,career_outcomes,medium,,,career outcomes
api access for college partners,college_b2b,b2b_partnership,llm_needed,,,B2B
request demo for admissions office,college_b2b,b2b_partnership,llm_needed,,,B2B
small electrical engineering colleges in the Midwest low tuition,parent,multi_constraint,complex,,,multi constraint
best economics schools near a tech hub,parent,filtered_search,medium,,,filter search
colleges in the Midwest under 20k with strong research,counselor_teacher,multi_constraint,complex,,,multi constraint
Georgia Tech job placement for economics,counselor_teacher,career_outcomes,medium,,,career outcomes
Penn State application deadlines,advisor,admissions_process,medium,,,admissions
harvard but less stressful,college_student,rewrite_needed,complex,,,rewrite needed
do i need sat for Georgia Tech,parent,admissions_process,medium, ,,admissions
affordable engineering schools in warm states with good internships,advisor,multi_constraint,complex,,,multi constraint
best colleges for biology job outcomes,parent,career_outcomes,medium,,,career outcomes
recommend large colleges in Texas for economics,college_student,recommendation,complex,,,recommendation
do i need sat for University of Washington,college_student,admissions_process,medium,,,admissions
what schools should i apply to for architecture,counselor_teacher,recommendation,complex,,,recommendation
colleges in California,advisor,filtered_search,medium,,,filter search
colleges with low stress environment,parent,campus_life_fit,llm_needed,,,fit question
Rice University application deadlines,counselor_teacher,admissions_process,medium,,,admissions
Columbia but cheaper,college_student,rewrite_needed,complex,,,rewrite needed
api access for college partners,college_b2b,b2b_partnership,llm_needed,,,B2B
pricing for partner universities,college_b2b,b2b_partnership,llm_needed,,,B2B
colleges near Chicago,advisor,filtered_search,medium,,,filter search
how can our university join the platform,college_b2b,b2b_partnership,llm_needed,,,B2B
best aerospace engineering schools near Chicago,counselor_teacher,filtered_search,medium,,,filter search
request demo for admissions office,college_b2b,b2b_partnership,llm_needed,,,B2B
Carnegie Mellon application deadlines,advisor,admissions_process,medium,,,admissions
medium-sized nursing colleges near the beach under 30k,parent,multi_constraint,complex,,,multi constraint
harvard but less stressful,parent,rewrite_needed,complex,,,rewrite needed
schools like UT Austin but cheaper,parent,recommendation,complex,,,recommendation
recommend medium-sized colleges in Texas for architecture,college_student,recommendation,complex,,,recommendation
request demo for admissions office,counselor_teacher,b2b_partnership,llm_needed,,,B2B
harvard but less stressful,advisor,rewrite_needed,complex,,,rewrite needed
UC San Diego acceptance rate,college_student,attribute_lookup,medium,,,single attribute