Query,Persona,Intent,Complexity,Entities,Route,Notes
colleges with block scheduling systems,highschool student,attribute_lookup,medium,"block scheduling, academic calendar, college",academic_policy_info,academic policy
schools with strong actuarial science programs,highschool student,attribute_lookup,medium,"actuarial science, programs, school",academic_program_info,program lookup
universities with free printing for students,highschool student,attribute_lookup,short_circuit,"printing, free, campus services, university",campus_services_info,campus perks
colleges with strong supply chain management programs,highschool student,attribute_lookup,medium,"supply chain management, programs, college",academic_program_info,program lookup
schools with campus beekeeping programs,highschool student,attribute_lookup,short_circuit,"beekeeping, campus, clubs, school",campus_services_info,quirky campus feature
universities with research in quantum computing,highschool student,attribute_lookup,complex,"quantum computing, research, undergraduate, university",academic_program_info,research focus
colleges with student-run legal clinics,highschool student,attribute_lookup,medium,"student-run, legal clinics, clubs, college",campus_services_info,extracurricular
schools with strong data analytics programs,highschool student,attribute_lookup,medium,"data analytics, programs, school",academic_program_info,program lookup
universities with low commuter student populations,highschool student,attribute_lookup,medium,"commuter students, low, campus culture, university",college_search,campus culture
colleges with on-campus childcare for student parents,highschool student,attribute_lookup,short_circuit,"childcare, on-campus, student parents, college",campus_services_info,campus support
schools with strong aerospace engineering programs,highschool student,attribute_lookup,medium,"aerospace engineering, programs, school",academic_program_info,program lookup
universities with open courseware or free online resources,highschool student,attribute_lookup,short_circuit,"open courseware, free resources, online, university",campus_services_info,campus perks
colleges with student-run law review journals,highschool student,attribute_lookup,medium,"student-run, law review, journals, clubs, college",campus_services_info,extracurricular
schools with high retention rates for sophomores,highschool student,attribute_lookup,medium,"retention rate, sophomores, high, school",college_search,outcomes
universities with strong international relations programs,highschool student,attribute_lookup,medium,"international relations, programs, university",academic_program_info,program lookup
colleges with campus food pantries,highschool student,attribute_lookup,short_circuit,"food pantry, campus, college",campus_services_info,campus support
schools with active veterans support programs,highschool student,attribute_lookup,medium,"veterans, support programs, services, school",campus_services_info,student support
universities with research in materials science,highschool student,attribute_lookup,complex,"materials science, research, undergraduate, university",academic_program_info,research focus
colleges with student-run investment funds,highschool student,attribute_lookup,medium,"student-run, investment funds, clubs, college",campus_services_info,extracurricular
schools with strong game design programs,highschool student,attribute_lookup,medium,"game design, programs, school",academic_program_info,program lookup
universities with campus 3D printing labs,highschool student,attribute_lookup,short_circuit,"3D printing, labs, campus, university",campus_services_info,facilities
colleges with strong human resources programs,highschool student,attribute_lookup,medium,"human resources, programs, college",academic_program_info,program lookup
schools with on-campus recording studios,highschool student,attribute_lookup,short_circuit,"recording studios, on-campus, facilities, school",campus_services_info,facilities
universities with free museum access for students,highschool student,attribute_lookup,short_circuit,"museum access, free, students, university",campus_services_info,campus perks
colleges with active astronomy clubs,highschool student,attribute_lookup,medium,"astronomy, clubs, student organizations, college",campus_services_info,extracurricular
schools with strong forensic science programs,highschool student,attribute_lookup,medium,"forensic science, programs, school",academic_program_info,program lookup
universities with student-run podcasts,highschool student,attribute_lookup,short_circuit,"student-run, podcasts, clubs, university",campus_services_info,extracurricular
colleges with strong sports medicine programs,highschool student,attribute_lookup,medium,"sports medicine, programs, college",academic_program_info,program lookup
schools with diverse faculty representation,highschool student,filtered_search,medium,"diversity, faculty, representation, school",college_search,campus culture
universities near major medical centers,highschool student,filtered_search,medium,"location, medical centers, nearby, university",college_search,location filter
colleges with strong religious studies programs,highschool student,attribute_lookup,medium,"religious studies, programs, college",academic_program_info,program lookup
schools with guaranteed merit scholarships,highschool student,attribute_lookup,medium,"merit scholarships, guaranteed, school",financial_aid_advising,financial info
universities with undergraduate patent opportunities,highschool student,attribute_lookup,complex,"undergraduate research, patents, IP, university",academic_program_info,research access
colleges with student-run food trucks,highschool student,attribute_lookup,short_circuit,"student-run, food trucks, campus, college",campus_services_info,quirky campus feature
schools with strong geoscience programs,highschool student,attribute_lookup,medium,"geoscience, programs, school",academic_program_info,program lookup
universities with campus escape rooms or game rooms,highschool student,attribute_lookup,short_circuit,"escape rooms, game rooms, campus, university",campus_services_info,campus vibe
colleges with strong occupational therapy programs,highschool student,attribute_lookup,medium,"occupational therapy, programs, college",academic_program_info,program lookup
schools with strong sports analytics programs,highschool student,attribute_lookup,medium,"sports analytics, programs, school",academic_program_info,program lookup
universities with campuses near rivers or lakes,highschool student,filtered_search,medium,"location, rivers, lakes, campus, university",college_search,location + lifestyle
colleges where students can self-design their major,highschool student,attribute_lookup,complex,"self-designed major, flexible curriculum, college",academic_advising,academic flexibility
schools with strong renewable energy research,highschool student,attribute_lookup,complex,"renewable energy, research, undergraduate, school",academic_program_info,research focus
universities with free or subsidized health clinics,highschool student,attribute_lookup,short_circuit,"health clinics, free, subsidized, campus, university",campus_services_info,campus support
colleges with strong theater education programs,highschool student,attribute_lookup,medium,"theater education, programs, college",academic_program_info,program lookup
schools with campus solar energy initiatives,highschool student,attribute_lookup,short_circuit,"solar energy, sustainability, initiatives, campus, school",campus_services_info,campus culture
universities with low international student fees,highschool student,attribute_lookup,medium,"international student fees, low, tuition, university",financial_aid_advising,financial info
colleges with student-run YouTube channels,highschool student,attribute_lookup,short_circuit,"student-run, YouTube, media, clubs, college",campus_services_info,extracurricular
schools with strong kinesiology programs,highschool student,attribute_lookup,medium,"kinesiology, programs, school",academic_program_info,program lookup
universities with evening or weekend classes,highschool student,attribute_lookup,medium,"evening classes, weekend classes, schedule, university",academic_policy_info,schedule preference
colleges with strong digital marketing programs,highschool student,attribute_lookup,medium,"digital marketing, programs, college",academic_program_info,program lookup
schools with active wildlife conservation clubs,highschool student,attribute_lookup,medium,"wildlife conservation, clubs, student organizations, school",campus_services_info,extracurricular
universities with access to live music venues nearby,highschool student,filtered_search,medium,"live music, venues, location, nearby, university",college_search,location + lifestyle
colleges with strong Islamic or Middle Eastern studies programs,highschool student,attribute_lookup,medium,"Islamic studies, Middle Eastern studies, programs, college",academic_program_info,program lookup
schools with campus butterfly gardens,highschool student,attribute_lookup,short_circuit,"butterfly gardens, campus, school",campus_services_info,unique campus feature
universities with high Fulbright scholarship winners,highschool student,attribute_lookup,complex,"Fulbright scholarship, winners, outcomes, university",college_search,academic outcomes
colleges with strong education certification programs,highschool student,attribute_lookup,medium,"education certification, programs, college",academic_program_info,program lookup
schools with active disability support services,highschool student,attribute_lookup,medium,"disability support, services, accessibility, school",campus_services_info,student support
universities with research in genetic engineering,highschool student,attribute_lookup,complex,"genetic engineering, research, undergraduate, university",academic_program_info,research focus
colleges with student-run escape rooms,highschool student,attribute_lookup,short_circuit,"student-run, escape rooms, clubs, college",campus_services_info,quirky extracurricular
schools with strong criminology programs,highschool student,attribute_lookup,medium,"criminology, programs, school",academic_program_info,program lookup
universities with campus organic gardens,highschool student,attribute_lookup,short_circuit,"organic gardens, campus, sustainability, university",campus_services_info,unique campus feature
colleges with active peer academic coaching,highschool student,attribute_lookup,medium,"peer-led tutoring, programs, academic coaching, college",campus_services_info,academic support
schools with strong bioethics programs,highschool student,multi_constraint,complex,"bioethics, programs, interdisciplinary, school",academic_program_info,program combo
universities with campuses near art districts,highschool student,filtered_search,medium,"art districts, location, campus, university",college_search,location filter
colleges with free or subsidized transportation to airports,highschool student,attribute_lookup,short_circuit,"transportation, airports, shuttle, free, college",campus_services_info,campus perks
schools with student-run consulting groups,highschool student,attribute_lookup,medium,"student-run, consulting, groups, clubs, school",campus_services_info,extracurricular
universities with strong applied math programs,highschool student,attribute_lookup,medium,"applied math, programs, university",academic_program_info,program lookup
colleges with study-abroad programs in Asia,highschool student,filtered_search,complex,"study abroad, Asia, programs, college",study_abroad_advising,program + abroad
schools with active science olympiad alumni communities,highschool student,attribute_lookup,medium,"science olympiad, alumni, clubs, student organizations, school",campus_services_info,extracurricular
universities with strong public policy programs,highschool student,attribute_lookup,medium,"public policy, programs, university",academic_program_info,program lookup
colleges with student-run sustainability reports,highschool student,attribute_lookup,medium,"sustainability, student-led, initiatives, clubs, college",campus_services_info,campus culture
schools with strong industrial engineering programs,highschool student,attribute_lookup,medium,"industrial engineering, programs, school",academic_program_info,program lookup
universities with undergraduate access to particle accelerators,highschool student,attribute_lookup,complex,"particle accelerators, undergraduate research, facilities, university",academic_program_info,facilities
colleges with frequent career networking events,highschool student,attribute_lookup,medium,"career networking, events, career center, college",campus_services_info,career programs
schools with strong clinical psychology programs,highschool student,attribute_lookup,medium,"clinical psychology, programs, school",academic_program_info,program lookup
universities with on-campus startup offices,highschool student,attribute_lookup,medium,"entrepreneurship, programs, startup, on-campus, university",campus_services_info,entrepreneurship
colleges with strong data privacy or cybersecurity law tracks,highschool student,multi_constraint,complex,"cybersecurity, programs, data privacy, law, college",academic_program_info,program combo
schools with campus zip lines or adventure courses,highschool student,attribute_lookup,short_circuit,"zip lines, adventure courses, campus, school",campus_services_info,unique campus feature
universities with strong business analytics programs,highschool student,attribute_lookup,medium,"business analytics, programs, university",academic_program_info,program lookup
colleges with active interfaith student groups,highschool student,attribute_lookup,medium,"interfaith, student organizations, clubs, college",campus_services_info,campus culture
schools with high percentage of students doing internships,highschool student,attribute_lookup,medium,"internship, placement rate, school",college_search,career outcomes
universities with student-run magazine publications,highschool student,attribute_lookup,short_circuit,"student-run, magazine, publications, clubs, university",campus_services_info,extracurricular
colleges with strong software engineering programs,highschool student,attribute_lookup,medium,"software engineering, programs, college",academic_program_info,program lookup
schools near historic downtown areas,highschool student,filtered_search,medium,"location, historic downtown, nearby, school",college_search,location filter
universities with campus mindfulness apps or tech tools,highschool student,attribute_lookup,medium,"mindfulness, wellness, apps, tech tools, university",campus_services_info,wellness
colleges with strong Italian or French language programs,highschool student,attribute_lookup,medium,"Italian, French, language programs, college",academic_program_info,program lookup
schools with robust study skills workshops,highschool student,attribute_lookup,medium,"study skills, workshops, academic support, school",campus_services_info,academic support
universities with research in climate change,highschool student,attribute_lookup,complex,"climate change, research, undergraduate, university",academic_program_info,research focus
colleges with active Black student unions,highschool student,attribute_lookup,medium,"Black student union, clubs, student organizations, college",campus_services_info,campus culture
schools with strong public administration programs,highschool student,attribute_lookup,medium,"public administration, programs, school",academic_program_info,program lookup
universities with dual degree programs in law and business,highschool student,multi_constraint,complex,"double major, flexible, law, business, dual degree, university",academic_program_info,program combo
colleges with campus amphitheaters for events,highschool student,attribute_lookup,short_circuit,"amphitheater, events, campus, facilities, college",campus_services_info,facilities
schools with strong animation or digital arts programs,highschool student,attribute_lookup,medium,"animation, digital arts, programs, school",academic_program_info,program lookup
universities with low-cost graduate bridge programs,highschool student,attribute_lookup,medium,"graduate bridge programs, low-cost, university",academic_policy_info,academic policy
colleges with active pre-dental clubs,highschool student,attribute_lookup,medium,"pre-dental, clubs, student organizations, college",campus_services_info,extracurricular
schools with strong classical studies programs,highschool student,attribute_lookup,medium,"classical studies, programs, school",academic_program_info,program lookup
universities with student-led social justice organizations,highschool student,attribute_lookup,medium,"social justice, student-led, clubs, organizations, university",campus_services_info,campus culture
colleges with campus wellness retreats,highschool student,attribute_lookup,medium,"wellness, retreats, campus, college",campus_services_info,wellness
schools with strong physical therapy programs,highschool student,attribute_lookup,medium,"physical therapy, programs, school",academic_program_info,program lookup
universities with student-run investment competitions,highschool student,attribute_lookup,medium,"investment clubs, student-run, competitions, university",campus_services_info,extracurricular
colleges with campus Wi-Fi available everywhere outdoors,highschool student,attribute_lookup,short_circuit,"Wi-Fi, outdoor, campus, college",campus_services_info,campus perks
schools with strong East Asian studies programs,highschool student,attribute_lookup,medium,"East Asian studies, programs, school",academic_program_info,program lookup
universities where professors are accessible outside class,highschool student,emotional_advisory,llm_needed,"faculty, accessible, office hours, university",college_search,faculty culture
colleges with student-run sustainability gardens,highschool student,attribute_lookup,medium,"sustainability, student-led, gardens, initiatives, college",campus_services_info,campus culture
schools with strong healthcare administration programs,highschool student,attribute_lookup,medium,"healthcare administration, programs, school",academic_program_info,program lookup
universities with active campus cycling communities,highschool student,attribute_lookup,medium,"cycling, clubs, student organizations, campus, university",campus_services_info,campus culture
colleges with strong operations research programs,highschool student,attribute_lookup,medium,"operations research, programs, college",academic_program_info,program lookup
schools with vibrant campus festival traditions,highschool student,filtered_search,llm_needed,"campus culture, festivals, traditions, school",college_search,campus culture
universities with research in oceanography,highschool student,attribute_lookup,medium,"oceanography, research, undergraduate, university",academic_program_info,research focus
colleges with strong computational linguistics programs,highschool student,multi_constraint,complex,"computational linguistics, programs, CS, linguistics, college",academic_program_info,program combo
schools with easy access to student health insurance,highschool student,attribute_lookup,short_circuit,"health insurance, student, access, school",campus_services_info,campus support
universities with strong epidemiology programs,highschool student,attribute_lookup,medium,"epidemiology, programs, university",academic_program_info,program lookup
colleges with student-run social media accounts with large followings,highschool student,attribute_lookup,short_circuit,"student-run, social media, campus culture, college",campus_services_info,campus vibe
schools with strong forensic accounting programs,highschool student,attribute_lookup,medium,"forensic accounting, programs, school",academic_program_info,program lookup
universities with active pre-pharmacy clubs,highschool student,attribute_lookup,medium,"pre-pharmacy, clubs, student organizations, university",campus_services_info,extracurricular
colleges near professional sports stadiums,highschool student,filtered_search,medium,"location, professional sports, stadiums, college",college_search,location + lifestyle
schools with study rooms available 24/7,highschool student,attribute_lookup,short_circuit,"study rooms, 24/7, facilities, school",campus_services_info,facilities
universities with strong comparative literature programs,highschool student,attribute_lookup,medium,"comparative literature, programs, university",academic_program_info,program lookup
colleges with strong digital humanities programs,highschool student,multi_constraint,complex,"digital humanities, programs, humanities, STEM, balance, college",academic_program_info,program combo
schools where students can audit classes for free,highschool student,attribute_lookup,medium,"audit, classes, free, academic policy, school",academic_policy_info,academic flexibility
universities with access to legal aid clinics,highschool student,attribute_lookup,medium,"legal aid, clinics, campus services, university",campus_services_info,campus support
colleges with student-run interior design clubs,highschool student,attribute_lookup,short_circuit,"interior design, clubs, student organizations, college",campus_services_info,extracurricular
schools with strong sports nutrition programs,highschool student,multi_constraint,complex,"sports nutrition, programs, nutrition, athletics, school",academic_program_info,program combo
universities with campus housing for international students,highschool student,attribute_lookup,medium,"housing, international students, campus, university",housing_advising,student support
colleges with strong military science programs,highschool student,attribute_lookup,medium,"military science, ROTC, programs, college",academic_program_info,program lookup
schools near national research institutions,highschool student,filtered_search,complex,"location, research institutions, nearby, school",college_search,location + research
universities with active cross-cultural dialogue programs,highschool student,attribute_lookup,medium,"cross-cultural, dialogue, clubs, student organizations, university",campus_services_info,campus culture
colleges with student-run tech repair services,highschool student,attribute_lookup,short_circuit,"tech repair, student-run, services, college",campus_services_info,extracurricular
schools with strong supply chain analytics programs,highschool student,multi_constraint,complex,"supply chain, analytics, programs, interdisciplinary, school",academic_program_info,program combo
universities with campus dark sky observatories,highschool student,attribute_lookup,short_circuit,"dark sky, observatories, campus, university",campus_services_info,unique campus feature
colleges with students who feel a strong sense of belonging,highschool student,emotional_advisory,llm_needed,"campus culture, belonging, student experience, college",college_search,campus culture
schools with strong translation or interpretation programs,highschool student,attribute_lookup,medium,"translation, interpretation, programs, school",academic_program_info,program lookup
universities with active peer wellness advocates,highschool student,attribute_lookup,medium,"peer wellness, advocates, programs, university",campus_services_info,wellness
colleges with campus zip-code diversity,highschool student,filtered_search,medium,"diversity, student body, zip-code, demographics, college",college_search,campus culture
schools with strong social entrepreneurship programs,highschool student,multi_constraint,complex,"entrepreneurship, programs, social impact, school",academic_program_info,program combo
universities with student-run financial literacy workshops,highschool student,attribute_lookup,medium,"financial literacy, workshops, student-run, university",campus_services_info,extracurricular
colleges where students feel safe reporting issues,highschool student,emotional_advisory,llm_needed,"campus safety, reporting, student experience, college",college_search,campus safety
schools with strong marine engineering programs,highschool student,attribute_lookup,medium,"marine engineering, programs, school",academic_program_info,program lookup
universities with student-run cultural radio programs,highschool student,attribute_lookup,short_circuit,"cultural radio, student-run, clubs, university",campus_services_info,extracurricular
colleges with free or subsidized legal services for students,highschool student,attribute_lookup,medium,"legal services, free, subsidized, campus, college",campus_services_info,campus support
schools with strong sports broadcasting programs,highschool student,attribute_lookup,medium,"sports broadcasting, programs, school",academic_program_info,program lookup
universities with undergraduate course design opportunities,highschool student,attribute_lookup,complex,"course design, undergraduate, academic options, university",academic_policy_info,academic options
colleges with student-run architecture studios,highschool student,attribute_lookup,medium,"architecture, student-run, studios, clubs, college",campus_services_info,extracurricular
schools with active food justice or nutrition advocacy clubs,highschool student,attribute_lookup,medium,"food justice, nutrition, advocacy, clubs, school",campus_services_info,extracurricular
universities with research in atmospheric science,highschool student,attribute_lookup,medium,"atmospheric science, research, undergraduate, university",academic_program_info,research focus
colleges with strong biostatistics programs,highschool student,attribute_lookup,medium,"biostatistics, programs, college",academic_program_info,program lookup
schools with student-led orientation programs,highschool student,attribute_lookup,medium,"orientation, student-led, programs, school",campus_services_info,student support
universities with access to simulation labs for pre-health students,highschool student,attribute_lookup,complex,"simulation labs, pre-health, facilities, university",campus_services_info,facilities
colleges with strong oral communication programs,highschool student,attribute_lookup,medium,"oral communication, programs, college",academic_program_info,program lookup
schools with strong digital journalism programs,highschool student,attribute_lookup,medium,"digital journalism, programs, school",academic_program_info,program lookup
universities with student-run online magazines,highschool student,attribute_lookup,short_circuit,"student-run, online magazines, clubs, university",campus_services_info,extracurricular
colleges with campus urban farms,highschool student,attribute_lookup,short_circuit,"urban farms, campus, sustainability, college",campus_services_info,quirky campus feature
schools with strong healthcare IT programs,highschool student,multi_constraint,complex,"healthcare IT, programs, health, informatics, school",academic_program_info,program combo
universities with active Habitat for Humanity chapters,highschool student,attribute_lookup,medium,"Habitat for Humanity, community service, clubs, university",campus_services_info,community
colleges with strong interdisciplinary science programs,highschool student,multi_constraint,complex,"interdisciplinary, science, programs, humanities, STEM, balance, college",academic_program_info,program combo
schools with student government with real budget control,highschool student,attribute_lookup,medium,"student government, budget, student-led, school",campus_services_info,campus culture
universities with active pre-optometry clubs,highschool student,attribute_lookup,medium,"pre-optometry, clubs, student organizations, university",campus_services_info,extracurricular
colleges with campus sustainability certifications,highschool student,attribute_lookup,medium,"sustainability, certifications, campus, college",campus_services_info,campus culture
schools with strong ethnomusicology programs,highschool student,attribute_lookup,medium,"ethnomusicology, programs, school",academic_program_info,program lookup
universities with undergraduate research in stem cell biology,highschool student,attribute_lookup,complex,"stem cell biology, undergraduate research, university",academic_program_info,research focus
colleges with student-run charity auctions,highschool student,attribute_lookup,medium,"charity auctions, student-run, clubs, college",campus_services_info,extracurricular
schools with strong Japanese or Korean language programs,highschool student,attribute_lookup,medium,"Japanese, Korean, language programs, school",academic_program_info,program lookup
universities with campus emergency medical services run by students,highschool student,attribute_lookup,medium,"emergency medical services, student-run, campus, university",campus_services_info,campus safety
colleges with research opportunities in education policy,highschool student,attribute_lookup,medium,"education policy, research, undergraduate, college",academic_program_info,research focus
schools with strong health informatics programs,highschool student,multi_constraint,complex,"health informatics, programs, health, IT, school",academic_program_info,program combo
universities with campuses in college towns with low cost of living,highschool student,filtered_search,llm_needed,"location, college town, low cost of living, university",college_search,location + financial
colleges with strong Native American or Indigenous studies programs,highschool student,attribute_lookup,medium,"Native American studies, Indigenous studies, programs, college",academic_program_info,program lookup
schools with active intramural esports leagues,highschool student,attribute_lookup,medium,"esports, intramural, clubs, student organizations, school",campus_services_info,extracurricular
universities with strong conflict resolution programs,highschool student,attribute_lookup,medium,"conflict resolution, programs, university",academic_program_info,program lookup
colleges with campus tool lending libraries,highschool student,attribute_lookup,short_circuit,"tool lending, library, campus, college",campus_services_info,quirky campus feature
schools with strong theater management programs,highschool student,multi_constraint,complex,"theater management, programs, arts, management, school",academic_program_info,program combo
universities with high numbers of NSF fellowship winners,highschool student,attribute_lookup,complex,"NSF fellowship, winners, outcomes, university",college_search,academic outcomes
colleges with student-run consulting for local nonprofits,highschool student,attribute_lookup,medium,"student-run, consulting, nonprofits, clubs, college",campus_services_info,extracurricular
schools with flexible honors thesis options,highschool student,attribute_lookup,medium,"honors program, low-stress, thesis, flexible, school",academic_advising,academic flexibility
universities with active Students Without Borders chapters,highschool student,attribute_lookup,medium,"Students Without Borders, community service, clubs, university",campus_services_info,community
colleges with strong museum studies programs,highschool student,attribute_lookup,medium,"museum studies, programs, college",academic_program_info,program lookup
schools with campus meditation instructors on staff,highschool student,attribute_lookup,short_circuit,"meditation, wellness, instructors, campus, school",campus_services_info,wellness
universities with undergraduate certificate programs,highschool student,attribute_lookup,medium,"certificate programs, undergraduate, academic policy, university",academic_policy_info,academic flexibility
colleges with campus-wide laptop loaner programs,highschool student,attribute_lookup,short_circuit,"laptop loaner, campus, services, college",campus_services_info,campus perks
schools with active Amnesty International chapters,highschool student,attribute_lookup,medium,"Amnesty International, clubs, student organizations, school",campus_services_info,campus culture
universities with research in human-computer interaction,highschool student,attribute_lookup,complex,"human-computer interaction, research, undergraduate, university",academic_program_info,research focus
colleges with strong Africana studies programs,highschool student,attribute_lookup,medium,"Africana studies, programs, college",academic_program_info,program lookup
schools with outdoor experiential learning programs,highschool student,attribute_lookup,medium,"outdoor, experiential learning, programs, school",academic_program_info,campus culture
universities with strong health psychology programs,highschool student,multi_constraint,complex,"health psychology, programs, health, psychology, university",academic_program_info,program combo
colleges with student-run bookstores,highschool student,attribute_lookup,short_circuit,"student-run, bookstores, campus, college",campus_services_info,quirky campus feature
schools with strong bioinformatics programs,highschool student,attribute_lookup,complex,"bioinformatics, programs, school",academic_program_info,program lookup
universities with on-campus entrepreneurship workshops for freshmen,highschool student,multi_constraint,complex,"entrepreneurship, programs, freshmen, workshops, university",academic_program_info,program combo
colleges with active anti-hunger student initiatives,highschool student,attribute_lookup,medium,"anti-hunger, community service, student-led, initiatives, college",campus_services_info,community
schools with strong agricultural economics programs,highschool student,attribute_lookup,medium,"agricultural economics, programs, school",academic_program_info,program lookup
universities with campuses in walkable cities,highschool student,filtered_search,medium,"location, walkable, cities, campus, university",college_search,location filter
colleges where students can take graduate-level classes,highschool student,attribute_lookup,complex,"graduate-level classes, undergraduate, academic policy, college",academic_policy_info,academic flexibility
schools with strong library science programs,highschool student,attribute_lookup,medium,"library science, programs, school",academic_program_info,program lookup
universities with student-run sustainability audits,highschool student,attribute_lookup,medium,"sustainability, student-led, audits, initiatives, university",campus_services_info,campus culture
colleges with active pro-bono student legal organizations,highschool student,attribute_lookup,medium,"pro-bono, legal, student organizations, clubs, college",campus_services_info,extracurricular
schools with strong classical music performance programs,highschool student,attribute_lookup,medium,"classical music, performance, programs, school",academic_program_info,program lookup
universities with research in nuclear energy,highschool student,attribute_lookup,complex,"nuclear energy, research, undergraduate, university",academic_program_info,research focus
colleges with on-campus telehealth resources,highschool student,attribute_lookup,medium,"telehealth, campus, health services, college",campus_services_info,campus support
schools with strong arts administration programs,highschool student,multi_constraint,complex,"arts administration, programs, arts, management, school",academic_program_info,program combo
universities with large student entrepreneurship funds,highschool student,attribute_lookup,medium,"entrepreneurship, programs, funding, university",campus_services_info,entrepreneurship
colleges with active Greek life but also strong independent social scene,highschool student,multi_constraint,llm_needed,"Greek life, social scene, campus culture, college",college_search,campus culture
schools with strong speech pathology programs,highschool student,attribute_lookup,medium,"speech pathology, programs, school",academic_program_info,program lookup
universities where most students stay on campus on weekends,highschool student,filtered_search,llm_needed,"campus culture, weekends, residential, university",college_search,campus culture
colleges with strong urban agriculture programs,highschool student,multi_constraint,complex,"urban agriculture, programs, sustainability, college",academic_program_info,program combo
schools with student-run financial advising services,highschool student,attribute_lookup,medium,"financial literacy, student-run, advising, services, school",campus_services_info,extracurricular
universities with active competitive math teams,highschool student,attribute_lookup,medium,"math, competitive, clubs, student organizations, university",campus_services_info,extracurricular
colleges with strong sports journalism programs,highschool student,multi_constraint,complex,"sports journalism, programs, sports, media, college",academic_program_info,program combo
schools with student-run community health fairs,highschool student,attribute_lookup,medium,"community service, health fairs, student-run, school",campus_services_info,community
universities with campus wildlife sanctuaries,highschool student,attribute_lookup,short_circuit,"wildlife sanctuaries, campus, university",campus_services_info,unique campus feature
colleges with strong construction management programs,highschool student,attribute_lookup,medium,"construction management, programs, college",academic_program_info,program lookup
schools with active competitive chess teams,highschool student,attribute_lookup,medium,"chess, competitive, clubs, student organizations, school",campus_services_info,extracurricular
universities with low percentage of adjunct faculty,highschool student,attribute_lookup,medium,"adjunct faculty, low, student-to-faculty ratio, university",college_search,academic quality
colleges with strong cognitive behavioral therapy training,highschool student,attribute_lookup,complex,"cognitive behavioral therapy, CBT, programs, college",academic_program_info,program lookup
schools with campus ambassador programs,highschool student,attribute_lookup,medium,"campus ambassadors, student organizations, clubs, school",campus_services_info,campus culture
universities with active cycling or triathlon clubs,highschool student,attribute_lookup,medium,"cycling, triathlon, clubs, student organizations, university",campus_services_info,extracurricular
colleges with strong emergency management programs,highschool student,attribute_lookup,medium,"emergency management, programs, college",academic_program_info,program lookup
schools with active anti-racism student task forces,highschool student,attribute_lookup,medium,"anti-racism, diversity, student organizations, clubs, school",campus_services_info,campus culture
universities with research in biophysics,highschool student,attribute_lookup,complex,"biophysics, research, undergraduate, university",academic_program_info,research focus
colleges with strong intelligence studies programs,highschool student,attribute_lookup,medium,"intelligence studies, programs, college",academic_program_info,program lookup
schools with on-campus student tech startups,highschool student,attribute_lookup,medium,"tech startups, entrepreneurship, on-campus, school",campus_services_info,entrepreneurship
universities with active wildlife photography clubs,highschool student,attribute_lookup,medium,"wildlife photography, clubs, student organizations, university",campus_services_info,extracurricular
colleges with strong natural language processing research,highschool student,attribute_lookup,complex,"natural language processing, AI research, undergraduate, college",academic_program_info,research focus
schools near vibrant nightlife but still academically focused,highschool student,multi_constraint,llm_needed,"location, nightlife, campus culture, academic, school",college_search,location + campus culture
universities with student-run crisis counseling hotlines,highschool student,attribute_lookup,medium,"mental health, counseling, student-run, campus, university",campus_services_info,campus support
colleges with strong exercise science programs,highschool student,attribute_lookup,medium,"exercise science, programs, college",academic_program_info,program lookup
schools with high diversity in computer science majors,highschool student,filtered_search,medium,"diversity, student body, computer science, underrepresented groups, STEM, school",college_search,campus culture
universities with student-led mental health destigmatization campaigns,highschool student,attribute_lookup,medium,"mental health, counseling, student-led, campaigns, university",campus_services_info,wellness
colleges with strong wine and viticulture programs,highschool student,attribute_lookup,medium,"wine, viticulture, programs, college",academic_program_info,program lookup
schools with competitive spirit but collaborative classroom culture,highschool student,emotional_advisory,llm_needed,"campus culture, collaborative, competitive, school",college_search,campus culture
universities with active trivia or academic quiz bowl teams,highschool student,attribute_lookup,medium,"trivia, quiz bowl, clubs, student organizations, university",campus_services_info,extracurricular
colleges with strong landscape architecture programs,highschool student,attribute_lookup,medium,"landscape architecture, programs, college",academic_program_info,program lookup
schools with free student access to career aptitude assessments,highschool student,attribute_lookup,medium,"career aptitude, assessments, free, career center, school",campus_services_info,career programs
universities with research in epigenetics,highschool student,attribute_lookup,complex,"epigenetics, research, undergraduate, university",academic_program_info,research focus
colleges with strong multimedia journalism programs,highschool student,attribute_lookup,medium,"multimedia journalism, programs, college",academic_program_info,program lookup
schools with campus cultural centers for multiple groups,highschool student,attribute_lookup,medium,"cultural centers, diversity, student body, campus, school",campus_services_info,campus culture
universities where students collaborate heavily across disciplines,highschool student,filtered_search,llm_needed,"interdisciplinary, collaboration, campus culture, university",college_search,campus culture
colleges with strong nautical science or maritime programs,highschool student,attribute_lookup,medium,"nautical science, maritime, programs, college",academic_program_info,program lookup
schools with student-run campus tours,highschool student,attribute_lookup,short_circuit,"campus tours, student-run, school",campus_services_info,campus culture
universities with flexible credit transfer policies,highschool student,attribute_lookup,medium,"credit transfer, flexible, academic policy, university",transfer_advising,academic flexibility
colleges with strong Jewish studies programs,highschool student,attribute_lookup,medium,"Jewish studies, programs, college",academic_program_info,program lookup
schools with on-campus virtual reality labs,highschool student,attribute_lookup,medium,"virtual reality, VR, labs, STEM labs, facilities, school",campus_services_info,facilities
universities with student-run environmental law organizations,highschool student,attribute_lookup,medium,"environmental law, student-run, organizations, clubs, university",campus_services_info,extracurricular
colleges with strong comedy writing programs,highschool student,attribute_lookup,medium,"comedy writing, programs, college",academic_program_info,program lookup
schools with active DECA or business competition alumni,highschool student,attribute_lookup,medium,"DECA, business competition, alumni network, clubs, school",campus_services_info,extracurricular
universities with high rates of students going to top grad schools,highschool student,attribute_lookup,complex,"graduation rate, high, grad school, outcomes, university",college_search,academic outcomes
colleges with strong biotechnology regulatory programs,highschool student,multi_constraint,complex,"biotechnology, regulatory, programs, biotech, college",academic_program_info,program combo
schools with active running or track clubs,highschool student,attribute_lookup,medium,"running, track, clubs, student organizations, school",campus_services_info,extracurricular
universities near state capitals for policy internships,highschool student,filtered_search,complex,"location, state capitals, policy, internship, university",college_search,location + career
colleges with strong Middle Eastern languages programs,highschool student,attribute_lookup,medium,"Middle Eastern languages, programs, college",academic_program_info,program lookup
schools with student-run data analytics competitions,highschool student,attribute_lookup,medium,"data analytics, student-run, competitions, clubs, school",campus_services_info,extracurricular
universities with access to unique geological field sites,highschool student,attribute_lookup,medium,"geological field sites, STEM labs, facilities, university",campus_services_info,facilities
colleges with strong pre-physical therapy programs,highschool student,attribute_lookup,medium,"pre-physical therapy, programs, pre-med, advising, college",academic_program_info,program lookup
schools with student financial hardship emergency funds,highschool student,attribute_lookup,short_circuit,"financial aid, emergency funds, hardship, school",financial_aid_advising,campus support
universities with active Students for Clean Energy chapters,highschool student,attribute_lookup,medium,"clean energy, sustainability, student-led, clubs, university",campus_services_info,campus culture
colleges with strong mathematical biology programs,highschool student,multi_constraint,complex,"mathematical biology, programs, math, biology, college",academic_program_info,program combo
schools with campus-wide culture of attending lectures and talks,highschool student,filtered_search,llm_needed,"campus culture, lectures, intellectual, school",college_search,campus culture
universities with research in computational neuroscience,highschool student,attribute_lookup,complex,"computational neuroscience, research, undergraduate, university",academic_program_info,research focus
colleges with strong water resource engineering programs,highschool student,attribute_lookup,medium,"water resource engineering, programs, college",academic_program_info,program lookup
schools with active culturally themed dorms,highschool student,attribute_lookup,medium,"culturally themed dorms, housing, residential, school",housing_advising,housing policy
universities with student-led applied research centers,highschool student,attribute_lookup,complex,"applied research, student-led, undergraduate research, university",academic_program_info,research access
colleges with strong international business programs,highschool student,attribute_lookup,medium,"international business, programs, study abroad, college",academic_program_info,program lookup
schools with active community engagement offices,highschool student,attribute_lookup,medium,"community service, engagement, offices, school",campus_services_info,community
universities where students can earn income through on-campus research,highschool student,attribute_lookup,complex,"research, freshmen, undergraduate, paid, income, university",academic_program_info,research access
colleges with strong Deaf studies or ASL programs,highschool student,attribute_lookup,medium,"Deaf studies, ASL, programs, college",academic_program_info,program lookup
schools with campus buddy programs for new students,highschool student,attribute_lookup,medium,"buddy programs, first-generation, support, new students, school",campus_services_info,student support
universities with research in food science and nutrition,highschool student,attribute_lookup,medium,"food science, nutrition, research, undergraduate, university",academic_program_info,research focus
colleges with strong graphic design programs,highschool student,attribute_lookup,medium,"graphic design, programs, college",academic_program_info,program lookup
schools with student-run diversity hiring initiatives,highschool student,attribute_lookup,medium,"diversity, student body, hiring, student-run, initiatives, school",campus_services_info,campus culture
universities with active campus climbing walls,highschool student,attribute_lookup,short_circuit,"climbing walls, campus, facilities, university",campus_services_info,facilities
colleges with student-run academic journals,highschool student,attribute_lookup,medium,"student-run, academic journals, clubs, college",campus_services_info,extracurricular
schools with strong Latin American studies programs,highschool student,attribute_lookup,medium,"Latin American studies, programs, school",academic_program_info,program lookup
universities with campus access to 24hr cafes or study cafes,highschool student,attribute_lookup,short_circuit,"dining, late-night, cafes, study, campus, university",campus_services_info,campus perks
colleges with strong urban ecology programs,highschool student,multi_constraint,complex,"urban ecology, programs, environment, college",academic_program_info,program combo
schools with student-run sustainability newsletters,highschool student,attribute_lookup,medium,"sustainability, student-led, newsletters, initiatives, school",campus_services_info,campus culture
universities with high satisfaction rates among first-gen students,highschool student,filtered_search,llm_needed,"first-generation, support, satisfaction, university",college_search,student support
colleges with strong library research support for undergrads,highschool student,attribute_lookup,medium,"library, research support, undergraduate, college",campus_services_info,academic support
schools with student-run architecture competitions,highschool student,attribute_lookup,medium,"architecture, student-run, competitions, clubs, school",campus_services_info,extracurricular
universities with strong medical anthropology programs,highschool student,multi_constraint,complex,"medical anthropology, programs, medicine, anthropology, university",academic_program_info,program combo
colleges with campus cooking classes or culinary programs,highschool student,attribute_lookup,medium,"cooking classes, culinary, campus, dining, college",campus_services_info,campus perks
schools with active photography clubs,highschool student,attribute_lookup,medium,"photography, clubs, student organizations, school",campus_services_info,extracurricular
universities with research in stem cell and regenerative medicine,highschool student,attribute_lookup,complex,"stem cell, regenerative medicine, research, undergraduate, university",academic_program_info,research focus
colleges with strong geopolitics or security studies programs,highschool student,attribute_lookup,medium,"geopolitics, security studies, programs, college",academic_program_info,program lookup
schools with campus innovation challenge grants for students,highschool student,attribute_lookup,medium,"innovation, entrepreneurship, programs, grants, school",campus_services_info,entrepreneurship
universities with active housing justice student organizations,highschool student,attribute_lookup,medium,"housing, justice, student organizations, clubs, university",campus_services_info,campus culture
colleges with strong Latin or Ancient Greek programs,highschool student,attribute_lookup,medium,"Latin, Ancient Greek, language programs, college",academic_program_info,program lookup
schools near vibrant immigrant communities for language immersion,highschool student,filtered_search,llm_needed,"location, immigrant communities, language, immersion, school",college_search,location + campus culture
universities with student-led science policy organizations,highschool student,attribute_lookup,medium,"science policy, student-led, organizations, clubs, university",campus_services_info,extracurricular
colleges with strong gerontology programs,highschool student,attribute_lookup,medium,"gerontology, programs, college",academic_program_info,program lookup
schools with campus maker faires or innovation showcases,highschool student,attribute_lookup,medium,"maker faire, innovation, entrepreneurship, campus, school",campus_services_info,campus culture
universities with research in advanced manufacturing,highschool student,attribute_lookup,complex,"advanced manufacturing, research, undergraduate, university",academic_program_info,research focus
colleges with on-campus emergency food resources,highschool student,attribute_lookup,short_circuit,"emergency food, campus, services, college",campus_services_info,campus support
schools with strong organizational behavior programs,highschool student,attribute_lookup,medium,"organizational behavior, programs, school",academic_program_info,program lookup
universities with active student-run investment portfolios,highschool student,attribute_lookup,complex,"investment clubs, student-run, portfolios, university",campus_services_info,extracurricular
colleges with strong photonics or optics research,highschool student,attribute_lookup,complex,"photonics, optics, research, undergraduate, college",academic_program_info,research focus
schools where faculty mentor students in independent projects,highschool student,emotional_advisory,llm_needed,"faculty, mentorship, independent projects, school",college_search,academic culture
universities with active community gardening programs,highschool student,attribute_lookup,medium,"community service, gardening, programs, university",campus_services_info,community
colleges with strong African language programs,highschool student,attribute_lookup,medium,"African language, programs, college",academic_program_info,program lookup
schools with student-run tutoring businesses,highschool student,attribute_lookup,medium,"peer-led tutoring, student-run, programs, school",campus_services_info,extracurricular
universities with research in drug discovery,highschool student,attribute_lookup,complex,"drug discovery, research, undergraduate, university",academic_program_info,research focus
colleges near rivers with active rowing teams,highschool student,filtered_search,medium,"location, rivers, rowing, clubs, college",college_search,location + extracurricular
schools with active zero waste student initiatives,highschool student,attribute_lookup,medium,"zero waste, sustainability, student-led, initiatives, school",campus_services_info,campus culture
universities with strong cognitive psychology research,highschool student,attribute_lookup,medium,"cognitive psychology, research, undergraduate, university",academic_program_info,research focus
colleges with on-campus movie theaters,highschool student,attribute_lookup,short_circuit,"movie theaters, on-campus, facilities, college",campus_services_info,unique campus feature
schools with student government controlling sustainability budgets,highschool student,multi_constraint,complex,"student government, sustainability, student-led, budget, school",campus_services_info,campus culture
universities with active Asian Pacific Islander student organizations,highschool student,attribute_lookup,medium,"Asian Pacific Islander, clubs, student organizations, university",campus_services_info,campus culture
colleges with strong sports psychology programs,highschool student,multi_constraint,complex,"sports psychology, programs, sports, psychology, college",academic_program_info,program combo
schools with strong aerospace policy programs,highschool student,multi_constraint,complex,"aerospace policy, programs, aerospace, policy, school",academic_program_info,program combo
universities with undergraduate access to high-performance computing,highschool student,attribute_lookup,complex,"high-performance computing, STEM labs, facilities, undergraduate, university",campus_services_info,facilities
colleges with active campus literary magazines,highschool student,attribute_lookup,medium,"literary magazines, clubs, student organizations, college",campus_services_info,extracurricular
schools with strong environmental law programs,highschool student,multi_constraint,complex,"environmental law, programs, environment, law, school",academic_program_info,program combo
universities with strong Holocaust and genocide studies programs,highschool student,attribute_lookup,medium,"Holocaust studies, genocide studies, programs, university",academic_program_info,program lookup
colleges with student-run cooking competitions,highschool student,attribute_lookup,short_circuit,"cooking competitions, student-run, clubs, college",campus_services_info,quirky extracurricular
schools with on-campus wellness coaching programs,highschool student,attribute_lookup,medium,"wellness, coaching, programs, campus, school",campus_services_info,wellness
universities with research in sociogenomics,highschool student,attribute_lookup,complex,"sociogenomics, research, undergraduate, university",academic_program_info,research focus
colleges with strong product design programs,highschool student,attribute_lookup,medium,"product design, programs, college",academic_program_info,program lookup
schools with campus-wide language exchange programs,highschool student,attribute_lookup,medium,"language exchange, programs, campus, study abroad, school",study_abroad_advising,campus perks
universities with active student tech incubators,highschool student,attribute_lookup,medium,"tech incubators, entrepreneurship, programs, student-run, university",campus_services_info,entrepreneurship
colleges with strong women's and gender studies programs,highschool student,attribute_lookup,medium,"women's studies, gender studies, programs, college",academic_program_info,program lookup
schools with student-run diversity awards programs,highschool student,attribute_lookup,medium,"diversity, student body, student-run, awards, school",campus_services_info,campus culture
universities with research in developmental psychology,highschool student,attribute_lookup,medium,"developmental psychology, research, undergraduate, university",academic_program_info,research focus
colleges with active board game or tabletop clubs,highschool student,attribute_lookup,medium,"board games, tabletop, clubs, student organizations, college",campus_services_info,extracurricular
schools with strong biomedical imaging programs,highschool student,multi_constraint,complex,"biomedical imaging, programs, biomedical, imaging, school",academic_program_info,program combo
universities with campus bee observation hives,highschool student,attribute_lookup,short_circuit,"bee hives, campus, unique feature, university",campus_services_info,unique campus feature
colleges where most students know their professors by name,highschool student,emotional_advisory,llm_needed,"student-to-faculty ratio, low, faculty culture, college",college_search,faculty culture
schools with student-run Wikipedia editing clubs,highschool student,attribute_lookup,short_circuit,"Wikipedia, student-run, clubs, school",campus_services_info,extracurricular
universities with strong community development programs,highschool student,attribute_lookup,medium,"community development, programs, university",academic_program_info,program lookup
colleges with strong East European or Slavic studies programs,highschool student,attribute_lookup,medium,"East European studies, Slavic studies, programs, college",academic_program_info,program lookup
schools where academic pressure is low but achievement is high,highschool student,emotional_advisory,llm_needed,"honors program, low-stress, campus culture, achievement, school",college_search,campus culture
universities with access to ocean research vessels,highschool student,attribute_lookup,complex,"ocean research, vessels, STEM labs, facilities, university",campus_services_info,facilities
colleges with strong technology ethics programs,highschool student,multi_constraint,complex,"technology ethics, programs, tech, ethics, college",academic_program_info,program combo
schools with student-run community newsletters,highschool student,attribute_lookup,medium,"community service, newsletters, student-run, school",campus_services_info,extracurricular
universities with research in social neuroscience,highschool student,attribute_lookup,complex,"social neuroscience, research, undergraduate, university",academic_program_info,research focus
colleges with strong cybersecurity programs,highschool student,attribute_lookup,medium,"cybersecurity, programs, college",academic_program_info,program lookup
universities offering game design degrees,highschool student,attribute_lookup,medium,"game design, degrees, university",academic_program_info,program lookup
schools with top-ranked nursing programs,highschool student,attribute_lookup,medium,"nursing, ranked, programs, school",academic_program_info,program lookup
colleges with environmental science majors,highschool student,attribute_lookup,medium,"environmental science, majors, college",academic_program_info,program lookup
universities with aerospace engineering programs,highschool student,attribute_lookup,medium,"aerospace engineering, programs, university",academic_program_info,program lookup
schools offering forensic science degrees,highschool student,attribute_lookup,medium,"forensic science, degrees, school",academic_program_info,program lookup
colleges with music production programs,highschool student,attribute_lookup,medium,"music production, programs, college",academic_program_info,program lookup
universities with fashion design programs,highschool student,attribute_lookup,medium,"fashion design, programs, university",academic_program_info,program lookup
schools with strong marine biology programs,highschool student,attribute_lookup,medium,"marine biology, programs, school",academic_program_info,program lookup
colleges offering urban planning degrees,highschool student,attribute_lookup,medium,"urban planning, degrees, college",academic_program_info,program lookup
universities with sports management programs,highschool student,attribute_lookup,medium,"sports management, programs, university",academic_program_info,program lookup
schools with film studies majors,highschool student,attribute_lookup,medium,"film studies, majors, school",academic_program_info,program lookup
colleges with animation and visual effects programs,highschool student,attribute_lookup,medium,"animation, visual effects, programs, college",academic_program_info,program lookup
universities offering public health degrees,highschool student,attribute_lookup,medium,"public health, degrees, university",academic_program_info,program lookup
schools with robotics engineering programs,highschool student,attribute_lookup,medium,"robotics, engineering, programs, school",academic_program_info,program lookup
colleges with international business programs,highschool student,attribute_lookup,medium,"international business, programs, college",academic_program_info,program lookup
universities with kinesiology programs,highschool student,attribute_lookup,medium,"kinesiology, programs, university",academic_program_info,program lookup
schools offering landscape architecture degrees,highschool student,attribute_lookup,medium,"landscape architecture, degrees, school",academic_program_info,program lookup
colleges with culinary arts programs,highschool student,attribute_lookup,medium,"culinary arts, programs, college",academic_program_info,program lookup
universities with social work degrees,highschool student,attribute_lookup,medium,"social work, degrees, university",academic_program_info,program lookup
colleges with data science undergraduate programs,highschool student,attribute_lookup,medium,"data science, undergraduate, college",academic_program_info,program lookup
universities with biochemistry and molecular biology majors,highschool student,attribute_lookup,medium,"biochemistry, molecular biology, university",academic_program_info,program lookup
schools with architecture programs accredited by NAAB,highschool student,attribute_lookup,medium,"architecture, NAAB, accredited, school",academic_program_info,program lookup
colleges with applied mathematics programs,highschool student,attribute_lookup,medium,"applied mathematics, programs, college",academic_program_info,program lookup
schools with dental hygiene programs,highschool student,attribute_lookup,medium,"dental hygiene, programs, school",academic_program_info,program lookup
colleges with supply chain and logistics programs,highschool student,attribute_lookup,medium,"supply chain, logistics, college",academic_program_info,program lookup
universities with public policy undergraduate programs,highschool student,attribute_lookup,medium,"public policy, undergraduate, university",academic_program_info,program lookup
schools with occupational therapy programs,highschool student,attribute_lookup,medium,"occupational therapy, programs, school",academic_program_info,program lookup
colleges with electrical and computer engineering programs,highschool student,attribute_lookup,medium,"electrical, computer engineering, college",academic_program_info,program lookup
universities with pharmacy programs,highschool student,attribute_lookup,medium,"pharmacy, programs, university",academic_program_info,program lookup
schools with physical therapy doctorate programs,highschool student,attribute_lookup,medium,"physical therapy, doctorate, school",academic_program_info,program lookup
colleges with graphic design and visual communication programs,highschool student,attribute_lookup,medium,"graphic design, visual communication, college",academic_program_info,program lookup
universities with aviation and pilot training programs,highschool student,attribute_lookup,medium,"aviation, pilot training, university",academic_program_info,program lookup
schools with information systems and management programs,highschool student,attribute_lookup,medium,"information systems, management, school",academic_program_info,program lookup
colleges with theology and religious studies degrees,highschool student,attribute_lookup,medium,"theology, religious studies, college",academic_program_info,program lookup
universities with political science and government programs,highschool student,attribute_lookup,medium,"political science, government, university",academic_program_info,program lookup
schools with criminology and criminal justice majors,highschool student,attribute_lookup,medium,"criminology, criminal justice, school",academic_program_info,program lookup
colleges with nutrition and dietetics programs,highschool student,attribute_lookup,medium,"nutrition, dietetics, programs, college",academic_program_info,program lookup
universities with speech and language pathology programs,highschool student,attribute_lookup,medium,"speech, language pathology, university",academic_program_info,program lookup
schools with agricultural science programs,highschool student,attribute_lookup,medium,"agricultural science, programs, school",academic_program_info,program lookup
colleges with economics and finance dual programs,highschool student,attribute_lookup,medium,"economics, finance, dual program, college",academic_program_info,program lookup
universities with library science and information programs,highschool student,attribute_lookup,medium,"library science, information, university",academic_program_info,program lookup
schools with materials engineering programs,highschool student,attribute_lookup,medium,"materials engineering, programs, school",academic_program_info,program lookup
colleges with human factors and ergonomics programs,highschool student,attribute_lookup,medium,"human factors, ergonomics, college",academic_program_info,program lookup
universities with interdisciplinary studies programs,highschool student,attribute_lookup,medium,"interdisciplinary studies, university",academic_program_info,program lookup
schools with museum studies and curation programs,highschool student,attribute_lookup,medium,"museum studies, curation, school",academic_program_info,program lookup
colleges with bioethics programs,highschool student,attribute_lookup,medium,"bioethics, programs, college",academic_program_info,program lookup
schools with performing arts management programs,highschool student,attribute_lookup,medium,"performing arts management, programs, school",academic_program_info,program lookup
universities with on-campus health clinics,highschool student,attribute_lookup,short_circuit,"health clinic, campus, university",campus_services_info,campus perks
colleges with 24-hour libraries,highschool student,attribute_lookup,short_circuit,"library, 24-hour, college",campus_services_info,campus perks
schools with student-run coffee shops,highschool student,attribute_lookup,short_circuit,"coffee shop, student-run, school",campus_services_info,quirky campus feature
universities with rock climbing walls on campus,highschool student,attribute_lookup,short_circuit,"rock climbing, campus, university",campus_services_info,campus perks
colleges with campus gardens,highschool student,attribute_lookup,short_circuit,"garden, campus, college",campus_services_info,quirky campus feature
schools with free gym access for students,highschool student,attribute_lookup,short_circuit,"gym, free, campus, school",campus_services_info,campus perks
universities with student-run radio stations,highschool student,attribute_lookup,short_circuit,"radio station, student-run, university",campus_services_info,quirky campus feature
colleges with campus movie theaters,highschool student,attribute_lookup,short_circuit,"movie theater, campus, college",campus_services_info,campus perks
schools with free public transportation passes,highschool student,attribute_lookup,short_circuit,"transportation, free, campus, school",campus_services_info,campus perks
universities with campus swimming pools,highschool student,attribute_lookup,short_circuit,"swimming pool, campus, university",campus_services_info,campus perks
universities with bike sharing programs on campus,highschool student,attribute_lookup,short_circuit,"bike sharing, campus, university",campus_services_info,campus perks
colleges with dedicated meditation or wellness rooms,highschool student,attribute_lookup,short_circuit,"meditation, wellness room, college",campus_services_info,campus perks
schools with student-run newspapers or media outlets,highschool student,attribute_lookup,short_circuit,"student newspaper, media, school",campus_services_info,extracurricular
universities with dedicated maker spaces or fab labs,highschool student,attribute_lookup,short_circuit,"maker space, fab lab, university",campus_services_info,campus perks
colleges with horse or equestrian facilities on campus,highschool student,attribute_lookup,short_circuit,"equestrian, horses, campus, college",campus_services_info,quirky campus feature
schools with rooftop gardens or green spaces,highschool student,attribute_lookup,short_circuit,"rooftop garden, green space, school",campus_services_info,quirky campus feature
colleges with full-ride merit scholarships,highschool student,filtered_search,complex,"merit scholarship, full-ride, college",financial_aid_advising,financial aid
universities that meet 100% of demonstrated need,highschool student,filtered_search,complex,"financial need, scholarship, university",financial_aid_advising,financial aid
schools with no-loan financial aid policies,highschool student,filtered_search,complex,"no-loan, financial aid, school",financial_aid_advising,financial aid
universities offering first-generation student grants,highschool student,attribute_lookup,medium,"first-generation, grants, university",financial_aid_advising,financial aid
schools with renewable merit scholarships,highschool student,attribute_lookup,medium,"renewable, merit scholarship, school",financial_aid_advising,financial aid
universities with athletic scholarships for soccer,highschool student,attribute_lookup,medium,"athletic scholarship, soccer, university",financial_aid_advising,financial aid
universities with need-blind international student admissions,highschool student,filtered_search,complex,"need-blind, international, university",financial_aid_advising,financial aid
colleges with STEM-specific scholarship programs,highschool student,attribute_lookup,medium,"STEM, scholarship, college",financial_aid_advising,financial aid
schools with art and creative talent scholarships,highschool student,attribute_lookup,medium,"art, creative, talent scholarship, school",financial_aid_advising,financial aid
colleges with community service scholarship programs,highschool student,attribute_lookup,medium,"community service, scholarship, college",financial_aid_advising,financial aid
schools offering free community college for low income residents,highschool student,attribute_lookup,medium,"free, community college, low income, school",financial_aid_advising,financial aid
schools with alumni legacy scholarships,highschool student,attribute_lookup,medium,"alumni, legacy, scholarship, school",financial_aid_advising,financial aid
universities with diversity scholarship programs,highschool student,attribute_lookup,medium,"diversity, scholarship, university",financial_aid_advising,financial aid
how to ask for a higher financial aid package,highschool student,emotional_advisory,llm_needed,"financial aid, appeal, negotiation",financial_aid_advising,financial aid
what is the difference between a grant and a scholarship,highschool student,attribute_lookup,medium,"grant, scholarship, difference",financial_aid_advising,financial aid
how to find private scholarships for college,highschool student,emotional_advisory,llm_needed,"private scholarships, college, search tips",financial_aid_advising,financial aid
does income affect my chances of getting financial aid,highschool student,attribute_lookup,medium,"income, financial aid, eligibility",financial_aid_advising,financial aid
what is the EFC and how does it affect my aid,highschool student,attribute_lookup,medium,"EFC, expected family contribution, financial aid",financial_aid_advising,financial aid
how to apply for FAFSA step by step,highschool student,attribute_lookup,medium,"FAFSA, application, steps",financial_aid_advising,financial aid
when is the FAFSA deadline for college applications,highschool student,attribute_lookup,short_circuit,"FAFSA, deadline, college",financial_aid_advising,financial aid
schools that offer free tuition if your family earns under a certain income,highschool student,filtered_search,complex,"free tuition, income threshold, school",financial_aid_advising,financial aid
what happens to my financial aid if I take a gap year,highschool student,attribute_lookup,medium,"gap year, financial aid, impact",financial_aid_advising,financial aid
colleges where 50% or more students study abroad,highschool student,filtered_search,medium,"study abroad participation, college",study_abroad_advising,study abroad
schools that integrate study abroad into degree requirements,highschool student,attribute_lookup,medium,"study abroad requirement, school",study_abroad_advising,study abroad
colleges with dual degree programs with foreign universities,highschool student,attribute_lookup,complex,"dual degree, foreign university, college",study_abroad_advising,study abroad
colleges with themed living communities,highschool student,attribute_lookup,medium,"themed, living community, college",housing_advising,campus culture
universities with guaranteed four-year housing,highschool student,attribute_lookup,medium,"guaranteed, four-year, housing, university",housing_advising,campus perks
schools with suite-style dorm rooms,highschool student,attribute_lookup,short_circuit,"suite-style, dorms, school",housing_advising,campus perks
colleges with gender-neutral housing options,highschool student,attribute_lookup,medium,"gender-neutral, housing, college",housing_advising,campus perks
colleges with cooperative housing options,highschool student,attribute_lookup,medium,"cooperative, housing, college",housing_advising,campus culture
universities with substance-free dorm floors,highschool student,attribute_lookup,short_circuit,"substance-free, dorms, university",housing_advising,campus perks
schools with pet-friendly dorms,highschool student,attribute_lookup,short_circuit,"pet-friendly, dorms, school",housing_advising,quirky campus feature
small liberal arts colleges in New England,highschool student,filtered_search,complex,"liberal arts, New England, small college",college_search,college search
top HBCU schools for business majors,highschool student,filtered_search,complex,"HBCU, business, top schools",college_search,college search
colleges in warm weather states with strong pre-med programs,highschool student,filtered_search,complex,"warm weather, pre-med, college",college_search,college search
highly diverse universities in California,highschool student,filtered_search,complex,"diverse, California, university",college_search,campus culture
colleges with low student to faculty ratios,highschool student,filtered_search,medium,"student-to-faculty ratio, college",college_search,college search
universities with Division I sports teams,highschool student,filtered_search,medium,"Division I, sports, university",college_search,extracurricular
colleges with strong Greek life culture,highschool student,attribute_lookup,medium,"Greek life, culture, college",college_search,campus culture
universities with beautiful campuses,highschool student,filtered_search,medium,"beautiful campus, university",college_search,campus culture
schools with high post-graduation employment rates,highschool student,filtered_search,complex,"employment, post-graduation, school",college_search,outcomes
colleges with strong alumni networks,highschool student,filtered_search,medium,"alumni network, college",college_search,outcomes
universities with funded undergraduate research programs,highschool student,attribute_lookup,medium,"funded, undergraduate research, university",academic_program_info,research focus
colleges with biomedical research labs,highschool student,attribute_lookup,medium,"biomedical, research lab, college",academic_program_info,research focus
universities known for climate change research,highschool student,attribute_lookup,medium,"climate change, research, university",academic_program_info,research focus
colleges with artificial intelligence research centers,highschool student,attribute_lookup,medium,"AI, research center, college",academic_program_info,research focus
schools with neuroscience research programs,highschool student,attribute_lookup,medium,"neuroscience, research, school",academic_program_info,research focus
colleges with genomics and bioinformatics research,highschool student,attribute_lookup,medium,"genomics, bioinformatics, research, college",academic_program_info,research focus
schools with clean energy research programs,highschool student,attribute_lookup,medium,"clean energy, research, school",academic_program_info,research focus
universities with psychology research labs for undergrads,highschool student,attribute_lookup,medium,"psychology, research lab, undergrad, university",academic_program_info,research focus
colleges with competitive debate clubs,highschool student,attribute_lookup,short_circuit,"debate club, competitive, college",campus_services_info,extracurricular
universities with strong volunteer programs,highschool student,attribute_lookup,medium,"volunteer, programs, university",campus_services_info,extracurricular
schools with active student government organizations,highschool student,attribute_lookup,medium,"student government, active, school",campus_services_info,extracurricular
colleges with competitive esports teams,highschool student,attribute_lookup,medium,"esports, competitive, college",campus_services_info,extracurricular
universities with entrepreneurship clubs,highschool student,attribute_lookup,medium,"entrepreneurship, club, university",campus_services_info,extracurricular
schools with active performing arts groups,highschool student,attribute_lookup,medium,"performing arts, groups, school",campus_services_info,extracurricular
colleges with a capella singing groups,highschool student,attribute_lookup,short_circuit,"a capella, singing, college",campus_services_info,extracurricular
universities with strong Model UN programs,highschool student,attribute_lookup,medium,"Model UN, university",campus_services_info,extracurricular
schools with student-run businesses or startups,highschool student,attribute_lookup,medium,"student-run, business, startup, school",campus_services_info,extracurricular
colleges with outdoor adventure clubs,highschool student,attribute_lookup,medium,"outdoor, adventure, club, college",campus_services_info,extracurricular
universities with on-campus mental health counseling,highschool student,attribute_lookup,medium,"mental health, counseling, university",campus_services_info,student support
colleges with disability support services,highschool student,attribute_lookup,medium,"disability, support, services, college",campus_services_info,student support
colleges with LGBTQ+ resource centers,highschool student,attribute_lookup,medium,"LGBTQ+, resource center, college",campus_services_info,student support
colleges with international student support offices,highschool student,attribute_lookup,medium,"international student, support, college",campus_services_info,student support
schools with career counseling for first-gen students,highschool student,attribute_lookup,medium,"career counseling, first-gen, school",campus_services_info,student support
colleges known for strong school spirit,highschool student,attribute_lookup,medium,"school spirit, college",college_search,campus culture
universities with active religious organizations,highschool student,attribute_lookup,medium,"religious, organizations, university",campus_services_info,campus culture
schools with strong sustainability initiatives,highschool student,attribute_lookup,medium,"sustainability, initiatives, school",campus_services_info,campus culture
colleges with vibrant arts and music scenes,highschool student,attribute_lookup,medium,"arts, music, vibrant, college",college_search,campus culture
universities with inclusive campus environments,highschool student,filtered_search,medium,"inclusive, campus, university",college_search,campus culture
schools with active intramural sports programs,highschool student,attribute_lookup,medium,"intramural, sports, school",campus_services_info,campus culture
colleges with culturally diverse student bodies,highschool student,filtered_search,medium,"diverse, student body, college",college_search,campus culture
universities with unique graduation traditions,highschool student,attribute_lookup,short_circuit,"graduation, traditions, university",campus_services_info,quirky campus feature
schools where students are known to be friendly,highschool student,emotional_advisory,llm_needed,"friendly, students, campus culture",college_search,campus culture
colleges with strong campus food culture,highschool student,attribute_lookup,medium,"food, campus, culture, college",campus_services_info,campus culture
colleges with the highest MCAT score averages,highschool student,filtered_search,complex,"MCAT, scores, pre-med, college",college_search,outcomes
universities with the best law school acceptance rates,highschool student,filtered_search,complex,"law school, acceptance, university",college_search,outcomes
schools with strong connections to Wall Street,highschool student,filtered_search,complex,"Wall Street, finance, recruiting, school",college_search,outcomes
colleges where graduates get jobs at top tech companies,highschool student,filtered_search,complex,"tech companies, graduates, jobs, college",college_search,outcomes
universities with high startup founder alumni,highschool student,attribute_lookup,medium,"startup, founder, alumni, university",college_search,outcomes
schools with strong consulting recruitment pipelines,highschool student,filtered_search,complex,"consulting, recruitment, school",college_search,outcomes
colleges whose graduates earn the highest starting salaries,highschool student,filtered_search,complex,"starting salary, graduates, college",college_search,outcomes
universities with strong nonprofit sector job placement,highschool student,filtered_search,medium,"nonprofit, job placement, university",college_search,outcomes
schools with medical school acceptance rates above 70%,highschool student,filtered_search,complex,"medical school, acceptance rate, school",college_search,outcomes
colleges with notable alumni in entertainment,highschool student,attribute_lookup,medium,"alumni, entertainment, college",college_search,outcomes
colleges that allow you to design your own major,highschool student,attribute_lookup,medium,"design own major, college",academic_policy_info,academic policy
schools with open curriculum and no core requirements,highschool student,attribute_lookup,medium,"open curriculum, no core, school",academic_policy_info,academic policy
colleges that allow gap year deferrals,highschool student,attribute_lookup,medium,"gap year, deferral, college",academic_policy_info,academic policy
universities with generous AP credit policies,highschool student,attribute_lookup,medium,"AP credit, policy, university",academic_policy_info,academic policy
schools that allow dual enrollment with community college,highschool student,attribute_lookup,medium,"dual enrollment, community college, school",academic_policy_info,academic policy
universities with student honor code systems,highschool student,attribute_lookup,medium,"honor code, university",academic_policy_info,academic policy
colleges with undergraduate thesis requirements,highschool student,attribute_lookup,medium,"undergraduate thesis, requirement, college",academic_policy_info,academic policy
affordable small colleges in the Midwest with strong engineering programs,highschool student,multi_constraint,complex,"affordable, small, Midwest, engineering",college_search,college search
schools in urban areas with strong pre-law and low tuition,highschool student,multi_constraint,complex,"urban, pre-law, low tuition, school",college_search,college search
universities under 5000 students with Division II sports and strong biology,highschool student,multi_constraint,complex,"small, Division II, biology, university",college_search,college search
colleges near the ocean with marine science programs and merit aid,highschool student,multi_constraint,complex,"ocean, marine science, merit aid, college",college_search,college search
HBCUs in the South with MBA programs and strong alumni networks,highschool student,multi_constraint,complex,"HBCU, South, MBA, alumni network",college_search,college search
women's colleges with strong STEM programs and study abroad,highschool student,multi_constraint,complex,"women's college, STEM, study abroad",college_search,college search
liberal arts colleges with good job placement and low debt outcomes,highschool student,multi_constraint,complex,"liberal arts, job placement, low debt",college_search,college search
public universities with honors programs and strong med school prep,highschool student,multi_constraint,complex,"public, honors, pre-med, university",college_search,college search
colleges in the Pacific Northwest with environmental programs and outdoor culture,highschool student,multi_constraint,complex,"Pacific Northwest, environmental, outdoor, college",college_search,college search
schools with cooperative education programs and top accounting majors,highschool student,multi_constraint,complex,"co-op, accounting, school",college_search,college search
universities with strong co-op engineering programs,highschool student,filtered_search,complex,"co-op, engineering, university",college_search,college search
schools in the Southeast with strong hospitality programs,highschool student,multi_constraint,complex,"Southeast, hospitality, school",college_search,college search
colleges with strong pre-dental tracks and research labs,highschool student,multi_constraint,complex,"pre-dental, research, college",college_search,college search
universities with strong sports analytics programs in the South,highschool student,multi_constraint,complex,"sports analytics, South, university",college_search,college search
schools under $30k per year with strong business programs,highschool student,multi_constraint,complex,"affordable, business, school",college_search,college search
colleges with strong pre-veterinary programs near farms or wildlife,highschool student,multi_constraint,complex,"pre-vet, wildlife, rural, college",college_search,college search
universities in the Northeast with both strong arts and sciences,highschool student,multi_constraint,complex,"arts, sciences, Northeast, university",college_search,college search
schools with strong social work programs in urban settings,highschool student,multi_constraint,complex,"social work, urban, school",college_search,college search
colleges with top computer science programs and small class sizes,highschool student,multi_constraint,complex,"computer science, small class, college",college_search,college search
universities with strong fine arts and career placement,highschool student,multi_constraint,complex,"fine arts, career placement, university",college_search,college search
how do I know if college is right for me,highschool student,emotional_advisory,llm_needed,"college decision, right fit, personal",college_search,admissions
how do I choose between two great college offers,highschool student,emotional_advisory,llm_needed,"college decision, choosing, offers",college_search,admissions
how to set boundaries with family about college choices,highschool student,emotional_advisory,llm_needed,"family, boundaries, college choice",college_search,admissions
what GPA do I need to get into an Ivy League school,highschool student,attribute_lookup,medium,"GPA, Ivy League, admission",college_search,admissions
how important are extracurriculars for college admission,highschool student,emotional_advisory,llm_needed,"extracurriculars, college admission, importance",college_search,admissions
do colleges look at freshman year grades,highschool student,attribute_lookup,medium,"freshman year, grades, college admission",academic_policy_info,admissions
how to write a strong college application essay,highschool student,emotional_advisory,llm_needed,"college essay, application, writing tips",college_search,admissions
what is the Common App and how does it work,highschool student,attribute_lookup,medium,"Common App, application, college",academic_policy_info,admissions
how does early decision work for college applications,highschool student,attribute_lookup,medium,"early decision, college application",academic_policy_info,admissions
colleges with test-optional admissions policies,highschool student,attribute_lookup,medium,"test-optional, admission, college",academic_policy_info,admissions
best colleges for students with learning disabilities,highschool student,filtered_search,complex,"learning disabilities, college, support",college_search,student support
how to visit colleges on a budget,highschool student,emotional_advisory,llm_needed,"college visit, budget, tips",college_search,admissions
do I need a counselor to apply to college,highschool student,attribute_lookup,medium,"counselor, college application, process",college_search,admissions
what standardized tests are required for college admission,highschool student,attribute_lookup,medium,"standardized tests, SAT, ACT, admission",academic_policy_info,admissions
how to get letters of recommendation for college,highschool student,emotional_advisory,llm_needed,"letters of recommendation, college application",college_search,admissions
how many colleges should I apply to,highschool student,emotional_advisory,llm_needed,"college list, how many, applications",college_search,admissions
what is a reach safety and match college,highschool student,attribute_lookup,medium,"reach, safety, match, college list",college_search,admissions
can I apply to college if I was homeschooled,highschool student,attribute_lookup,medium,"homeschool, college application",academic_policy_info,admissions
how does the waitlist process work for college,highschool student,attribute_lookup,medium,"waitlist, college, process",academic_policy_info,admissions
what is demonstrated interest and does it matter,highschool student,attribute_lookup,medium,"demonstrated interest, college admission",academic_policy_info,admissions
do colleges consider race in admissions decisions,highschool student,attribute_lookup,medium,"race, admissions, diversity policy",academic_policy_info,admissions
how early should I start preparing college applications,highschool student,emotional_advisory,llm_needed,"college application, timeline, preparation",college_search,admissions
is it harder to get into college as an out-of-state student,highschool student,attribute_lookup,medium,"out-of-state, admission, college",academic_policy_info,admissions
best colleges for computer science internships with strong advising in California,college student,filtered_search,medium,"computer science internships, strong advising, evening classes, college",college_search,program discovery
which schools offer affordable tuition and allow transfer scholarships,college student,attribute_lookup,medium,"affordable tuition, small class sizes, transfer scholarships, college",financial_aid_advising,attribute lookup
help me compare colleges for transfer friendly policies based on good transit access and paid internships,college student,multi_constraint,complex,"transfer friendly policies, good transit access, paid internships, college",transfer_advising,multi factor comparison
"I am a college student stressed about study abroad options, what options should I consider next",college student,emotional_advisory,llm_needed,"study abroad options, flexible scheduling, no SAT requirement, college",study_abroad_advising,student advisory
colleges with on-campus housing opportunities plus strong high graduation rates,college student,attribute_lookup,short_circuit,"on-campus housing, high graduation rates, on-campus childcare, college",housing_advising,quick lookup
schools that support part-time jobs on campus students and have credit for AP classes,college student,filtered_search,medium,"part-time jobs on campus, active student organizations, credit for AP classes, college",academic_advising,student support search
best colleges for mental health counseling with hands-on learning in California,college student,filtered_search,medium,"mental health counseling, hands-on learning, generous aid packages, college",college_search,program discovery
which schools offer data science programs and allow early application deadlines,college student,attribute_lookup,medium,"data science programs, low student debt, early application deadlines, college",academic_program_info,attribute lookup
help me compare colleges for nursing prerequisites based on robust internships and online course options,college student,multi_constraint,complex,"nursing prerequisites, robust internships, online course options, college",academic_policy_info,multi factor comparison
"I am a college student stressed about co-op opportunities, what options should I consider next",college student,emotional_advisory,llm_needed,"co-op opportunities, inclusive campus culture, accessible housing, college",academic_advising,student advisory
colleges with first-generation support opportunities plus strong strong advising,college student,attribute_lookup,short_circuit,"first-generation support, strong advising, evening classes, college",campus_services_info,quick lookup
schools that support scholarship renewal rules students and have transfer scholarships,college student,filtered_search,medium,"scholarship renewal rules, small class sizes, transfer scholarships, college",financial_aid_advising,student support search
best colleges for career center outcomes with good transit access in California,college student,filtered_search,medium,"career center outcomes, good transit access, paid internships, college",college_search,program discovery
which schools offer research opportunities and allow no SAT requirement,college student,attribute_lookup,medium,"research opportunities, flexible scheduling, no SAT requirement, college",academic_program_info,attribute lookup
help me compare colleges for flexible class schedules based on high graduation rates and on-campus childcare,college student,multi_constraint,complex,"flexible class schedules, high graduation rates, on-campus childcare, college",college_search,multi factor comparison
"I am a college student stressed about commuter student services, what options should I consider next",college student,emotional_advisory,llm_needed,"commuter student services, active student organizations, credit for AP classes, college",academic_advising,student advisory
colleges with disability accommodations opportunities plus strong hands-on learning,college student,attribute_lookup,short_circuit,"disability accommodations, hands-on learning, generous aid packages, college",campus_services_info,quick lookup
schools that support library 24-hour access students and have early application deadlines,college student,filtered_search,medium,"library 24-hour access, low student debt, early application deadlines, college",academic_advising,student support search
best colleges for entrepreneurship resources with robust internships in California,college student,filtered_search,medium,"entrepreneurship resources, robust internships, online course options, college",college_search,program discovery
which schools offer honors program fit and allow accessible housing,college student,attribute_lookup,medium,"honors program fit, inclusive campus culture, accessible housing, college",academic_program_info,attribute lookup
help me compare colleges for computer science internships based on strong advising and evening classes,college student,multi_constraint,complex,"computer science internships, strong advising, evening classes, college",college_search,multi factor comparison
"I am a college student stressed about affordable tuition, what options should I consider next",college student,emotional_advisory,llm_needed,"affordable tuition, small class sizes, transfer scholarships, college",financial_aid_advising,student advisory
colleges with transfer friendly policies opportunities plus strong good transit access,college student,attribute_lookup,short_circuit,"transfer friendly policies, good transit access, paid internships, college",transfer_advising,quick lookup
schools that support study abroad options students and have no SAT requirement,college student,filtered_search,medium,"study abroad options, flexible scheduling, no SAT requirement, college",study_abroad_advising,student support search
best colleges for on-campus housing with high graduation rates in California,college student,filtered_search,medium,"on-campus housing, high graduation rates, on-campus childcare, college",housing_advising,program discovery
which schools offer part-time jobs on campus and allow credit for AP classes,college student,attribute_lookup,medium,"part-time jobs on campus, active student organizations, credit for AP classes, college",academic_program_info,attribute lookup
help me compare colleges for mental health counseling based on hands-on learning and generous aid packages,college student,multi_constraint,complex,"mental health counseling, hands-on learning, generous aid packages, college",college_search,multi factor comparison
"I am a college student stressed about data science programs, what options should I consider next",college student,emotional_advisory,llm_needed,"data science programs, low student debt, early application deadlines, college",academic_program_info,student advisory
colleges with nursing prerequisites opportunities plus strong robust internships,college student,attribute_lookup,short_circuit,"nursing prerequisites, robust internships, online course options, college",academic_policy_info,quick lookup
schools that support co-op opportunities students and have accessible housing,college student,filtered_search,medium,"co-op opportunities, inclusive campus culture, accessible housing, college",academic_advising,student support search
best colleges for first-generation support with strong advising in California,college student,filtered_search,medium,"first-generation support, strong advising, evening classes, college",college_search,program discovery
which schools offer scholarship renewal rules and allow transfer scholarships,college student,attribute_lookup,medium,"scholarship renewal rules, small class sizes, transfer scholarships, college",financial_aid_advising,attribute lookup
help me compare colleges for career center outcomes based on good transit access and paid internships,college student,multi_constraint,complex,"career center outcomes, good transit access, paid internships, college",college_search,multi factor comparison
"I am a college student stressed about research opportunities, what options should I consider next",college student,emotional_advisory,llm_needed,"research opportunities, flexible scheduling, no SAT requirement, college",academic_advising,student advisory
colleges with flexible class schedules opportunities plus strong high graduation rates,college student,attribute_lookup,short_circuit,"flexible class schedules, high graduation rates, on-campus childcare, college",campus_services_info,quick lookup
schools that support commuter student services students and have credit for AP classes,college student,filtered_search,medium,"commuter student services, active student organizations, credit for AP classes, college",academic_advising,student support search
best colleges for disability accommodations with hands-on learning in California,college student,filtered_search,medium,"disability accommodations, hands-on learning, generous aid packages, college",college_search,program discovery
which schools offer library 24-hour access and allow early application deadlines,college student,attribute_lookup,medium,"library 24-hour access, low student debt, early application deadlines, college",academic_program_info,attribute lookup
help me compare colleges for entrepreneurship resources based on robust internships and online course options,college student,multi_constraint,complex,"entrepreneurship resources, robust internships, online course options, college",college_search,multi factor comparison
"I am a college student stressed about honors program fit, what options should I consider next",college student,emotional_advisory,llm_needed,"honors program fit, inclusive campus culture, accessible housing, college",academic_program_info,student advisory
colleges with computer science internships opportunities plus strong strong advising,college student,attribute_lookup,short_circuit,"computer science internships, strong advising, evening classes, college",campus_services_info,quick lookup
schools that support affordable tuition students and have transfer scholarships,college student,filtered_search,medium,"affordable tuition, small class sizes, transfer scholarships, college",financial_aid_advising,student support search
best colleges for transfer friendly policies with good transit access in California,college student,filtered_search,medium,"transfer friendly policies, good transit access, paid internships, college",transfer_advising,program discovery
which schools offer study abroad options and allow no SAT requirement,college student,attribute_lookup,medium,"study abroad options, flexible scheduling, no SAT requirement, college",study_abroad_advising,attribute lookup
help me compare colleges for on-campus housing based on high graduation rates and on-campus childcare,college student,multi_constraint,complex,"on-campus housing, high graduation rates, on-campus childcare, college",housing_advising,multi factor comparison
"I am a college student stressed about part-time jobs on campus, what options should I consider next",college student,emotional_advisory,llm_needed,"part-time jobs on campus, active student organizations, credit for AP classes, college",academic_advising,student advisory
colleges with mental health counseling opportunities plus strong hands-on learning,college student,attribute_lookup,short_circuit,"mental health counseling, hands-on learning, generous aid packages, college",campus_services_info,quick lookup
schools that support data science programs students and have early application deadlines,college student,filtered_search,medium,"data science programs, low student debt, early application deadlines, college",academic_program_info,student support search
best colleges for nursing prerequisites with robust internships in California,college student,filtered_search,medium,"nursing prerequisites, robust internships, online course options, college",academic_policy_info,program discovery
which schools offer co-op opportunities and allow accessible housing,college student,attribute_lookup,medium,"co-op opportunities, inclusive campus culture, accessible housing, college",academic_program_info,attribute lookup
help me compare colleges for first-generation support based on strong advising and evening classes,college student,multi_constraint,complex,"first-generation support, strong advising, evening classes, college",college_search,multi factor comparison
"I am a college student stressed about scholarship renewal rules, what options should I consider next",college student,emotional_advisory,llm_needed,"scholarship renewal rules, small class sizes, transfer scholarships, college",financial_aid_advising,student advisory
colleges with career center outcomes opportunities plus strong good transit access,college student,attribute_lookup,short_circuit,"career center outcomes, good transit access, paid internships, college",campus_services_info,quick lookup
schools that support research opportunities students and have no SAT requirement,college student,filtered_search,medium,"research opportunities, flexible scheduling, no SAT requirement, college",academic_advising,student support search
best colleges for flexible class schedules with high graduation rates in California,college student,filtered_search,medium,"flexible class schedules, high graduation rates, on-campus childcare, college",college_search,program discovery
which schools offer commuter student services and allow credit for AP classes,college student,attribute_lookup,medium,"commuter student services, active student organizations, credit for AP classes, college",academic_program_info,attribute lookup
help me compare colleges for disability accommodations based on hands-on learning and generous aid packages,college student,multi_constraint,complex,"disability accommodations, hands-on learning, generous aid packages, college",college_search,multi factor comparison
"I am a college student stressed about library 24-hour access, what options should I consider next",college student,emotional_advisory,llm_needed,"library 24-hour access, low student debt, early application deadlines, college",academic_advising,student advisory
colleges with entrepreneurship resources opportunities plus strong robust internships,college student,attribute_lookup,short_circuit,"entrepreneurship resources, robust internships, online course options, college",campus_services_info,quick lookup
schools that support honors program fit students and have accessible housing,college student,filtered_search,medium,"honors program fit, inclusive campus culture, accessible housing, college",academic_program_info,student support search
best colleges for computer science internships with strong advising in California,college student,filtered_search,medium,"computer science internships, strong advising, evening classes, college",college_search,program discovery
which schools offer affordable tuition and allow transfer scholarships,college student,attribute_lookup,medium,"affordable tuition, small class sizes, transfer scholarships, college",financial_aid_advising,attribute lookup
help me compare colleges for transfer friendly policies based on good transit access and paid internships,college student,multi_constraint,complex,"transfer friendly policies, good transit access, paid internships, college",transfer_advising,multi factor comparison
"I am a college student stressed about study abroad options, what options should I consider next",college student,emotional_advisory,llm_needed,"study abroad options, flexible scheduling, no SAT requirement, college",study_abroad_advising,student advisory
colleges with on-campus housing opportunities plus strong high graduation rates,college student,attribute_lookup,short_circuit,"on-campus housing, high graduation rates, on-campus childcare, college",housing_advising,quick lookup
schools that support part-time jobs on campus students and have credit for AP classes,college student,filtered_search,medium,"part-time jobs on campus, active student organizations, credit for AP classes, college",academic_advising,student support search
best colleges for mental health counseling with hands-on learning in California,college student,filtered_search,medium,"mental health counseling, hands-on learning, generous aid packages, college",college_search,program discovery
which schools offer data science programs and allow early application deadlines,college student,attribute_lookup,medium,"data science programs, low student debt, early application deadlines, college",academic_program_info,attribute lookup
help me compare colleges for nursing prerequisites based on robust internships and online course options,college student,multi_constraint,complex,"nursing prerequisites, robust internships, online course options, college",academic_policy_info,multi factor comparison
"I am a college student stressed about co-op opportunities, what options should I consider next",college student,emotional_advisory,llm_needed,"co-op opportunities, inclusive campus culture, accessible housing, college",academic_advising,student advisory
colleges with first-generation support opportunities plus strong strong advising,college student,attribute_lookup,short_circuit,"first-generation support, strong advising, evening classes, college",campus_services_info,quick lookup
schools that support scholarship renewal rules students and have transfer scholarships,college student,filtered_search,medium,"scholarship renewal rules, small class sizes, transfer scholarships, college",financial_aid_advising,student support search
best colleges for career center outcomes with good transit access in California,college student,filtered_search,medium,"career center outcomes, good transit access, paid internships, college",college_search,program discovery
which schools offer research opportunities and allow no SAT requirement,college student,attribute_lookup,medium,"research opportunities, flexible scheduling, no SAT requirement, college",academic_program_info,attribute lookup
help me compare colleges for flexible class schedules based on high graduation rates and on-campus childcare,college student,multi_constraint,complex,"flexible class schedules, high graduation rates, on-campus childcare, college",college_search,multi factor comparison
"I am a college student stressed about commuter student services, what options should I consider next",college student,emotional_advisory,llm_needed,"commuter student services, active student organizations, credit for AP classes, college",academic_advising,student advisory
colleges with disability accommodations opportunities plus strong hands-on learning,college student,attribute_lookup,short_circuit,"disability accommodations, hands-on learning, generous aid packages, college",campus_services_info,quick lookup
schools that support library 24-hour access students and have early application deadlines,college student,filtered_search,medium,"library 24-hour access, low student debt, early application deadlines, college",academic_advising,student support search
best colleges for entrepreneurship resources with robust internships in California,college student,filtered_search,medium,"entrepreneurship resources, robust internships, online course options, college",college_search,program discovery
which schools offer honors program fit and allow accessible housing,college student,attribute_lookup,medium,"honors program fit, inclusive campus culture, accessible housing, college",academic_program_info,attribute lookup
help me compare colleges for computer science internships based on strong advising and evening classes,college student,multi_constraint,complex,"computer science internships, strong advising, evening classes, college",college_search,multi factor comparison
"I am a college student stressed about affordable tuition, what options should I consider next",college student,emotional_advisory,llm_needed,"affordable tuition, small class sizes, transfer scholarships, college",financial_aid_advising,student advisory
colleges with transfer friendly policies opportunities plus strong good transit access,college student,attribute_lookup,short_circuit,"transfer friendly policies, good transit access, paid internships, college",transfer_advising,quick lookup
schools that support study abroad options students and have no SAT requirement,college student,filtered_search,medium,"study abroad options, flexible scheduling, no SAT requirement, college",study_abroad_advising,student support search
best colleges for on-campus housing with high graduation rates in California,college student,filtered_search,medium,"on-campus housing, high graduation rates, on-campus childcare, college",housing_advising,program discovery
which schools offer part-time jobs on campus and allow credit for AP classes,college student,attribute_lookup,medium,"part-time jobs on campus, active student organizations, credit for AP classes, college",academic_program_info,attribute lookup
help me compare colleges for mental health counseling based on hands-on learning and generous aid packages,college student,multi_constraint,complex,"mental health counseling, hands-on learning, generous aid packages, college",college_search,multi factor comparison
"I am a college student stressed about data science programs, what options should I consider next",college student,emotional_advisory,llm_needed,"data science programs, low student debt, early application deadlines, college",academic_program_info,student advisory
colleges with nursing prerequisites opportunities plus strong robust internships,college student,attribute_lookup,short_circuit,"nursing prerequisites, robust internships, online course options, college",academic_policy_info,quick lookup
schools that support co-op opportunities students and have accessible housing,college student,filtered_search,medium,"co-op opportunities, inclusive campus culture, accessible housing, college",academic_advising,student support search
best colleges for first-generation support with strong advising in California,college student,filtered_search,medium,"first-generation support, strong advising, evening classes, college",college_search,program discovery
which schools offer scholarship renewal rules and allow transfer scholarships,college student,attribute_lookup,medium,"scholarship renewal rules, small class sizes, transfer scholarships, college",financial_aid_advising,attribute lookup
help me compare colleges for career center outcomes based on good transit access and paid internships,college student,multi_constraint,complex,"career center outcomes, good transit access, paid internships, college",college_search,multi factor comparison
"I am a college student stressed about research opportunities, what options should I consider next",college student,emotional_advisory,llm_needed,"research opportunities, flexible scheduling, no SAT requirement, college",academic_advising,student advisory
colleges with flexible class schedules opportunities plus strong high graduation rates,college student,attribute_lookup,short_circuit,"flexible class schedules, high graduation rates, on-campus childcare, college",campus_services_info,quick lookup
schools that support commuter student services students and have credit for AP classes,college student,filtered_search,medium,"commuter student services, active student organizations, credit for AP classes, college",academic_advising,student support search
best colleges for disability accommodations with hands-on learning in California,college student,filtered_search,medium,"disability accommodations, hands-on learning, generous aid packages, college",college_search,program discovery
which schools offer library 24-hour access and allow early application deadlines,college student,attribute_lookup,medium,"library 24-hour access, low student debt, early application deadlines, college",academic_program_info,attribute lookup
help me compare colleges for entrepreneurship resources based on robust internships and online course options,college student,multi_constraint,complex,"entrepreneurship resources, robust internships, online course options, college",college_search,multi factor comparison
"I am a college student stressed about honors program fit, what options should I consider next",college student,emotional_advisory,llm_needed,"honors program fit, inclusive campus culture, accessible housing, college",academic_program_info,student advisory
colleges with computer science internships opportunities plus strong strong advising,college student,attribute_lookup,short_circuit,"computer science internships, strong advising, evening classes, college",campus_services_info,quick lookup
schools that support affordable tuition students and have transfer scholarships,college student,filtered_search,medium,"affordable tuition, small class sizes, transfer scholarships, college",financial_aid_advising,student support search
best colleges for transfer friendly policies with good transit access in California,college student,filtered_search,medium,"transfer friendly policies, good transit access, paid internships, college",transfer_advising,program discovery
which schools offer study abroad options and allow no SAT requirement,college student,attribute_lookup,medium,"study abroad options, flexible scheduling, no SAT requirement, college",study_abroad_advising,attribute lookup
help me compare colleges for on-campus housing based on high graduation rates and on-campus childcare,college student,multi_constraint,complex,"on-campus housing, high graduation rates, on-campus childcare, college",housing_advising,multi factor comparison
"I am a college student stressed about part-time jobs on campus, what options should I consider next",college student,emotional_advisory,llm_needed,"part-time jobs on campus, active student organizations, credit for AP classes, college",academic_advising,student advisory
colleges with mental health counseling opportunities plus strong hands-on learning,college student,attribute_lookup,short_circuit,"mental health counseling, hands-on learning, generous aid packages, college",campus_services_info,quick lookup
schools that support data science programs students and have early application deadlines,college student,filtered_search,medium,"data science programs, low student debt, early application deadlines, college",academic_program_info,student support search
best colleges for nursing prerequisites with robust internships in California,college student,filtered_search,medium,"nursing prerequisites, robust internships, online course options, college",academic_policy_info,program discovery
which schools offer co-op opportunities and allow accessible housing,college student,attribute_lookup,medium,"co-op opportunities, inclusive campus culture, accessible housing, college",academic_program_info,attribute lookup
help me compare colleges for first-generation support based on strong advising and evening classes,college student,multi_constraint,complex,"first-generation support, strong advising, evening classes, college",college_search,multi factor comparison
"I am a college student stressed about scholarship renewal rules, what options should I consider next",college student,emotional_advisory,llm_needed,"scholarship renewal rules, small class sizes, transfer scholarships, college",financial_aid_advising,student advisory
colleges with career center outcomes opportunities plus strong good transit access,college student,attribute_lookup,short_circuit,"career center outcomes, good transit access, paid internships, college",campus_services_info,quick lookup
schools that support research opportunities students and have no SAT requirement,college student,filtered_search,medium,"research opportunities, flexible scheduling, no SAT requirement, college",academic_advising,student support search
best colleges for flexible class schedules with high graduation rates in California,college student,filtered_search,medium,"flexible class schedules, high graduation rates, on-campus childcare, college",college_search,program discovery
which schools offer commuter student services and allow credit for AP classes,college student,attribute_lookup,medium,"commuter student services, active student organizations, credit for AP classes, college",academic_program_info,attribute lookup
help me compare colleges for disability accommodations based on hands-on learning and generous aid packages,college student,multi_constraint,complex,"disability accommodations, hands-on learning, generous aid packages, college",college_search,multi factor comparison
"I am a college student stressed about library 24-hour access, what options should I consider next",college student,emotional_advisory,llm_needed,"library 24-hour access, low student debt, early application deadlines, college",academic_advising,student advisory
colleges with entrepreneurship resources opportunities plus strong robust internships,college student,attribute_lookup,short_circuit,"entrepreneurship resources, robust internships, online course options, college",campus_services_info,quick lookup
schools that support honors program fit students and have accessible housing,college student,filtered_search,medium,"honors program fit, inclusive campus culture, accessible housing, college",academic_program_info,student support search
best colleges for computer science internships with strong advising in California,college student,filtered_search,medium,"computer science internships, strong advising, evening classes, college",college_search,program discovery
which schools offer affordable tuition and allow transfer scholarships,college student,attribute_lookup,medium,"affordable tuition, small class sizes, transfer scholarships, college",financial_aid_advising,attribute lookup
help me compare colleges for transfer friendly policies based on good transit access and paid internships,college student,multi_constraint,complex,"transfer friendly policies, good transit access, paid internships, college",transfer_advising,multi factor comparison
"I am a college student stressed about study abroad options, what options should I consider next",college student,emotional_advisory,llm_needed,"study abroad options, flexible scheduling, no SAT requirement, college",study_abroad_advising,student advisory
colleges with on-campus housing opportunities plus strong high graduation rates,college student,attribute_lookup,short_circuit,"on-campus housing, high graduation rates, on-campus childcare, college",housing_advising,quick lookup
schools that support part-time jobs on campus students and have credit for AP classes,college student,filtered_search,medium,"part-time jobs on campus, active student organizations, credit for AP classes, college",academic_advising,student support search
best colleges for mental health counseling with hands-on learning in California,college student,filtered_search,medium,"mental health counseling, hands-on learning, generous aid packages, college",college_search,program discovery
which schools offer data science programs and allow early application deadlines,college student,attribute_lookup,medium,"data science programs, low student debt, early application deadlines, college",academic_program_info,attribute lookup
help me compare colleges for nursing prerequisites based on robust internships and online course options,college student,multi_constraint,complex,"nursing prerequisites, robust internships, online course options, college",academic_policy_info,multi factor comparison
"I am a college student stressed about co-op opportunities, what options should I consider next",college student,emotional_advisory,llm_needed,"co-op opportunities, inclusive campus culture, accessible housing, college",academic_advising,student advisory
colleges with first-generation support opportunities plus strong strong advising,college student,attribute_lookup,short_circuit,"first-generation support, strong advising, evening classes, college",campus_services_info,quick lookup
schools that support scholarship renewal rules students and have transfer scholarships,college student,filtered_search,medium,"scholarship renewal rules, small class sizes, transfer scholarships, college",financial_aid_advising,student support search
best colleges for career center outcomes with good transit access in California,college student,filtered_search,medium,"career center outcomes, good transit access, paid internships, college",college_search,program discovery
which schools offer research opportunities and allow no SAT requirement,college student,attribute_lookup,medium,"research opportunities, flexible scheduling, no SAT requirement, college",academic_program_info,attribute lookup
help me compare colleges for flexible class schedules based on high graduation rates and on-campus childcare,college student,multi_constraint,complex,"flexible class schedules, high graduation rates, on-campus childcare, college",college_search,multi factor comparison
"I am a college student stressed about commuter student services, what options should I consider next",college student,emotional_advisory,llm_needed,"commuter student services, active student organizations, credit for AP classes, college",academic_advising,student advisory
colleges with disability accommodations opportunities plus strong hands-on learning,college student,attribute_lookup,short_circuit,"disability accommodations, hands-on learning, generous aid packages, college",campus_services_info,quick lookup
schools that support library 24-hour access students and have early application deadlines,college student,filtered_search,medium,"library 24-hour access, low student debt, early application deadlines, college",academic_advising,student support search
best colleges for entrepreneurship resources with robust internships in California,college student,filtered_search,medium,"entrepreneurship resources, robust internships, online course options, college",college_search,program discovery
which schools offer honors program fit and allow accessible housing,college student,attribute_lookup,medium,"honors program fit, inclusive campus culture, accessible housing, college",academic_program_info,attribute lookup
help me compare colleges for computer science internships based on strong advising and evening classes,college student,multi_constraint,complex,"computer science internships, strong advising, evening classes, college",college_search,multi factor comparison
"I am a college student stressed about affordable tuition, what options should I consider next",college student,emotional_advisory,llm_needed,"affordable tuition, small class sizes, transfer scholarships, college",financial_aid_advising,student advisory
colleges with transfer friendly policies opportunities plus strong good transit access,college student,attribute_lookup,short_circuit,"transfer friendly policies, good transit access, paid internships, college",transfer_advising,quick lookup
schools that support study abroad options students and have no SAT requirement,college student,filtered_search,medium,"study abroad options, flexible scheduling, no SAT requirement, college",study_abroad_advising,student support search
best colleges for on-campus housing with high graduation rates in California,college student,filtered_search,medium,"on-campus housing, high graduation rates, on-campus childcare, college",housing_advising,program discovery
which schools offer part-time jobs on campus and allow credit for AP classes,college student,attribute_lookup,medium,"part-time jobs on campus, active student organizations, credit for AP classes, college",academic_program_info,attribute lookup
help me compare colleges for mental health counseling based on hands-on learning and generous aid packages,college student,multi_constraint,complex,"mental health counseling, hands-on learning, generous aid packages, college",college_search,multi factor comparison
"I am a college student stressed about data science programs, what options should I consider next",college student,emotional_advisory,llm_needed,"data science programs, low student debt, early application deadlines, college",academic_program_info,student advisory
colleges with nursing prerequisites opportunities plus strong robust internships,college student,attribute_lookup,short_circuit,"nursing prerequisites, robust internships, online course options, college",academic_policy_info,quick lookup
schools that support co-op opportunities students and have accessible housing,college student,filtered_search,medium,"co-op opportunities, inclusive campus culture, accessible housing, college",academic_advising,student support search
best colleges for first-generation support with strong advising in California,college student,filtered_search,medium,"first-generation support, strong advising, evening classes, college",college_search,program discovery
which schools offer scholarship renewal rules and allow transfer scholarships,college student,attribute_lookup,medium,"scholarship renewal rules, small class sizes, transfer scholarships, college",financial_aid_advising,attribute lookup
help me compare colleges for career center outcomes based on good transit access and paid internships,college student,multi_constraint,complex,"career center outcomes, good transit access, paid internships, college",college_search,multi factor comparison
"I am a college student stressed about research opportunities, what options should I consider next",college student,emotional_advisory,llm_needed,"research opportunities, flexible scheduling, no SAT requirement, college",academic_advising,student advisory
colleges with flexible class schedules opportunities plus strong high graduation rates,college student,attribute_lookup,short_circuit,"flexible class schedules, high graduation rates, on-campus childcare, college",campus_services_info,quick lookup
schools that support commuter student services students and have credit for AP classes,college student,filtered_search,medium,"commuter student services, active student organizations, credit for AP classes, college",academic_advising,student support search
best colleges for disability accommodations with hands-on learning in California,college student,filtered_search,medium,"disability accommodations, hands-on learning, generous aid packages, college",college_search,program discovery
which schools offer library 24-hour access and allow early application deadlines,college student,attribute_lookup,medium,"library 24-hour access, low student debt, early application deadlines, college",academic_program_info,attribute lookup
help me compare colleges for entrepreneurship resources based on robust internships and online course options,college student,multi_constraint,complex,"entrepreneurship resources, robust internships, online course options, college",college_search,multi factor comparison
"I am a college student stressed about honors program fit, what options should I consider next",college student,emotional_advisory,llm_needed,"honors program fit, inclusive campus culture, accessible housing, college",academic_program_info,student advisory
colleges with computer science internships opportunities plus strong strong advising,college student,attribute_lookup,short_circuit,"computer science internships, strong advising, evening classes, college",campus_services_info,quick lookup
schools that support affordable tuition students and have transfer scholarships,college student,filtered_search,medium,"affordable tuition, small class sizes, transfer scholarships, college",financial_aid_advising,student support search
best colleges for transfer friendly policies with good transit access in California,college student,filtered_search,medium,"transfer friendly policies, good transit access, paid internships, college",transfer_advising,program discovery
which schools offer study abroad options and allow no SAT requirement,college student,attribute_lookup,medium,"study abroad options, flexible scheduling, no SAT requirement, college",study_abroad_advising,attribute lookup
help me compare colleges for on-campus housing based on high graduation rates and on-campus childcare,college student,multi_constraint,complex,"on-campus housing, high graduation rates, on-campus childcare, college",housing_advising,multi factor comparison
"I am a college student stressed about part-time jobs on campus, what options should I consider next",college student,emotional_advisory,llm_needed,"part-time jobs on campus, active student organizations, credit for AP classes, college",academic_advising,student advisory
colleges with mental health counseling opportunities plus strong hands-on learning,college student,attribute_lookup,short_circuit,"mental health counseling, hands-on learning, generous aid packages, college",campus_services_info,quick lookup
schools that support data science programs students and have early application deadlines,college student,filtered_search,medium,"data science programs, low student debt, early application deadlines, college",academic_program_info,student support search
best colleges for nursing prerequisites with robust internships in California,college student,filtered_search,medium,"nursing prerequisites, robust internships, online course options, college",academic_policy_info,program discovery
which schools offer co-op opportunities and allow accessible housing,college student,attribute_lookup,medium,"co-op opportunities, inclusive campus culture, accessible housing, college",academic_program_info,attribute lookup
help me compare colleges for first-generation support based on strong advising and evening classes,college student,multi_constraint,complex,"first-generation support, strong advising, evening classes, college",college_search,multi factor comparison
"I am a college student stressed about scholarship renewal rules, what options should I consider next",college student,emotional_advisory,llm_needed,"scholarship renewal rules, small class sizes, transfer scholarships, college",financial_aid_advising,student advisory
colleges with career center outcomes opportunities plus strong good transit access,college student,attribute_lookup,short_circuit,"career center outcomes, good transit access, paid internships, college",campus_services_info,quick lookup
schools that support research opportunities students and have no SAT requirement,college student,filtered_search,medium,"research opportunities, flexible scheduling, no SAT requirement, college",academic_advising,student support search
best colleges for flexible class schedules with high graduation rates in California,college student,filtered_search,medium,"flexible class schedules, high graduation rates, on-campus childcare, college",college_search,program discovery
which schools offer commuter student services and allow credit for AP classes,college student,attribute_lookup,medium,"commuter student services, active student organizations, credit for AP classes, college",academic_program_info,attribute lookup
help me compare colleges for disability accommodations based on hands-on learning and generous aid packages,college student,multi_constraint,complex,"disability accommodations, hands-on learning, generous aid packages, college",college_search,multi factor comparison
"I am a college student stressed about library 24-hour access, what options should I consider next",college student,emotional_advisory,llm_needed,"library 24-hour access, low student debt, early application deadlines, college",academic_advising,student advisory
colleges with entrepreneurship resources opportunities plus strong robust internships,college student,attribute_lookup,short_circuit,"entrepreneurship resources, robust internships, online course options, college",campus_services_info,quick lookup
schools that support honors program fit students and have accessible housing,college student,filtered_search,medium,"honors program fit, inclusive campus culture, accessible housing, college",academic_program_info,student support search
best colleges for computer science internships with strong advising in California,college student,filtered_search,medium,"computer science internships, strong advising, evening classes, college",college_search,program discovery
which schools offer affordable tuition and allow transfer scholarships,college student,attribute_lookup,medium,"affordable tuition, small class sizes, transfer scholarships, college",financial_aid_advising,attribute lookup
help me compare colleges for transfer friendly policies based on good transit access and paid internships,college student,multi_constraint,complex,"transfer friendly policies, good transit access, paid internships, college",transfer_advising,multi factor comparison
"I am a college student stressed about study abroad options, what options should I consider next",college student,emotional_advisory,llm_needed,"study abroad options, flexible scheduling, no SAT requirement, college",study_abroad_advising,student advisory
colleges with on-campus housing opportunities plus strong high graduation rates,college student,attribute_lookup,short_circuit,"on-campus housing, high graduation rates, on-campus childcare, college",housing_advising,quick lookup
schools that support part-time jobs on campus students and have credit for AP classes,college student,filtered_search,medium,"part-time jobs on campus, active student organizations, credit for AP classes, college",academic_advising,student support search
best colleges for mental health counseling with hands-on learning in California,college student,filtered_search,medium,"mental health counseling, hands-on learning, generous aid packages, college",college_search,program discovery
which schools offer data science programs and allow early application deadlines,college student,attribute_lookup,medium,"data science programs, low student debt, early application deadlines, college",academic_program_info,attribute lookup
help me compare colleges for nursing prerequisites based on robust internships and online course options,college student,multi_constraint,complex,"nursing prerequisites, robust internships, online course options, college",academic_policy_info,multi factor comparison
"I am a college student stressed about co-op opportunities, what options should I consider next",college student,emotional_advisory,llm_needed,"co-op opportunities, inclusive campus culture, accessible housing, college",academic_advising,student advisory
colleges with first-generation support opportunities plus strong strong advising,college student,attribute_lookup,short_circuit,"first-generation support, strong advising, evening classes, college",campus_services_info,quick lookup
schools that support scholarship renewal rules students and have transfer scholarships,college student,filtered_search,medium,"scholarship renewal rules, small class sizes, transfer scholarships, college",financial_aid_advising,student support search
best colleges for career center outcomes with good transit access in California,college student,filtered_search,medium,"career center outcomes, good transit access, paid internships, college",college_search,program discovery
which schools offer research opportunities and allow no SAT requirement,college student,attribute_lookup,medium,"research opportunities, flexible scheduling, no SAT requirement, college",academic_program_info,attribute lookup
help me compare colleges for flexible class schedules based on high graduation rates and on-campus childcare,college student,multi_constraint,complex,"flexible class schedules, high graduation rates, on-campus childcare, college",college_search,multi factor comparison
"I am a college student stressed about commuter student services, what options should I consider next",college student,emotional_advisory,llm_needed,"commuter student services, active student organizations, credit for AP classes, college",academic_advising,student advisory
colleges with disability accommodations opportunities plus strong hands-on learning,college student,attribute_lookup,short_circuit,"disability accommodations, hands-on learning, generous aid packages, college",campus_services_info,quick lookup
schools that support library 24-hour access students and have early application deadlines,college student,filtered_search,medium,"library 24-hour access, low student debt, early application deadlines, college",academic_advising,student support search
best colleges for entrepreneurship resources with robust internships in California,college student,filtered_search,medium,"entrepreneurship resources, robust internships, online course options, college",college_search,program discovery
which schools offer honors program fit and allow accessible housing,college student,attribute_lookup,medium,"honors program fit, inclusive campus culture, accessible housing, college",academic_program_info,attribute lookup
help me compare colleges for computer science internships based on strong advising and evening classes,college student,multi_constraint,complex,"computer science internships, strong advising, evening classes, college",college_search,multi factor comparison
"I am a college student stressed about affordable tuition, what options should I consider next",college student,emotional_advisory,llm_needed,"affordable tuition, small class sizes, transfer scholarships, college",financial_aid_advising,student advisory
colleges with transfer friendly policies opportunities plus strong good transit access,college student,attribute_lookup,short_circuit,"transfer friendly policies, good transit access, paid internships, college",transfer_advising,quick lookup
schools that support study abroad options students and have no SAT requirement,college student,filtered_search,medium,"study abroad options, flexible scheduling, no SAT requirement, college",study_abroad_advising,student support search
best colleges for on-campus housing with high graduation rates in California,college student,filtered_search,medium,"on-campus housing, high graduation rates, on-campus childcare, college",housing_advising,program discovery
which schools offer part-time jobs on campus and allow credit for AP classes,college student,attribute_lookup,medium,"part-time jobs on campus, active student organizations, credit for AP classes, college",academic_program_info,attribute lookup
help me compare colleges for mental health counseling based on hands-on learning and generous aid packages,college student,multi_constraint,complex,"mental health counseling, hands-on learning, generous aid packages, college",college_search,multi factor comparison
"I am a college student stressed about data science programs, what options should I consider next",college student,emotional_advisory,llm_needed,"data science programs, low student debt, early application deadlines, college",academic_program_info,student advisory
colleges with nursing prerequisites opportunities plus strong robust internships,college student,attribute_lookup,short_circuit,"nursing prerequisites, robust internships, online course options, college",academic_policy_info,quick lookup
schools that support co-op opportunities students and have accessible housing,college student,filtered_search,medium,"co-op opportunities, inclusive campus culture, accessible housing, college",academic_advising,student support search
best colleges for first-generation support with strong advising in California,college student,filtered_search,medium,"first-generation support, strong advising, evening classes, college",college_search,program discovery
which schools offer scholarship renewal rules and allow transfer scholarships,college student,attribute_lookup,medium,"scholarship renewal rules, small class sizes, transfer scholarships, college",financial_aid_advising,attribute lookup
help me compare colleges for career center outcomes based on good transit access and paid internships,college student,multi_constraint,complex,"career center outcomes, good transit access, paid internships, college",college_search,multi factor comparison
"I am a college student stressed about research opportunities, what options should I consider next",college student,emotional_advisory,llm_needed,"research opportunities, flexible scheduling, no SAT requirement, college",academic_advising,student advisory
colleges with flexible class schedules opportunities plus strong high graduation rates,college student,attribute_lookup,short_circuit,"flexible class schedules, high graduation rates, on-campus childcare, college",campus_services_info,quick lookup
schools that support commuter student services students and have credit for AP classes,college student,filtered_search,medium,"commuter student services, active student organizations, credit for AP classes, college",academic_advising,student support search
best colleges for disability accommodations with hands-on learning in California,college student,filtered_search,medium,"disability accommodations, hands-on learning, generous aid packages, college",college_search,program discovery
which schools offer library 24-hour access and allow early application deadlines,college student,attribute_lookup,medium,"library 24-hour access, low student debt, early application deadlines, college",academic_program_info,attribute lookup
help me compare colleges for entrepreneurship resources based on robust internships and online course options,college student,multi_constraint,complex,"entrepreneurship resources, robust internships, online course options, college",college_search,multi factor comparison
"I am a college student stressed about honors program fit, what options should I consider next",college student,emotional_advisory,llm_needed,"honors program fit, inclusive campus culture, accessible housing, college",academic_program_info,student advisory
colleges with computer science internships opportunities plus strong strong advising,college student,attribute_lookup,short_circuit,"computer science internships, strong advising, evening classes, college",campus_services_info,quick lookup
schools that support affordable tuition students and have transfer scholarships,college student,filtered_search,medium,"affordable tuition, small class sizes, transfer scholarships, college",financial_aid_advising,student support search
best colleges for transfer friendly policies with good transit access in California,college student,filtered_search,medium,"transfer friendly policies, good transit access, paid internships, college",transfer_advising,program discovery
which schools offer study abroad options and allow no SAT requirement,college student,attribute_lookup,medium,"study abroad options, flexible scheduling, no SAT requirement, college",study_abroad_advising,attribute lookup
help me compare colleges for on-campus housing based on high graduation rates and on-campus childcare,college student,multi_constraint,complex,"on-campus housing, high graduation rates, on-campus childcare, college",housing_advising,multi factor comparison
"I am a college student stressed about part-time jobs on campus, what options should I consider next",college student,emotional_advisory,llm_needed,"part-time jobs on campus, active student organizations, credit for AP classes, college",academic_advising,student advisory
colleges with mental health counseling opportunities plus strong hands-on learning,college student,attribute_lookup,short_circuit,"mental health counseling, hands-on learning, generous aid packages, college",campus_services_info,quick lookup
schools that support data science programs students and have early application deadlines,college student,filtered_search,medium,"data science programs, low student debt, early application deadlines, college",academic_program_info,student support search
best colleges for nursing prerequisites with robust internships in California,college student,filtered_search,medium,"nursing prerequisites, robust internships, online course options, college",academic_policy_info,program discovery
which schools offer co-op opportunities and allow accessible housing,college student,attribute_lookup,medium,"co-op opportunities, inclusive campus culture, accessible housing, college",academic_program_info,attribute lookup
help me compare colleges for first-generation support based on strong advising and evening classes,college student,multi_constraint,complex,"first-generation support, strong advising, evening classes, college",college_search,multi factor comparison
"I am a college student stressed about scholarship renewal rules, what options should I consider next",college student,emotional_advisory,llm_needed,"scholarship renewal rules, small class sizes, transfer scholarships, college",financial_aid_advising,student advisory
colleges with career center outcomes opportunities plus strong good transit access,college student,attribute_lookup,short_circuit,"career center outcomes, good transit access, paid internships, college",campus_services_info,quick lookup
schools that support research opportunities students and have no SAT requirement,college student,filtered_search,medium,"research opportunities, flexible scheduling, no SAT requirement, college",academic_advising,student support search
best colleges for flexible class schedules with high graduation rates in California,college student,filtered_search,medium,"flexible class schedules, high graduation rates, on-campus childcare, college",college_search,program discovery
which schools offer commuter student services and allow credit for AP classes,college student,attribute_lookup,medium,"commuter student services, active student organizations, credit for AP classes, college",academic_program_info,attribute lookup
help me compare colleges for disability accommodations based on hands-on learning and generous aid packages,college student,multi_constraint,complex,"disability accommodations, hands-on learning, generous aid packages, college",college_search,multi factor comparison
"I am a college student stressed about library 24-hour access, what options should I consider next",college student,emotional_advisory,llm_needed,"library 24-hour access, low student debt, early application deadlines, college",academic_advising,student advisory
colleges with entrepreneurship resources opportunities plus strong robust internships,college student,attribute_lookup,short_circuit,"entrepreneurship resources, robust internships, online course options, college",campus_services_info,quick lookup
schools that support honors program fit students and have accessible housing,college student,filtered_search,medium,"honors program fit, inclusive campus culture, accessible housing, college",academic_program_info,student support search
best colleges for computer science internships with strong advising in California,college student,filtered_search,medium,"computer science internships, strong advising, evening classes, college",college_search,program discovery
which schools offer affordable tuition and allow transfer scholarships,college student,attribute_lookup,medium,"affordable tuition, small class sizes, transfer scholarships, college",financial_aid_advising,attribute lookup
help me compare colleges for transfer friendly policies based on good transit access and paid internships,college student,multi_constraint,complex,"transfer friendly policies, good transit access, paid internships, college",transfer_advising,multi factor comparison
"I am a college student stressed about study abroad options, what options should I consider next",college student,emotional_advisory,llm_needed,"study abroad options, flexible scheduling, no SAT requirement, college",study_abroad_advising,student advisory
colleges with on-campus housing opportunities plus strong high graduation rates,college student,attribute_lookup,short_circuit,"on-campus housing, high graduation rates, on-campus childcare, college",housing_advising,quick lookup
schools that support part-time jobs on campus students and have credit for AP classes,college student,filtered_search,medium,"part-time jobs on campus, active student organizations, credit for AP classes, college",academic_advising,student support search
best colleges for mental health counseling with hands-on learning in California,college student,filtered_search,medium,"mental health counseling, hands-on learning, generous aid packages, college",college_search,program discovery
which schools offer data science programs and allow early application deadlines,college student,attribute_lookup,medium,"data science programs, low student debt, early application deadlines, college",academic_program_info,attribute lookup
help me compare colleges for nursing prerequisites based on robust internships and online course options,college student,multi_constraint,complex,"nursing prerequisites, robust internships, online course options, college",academic_policy_info,multi factor comparison
"I am a college student stressed about co-op opportunities, what options should I consider next",college student,emotional_advisory,llm_needed,"co-op opportunities, inclusive campus culture, accessible housing, college",academic_advising,student advisory
colleges with first-generation support opportunities plus strong strong advising,college student,attribute_lookup,short_circuit,"first-generation support, strong advising, evening classes, college",campus_services_info,quick lookup
schools that support scholarship renewal rules students and have transfer scholarships,college student,filtered_search,medium,"scholarship renewal rules, small class sizes, transfer scholarships, college",financial_aid_advising,student support search
best colleges for career center outcomes with good transit access in California,college student,filtered_search,medium,"career center outcomes, good transit access, paid internships, college",college_search,program discovery
which schools offer research opportunities and allow no SAT requirement,college student,attribute_lookup,medium,"research opportunities, flexible scheduling, no SAT requirement, college",academic_program_info,attribute lookup
help me compare colleges for flexible class schedules based on high graduation rates and on-campus childcare,college student,multi_constraint,complex,"flexible class schedules, high graduation rates, on-campus childcare, college",college_search,multi factor comparison
"I am a college student stressed about commuter student services, what options should I consider next",college student,emotional_advisory,llm_needed,"commuter student services, active student organizations, credit for AP classes, college",academic_advising,student advisory
colleges with disability accommodations opportunities plus strong hands-on learning,college student,attribute_lookup,short_circuit,"disability accommodations, hands-on learning, generous aid packages, college",campus_services_info,quick lookup
schools that support library 24-hour access students and have early application deadlines,college student,filtered_search,medium,"library 24-hour access, low student debt, early application deadlines, college",academic_advising,student support search
best colleges for entrepreneurship resources with robust internships in California,college student,filtered_search,medium,"entrepreneurship resources, robust internships, online course options, college",college_search,program discovery
which schools offer honors program fit and allow accessible housing,college student,attribute_lookup,medium,"honors program fit, inclusive campus culture, accessible housing, college",academic_program_info,attribute lookup
help me compare colleges for computer science internships based on strong advising and evening classes,college student,multi_constraint,complex,"computer science internships, strong advising, evening classes, college",college_search,multi factor comparison
"I am a college student stressed about affordable tuition, what options should I consider next",college student,emotional_advisory,llm_needed,"affordable tuition, small class sizes, transfer scholarships, college",financial_aid_advising,student advisory
colleges with transfer friendly policies opportunities plus strong good transit access,college student,attribute_lookup,short_circuit,"transfer friendly policies, good transit access, paid internships, college",transfer_advising,quick lookup
schools that support study abroad options students and have no SAT requirement,college student,filtered_search,medium,"study abroad options, flexible scheduling, no SAT requirement, college",study_abroad_advising,student support search
best colleges for on-campus housing with high graduation rates in California,college student,filtered_search,medium,"on-campus housing, high graduation rates, on-campus childcare, college",housing_advising,program discovery
which schools offer part-time jobs on campus and allow credit for AP classes,college student,attribute_lookup,medium,"part-time jobs on campus, active student organizations, credit for AP classes, college",academic_program_info,attribute lookup
help me compare colleges for mental health counseling based on hands-on learning and generous aid packages,college student,multi_constraint,complex,"mental health counseling, hands-on learning, generous aid packages, college",college_search,multi factor comparison
"I am a college student stressed about data science programs, what options should I consider next",college student,emotional_advisory,llm_needed,"data science programs, low student debt, early application deadlines, college",academic_program_info,student advisory
colleges with nursing prerequisites opportunities plus strong robust internships,college student,attribute_lookup,short_circuit,"nursing prerequisites, robust internships, online course options, college",academic_policy_info,quick lookup
schools that support co-op opportunities students and have accessible housing,college student,filtered_search,medium,"co-op opportunities, inclusive campus culture, accessible housing, college",academic_advising,student support search
best colleges for first-generation support with strong advising in California,college student,filtered_search,medium,"first-generation support, strong advising, evening classes, college",college_search,program discovery
which schools offer scholarship renewal rules and allow transfer scholarships,college student,attribute_lookup,medium,"scholarship renewal rules, small class sizes, transfer scholarships, college",financial_aid_advising,attribute lookup
help me compare colleges for career center outcomes based on good transit access and paid internships,college student,multi_constraint,complex,"career center outcomes, good transit access, paid internships, college",college_search,multi factor comparison
"I am a college student stressed about research opportunities, what options should I consider next",college student,emotional_advisory,llm_needed,"research opportunities, flexible scheduling, no SAT requirement, college",academic_advising,student advisory
colleges with flexible class schedules opportunities plus strong high graduation rates,college student,attribute_lookup,short_circuit,"flexible class schedules, high graduation rates, on-campus childcare, college",campus_services_info,quick lookup
schools that support commuter student services students and have credit for AP classes,college student,filtered_search,medium,"commuter student services, active student organizations, credit for AP classes, college",academic_advising,student support search
best colleges for disability accommodations with hands-on learning in California,college student,filtered_search,medium,"disability accommodations, hands-on learning, generous aid packages, college",college_search,program discovery
which schools offer library 24-hour access and allow early application deadlines,college student,attribute_lookup,medium,"library 24-hour access, low student debt, early application deadlines, college",academic_program_info,attribute lookup
help me compare colleges for entrepreneurship resources based on robust internships and online course options,college student,multi_constraint,complex,"entrepreneurship resources, robust internships, online course options, college",college_search,multi factor comparison
"I am a college student stressed about honors program fit, what options should I consider next",college student,emotional_advisory,llm_needed,"honors program fit, inclusive campus culture, accessible housing, college",academic_program_info,student advisory
colleges with computer science internships opportunities plus strong strong advising,college student,attribute_lookup,short_circuit,"computer science internships, strong advising, evening classes, college",campus_services_info,quick lookup
schools that support affordable tuition students and have transfer scholarships,college student,filtered_search,medium,"affordable tuition, small class sizes, transfer scholarships, college",financial_aid_advising,student support search
best colleges for transfer friendly policies with good transit access in California,college student,filtered_search,medium,"transfer friendly policies, good transit access, paid internships, college",transfer_advising,program discovery
which schools offer study abroad options and allow no SAT requirement,college student,attribute_lookup,medium,"study abroad options, flexible scheduling, no SAT requirement, college",study_abroad_advising,attribute lookup
help me compare colleges for on-campus housing based on high graduation rates and on-campus childcare,college student,multi_constraint,complex,"on-campus housing, high graduation rates, on-campus childcare, college",housing_advising,multi factor comparison
"I am a college student stressed about part-time jobs on campus, what options should I consider next",college student,emotional_advisory,llm_needed,"part-time jobs on campus, active student organizations, credit for AP classes, college",academic_advising,student advisory
colleges with mental health counseling opportunities plus strong hands-on learning,college student,attribute_lookup,short_circuit,"mental health counseling, hands-on learning, generous aid packages, college",campus_services_info,quick lookup
schools that support data science programs students and have early application deadlines,college student,filtered_search,medium,"data science programs, low student debt, early application deadlines, college",academic_program_info,student support search
best colleges for nursing prerequisites with robust internships in California,college student,filtered_search,medium,"nursing prerequisites, robust internships, online course options, college",academic_policy_info,program discovery
which schools offer co-op opportunities and allow accessible housing,college student,attribute_lookup,medium,"co-op opportunities, inclusive campus culture, accessible housing, college",academic_program_info,attribute lookup
help me compare colleges for first-generation support based on strong advising and evening classes,college student,multi_constraint,complex,"first-generation support, strong advising, evening classes, college",college_search,multi factor comparison
"I am a college student stressed about scholarship renewal rules, what options should I consider next",college student,emotional_advisory,llm_needed,"scholarship renewal rules, small class sizes, transfer scholarships, college",financial_aid_advising,student advisory
colleges with career center outcomes opportunities plus strong good transit access,college student,attribute_lookup,short_circuit,"career center outcomes, good transit access, paid internships, college",campus_services_info,quick lookup
schools that support research opportunities students and have no SAT requirement,college student,filtered_search,medium,"research opportunities, flexible scheduling, no SAT requirement, college",academic_advising,student support search
best colleges for flexible class schedules with high graduation rates in California,college student,filtered_search,medium,"flexible class schedules, high graduation rates, on-campus childcare, college",college_search,program discovery
which schools offer commuter student services and allow credit for AP classes,college student,attribute_lookup,medium,"commuter student services, active student organizations, credit for AP classes, college",academic_program_info,attribute lookup
help me compare colleges for disability accommodations based on hands-on learning and generous aid packages,college student,multi_constraint,complex,"disability accommodations, hands-on learning, generous aid packages, college",college_search,multi factor comparison
"I am a college student stressed about library 24-hour access, what options should I consider next",college student,emotional_advisory,llm_needed,"library 24-hour access, low student debt, early application deadlines, college",academic_advising,student advisory
colleges with entrepreneurship resources opportunities plus strong robust internships,college student,attribute_lookup,short_circuit,"entrepreneurship resources, robust internships, online course options, college",campus_services_info,quick lookup
schools that support honors program fit students and have accessible housing,college student,filtered_search,medium,"honors program fit, inclusive campus culture, accessible housing, college",academic_program_info,student support search
universities offering creative writing MFA programs,college student,attribute_lookup,medium,"creative writing, MFA, university",academic_program_info,program lookup
universities with health informatics programs,college student,attribute_lookup,medium,"health informatics, programs, university",academic_program_info,program lookup
schools with late night dining options,college student,attribute_lookup,short_circuit,"late night, dining, campus, school",campus_services_info,campus perks
schools with 3D printing labs open to all students,college student,attribute_lookup,short_circuit,"3D printing, lab, campus, school",campus_services_info,campus perks
universities with student tech loan programs,college student,attribute_lookup,short_circuit,"tech loan, laptop, campus, university",campus_services_info,campus perks
colleges with on-campus childcare or nursery,college student,attribute_lookup,medium,"childcare, nursery, on-campus, college",campus_services_info,campus perks
colleges with work-study programs abroad,college student,filtered_search,medium,"work-study, abroad, college",financial_aid_advising,financial aid
schools offering emergency financial aid funds,college student,attribute_lookup,medium,"emergency, financial aid, school",financial_aid_advising,student support
colleges with employer tuition reimbursement partnerships,college student,attribute_lookup,medium,"employer, tuition reimbursement, college",financial_aid_advising,financial aid
universities that offer income share agreements,college student,attribute_lookup,medium,"income share agreement, ISA, university",financial_aid_advising,financial aid
universities with co-op programs that pay during work terms,college student,attribute_lookup,medium,"co-op, paid, work terms, university",financial_aid_advising,financial aid
colleges with military veteran tuition benefits,college student,attribute_lookup,medium,"military, veteran, tuition benefits, college",financial_aid_advising,financial aid
how to maintain financial aid eligibility in college,college student,attribute_lookup,medium,"financial aid, eligibility, maintain, college",financial_aid_advising,financial aid
universities with semester programs in Japan,college student,attribute_lookup,medium,"semester abroad, Japan, university",study_abroad_advising,study abroad
colleges with study abroad programs in South America,college student,attribute_lookup,medium,"study abroad, South America, college",study_abroad_advising,study abroad
schools with language immersion programs in France,college student,attribute_lookup,medium,"language immersion, France, school",study_abroad_advising,study abroad
universities offering research opportunities abroad,college student,attribute_lookup,medium,"research, abroad, university",study_abroad_advising,research focus
colleges with affordable study abroad programs,college student,filtered_search,medium,"affordable, study abroad, college",study_abroad_advising,study abroad
schools with internship programs in London,college student,attribute_lookup,medium,"internship, London, school",study_abroad_advising,study abroad
universities with semester at sea programs,college student,attribute_lookup,medium,"semester at sea, university",study_abroad_advising,study abroad
colleges with exchange programs in Australia,college student,attribute_lookup,medium,"exchange program, Australia, college",study_abroad_advising,study abroad
schools with international co-op programs,college student,attribute_lookup,medium,"international, co-op, school",study_abroad_advising,study abroad
universities with programs in non-English speaking countries,college student,filtered_search,medium,"non-English, programs abroad, university",study_abroad_advising,study abroad
colleges with fully funded study abroad grants,college student,filtered_search,complex,"fully funded, study abroad, grant, college",study_abroad_advising,study abroad
universities with programs in sub-Saharan Africa,college student,attribute_lookup,medium,"sub-Saharan Africa, programs, university",study_abroad_advising,study abroad
schools with Mandarin language study abroad programs,college student,attribute_lookup,medium,"Mandarin, language, study abroad, school",study_abroad_advising,study abroad
colleges with service learning abroad programs,college student,attribute_lookup,medium,"service learning, abroad, college",study_abroad_advising,study abroad
universities that offer summer programs in Italy,college student,attribute_lookup,medium,"summer program, Italy, university",study_abroad_advising,study abroad
schools with programs for studying Middle Eastern cultures,college student,attribute_lookup,medium,"Middle Eastern, cultures, study abroad, school",study_abroad_advising,study abroad
universities with study abroad for STEM majors,college student,filtered_search,medium,"STEM, study abroad, university",study_abroad_advising,study abroad
universities with off-campus housing assistance,college student,attribute_lookup,medium,"off-campus, housing, university",housing_advising,campus support
schools with apartments for upperclassmen,college student,attribute_lookup,medium,"apartments, upperclassmen, school",housing_advising,campus perks
colleges with married student housing,college student,attribute_lookup,medium,"married, student housing, college",housing_advising,campus perks
transfer requirements for UC schools from community college,college student,attribute_lookup,complex,"transfer, UC, community college",transfer_advising,transfer info
best colleges for community college transfers,college student,filtered_search,complex,"community college, transfer, college",transfer_advising,transfer info
universities that accept most transfer credits,college student,attribute_lookup,medium,"transfer credits, university",transfer_advising,transfer info
schools with transfer student scholarships,college student,attribute_lookup,medium,"transfer, scholarship, school",transfer_advising,financial aid
colleges with guaranteed transfer admission agreements,college student,attribute_lookup,medium,"guaranteed, transfer, admission, college",transfer_advising,transfer info
universities with strong transfer support programs,college student,attribute_lookup,medium,"transfer support, university",transfer_advising,student support
schools with articulation agreements for nursing transfers,college student,attribute_lookup,complex,"articulation, nursing, transfer, school",transfer_advising,transfer info
colleges that accept community college associate degrees,college student,attribute_lookup,medium,"associates degree, community college, transfer",transfer_advising,transfer info
universities with high transfer student acceptance rates,college student,attribute_lookup,medium,"transfer, acceptance rate, university",transfer_advising,transfer info
schools with transfer orientation programs,college student,attribute_lookup,medium,"transfer, orientation, school",transfer_advising,student support
how to choose a double major in college,college student,emotional_advisory,llm_needed,"double major, college",academic_advising,academic advice
tips for managing coursework and internships at the same time,college student,emotional_advisory,llm_needed,"coursework, internships, time management",academic_advising,academic advice
how to talk to a professor about a bad grade,college student,emotional_advisory,llm_needed,"professor, grade, communication",academic_advising,academic advice
what to do if you want to change your major junior year,college student,emotional_advisory,llm_needed,"change major, junior year, college",academic_advising,academic advice
how to prepare for graduate school applications,college student,emotional_advisory,llm_needed,"graduate school, applications, preparation",academic_advising,academic advice
how to get research experience as an undergrad,college student,attribute_lookup,medium,"research, undergrad, experience",academic_advising,research focus
best ways to use office hours as a college student,college student,emotional_advisory,llm_needed,"office hours, professor, college",academic_advising,academic advice
how to build a study schedule in college,college student,emotional_advisory,llm_needed,"study schedule, college, productivity",academic_advising,academic advice
how to pick the right electives in college,college student,emotional_advisory,llm_needed,"electives, college, course selection",academic_advising,academic advice
can I take grad-level classes as an undergrad,college student,attribute_lookup,medium,"grad-level, undergrad, courses",academic_advising,academic policy
schools with space science research opportunities,college student,attribute_lookup,medium,"space science, research, school",academic_program_info,research focus
universities with social science research initiatives,college student,attribute_lookup,medium,"social science, research, university",academic_program_info,research focus
schools with tutoring centers for STEM students,college student,attribute_lookup,medium,"tutoring, STEM, school",campus_services_info,student support
universities with food pantries for students,college student,attribute_lookup,medium,"food pantry, students, university",campus_services_info,student support
schools with veteran student services,college student,attribute_lookup,medium,"veteran, student services, school",campus_services_info,student support
universities with childcare services for student parents,college student,attribute_lookup,medium,"childcare, student parents, university",campus_services_info,student support
universities with writing centers for all students,college student,attribute_lookup,medium,"writing center, students, university",campus_services_info,student support
universities with pass/fail grading options,college student,attribute_lookup,medium,"pass/fail, grading, university",academic_policy_info,academic policy
colleges with flexible credit transfer policies,college student,attribute_lookup,medium,"credit transfer, flexible, college",academic_policy_info,academic policy
schools with late withdrawal policies that protect GPA,college student,attribute_lookup,medium,"late withdrawal, GPA, policy, school",academic_policy_info,academic policy
feeling overwhelmed in college what should I do,college student,emotional_advisory,llm_needed,"overwhelmed, college, mental health",academic_advising,student support
how to make friends when you're introverted in college,college student,emotional_advisory,llm_needed,"introverted, friends, college social life",academic_advising,campus culture
I'm failing a class what are my options,college student,emotional_advisory,llm_needed,"failing, class, options, college",academic_advising,academic advice
how to deal with homesickness in college,college student,emotional_advisory,llm_needed,"homesickness, college, adjustment",academic_advising,student support
tips for staying motivated during a difficult semester,college student,emotional_advisory,llm_needed,"motivation, difficult semester, college",academic_advising,academic advice
how to balance social life and academics in college,college student,emotional_advisory,llm_needed,"social life, academics, balance, college",academic_advising,academic advice
should I take a leave of absence from college,college student,emotional_advisory,llm_needed,"leave of absence, college, decision",academic_advising,academic advice
how to network as a college student with no experience,college student,emotional_advisory,llm_needed,"networking, no experience, college student",academic_advising,outcomes
feeling like I chose the wrong major what should I do,college student,emotional_advisory,llm_needed,"wrong major, feelings, college",academic_advising,academic advice
how to handle academic probation in college,college student,emotional_advisory,llm_needed,"academic probation, college, recovery",academic_advising,academic advice
how to manage test anxiety in college,college student,emotional_advisory,llm_needed,"test anxiety, management, college",academic_advising,student support
what should I do if I hate my college roommate,college student,emotional_advisory,llm_needed,"roommate conflict, college, resolution",housing_advising,student support
how to cope with imposter syndrome in college,college student,emotional_advisory,llm_needed,"imposter syndrome, college, confidence",academic_advising,student support
what to do when you feel lost in your major,college student,emotional_advisory,llm_needed,"lost, major, direction, college",academic_advising,academic advice
how to get back on track after a bad semester,college student,emotional_advisory,llm_needed,"bad semester, recovery, academic advice",academic_advising,academic advice
college feels overwhelming and I want to quit,college student,emotional_advisory,llm_needed,"overwhelmed, quit, college, burnout",academic_advising,student support
how to find community and belonging at a large university,college student,emotional_advisory,llm_needed,"community, belonging, large university",academic_advising,campus culture
best colleges for overall college affordability with strong advising in California,parent,filtered_search,medium,"overall college affordability, strong advising, evening classes, college",financial_aid_advising,program discovery
which schools offer campus safety programs and allow transfer scholarships,parent,attribute_lookup,medium,"campus safety programs, small class sizes, transfer scholarships, college",academic_program_info,attribute lookup
help me compare colleges for graduation outcomes based on good transit access and paid internships,parent,multi_constraint,complex,"graduation outcomes, good transit access, paid internships, college",college_search,multi factor comparison
"as a parent, I am concerned about financial aid transparency and student wellbeing, what should we prioritize",parent,emotional_advisory,llm_needed,"financial aid transparency, flexible scheduling, no SAT requirement, college",financial_aid_advising,family advisory
colleges with mental health services opportunities plus strong high graduation rates,parent,attribute_lookup,short_circuit,"mental health services, high graduation rates, on-campus childcare, college",campus_services_info,quick lookup
schools that support academic advising quality students and have credit for AP classes,parent,filtered_search,medium,"academic advising quality, active student organizations, credit for AP classes, college",academic_advising,student support search
best colleges for housing security with hands-on learning in California,parent,filtered_search,medium,"housing security, hands-on learning, generous aid packages, college",housing_advising,program discovery
which schools offer internship placement support and allow early application deadlines,parent,attribute_lookup,medium,"internship placement support, low student debt, early application deadlines, college",academic_program_info,attribute lookup
help me compare colleges for class size and faculty access based on robust internships and online course options,parent,multi_constraint,complex,"class size and faculty access, robust internships, online course options, college",college_search,multi factor comparison
"as a parent, I am concerned about communication with families and student wellbeing, what should we prioritize",parent,emotional_advisory,llm_needed,"communication with families, inclusive campus culture, accessible housing, college",academic_advising,family advisory
colleges with support for struggling students opportunities plus strong strong advising,parent,attribute_lookup,short_circuit,"support for struggling students, strong advising, evening classes, college",campus_services_info,quick lookup
schools that support health services access students and have transfer scholarships,parent,filtered_search,medium,"health services access, small class sizes, transfer scholarships, college",academic_advising,student support search
best colleges for transfer credit clarity with good transit access in California,parent,filtered_search,medium,"transfer credit clarity, good transit access, paid internships, college",transfer_advising,program discovery
which schools offer retention rates and allow no SAT requirement,parent,attribute_lookup,medium,"retention rates, flexible scheduling, no SAT requirement, college",academic_program_info,attribute lookup
help me compare colleges for job placement by major based on high graduation rates and on-campus childcare,parent,multi_constraint,complex,"job placement by major, high graduation rates, on-campus childcare, college",academic_program_info,multi factor comparison
"as a parent, I am concerned about student debt management and student wellbeing, what should we prioritize",parent,emotional_advisory,llm_needed,"student debt management, active student organizations, credit for AP classes, college",financial_aid_advising,family advisory
colleges with emergency financial support opportunities plus strong hands-on learning,parent,attribute_lookup,medium,"emergency financial support, hands-on learning, generous aid packages, college",financial_aid_advising,quick lookup
schools that support campus culture and inclusion students and have early application deadlines,parent,filtered_search,medium,"campus culture and inclusion, low student debt, early application deadlines, college",academic_advising,student support search
best colleges for study abroad safety with robust internships in California,parent,filtered_search,medium,"study abroad safety, robust internships, online course options, college",study_abroad_advising,program discovery
which schools offer parent orientation resources and allow accessible housing,parent,attribute_lookup,medium,"parent orientation resources, inclusive campus culture, accessible housing, college",academic_program_info,attribute lookup
help me compare colleges for overall college affordability based on strong advising and evening classes,parent,multi_constraint,complex,"overall college affordability, strong advising, evening classes, college",financial_aid_advising,multi factor comparison
"as a parent, I am concerned about campus safety programs and student wellbeing, what should we prioritize",parent,emotional_advisory,llm_needed,"campus safety programs, small class sizes, transfer scholarships, college",academic_program_info,family advisory
colleges with graduation outcomes opportunities plus strong good transit access,parent,attribute_lookup,short_circuit,"graduation outcomes, good transit access, paid internships, college",campus_services_info,quick lookup
schools that support financial aid transparency students and have no SAT requirement,parent,filtered_search,medium,"financial aid transparency, flexible scheduling, no SAT requirement, college",financial_aid_advising,student support search
best colleges for mental health services with high graduation rates in California,parent,filtered_search,medium,"mental health services, high graduation rates, on-campus childcare, college",college_search,program discovery
which schools offer academic advising quality and allow credit for AP classes,parent,attribute_lookup,medium,"academic advising quality, active student organizations, credit for AP classes, college",academic_program_info,attribute lookup
help me compare colleges for housing security based on hands-on learning and generous aid packages,parent,multi_constraint,complex,"housing security, hands-on learning, generous aid packages, college",housing_advising,multi factor comparison
"as a parent, I am concerned about internship placement support and student wellbeing, what should we prioritize",parent,emotional_advisory,llm_needed,"internship placement support, low student debt, early application deadlines, college",academic_advising,family advisory
colleges with class size and faculty access opportunities plus strong robust internships,parent,attribute_lookup,short_circuit,"class size and faculty access, robust internships, online course options, college",campus_services_info,quick lookup
schools that support communication with families students and have accessible housing,parent,filtered_search,medium,"communication with families, inclusive campus culture, accessible housing, college",academic_advising,student support search
best colleges for support for struggling students with strong advising in California,parent,filtered_search,medium,"support for struggling students, strong advising, evening classes, college",college_search,program discovery
which schools offer health services access and allow transfer scholarships,parent,attribute_lookup,medium,"health services access, small class sizes, transfer scholarships, college",academic_program_info,attribute lookup
help me compare colleges for transfer credit clarity based on good transit access and paid internships,parent,multi_constraint,complex,"transfer credit clarity, good transit access, paid internships, college",transfer_advising,multi factor comparison
"as a parent, I am concerned about retention rates and student wellbeing, what should we prioritize",parent,emotional_advisory,llm_needed,"retention rates, flexible scheduling, no SAT requirement, college",academic_advising,family advisory
colleges with job placement by major opportunities plus strong high graduation rates,parent,attribute_lookup,short_circuit,"job placement by major, high graduation rates, on-campus childcare, college",academic_program_info,quick lookup
schools that support student debt management students and have credit for AP classes,parent,filtered_search,medium,"student debt management, active student organizations, credit for AP classes, college",financial_aid_advising,student support search
best colleges for emergency financial support with hands-on learning in California,parent,filtered_search,medium,"emergency financial support, hands-on learning, generous aid packages, college",financial_aid_advising,program discovery
which schools offer campus culture and inclusion and allow early application deadlines,parent,attribute_lookup,medium,"campus culture and inclusion, low student debt, early application deadlines, college",academic_program_info,attribute lookup
help me compare colleges for study abroad safety based on robust internships and online course options,parent,multi_constraint,complex,"study abroad safety, robust internships, online course options, college",study_abroad_advising,multi factor comparison
"as a parent, I am concerned about parent orientation resources and student wellbeing, what should we prioritize",parent,emotional_advisory,llm_needed,"parent orientation resources, inclusive campus culture, accessible housing, college",academic_advising,family advisory
colleges with overall college affordability opportunities plus strong strong advising,parent,attribute_lookup,medium,"overall college affordability, strong advising, evening classes, college",financial_aid_advising,quick lookup
schools that support campus safety programs students and have transfer scholarships,parent,filtered_search,medium,"campus safety programs, small class sizes, transfer scholarships, college",academic_program_info,student support search
best colleges for graduation outcomes with good transit access in California,parent,filtered_search,medium,"graduation outcomes, good transit access, paid internships, college",college_search,program discovery
which schools offer financial aid transparency and allow no SAT requirement,parent,attribute_lookup,medium,"financial aid transparency, flexible scheduling, no SAT requirement, college",financial_aid_advising,attribute lookup
help me compare colleges for mental health services based on high graduation rates and on-campus childcare,parent,multi_constraint,complex,"mental health services, high graduation rates, on-campus childcare, college",college_search,multi factor comparison
"as a parent, I am concerned about academic advising quality and student wellbeing, what should we prioritize",parent,emotional_advisory,llm_needed,"academic advising quality, active student organizations, credit for AP classes, college",academic_advising,family advisory
colleges with housing security opportunities plus strong hands-on learning,parent,attribute_lookup,short_circuit,"housing security, hands-on learning, generous aid packages, college",housing_advising,quick lookup
schools that support internship placement support students and have early application deadlines,parent,filtered_search,medium,"internship placement support, low student debt, early application deadlines, college",academic_advising,student support search
best colleges for class size and faculty access with robust internships in California,parent,filtered_search,medium,"class size and faculty access, robust internships, online course options, college",college_search,program discovery
which schools offer communication with families and allow accessible housing,parent,attribute_lookup,medium,"communication with families, inclusive campus culture, accessible housing, college",academic_program_info,attribute lookup
help me compare colleges for support for struggling students based on strong advising and evening classes,parent,multi_constraint,complex,"support for struggling students, strong advising, evening classes, college",college_search,multi factor comparison
"as a parent, I am concerned about health services access and student wellbeing, what should we prioritize",parent,emotional_advisory,llm_needed,"health services access, small class sizes, transfer scholarships, college",academic_advising,family advisory
colleges with transfer credit clarity opportunities plus strong good transit access,parent,attribute_lookup,short_circuit,"transfer credit clarity, good transit access, paid internships, college",transfer_advising,quick lookup
schools that support retention rates students and have no SAT requirement,parent,filtered_search,medium,"retention rates, flexible scheduling, no SAT requirement, college",academic_advising,student support search
best colleges for job placement by major with high graduation rates in California,parent,filtered_search,medium,"job placement by major, high graduation rates, on-campus childcare, college",academic_program_info,program discovery
which schools offer student debt management and allow credit for AP classes,parent,attribute_lookup,medium,"student debt management, active student organizations, credit for AP classes, college",financial_aid_advising,attribute lookup
help me compare colleges for emergency financial support based on hands-on learning and generous aid packages,parent,multi_constraint,complex,"emergency financial support, hands-on learning, generous aid packages, college",financial_aid_advising,multi factor comparison
"as a parent, I am concerned about campus culture and inclusion and student wellbeing, what should we prioritize",parent,emotional_advisory,llm_needed,"campus culture and inclusion, low student debt, early application deadlines, college",academic_advising,family advisory
colleges with study abroad safety opportunities plus strong robust internships,parent,attribute_lookup,short_circuit,"study abroad safety, robust internships, online course options, college",study_abroad_advising,quick lookup
schools that support parent orientation resources students and have accessible housing,parent,filtered_search,medium,"parent orientation resources, inclusive campus culture, accessible housing, college",academic_advising,student support search
best colleges for overall college affordability with strong advising in California,parent,filtered_search,medium,"overall college affordability, strong advising, evening classes, college",financial_aid_advising,program discovery
which schools offer campus safety programs and allow transfer scholarships,parent,attribute_lookup,medium,"campus safety programs, small class sizes, transfer scholarships, college",academic_program_info,attribute lookup
help me compare colleges for graduation outcomes based on good transit access and paid internships,parent,multi_constraint,complex,"graduation outcomes, good transit access, paid internships, college",college_search,multi factor comparison
"as a parent, I am concerned about financial aid transparency and student wellbeing, what should we prioritize",parent,emotional_advisory,llm_needed,"financial aid transparency, flexible scheduling, no SAT requirement, college",financial_aid_advising,family advisory
colleges with mental health services opportunities plus strong high graduation rates,parent,attribute_lookup,short_circuit,"mental health services, high graduation rates, on-campus childcare, college",campus_services_info,quick lookup
schools that support academic advising quality students and have credit for AP classes,parent,filtered_search,medium,"academic advising quality, active student organizations, credit for AP classes, college",academic_advising,student support search
best colleges for housing security with hands-on learning in California,parent,filtered_search,medium,"housing security, hands-on learning, generous aid packages, college",housing_advising,program discovery
which schools offer internship placement support and allow early application deadlines,parent,attribute_lookup,medium,"internship placement support, low student debt, early application deadlines, college",academic_program_info,attribute lookup
help me compare colleges for class size and faculty access based on robust internships and online course options,parent,multi_constraint,complex,"class size and faculty access, robust internships, online course options, college",college_search,multi factor comparison
"as a parent, I am concerned about communication with families and student wellbeing, what should we prioritize",parent,emotional_advisory,llm_needed,"communication with families, inclusive campus culture, accessible housing, college",academic_advising,family advisory
colleges with support for struggling students opportunities plus strong strong advising,parent,attribute_lookup,short_circuit,"support for struggling students, strong advising, evening classes, college",campus_services_info,quick lookup
schools that support health services access students and have transfer scholarships,parent,filtered_search,medium,"health services access, small class sizes, transfer scholarships, college",academic_advising,student support search
best colleges for transfer credit clarity with good transit access in California,parent,filtered_search,medium,"transfer credit clarity, good transit access, paid internships, college",transfer_advising,program discovery
which schools offer retention rates and allow no SAT requirement,parent,attribute_lookup,medium,"retention rates, flexible scheduling, no SAT requirement, college",academic_program_info,attribute lookup
help me compare colleges for job placement by major based on high graduation rates and on-campus childcare,parent,multi_constraint,complex,"job placement by major, high graduation rates, on-campus childcare, college",academic_program_info,multi factor comparison
"as a parent, I am concerned about student debt management and student wellbeing, what should we prioritize",parent,emotional_advisory,llm_needed,"student debt management, active student organizations, credit for AP classes, college",financial_aid_advising,family advisory
colleges with emergency financial support opportunities plus strong hands-on learning,parent,attribute_lookup,medium,"emergency financial support, hands-on learning, generous aid packages, college",financial_aid_advising,quick lookup
schools that support campus culture and inclusion students and have early application deadlines,parent,filtered_search,medium,"campus culture and inclusion, low student debt, early application deadlines, college",academic_advising,student support search
best colleges for study abroad safety with robust internships in California,parent,filtered_search,medium,"study abroad safety, robust internships, online course options, college",study_abroad_advising,program discovery
which schools offer parent orientation resources and allow accessible housing,parent,attribute_lookup,medium,"parent orientation resources, inclusive campus culture, accessible housing, college",academic_program_info,attribute lookup
help me compare colleges for overall college affordability based on strong advising and evening classes,parent,multi_constraint,complex,"overall college affordability, strong advising, evening classes, college",financial_aid_advising,multi factor comparison
"as a parent, I am concerned about campus safety programs and student wellbeing, what should we prioritize",parent,emotional_advisory,llm_needed,"campus safety programs, small class sizes, transfer scholarships, college",academic_program_info,family advisory
colleges with graduation outcomes opportunities plus strong good transit access,parent,attribute_lookup,short_circuit,"graduation outcomes, good transit access, paid internships, college",campus_services_info,quick lookup
schools that support financial aid transparency students and have no SAT requirement,parent,filtered_search,medium,"financial aid transparency, flexible scheduling, no SAT requirement, college",financial_aid_advising,student support search
best colleges for mental health services with high graduation rates in California,parent,filtered_search,medium,"mental health services, high graduation rates, on-campus childcare, college",college_search,program discovery
which schools offer academic advising quality and allow credit for AP classes,parent,attribute_lookup,medium,"academic advising quality, active student organizations, credit for AP classes, college",academic_program_info,attribute lookup
help me compare colleges for housing security based on hands-on learning and generous aid packages,parent,multi_constraint,complex,"housing security, hands-on learning, generous aid packages, college",housing_advising,multi factor comparison
"as a parent, I am concerned about internship placement support and student wellbeing, what should we prioritize",parent,emotional_advisory,llm_needed,"internship placement support, low student debt, early application deadlines, college",academic_advising,family advisory
colleges with class size and faculty access opportunities plus strong robust internships,parent,attribute_lookup,short_circuit,"class size and faculty access, robust internships, online course options, college",campus_services_info,quick lookup
schools that support communication with families students and have accessible housing,parent,filtered_search,medium,"communication with families, inclusive campus culture, accessible housing, college",academic_advising,student support search
best colleges for support for struggling students with strong advising in California,parent,filtered_search,medium,"support for struggling students, strong advising, evening classes, college",college_search,program discovery
which schools offer health services access and allow transfer scholarships,parent,attribute_lookup,medium,"health services access, small class sizes, transfer scholarships, college",academic_program_info,attribute lookup
help me compare colleges for transfer credit clarity based on good transit access and paid internships,parent,multi_constraint,complex,"transfer credit clarity, good transit access, paid internships, college",transfer_advising,multi factor comparison
"as a parent, I am concerned about retention rates and student wellbeing, what should we prioritize",parent,emotional_advisory,llm_needed,"retention rates, flexible scheduling, no SAT requirement, college",academic_advising,family advisory
colleges with job placement by major opportunities plus strong high graduation rates,parent,attribute_lookup,short_circuit,"job placement by major, high graduation rates, on-campus childcare, college",academic_program_info,quick lookup
schools that support student debt management students and have credit for AP classes,parent,filtered_search,medium,"student debt management, active student organizations, credit for AP classes, college",financial_aid_advising,student support search
best colleges for emergency financial support with hands-on learning in California,parent,filtered_search,medium,"emergency financial support, hands-on learning, generous aid packages, college",financial_aid_advising,program discovery
which schools offer campus culture and inclusion and allow early application deadlines,parent,attribute_lookup,medium,"campus culture and inclusion, low student debt, early application deadlines, college",academic_program_info,attribute lookup
help me compare colleges for study abroad safety based on robust internships and online course options,parent,multi_constraint,complex,"study abroad safety, robust internships, online course options, college",study_abroad_advising,multi factor comparison
"as a parent, I am concerned about parent orientation resources and student wellbeing, what should we prioritize",parent,emotional_advisory,llm_needed,"parent orientation resources, inclusive campus culture, accessible housing, college",academic_advising,family advisory
colleges with overall college affordability opportunities plus strong strong advising,parent,attribute_lookup,medium,"overall college affordability, strong advising, evening classes, college",financial_aid_advising,quick lookup
schools that support campus safety programs students and have transfer scholarships,parent,filtered_search,medium,"campus safety programs, small class sizes, transfer scholarships, college",academic_program_info,student support search
best colleges for graduation outcomes with good transit access in California,parent,filtered_search,medium,"graduation outcomes, good transit access, paid internships, college",college_search,program discovery
which schools offer financial aid transparency and allow no SAT requirement,parent,attribute_lookup,medium,"financial aid transparency, flexible scheduling, no SAT requirement, college",financial_aid_advising,attribute lookup
help me compare colleges for mental health services based on high graduation rates and on-campus childcare,parent,multi_constraint,complex,"mental health services, high graduation rates, on-campus childcare, college",college_search,multi factor comparison
"as a parent, I am concerned about academic advising quality and student wellbeing, what should we prioritize",parent,emotional_advisory,llm_needed,"academic advising quality, active student organizations, credit for AP classes, college",academic_advising,family advisory
colleges with housing security opportunities plus strong hands-on learning,parent,attribute_lookup,short_circuit,"housing security, hands-on learning, generous aid packages, college",housing_advising,quick lookup
schools that support internship placement support students and have early application deadlines,parent,filtered_search,medium,"internship placement support, low student debt, early application deadlines, college",academic_advising,student support search
best colleges for class size and faculty access with robust internships in California,parent,filtered_search,medium,"class size and faculty access, robust internships, online course options, college",college_search,program discovery
which schools offer communication with families and allow accessible housing,parent,attribute_lookup,medium,"communication with families, inclusive campus culture, accessible housing, college",academic_program_info,attribute lookup
help me compare colleges for support for struggling students based on strong advising and evening classes,parent,multi_constraint,complex,"support for struggling students, strong advising, evening classes, college",college_search,multi factor comparison
"as a parent, I am concerned about health services access and student wellbeing, what should we prioritize",parent,emotional_advisory,llm_needed,"health services access, small class sizes, transfer scholarships, college",academic_advising,family advisory
colleges with transfer credit clarity opportunities plus strong good transit access,parent,attribute_lookup,short_circuit,"transfer credit clarity, good transit access, paid internships, college",transfer_advising,quick lookup
schools that support retention rates students and have no SAT requirement,parent,filtered_search,medium,"retention rates, flexible scheduling, no SAT requirement, college",academic_advising,student support search
best colleges for job placement by major with high graduation rates in California,parent,filtered_search,medium,"job placement by major, high graduation rates, on-campus childcare, college",academic_program_info,program discovery
which schools offer student debt management and allow credit for AP classes,parent,attribute_lookup,medium,"student debt management, active student organizations, credit for AP classes, college",financial_aid_advising,attribute lookup
help me compare colleges for emergency financial support based on hands-on learning and generous aid packages,parent,multi_constraint,complex,"emergency financial support, hands-on learning, generous aid packages, college",financial_aid_advising,multi factor comparison
"as a parent, I am concerned about campus culture and inclusion and student wellbeing, what should we prioritize",parent,emotional_advisory,llm_needed,"campus culture and inclusion, low student debt, early application deadlines, college",academic_advising,family advisory
colleges with study abroad safety opportunities plus strong robust internships,parent,attribute_lookup,short_circuit,"study abroad safety, robust internships, online course options, college",study_abroad_advising,quick lookup
schools that support parent orientation resources students and have accessible housing,parent,filtered_search,medium,"parent orientation resources, inclusive campus culture, accessible housing, college",academic_advising,student support search
best colleges for overall college affordability with strong advising in California,parent,filtered_search,medium,"overall college affordability, strong advising, evening classes, college",financial_aid_advising,program discovery
which schools offer campus safety programs and allow transfer scholarships,parent,attribute_lookup,medium,"campus safety programs, small class sizes, transfer scholarships, college",academic_program_info,attribute lookup
help me compare colleges for graduation outcomes based on good transit access and paid internships,parent,multi_constraint,complex,"graduation outcomes, good transit access, paid internships, college",college_search,multi factor comparison
"as a parent, I am concerned about financial aid transparency and student wellbeing, what should we prioritize",parent,emotional_advisory,llm_needed,"financial aid transparency, flexible scheduling, no SAT requirement, college",financial_aid_advising,family advisory
colleges with mental health services opportunities plus strong high graduation rates,parent,attribute_lookup,short_circuit,"mental health services, high graduation rates, on-campus childcare, college",campus_services_info,quick lookup
schools that support academic advising quality students and have credit for AP classes,parent,filtered_search,medium,"academic advising quality, active student organizations, credit for AP classes, college",academic_advising,student support search
best colleges for housing security with hands-on learning in California,parent,filtered_search,medium,"housing security, hands-on learning, generous aid packages, college",housing_advising,program discovery
which schools offer internship placement support and allow early application deadlines,parent,attribute_lookup,medium,"internship placement support, low student debt, early application deadlines, college",academic_program_info,attribute lookup
help me compare colleges for class size and faculty access based on robust internships and online course options,parent,multi_constraint,complex,"class size and faculty access, robust internships, online course options, college",college_search,multi factor comparison
"as a parent, I am concerned about communication with families and student wellbeing, what should we prioritize",parent,emotional_advisory,llm_needed,"communication with families, inclusive campus culture, accessible housing, college",academic_advising,family advisory
colleges with support for struggling students opportunities plus strong strong advising,parent,attribute_lookup,short_circuit,"support for struggling students, strong advising, evening classes, college",campus_services_info,quick lookup
schools that support health services access students and have transfer scholarships,parent,filtered_search,medium,"health services access, small class sizes, transfer scholarships, college",academic_advising,student support search
best colleges for transfer credit clarity with good transit access in California,parent,filtered_search,medium,"transfer credit clarity, good transit access, paid internships, college",transfer_advising,program discovery
which schools offer retention rates and allow no SAT requirement,parent,attribute_lookup,medium,"retention rates, flexible scheduling, no SAT requirement, college",academic_program_info,attribute lookup
help me compare colleges for job placement by major based on high graduation rates and on-campus childcare,parent,multi_constraint,complex,"job placement by major, high graduation rates, on-campus childcare, college",academic_program_info,multi factor comparison
"as a parent, I am concerned about student debt management and student wellbeing, what should we prioritize",parent,emotional_advisory,llm_needed,"student debt management, active student organizations, credit for AP classes, college",financial_aid_advising,family advisory
colleges with emergency financial support opportunities plus strong hands-on learning,parent,attribute_lookup,medium,"emergency financial support, hands-on learning, generous aid packages, college",financial_aid_advising,quick lookup
schools that support campus culture and inclusion students and have early application deadlines,parent,filtered_search,medium,"campus culture and inclusion, low student debt, early application deadlines, college",academic_advising,student support search
best colleges for study abroad safety with robust internships in California,parent,filtered_search,medium,"study abroad safety, robust internships, online course options, college",study_abroad_advising,program discovery
which schools offer parent orientation resources and allow accessible housing,parent,attribute_lookup,medium,"parent orientation resources, inclusive campus culture, accessible housing, college",academic_program_info,attribute lookup
help me compare colleges for overall college affordability based on strong advising and evening classes,parent,multi_constraint,complex,"overall college affordability, strong advising, evening classes, college",financial_aid_advising,multi factor comparison
"as a parent, I am concerned about campus safety programs and student wellbeing, what should we prioritize",parent,emotional_advisory,llm_needed,"campus safety programs, small class sizes, transfer scholarships, college",academic_program_info,family advisory
colleges with graduation outcomes opportunities plus strong good transit access,parent,attribute_lookup,short_circuit,"graduation outcomes, good transit access, paid internships, college",campus_services_info,quick lookup
schools that support financial aid transparency students and have no SAT requirement,parent,filtered_search,medium,"financial aid transparency, flexible scheduling, no SAT requirement, college",financial_aid_advising,student support search
best colleges for mental health services with high graduation rates in California,parent,filtered_search,medium,"mental health services, high graduation rates, on-campus childcare, college",college_search,program discovery
which schools offer academic advising quality and allow credit for AP classes,parent,attribute_lookup,medium,"academic advising quality, active student organizations, credit for AP classes, college",academic_program_info,attribute lookup
help me compare colleges for housing security based on hands-on learning and generous aid packages,parent,multi_constraint,complex,"housing security, hands-on learning, generous aid packages, college",housing_advising,multi factor comparison
"as a parent, I am concerned about internship placement support and student wellbeing, what should we prioritize",parent,emotional_advisory,llm_needed,"internship placement support, low student debt, early application deadlines, college",academic_advising,family advisory
colleges with class size and faculty access opportunities plus strong robust internships,parent,attribute_lookup,short_circuit,"class size and faculty access, robust internships, online course options, college",campus_services_info,quick lookup
schools that support communication with families students and have accessible housing,parent,filtered_search,medium,"communication with families, inclusive campus culture, accessible housing, college",academic_advising,student support search
best colleges for support for struggling students with strong advising in California,parent,filtered_search,medium,"support for struggling students, strong advising, evening classes, college",college_search,program discovery
which schools offer health services access and allow transfer scholarships,parent,attribute_lookup,medium,"health services access, small class sizes, transfer scholarships, college",academic_program_info,attribute lookup
help me compare colleges for transfer credit clarity based on good transit access and paid internships,parent,multi_constraint,complex,"transfer credit clarity, good transit access, paid internships, college",transfer_advising,multi factor comparison
"as a parent, I am concerned about retention rates and student wellbeing, what should we prioritize",parent,emotional_advisory,llm_needed,"retention rates, flexible scheduling, no SAT requirement, college",academic_advising,family advisory
colleges with job placement by major opportunities plus strong high graduation rates,parent,attribute_lookup,short_circuit,"job placement by major, high graduation rates, on-campus childcare, college",academic_program_info,quick lookup
schools that support student debt management students and have credit for AP classes,parent,filtered_search,medium,"student debt management, active student organizations, credit for AP classes, college",financial_aid_advising,student support search
best colleges for emergency financial support with hands-on learning in California,parent,filtered_search,medium,"emergency financial support, hands-on learning, generous aid packages, college",financial_aid_advising,program discovery
which schools offer campus culture and inclusion and allow early application deadlines,parent,attribute_lookup,medium,"campus culture and inclusion, low student debt, early application deadlines, college",academic_program_info,attribute lookup
help me compare colleges for study abroad safety based on robust internships and online course options,parent,multi_constraint,complex,"study abroad safety, robust internships, online course options, college",study_abroad_advising,multi factor comparison
"as a parent, I am concerned about parent orientation resources and student wellbeing, what should we prioritize",parent,emotional_advisory,llm_needed,"parent orientation resources, inclusive campus culture, accessible housing, college",academic_advising,family advisory
colleges with overall college affordability opportunities plus strong strong advising,parent,attribute_lookup,medium,"overall college affordability, strong advising, evening classes, college",financial_aid_advising,quick lookup
schools that support campus safety programs students and have transfer scholarships,parent,filtered_search,medium,"campus safety programs, small class sizes, transfer scholarships, college",academic_program_info,student support search
best colleges for graduation outcomes with good transit access in California,parent,filtered_search,medium,"graduation outcomes, good transit access, paid internships, college",college_search,program discovery
which schools offer financial aid transparency and allow no SAT requirement,parent,attribute_lookup,medium,"financial aid transparency, flexible scheduling, no SAT requirement, college",financial_aid_advising,attribute lookup
help me compare colleges for mental health services based on high graduation rates and on-campus childcare,parent,multi_constraint,complex,"mental health services, high graduation rates, on-campus childcare, college",college_search,multi factor comparison
"as a parent, I am concerned about academic advising quality and student wellbeing, what should we prioritize",parent,emotional_advisory,llm_needed,"academic advising quality, active student organizations, credit for AP classes, college",academic_advising,family advisory
colleges with housing security opportunities plus strong hands-on learning,parent,attribute_lookup,short_circuit,"housing security, hands-on learning, generous aid packages, college",housing_advising,quick lookup
schools that support internship placement support students and have early application deadlines,parent,filtered_search,medium,"internship placement support, low student debt, early application deadlines, college",academic_advising,student support search
best colleges for class size and faculty access with robust internships in California,parent,filtered_search,medium,"class size and faculty access, robust internships, online course options, college",college_search,program discovery
which schools offer communication with families and allow accessible housing,parent,attribute_lookup,medium,"communication with families, inclusive campus culture, accessible housing, college",academic_program_info,attribute lookup
help me compare colleges for support for struggling students based on strong advising and evening classes,parent,multi_constraint,complex,"support for struggling students, strong advising, evening classes, college",college_search,multi factor comparison
"as a parent, I am concerned about health services access and student wellbeing, what should we prioritize",parent,emotional_advisory,llm_needed,"health services access, small class sizes, transfer scholarships, college",academic_advising,family advisory
colleges with transfer credit clarity opportunities plus strong good transit access,parent,attribute_lookup,short_circuit,"transfer credit clarity, good transit access, paid internships, college",transfer_advising,quick lookup
schools that support retention rates students and have no SAT requirement,parent,filtered_search,medium,"retention rates, flexible scheduling, no SAT requirement, college",academic_advising,student support search
best colleges for job placement by major with high graduation rates in California,parent,filtered_search,medium,"job placement by major, high graduation rates, on-campus childcare, college",academic_program_info,program discovery
which schools offer student debt management and allow credit for AP classes,parent,attribute_lookup,medium,"student debt management, active student organizations, credit for AP classes, college",financial_aid_advising,attribute lookup
help me compare colleges for emergency financial support based on hands-on learning and generous aid packages,parent,multi_constraint,complex,"emergency financial support, hands-on learning, generous aid packages, college",financial_aid_advising,multi factor comparison
"as a parent, I am concerned about campus culture and inclusion and student wellbeing, what should we prioritize",parent,emotional_advisory,llm_needed,"campus culture and inclusion, low student debt, early application deadlines, college",academic_advising,family advisory
colleges with study abroad safety opportunities plus strong robust internships,parent,attribute_lookup,short_circuit,"study abroad safety, robust internships, online course options, college",study_abroad_advising,quick lookup
schools that support parent orientation resources students and have accessible housing,parent,filtered_search,medium,"parent orientation resources, inclusive campus culture, accessible housing, college",academic_advising,student support search
best colleges for overall college affordability with strong advising in California,parent,filtered_search,medium,"overall college affordability, strong advising, evening classes, college",financial_aid_advising,program discovery
which schools offer campus safety programs and allow transfer scholarships,parent,attribute_lookup,medium,"campus safety programs, small class sizes, transfer scholarships, college",academic_program_info,attribute lookup
help me compare colleges for graduation outcomes based on good transit access and paid internships,parent,multi_constraint,complex,"graduation outcomes, good transit access, paid internships, college",college_search,multi factor comparison
"as a parent, I am concerned about financial aid transparency and student wellbeing, what should we prioritize",parent,emotional_advisory,llm_needed,"financial aid transparency, flexible scheduling, no SAT requirement, college",financial_aid_advising,family advisory
colleges with mental health services opportunities plus strong high graduation rates,parent,attribute_lookup,short_circuit,"mental health services, high graduation rates, on-campus childcare, college",campus_services_info,quick lookup
schools that support academic advising quality students and have credit for AP classes,parent,filtered_search,medium,"academic advising quality, active student organizations, credit for AP classes, college",academic_advising,student support search
best colleges for housing security with hands-on learning in California,parent,filtered_search,medium,"housing security, hands-on learning, generous aid packages, college",housing_advising,program discovery
which schools offer internship placement support and allow early application deadlines,parent,attribute_lookup,medium,"internship placement support, low student debt, early application deadlines, college",academic_program_info,attribute lookup
help me compare colleges for class size and faculty access based on robust internships and online course options,parent,multi_constraint,complex,"class size and faculty access, robust internships, online course options, college",college_search,multi factor comparison
"as a parent, I am concerned about communication with families and student wellbeing, what should we prioritize",parent,emotional_advisory,llm_needed,"communication with families, inclusive campus culture, accessible housing, college",academic_advising,family advisory
colleges with support for struggling students opportunities plus strong strong advising,parent,attribute_lookup,short_circuit,"support for struggling students, strong advising, evening classes, college",campus_services_info,quick lookup
schools that support health services access students and have transfer scholarships,parent,filtered_search,medium,"health services access, small class sizes, transfer scholarships, college",academic_advising,student support search
best colleges for transfer credit clarity with good transit access in California,parent,filtered_search,medium,"transfer credit clarity, good transit access, paid internships, college",transfer_advising,program discovery
which schools offer retention rates and allow no SAT requirement,parent,attribute_lookup,medium,"retention rates, flexible scheduling, no SAT requirement, college",academic_program_info,attribute lookup
help me compare colleges for job placement by major based on high graduation rates and on-campus childcare,parent,multi_constraint,complex,"job placement by major, high graduation rates, on-campus childcare, college",academic_program_info,multi factor comparison
"as a parent, I am concerned about student debt management and student wellbeing, what should we prioritize",parent,emotional_advisory,llm_needed,"student debt management, active student organizations, credit for AP classes, college",financial_aid_advising,family advisory
colleges with emergency financial support opportunities plus strong hands-on learning,parent,attribute_lookup,medium,"emergency financial support, hands-on learning, generous aid packages, college",financial_aid_advising,quick lookup
schools that support campus culture and inclusion students and have early application deadlines,parent,filtered_search,medium,"campus culture and inclusion, low student debt, early application deadlines, college",academic_advising,student support search
best colleges for study abroad safety with robust internships in California,parent,filtered_search,medium,"study abroad safety, robust internships, online course options, college",study_abroad_advising,program discovery
which schools offer parent orientation resources and allow accessible housing,parent,attribute_lookup,medium,"parent orientation resources, inclusive campus culture, accessible housing, college",academic_program_info,attribute lookup
help me compare colleges for overall college affordability based on strong advising and evening classes,parent,multi_constraint,complex,"overall college affordability, strong advising, evening classes, college",financial_aid_advising,multi factor comparison
"as a parent, I am concerned about campus safety programs and student wellbeing, what should we prioritize",parent,emotional_advisory,llm_needed,"campus safety programs, small class sizes, transfer scholarships, college",academic_program_info,family advisory
colleges with graduation outcomes opportunities plus strong good transit access,parent,attribute_lookup,short_circuit,"graduation outcomes, good transit access, paid internships, college",campus_services_info,quick lookup
schools that support financial aid transparency students and have no SAT requirement,parent,filtered_search,medium,"financial aid transparency, flexible scheduling, no SAT requirement, college",financial_aid_advising,student support search
best colleges for mental health services with high graduation rates in California,parent,filtered_search,medium,"mental health services, high graduation rates, on-campus childcare, college",college_search,program discovery
which schools offer academic advising quality and allow credit for AP classes,parent,attribute_lookup,medium,"academic advising quality, active student organizations, credit for AP classes, college",academic_program_info,attribute lookup
help me compare colleges for housing security based on hands-on learning and generous aid packages,parent,multi_constraint,complex,"housing security, hands-on learning, generous aid packages, college",housing_advising,multi factor comparison
"as a parent, I am concerned about internship placement support and student wellbeing, what should we prioritize",parent,emotional_advisory,llm_needed,"internship placement support, low student debt, early application deadlines, college",academic_advising,family advisory
colleges with class size and faculty access opportunities plus strong robust internships,parent,attribute_lookup,short_circuit,"class size and faculty access, robust internships, online course options, college",campus_services_info,quick lookup
schools that support communication with families students and have accessible housing,parent,filtered_search,medium,"communication with families, inclusive campus culture, accessible housing, college",academic_advising,student support search
best colleges for support for struggling students with strong advising in California,parent,filtered_search,medium,"support for struggling students, strong advising, evening classes, college",college_search,program discovery
which schools offer health services access and allow transfer scholarships,parent,attribute_lookup,medium,"health services access, small class sizes, transfer scholarships, college",academic_program_info,attribute lookup
help me compare colleges for transfer credit clarity based on good transit access and paid internships,parent,multi_constraint,complex,"transfer credit clarity, good transit access, paid internships, college",transfer_advising,multi factor comparison
"as a parent, I am concerned about retention rates and student wellbeing, what should we prioritize",parent,emotional_advisory,llm_needed,"retention rates, flexible scheduling, no SAT requirement, college",academic_advising,family advisory
colleges with job placement by major opportunities plus strong high graduation rates,parent,attribute_lookup,short_circuit,"job placement by major, high graduation rates, on-campus childcare, college",academic_program_info,quick lookup
schools that support student debt management students and have credit for AP classes,parent,filtered_search,medium,"student debt management, active student organizations, credit for AP classes, college",financial_aid_advising,student support search
best colleges for emergency financial support with hands-on learning in California,parent,filtered_search,medium,"emergency financial support, hands-on learning, generous aid packages, college",financial_aid_advising,program discovery
which schools offer campus culture and inclusion and allow early application deadlines,parent,attribute_lookup,medium,"campus culture and inclusion, low student debt, early application deadlines, college",academic_program_info,attribute lookup
help me compare colleges for study abroad safety based on robust internships and online course options,parent,multi_constraint,complex,"study abroad safety, robust internships, online course options, college",study_abroad_advising,multi factor comparison
"as a parent, I am concerned about parent orientation resources and student wellbeing, what should we prioritize",parent,emotional_advisory,llm_needed,"parent orientation resources, inclusive campus culture, accessible housing, college",academic_advising,family advisory
colleges with overall college affordability opportunities plus strong strong advising,parent,attribute_lookup,medium,"overall college affordability, strong advising, evening classes, college",financial_aid_advising,quick lookup
schools that support campus safety programs students and have transfer scholarships,parent,filtered_search,medium,"campus safety programs, small class sizes, transfer scholarships, college",academic_program_info,student support search
best colleges for graduation outcomes with good transit access in California,parent,filtered_search,medium,"graduation outcomes, good transit access, paid internships, college",college_search,program discovery
which schools offer financial aid transparency and allow no SAT requirement,parent,attribute_lookup,medium,"financial aid transparency, flexible scheduling, no SAT requirement, college",financial_aid_advising,attribute lookup
help me compare colleges for mental health services based on high graduation rates and on-campus childcare,parent,multi_constraint,complex,"mental health services, high graduation rates, on-campus childcare, college",college_search,multi factor comparison
"as a parent, I am concerned about academic advising quality and student wellbeing, what should we prioritize",parent,emotional_advisory,llm_needed,"academic advising quality, active student organizations, credit for AP classes, college",academic_advising,family advisory
colleges with housing security opportunities plus strong hands-on learning,parent,attribute_lookup,short_circuit,"housing security, hands-on learning, generous aid packages, college",housing_advising,quick lookup
schools that support internship placement support students and have early application deadlines,parent,filtered_search,medium,"internship placement support, low student debt, early application deadlines, college",academic_advising,student support search
best colleges for class size and faculty access with robust internships in California,parent,filtered_search,medium,"class size and faculty access, robust internships, online course options, college",college_search,program discovery
which schools offer communication with families and allow accessible housing,parent,attribute_lookup,medium,"communication with families, inclusive campus culture, accessible housing, college",academic_program_info,attribute lookup
help me compare colleges for support for struggling students based on strong advising and evening classes,parent,multi_constraint,complex,"support for struggling students, strong advising, evening classes, college",college_search,multi factor comparison
"as a parent, I am concerned about health services access and student wellbeing, what should we prioritize",parent,emotional_advisory,llm_needed,"health services access, small class sizes, transfer scholarships, college",academic_advising,family advisory
colleges with transfer credit clarity opportunities plus strong good transit access,parent,attribute_lookup,short_circuit,"transfer credit clarity, good transit access, paid internships, college",transfer_advising,quick lookup
schools that support retention rates students and have no SAT requirement,parent,filtered_search,medium,"retention rates, flexible scheduling, no SAT requirement, college",academic_advising,student support search
best colleges for job placement by major with high graduation rates in California,parent,filtered_search,medium,"job placement by major, high graduation rates, on-campus childcare, college",academic_program_info,program discovery
which schools offer student debt management and allow credit for AP classes,parent,attribute_lookup,medium,"student debt management, active student organizations, credit for AP classes, college",financial_aid_advising,attribute lookup
help me compare colleges for emergency financial support based on hands-on learning and generous aid packages,parent,multi_constraint,complex,"emergency financial support, hands-on learning, generous aid packages, college",financial_aid_advising,multi factor comparison
"as a parent, I am concerned about campus culture and inclusion and student wellbeing, what should we prioritize",parent,emotional_advisory,llm_needed,"campus culture and inclusion, low student debt, early application deadlines, college",academic_advising,family advisory
colleges with study abroad safety opportunities plus strong robust internships,parent,attribute_lookup,short_circuit,"study abroad safety, robust internships, online course options, college",study_abroad_advising,quick lookup
schools that support parent orientation resources students and have accessible housing,parent,filtered_search,medium,"parent orientation resources, inclusive campus culture, accessible housing, college",academic_advising,student support search
best colleges for overall college affordability with strong advising in California,parent,filtered_search,medium,"overall college affordability, strong advising, evening classes, college",financial_aid_advising,program discovery
which schools offer campus safety programs and allow transfer scholarships,parent,attribute_lookup,medium,"campus safety programs, small class sizes, transfer scholarships, college",academic_program_info,attribute lookup
help me compare colleges for graduation outcomes based on good transit access and paid internships,parent,multi_constraint,complex,"graduation outcomes, good transit access, paid internships, college",college_search,multi factor comparison
"as a parent, I am concerned about financial aid transparency and student wellbeing, what should we prioritize",parent,emotional_advisory,llm_needed,"financial aid transparency, flexible scheduling, no SAT requirement, college",financial_aid_advising,family advisory
colleges with mental health services opportunities plus strong high graduation rates,parent,attribute_lookup,short_circuit,"mental health services, high graduation rates, on-campus childcare, college",campus_services_info,quick lookup
schools that support academic advising quality students and have credit for AP classes,parent,filtered_search,medium,"academic advising quality, active student organizations, credit for AP classes, college",academic_advising,student support search
best colleges for housing security with hands-on learning in California,parent,filtered_search,medium,"housing security, hands-on learning, generous aid packages, college",housing_advising,program discovery
which schools offer internship placement support and allow early application deadlines,parent,attribute_lookup,medium,"internship placement support, low student debt, early application deadlines, college",academic_program_info,attribute lookup
help me compare colleges for class size and faculty access based on robust internships and online course options,parent,multi_constraint,complex,"class size and faculty access, robust internships, online course options, college",college_search,multi factor comparison
"as a parent, I am concerned about communication with families and student wellbeing, what should we prioritize",parent,emotional_advisory,llm_needed,"communication with families, inclusive campus culture, accessible housing, college",academic_advising,family advisory
colleges with support for struggling students opportunities plus strong strong advising,parent,attribute_lookup,short_circuit,"support for struggling students, strong advising, evening classes, college",campus_services_info,quick lookup
schools that support health services access students and have transfer scholarships,parent,filtered_search,medium,"health services access, small class sizes, transfer scholarships, college",academic_advising,student support search
best colleges for transfer credit clarity with good transit access in California,parent,filtered_search,medium,"transfer credit clarity, good transit access, paid internships, college",transfer_advising,program discovery
which schools offer retention rates and allow no SAT requirement,parent,attribute_lookup,medium,"retention rates, flexible scheduling, no SAT requirement, college",academic_program_info,attribute lookup
help me compare colleges for job placement by major based on high graduation rates and on-campus childcare,parent,multi_constraint,complex,"job placement by major, high graduation rates, on-campus childcare, college",academic_program_info,multi factor comparison
"as a parent, I am concerned about student debt management and student wellbeing, what should we prioritize",parent,emotional_advisory,llm_needed,"student debt management, active student organizations, credit for AP classes, college",financial_aid_advising,family advisory
colleges with emergency financial support opportunities plus strong hands-on learning,parent,attribute_lookup,medium,"emergency financial support, hands-on learning, generous aid packages, college",financial_aid_advising,quick lookup
schools that support campus culture and inclusion students and have early application deadlines,parent,filtered_search,medium,"campus culture and inclusion, low student debt, early application deadlines, college",academic_advising,student support search
best colleges for study abroad safety with robust internships in California,parent,filtered_search,medium,"study abroad safety, robust internships, online course options, college",study_abroad_advising,program discovery
which schools offer parent orientation resources and allow accessible housing,parent,attribute_lookup,medium,"parent orientation resources, inclusive campus culture, accessible housing, college",academic_program_info,attribute lookup
help me compare colleges for overall college affordability based on strong advising and evening classes,parent,multi_constraint,complex,"overall college affordability, strong advising, evening classes, college",financial_aid_advising,multi factor comparison
"as a parent, I am concerned about campus safety programs and student wellbeing, what should we prioritize",parent,emotional_advisory,llm_needed,"campus safety programs, small class sizes, transfer scholarships, college",academic_program_info,family advisory
colleges with graduation outcomes opportunities plus strong good transit access,parent,attribute_lookup,short_circuit,"graduation outcomes, good transit access, paid internships, college",campus_services_info,quick lookup
schools that support financial aid transparency students and have no SAT requirement,parent,filtered_search,medium,"financial aid transparency, flexible scheduling, no SAT requirement, college",financial_aid_advising,student support search
best colleges for mental health services with high graduation rates in California,parent,filtered_search,medium,"mental health services, high graduation rates, on-campus childcare, college",college_search,program discovery
which schools offer academic advising quality and allow credit for AP classes,parent,attribute_lookup,medium,"academic advising quality, active student organizations, credit for AP classes, college",academic_program_info,attribute lookup
help me compare colleges for housing security based on hands-on learning and generous aid packages,parent,multi_constraint,complex,"housing security, hands-on learning, generous aid packages, college",housing_advising,multi factor comparison
"as a parent, I am concerned about internship placement support and student wellbeing, what should we prioritize",parent,emotional_advisory,llm_needed,"internship placement support, low student debt, early application deadlines, college",academic_advising,family advisory
colleges with class size and faculty access opportunities plus strong robust internships,parent,attribute_lookup,short_circuit,"class size and faculty access, robust internships, online course options, college",campus_services_info,quick lookup
schools that support communication with families students and have accessible housing,parent,filtered_search,medium,"communication with families, inclusive campus culture, accessible housing, college",academic_advising,student support search
best colleges for support for struggling students with strong advising in California,parent,filtered_search,medium,"support for struggling students, strong advising, evening classes, college",college_search,program discovery
which schools offer health services access and allow transfer scholarships,parent,attribute_lookup,medium,"health services access, small class sizes, transfer scholarships, college",academic_program_info,attribute lookup
help me compare colleges for transfer credit clarity based on good transit access and paid internships,parent,multi_constraint,complex,"transfer credit clarity, good transit access, paid internships, college",transfer_advising,multi factor comparison
"as a parent, I am concerned about retention rates and student wellbeing, what should we prioritize",parent,emotional_advisory,llm_needed,"retention rates, flexible scheduling, no SAT requirement, college",academic_advising,family advisory
colleges with job placement by major opportunities plus strong high graduation rates,parent,attribute_lookup,short_circuit,"job placement by major, high graduation rates, on-campus childcare, college",academic_program_info,quick lookup
schools that support student debt management students and have credit for AP classes,parent,filtered_search,medium,"student debt management, active student organizations, credit for AP classes, college",financial_aid_advising,student support search
best colleges for emergency financial support with hands-on learning in California,parent,filtered_search,medium,"emergency financial support, hands-on learning, generous aid packages, college",financial_aid_advising,program discovery
which schools offer campus culture and inclusion and allow early application deadlines,parent,attribute_lookup,medium,"campus culture and inclusion, low student debt, early application deadlines, college",academic_program_info,attribute lookup
help me compare colleges for study abroad safety based on robust internships and online course options,parent,multi_constraint,complex,"study abroad safety, robust internships, online course options, college",study_abroad_advising,multi factor comparison
"as a parent, I am concerned about parent orientation resources and student wellbeing, what should we prioritize",parent,emotional_advisory,llm_needed,"parent orientation resources, inclusive campus culture, accessible housing, college",academic_advising,family advisory
colleges with overall college affordability opportunities plus strong strong advising,parent,attribute_lookup,medium,"overall college affordability, strong advising, evening classes, college",financial_aid_advising,quick lookup
schools that support campus safety programs students and have transfer scholarships,parent,filtered_search,medium,"campus safety programs, small class sizes, transfer scholarships, college",academic_program_info,student support search
best colleges for graduation outcomes with good transit access in California,parent,filtered_search,medium,"graduation outcomes, good transit access, paid internships, college",college_search,program discovery
which schools offer financial aid transparency and allow no SAT requirement,parent,attribute_lookup,medium,"financial aid transparency, flexible scheduling, no SAT requirement, college",financial_aid_advising,attribute lookup
help me compare colleges for mental health services based on high graduation rates and on-campus childcare,parent,multi_constraint,complex,"mental health services, high graduation rates, on-campus childcare, college",college_search,multi factor comparison
"as a parent, I am concerned about academic advising quality and student wellbeing, what should we prioritize",parent,emotional_advisory,llm_needed,"academic advising quality, active student organizations, credit for AP classes, college",academic_advising,family advisory
colleges with housing security opportunities plus strong hands-on learning,parent,attribute_lookup,short_circuit,"housing security, hands-on learning, generous aid packages, college",housing_advising,quick lookup
schools that support internship placement support students and have early application deadlines,parent,filtered_search,medium,"internship placement support, low student debt, early application deadlines, college",academic_advising,student support search
best colleges for class size and faculty access with robust internships in California,parent,filtered_search,medium,"class size and faculty access, robust internships, online course options, college",college_search,program discovery
which schools offer communication with families and allow accessible housing,parent,attribute_lookup,medium,"communication with families, inclusive campus culture, accessible housing, college",academic_program_info,attribute lookup
help me compare colleges for support for struggling students based on strong advising and evening classes,parent,multi_constraint,complex,"support for struggling students, strong advising, evening classes, college",college_search,multi factor comparison
"as a parent, I am concerned about health services access and student wellbeing, what should we prioritize",parent,emotional_advisory,llm_needed,"health services access, small class sizes, transfer scholarships, college",academic_advising,family advisory
colleges with transfer credit clarity opportunities plus strong good transit access,parent,attribute_lookup,short_circuit,"transfer credit clarity, good transit access, paid internships, college",transfer_advising,quick lookup
schools that support retention rates students and have no SAT requirement,parent,filtered_search,medium,"retention rates, flexible scheduling, no SAT requirement, college",academic_advising,student support search
best colleges for job placement by major with high graduation rates in California,parent,filtered_search,medium,"job placement by major, high graduation rates, on-campus childcare, college",academic_program_info,program discovery
which schools offer student debt management and allow credit for AP classes,parent,attribute_lookup,medium,"student debt management, active student organizations, credit for AP classes, college",financial_aid_advising,attribute lookup
help me compare colleges for emergency financial support based on hands-on learning and generous aid packages,parent,multi_constraint,complex,"emergency financial support, hands-on learning, generous aid packages, college",financial_aid_advising,multi factor comparison
"as a parent, I am concerned about campus culture and inclusion and student wellbeing, what should we prioritize",parent,emotional_advisory,llm_needed,"campus culture and inclusion, low student debt, early application deadlines, college",academic_advising,family advisory
colleges with study abroad safety opportunities plus strong robust internships,parent,attribute_lookup,short_circuit,"study abroad safety, robust internships, online course options, college",study_abroad_advising,quick lookup
schools that support parent orientation resources students and have accessible housing,parent,filtered_search,medium,"parent orientation resources, inclusive campus culture, accessible housing, college",academic_advising,student support search
colleges with tuition-free programs for low-income students,parent,filtered_search,complex,"tuition-free, low income, college",financial_aid_advising,financial aid
how to help my child pick the right college,parent,emotional_advisory,llm_needed,"college selection, parent, child",college_search,parent support
what questions should I ask during a college tour,parent,emotional_advisory,llm_needed,"college tour, questions, parent",college_search,parent support
how does the FAFSA work for parents,parent,attribute_lookup,medium,"FAFSA, parent, financial aid",financial_aid_advising,financial aid
what is the difference between subsidized and unsubsidized loans,parent,attribute_lookup,medium,"subsidized, unsubsidized, loans",financial_aid_advising,financial aid
how to compare financial aid award letters,parent,emotional_advisory,llm_needed,"financial aid, award letters, comparison",financial_aid_advising,financial aid
colleges with strong parental communication policies,parent,attribute_lookup,medium,"parental communication, college",college_search,parent support
universities with good parent orientation programs,parent,attribute_lookup,medium,"parent orientation, university",college_search,parent support
how to support a college student with mental health issues,parent,emotional_advisory,llm_needed,"mental health, college student, parent",academic_advising,student support
what happens if my child drops out of college,parent,emotional_advisory,llm_needed,"dropout, college, parent",academic_advising,academic advice
schools with strong family weekend traditions,parent,attribute_lookup,short_circuit,"family weekend, traditions, school",campus_services_info,campus culture
best colleges for college readiness support with strong advising in California,teacher,filtered_search,medium,"college readiness support, strong advising, evening classes, college",college_search,program discovery
which schools offer dual enrollment pathways and allow transfer scholarships,teacher,attribute_lookup,medium,"dual enrollment pathways, small class sizes, transfer scholarships, college",academic_program_info,attribute lookup
help me compare colleges for STEM program alignment based on good transit access and paid internships,teacher,multi_constraint,complex,"STEM program alignment, good transit access, paid internships, college",academic_program_info,multi factor comparison
"as a teacher, how can I guide students about humanities program strengths and realistic college choices",teacher,emotional_advisory,llm_needed,"humanities program strengths, flexible scheduling, no SAT requirement, college",academic_program_info,educator advisory
colleges with admission requirement clarity opportunities plus strong high graduation rates,teacher,attribute_lookup,short_circuit,"admission requirement clarity, high graduation rates, on-campus childcare, college",academic_policy_info,quick lookup
schools that support merit scholarship criteria students and have credit for AP classes,teacher,filtered_search,medium,"merit scholarship criteria, active student organizations, credit for AP classes, college",financial_aid_advising,student support search
best colleges for bridge programs for first-year students with hands-on learning in California,teacher,filtered_search,medium,"bridge programs for first-year students, hands-on learning, generous aid packages, college",academic_program_info,program discovery
which schools offer writing support centers and allow early application deadlines,teacher,attribute_lookup,medium,"writing support centers, low student debt, early application deadlines, college",academic_program_info,attribute lookup
help me compare colleges for math tutoring resources based on robust internships and online course options,teacher,multi_constraint,complex,"math tutoring resources, robust internships, online course options, college",college_search,multi factor comparison
"as a teacher, how can I guide students about research mentoring and realistic college choices",teacher,emotional_advisory,llm_needed,"research mentoring, inclusive campus culture, accessible housing, college",academic_advising,educator advisory
colleges with teacher recommendation impact opportunities plus strong strong advising,teacher,attribute_lookup,short_circuit,"teacher recommendation impact, strong advising, evening classes, college",campus_services_info,quick lookup
schools that support portfolio-based admissions students and have transfer scholarships,teacher,filtered_search,medium,"portfolio-based admissions, small class sizes, transfer scholarships, college",academic_advising,student support search
best colleges for community college transfer pathways with good transit access in California,teacher,filtered_search,medium,"community college transfer pathways, good transit access, paid internships, college",transfer_advising,program discovery
which schools offer teacher education programs and allow no SAT requirement,teacher,attribute_lookup,medium,"teacher education programs, flexible scheduling, no SAT requirement, college",academic_program_info,attribute lookup
help me compare colleges for special education supports based on high graduation rates and on-campus childcare,teacher,multi_constraint,complex,"special education supports, high graduation rates, on-campus childcare, college",academic_program_info,multi factor comparison
"as a teacher, how can I guide students about ELL student resources and realistic college choices",teacher,emotional_advisory,llm_needed,"ELL student resources, active student organizations, credit for AP classes, college",academic_advising,educator advisory
colleges with career and technical pathways opportunities plus strong hands-on learning,teacher,attribute_lookup,short_circuit,"career and technical pathways, hands-on learning, generous aid packages, college",campus_services_info,quick lookup
schools that support service learning opportunities students and have early application deadlines,teacher,filtered_search,medium,"service learning opportunities, low student debt, early application deadlines, college",academic_advising,student support search
best colleges for honors seminar quality with robust internships in California,teacher,filtered_search,medium,"honors seminar quality, robust internships, online course options, college",college_search,program discovery
which schools offer admissions essay expectations and allow accessible housing,teacher,attribute_lookup,medium,"admissions essay expectations, inclusive campus culture, accessible housing, college",academic_program_info,attribute lookup
help me compare colleges for college readiness support based on strong advising and evening classes,teacher,multi_constraint,complex,"college readiness support, strong advising, evening classes, college",college_search,multi factor comparison
"as a teacher, how can I guide students about dual enrollment pathways and realistic college choices",teacher,emotional_advisory,llm_needed,"dual enrollment pathways, small class sizes, transfer scholarships, college",academic_advising,educator advisory
colleges with STEM program alignment opportunities plus strong good transit access,teacher,attribute_lookup,short_circuit,"STEM program alignment, good transit access, paid internships, college",academic_program_info,quick lookup
schools that support humanities program strengths students and have no SAT requirement,teacher,filtered_search,medium,"humanities program strengths, flexible scheduling, no SAT requirement, college",academic_program_info,student support search
best colleges for admission requirement clarity with high graduation rates in California,teacher,filtered_search,medium,"admission requirement clarity, high graduation rates, on-campus childcare, college",academic_policy_info,program discovery
which schools offer merit scholarship criteria and allow credit for AP classes,teacher,attribute_lookup,medium,"merit scholarship criteria, active student organizations, credit for AP classes, college",financial_aid_advising,attribute lookup
help me compare colleges for bridge programs for first-year students based on hands-on learning and generous aid packages,teacher,multi_constraint,complex,"bridge programs for first-year students, hands-on learning, generous aid packages, college",academic_program_info,multi factor comparison
"as a teacher, how can I guide students about writing support centers and realistic college choices",teacher,emotional_advisory,llm_needed,"writing support centers, low student debt, early application deadlines, college",academic_advising,educator advisory
colleges with math tutoring resources opportunities plus strong robust internships,teacher,attribute_lookup,short_circuit,"math tutoring resources, robust internships, online course options, college",campus_services_info,quick lookup
schools that support research mentoring students and have accessible housing,teacher,filtered_search,medium,"research mentoring, inclusive campus culture, accessible housing, college",academic_advising,student support search
best colleges for teacher recommendation impact with strong advising in California,teacher,filtered_search,medium,"teacher recommendation impact, strong advising, evening classes, college",college_search,program discovery
which schools offer portfolio-based admissions and allow transfer scholarships,teacher,attribute_lookup,medium,"portfolio-based admissions, small class sizes, transfer scholarships, college",academic_program_info,attribute lookup
help me compare colleges for community college transfer pathways based on good transit access and paid internships,teacher,multi_constraint,complex,"community college transfer pathways, good transit access, paid internships, college",transfer_advising,multi factor comparison
"as a teacher, how can I guide students about teacher education programs and realistic college choices",teacher,emotional_advisory,llm_needed,"teacher education programs, flexible scheduling, no SAT requirement, college",academic_program_info,educator advisory
colleges with special education supports opportunities plus strong high graduation rates,teacher,attribute_lookup,short_circuit,"special education supports, high graduation rates, on-campus childcare, college",academic_program_info,quick lookup
schools that support ELL student resources students and have credit for AP classes,teacher,filtered_search,medium,"ELL student resources, active student organizations, credit for AP classes, college",academic_advising,student support search
best colleges for career and technical pathways with hands-on learning in California,teacher,filtered_search,medium,"career and technical pathways, hands-on learning, generous aid packages, college",college_search,program discovery
which schools offer service learning opportunities and allow early application deadlines,teacher,attribute_lookup,medium,"service learning opportunities, low student debt, early application deadlines, college",academic_program_info,attribute lookup
help me compare colleges for honors seminar quality based on robust internships and online course options,teacher,multi_constraint,complex,"honors seminar quality, robust internships, online course options, college",college_search,multi factor comparison
"as a teacher, how can I guide students about admissions essay expectations and realistic college choices",teacher,emotional_advisory,llm_needed,"admissions essay expectations, inclusive campus culture, accessible housing, college",academic_advising,educator advisory
colleges with college readiness support opportunities plus strong strong advising,teacher,attribute_lookup,short_circuit,"college readiness support, strong advising, evening classes, college",campus_services_info,quick lookup
schools that support dual enrollment pathways students and have transfer scholarships,teacher,filtered_search,medium,"dual enrollment pathways, small class sizes, transfer scholarships, college",academic_advising,student support search
best colleges for STEM program alignment with good transit access in California,teacher,filtered_search,medium,"STEM program alignment, good transit access, paid internships, college",academic_program_info,program discovery
which schools offer humanities program strengths and allow no SAT requirement,teacher,attribute_lookup,medium,"humanities program strengths, flexible scheduling, no SAT requirement, college",academic_program_info,attribute lookup
help me compare colleges for admission requirement clarity based on high graduation rates and on-campus childcare,teacher,multi_constraint,complex,"admission requirement clarity, high graduation rates, on-campus childcare, college",academic_policy_info,multi factor comparison
"as a teacher, how can I guide students about merit scholarship criteria and realistic college choices",teacher,emotional_advisory,llm_needed,"merit scholarship criteria, active student organizations, credit for AP classes, college",financial_aid_advising,educator advisory
colleges with bridge programs for first-year students opportunities plus strong hands-on learning,teacher,attribute_lookup,short_circuit,"bridge programs for first-year students, hands-on learning, generous aid packages, college",academic_program_info,quick lookup
schools that support writing support centers students and have early application deadlines,teacher,filtered_search,medium,"writing support centers, low student debt, early application deadlines, college",academic_advising,student support search
best colleges for math tutoring resources with robust internships in California,teacher,filtered_search,medium,"math tutoring resources, robust internships, online course options, college",college_search,program discovery
which schools offer research mentoring and allow accessible housing,teacher,attribute_lookup,medium,"research mentoring, inclusive campus culture, accessible housing, college",academic_program_info,attribute lookup
help me compare colleges for teacher recommendation impact based on strong advising and evening classes,teacher,multi_constraint,complex,"teacher recommendation impact, strong advising, evening classes, college",college_search,multi factor comparison
"as a teacher, how can I guide students about portfolio-based admissions and realistic college choices",teacher,emotional_advisory,llm_needed,"portfolio-based admissions, small class sizes, transfer scholarships, college",academic_advising,educator advisory
colleges with community college transfer pathways opportunities plus strong good transit access,teacher,attribute_lookup,short_circuit,"community college transfer pathways, good transit access, paid internships, college",transfer_advising,quick lookup
schools that support teacher education programs students and have no SAT requirement,teacher,filtered_search,medium,"teacher education programs, flexible scheduling, no SAT requirement, college",academic_program_info,student support search
best colleges for special education supports with high graduation rates in California,teacher,filtered_search,medium,"special education supports, high graduation rates, on-campus childcare, college",academic_program_info,program discovery
which schools offer ELL student resources and allow credit for AP classes,teacher,attribute_lookup,medium,"ELL student resources, active student organizations, credit for AP classes, college",academic_program_info,attribute lookup
help me compare colleges for career and technical pathways based on hands-on learning and generous aid packages,teacher,multi_constraint,complex,"career and technical pathways, hands-on learning, generous aid packages, college",college_search,multi factor comparison
"as a teacher, how can I guide students about service learning opportunities and realistic college choices",teacher,emotional_advisory,llm_needed,"service learning opportunities, low student debt, early application deadlines, college",academic_advising,educator advisory
colleges with honors seminar quality opportunities plus strong robust internships,teacher,attribute_lookup,short_circuit,"honors seminar quality, robust internships, online course options, college",campus_services_info,quick lookup
schools that support admissions essay expectations students and have accessible housing,teacher,filtered_search,medium,"admissions essay expectations, inclusive campus culture, accessible housing, college",academic_advising,student support search
best colleges for college readiness support with strong advising in California,teacher,filtered_search,medium,"college readiness support, strong advising, evening classes, college",college_search,program discovery
which schools offer dual enrollment pathways and allow transfer scholarships,teacher,attribute_lookup,medium,"dual enrollment pathways, small class sizes, transfer scholarships, college",academic_program_info,attribute lookup
help me compare colleges for STEM program alignment based on good transit access and paid internships,teacher,multi_constraint,complex,"STEM program alignment, good transit access, paid internships, college",academic_program_info,multi factor comparison
"as a teacher, how can I guide students about humanities program strengths and realistic college choices",teacher,emotional_advisory,llm_needed,"humanities program strengths, flexible scheduling, no SAT requirement, college",academic_program_info,educator advisory
colleges with admission requirement clarity opportunities plus strong high graduation rates,teacher,attribute_lookup,short_circuit,"admission requirement clarity, high graduation rates, on-campus childcare, college",academic_policy_info,quick lookup
schools that support merit scholarship criteria students and have credit for AP classes,teacher,filtered_search,medium,"merit scholarship criteria, active student organizations, credit for AP classes, college",financial_aid_advising,student support search
best colleges for bridge programs for first-year students with hands-on learning in California,teacher,filtered_search,medium,"bridge programs for first-year students, hands-on learning, generous aid packages, college",academic_program_info,program discovery
which schools offer writing support centers and allow early application deadlines,teacher,attribute_lookup,medium,"writing support centers, low student debt, early application deadlines, college",academic_program_info,attribute lookup
help me compare colleges for math tutoring resources based on robust internships and online course options,teacher,multi_constraint,complex,"math tutoring resources, robust internships, online course options, college",college_search,multi factor comparison
"as a teacher, how can I guide students about research mentoring and realistic college choices",teacher,emotional_advisory,llm_needed,"research mentoring, inclusive campus culture, accessible housing, college",academic_advising,educator advisory
colleges with teacher recommendation impact opportunities plus strong strong advising,teacher,attribute_lookup,short_circuit,"teacher recommendation impact, strong advising, evening classes, college",campus_services_info,quick lookup
schools that support portfolio-based admissions students and have transfer scholarships,teacher,filtered_search,medium,"portfolio-based admissions, small class sizes, transfer scholarships, college",academic_advising,student support search
best colleges for community college transfer pathways with good transit access in California,teacher,filtered_search,medium,"community college transfer pathways, good transit access, paid internships, college",transfer_advising,program discovery
which schools offer teacher education programs and allow no SAT requirement,teacher,attribute_lookup,medium,"teacher education programs, flexible scheduling, no SAT requirement, college",academic_program_info,attribute lookup
help me compare colleges for special education supports based on high graduation rates and on-campus childcare,teacher,multi_constraint,complex,"special education supports, high graduation rates, on-campus childcare, college",academic_program_info,multi factor comparison
"as a teacher, how can I guide students about ELL student resources and realistic college choices",teacher,emotional_advisory,llm_needed,"ELL student resources, active student organizations, credit for AP classes, college",academic_advising,educator advisory
colleges with career and technical pathways opportunities plus strong hands-on learning,teacher,attribute_lookup,short_circuit,"career and technical pathways, hands-on learning, generous aid packages, college",campus_services_info,quick lookup
schools that support service learning opportunities students and have early application deadlines,teacher,filtered_search,medium,"service learning opportunities, low student debt, early application deadlines, college",academic_advising,student support search
best colleges for honors seminar quality with robust internships in California,teacher,filtered_search,medium,"honors seminar quality, robust internships, online course options, college",college_search,program discovery
which schools offer admissions essay expectations and allow accessible housing,teacher,attribute_lookup,medium,"admissions essay expectations, inclusive campus culture, accessible housing, college",academic_program_info,attribute lookup
help me compare colleges for college readiness support based on strong advising and evening classes,teacher,multi_constraint,complex,"college readiness support, strong advising, evening classes, college",college_search,multi factor comparison
"as a teacher, how can I guide students about dual enrollment pathways and realistic college choices",teacher,emotional_advisory,llm_needed,"dual enrollment pathways, small class sizes, transfer scholarships, college",academic_advising,educator advisory
colleges with STEM program alignment opportunities plus strong good transit access,teacher,attribute_lookup,short_circuit,"STEM program alignment, good transit access, paid internships, college",academic_program_info,quick lookup
schools that support humanities program strengths students and have no SAT requirement,teacher,filtered_search,medium,"humanities program strengths, flexible scheduling, no SAT requirement, college",academic_program_info,student support search
best colleges for admission requirement clarity with high graduation rates in California,teacher,filtered_search,medium,"admission requirement clarity, high graduation rates, on-campus childcare, college",academic_policy_info,program discovery
which schools offer merit scholarship criteria and allow credit for AP classes,teacher,attribute_lookup,medium,"merit scholarship criteria, active student organizations, credit for AP classes, college",financial_aid_advising,attribute lookup
help me compare colleges for bridge programs for first-year students based on hands-on learning and generous aid packages,teacher,multi_constraint,complex,"bridge programs for first-year students, hands-on learning, generous aid packages, college",academic_program_info,multi factor comparison
"as a teacher, how can I guide students about writing support centers and realistic college choices",teacher,emotional_advisory,llm_needed,"writing support centers, low student debt, early application deadlines, college",academic_advising,educator advisory
colleges with math tutoring resources opportunities plus strong robust internships,teacher,attribute_lookup,short_circuit,"math tutoring resources, robust internships, online course options, college",campus_services_info,quick lookup
schools that support research mentoring students and have accessible housing,teacher,filtered_search,medium,"research mentoring, inclusive campus culture, accessible housing, college",academic_advising,student support search
best colleges for teacher recommendation impact with strong advising in California,teacher,filtered_search,medium,"teacher recommendation impact, strong advising, evening classes, college",college_search,program discovery
which schools offer portfolio-based admissions and allow transfer scholarships,teacher,attribute_lookup,medium,"portfolio-based admissions, small class sizes, transfer scholarships, college",academic_program_info,attribute lookup
help me compare colleges for community college transfer pathways based on good transit access and paid internships,teacher,multi_constraint,complex,"community college transfer pathways, good transit access, paid internships, college",transfer_advising,multi factor comparison
"as a teacher, how can I guide students about teacher education programs and realistic college choices",teacher,emotional_advisory,llm_needed,"teacher education programs, flexible scheduling, no SAT requirement, college",academic_program_info,educator advisory
colleges with special education supports opportunities plus strong high graduation rates,teacher,attribute_lookup,short_circuit,"special education supports, high graduation rates, on-campus childcare, college",academic_program_info,quick lookup
schools that support ELL student resources students and have credit for AP classes,teacher,filtered_search,medium,"ELL student resources, active student organizations, credit for AP classes, college",academic_advising,student support search
best colleges for career and technical pathways with hands-on learning in California,teacher,filtered_search,medium,"career and technical pathways, hands-on learning, generous aid packages, college",college_search,program discovery
which schools offer service learning opportunities and allow early application deadlines,teacher,attribute_lookup,medium,"service learning opportunities, low student debt, early application deadlines, college",academic_program_info,attribute lookup
help me compare colleges for honors seminar quality based on robust internships and online course options,teacher,multi_constraint,complex,"honors seminar quality, robust internships, online course options, college",college_search,multi factor comparison
"as a teacher, how can I guide students about admissions essay expectations and realistic college choices",teacher,emotional_advisory,llm_needed,"admissions essay expectations, inclusive campus culture, accessible housing, college",academic_advising,educator advisory
colleges with college readiness support opportunities plus strong strong advising,teacher,attribute_lookup,short_circuit,"college readiness support, strong advising, evening classes, college",campus_services_info,quick lookup
schools that support dual enrollment pathways students and have transfer scholarships,teacher,filtered_search,medium,"dual enrollment pathways, small class sizes, transfer scholarships, college",academic_advising,student support search
best colleges for STEM program alignment with good transit access in California,teacher,filtered_search,medium,"STEM program alignment, good transit access, paid internships, college",academic_program_info,program discovery
which schools offer humanities program strengths and allow no SAT requirement,teacher,attribute_lookup,medium,"humanities program strengths, flexible scheduling, no SAT requirement, college",academic_program_info,attribute lookup
help me compare colleges for admission requirement clarity based on high graduation rates and on-campus childcare,teacher,multi_constraint,complex,"admission requirement clarity, high graduation rates, on-campus childcare, college",academic_policy_info,multi factor comparison
"as a teacher, how can I guide students about merit scholarship criteria and realistic college choices",teacher,emotional_advisory,llm_needed,"merit scholarship criteria, active student organizations, credit for AP classes, college",financial_aid_advising,educator advisory
colleges with bridge programs for first-year students opportunities plus strong hands-on learning,teacher,attribute_lookup,short_circuit,"bridge programs for first-year students, hands-on learning, generous aid packages, college",academic_program_info,quick lookup
schools that support writing support centers students and have early application deadlines,teacher,filtered_search,medium,"writing support centers, low student debt, early application deadlines, college",academic_advising,student support search
best colleges for math tutoring resources with robust internships in California,teacher,filtered_search,medium,"math tutoring resources, robust internships, online course options, college",college_search,program discovery
which schools offer research mentoring and allow accessible housing,teacher,attribute_lookup,medium,"research mentoring, inclusive campus culture, accessible housing, college",academic_program_info,attribute lookup
help me compare colleges for teacher recommendation impact based on strong advising and evening classes,teacher,multi_constraint,complex,"teacher recommendation impact, strong advising, evening classes, college",college_search,multi factor comparison
"as a teacher, how can I guide students about portfolio-based admissions and realistic college choices",teacher,emotional_advisory,llm_needed,"portfolio-based admissions, small class sizes, transfer scholarships, college",academic_advising,educator advisory
colleges with community college transfer pathways opportunities plus strong good transit access,teacher,attribute_lookup,short_circuit,"community college transfer pathways, good transit access, paid internships, college",transfer_advising,quick lookup
schools that support teacher education programs students and have no SAT requirement,teacher,filtered_search,medium,"teacher education programs, flexible scheduling, no SAT requirement, college",academic_program_info,student support search
best colleges for special education supports with high graduation rates in California,teacher,filtered_search,medium,"special education supports, high graduation rates, on-campus childcare, college",academic_program_info,program discovery
which schools offer ELL student resources and allow credit for AP classes,teacher,attribute_lookup,medium,"ELL student resources, active student organizations, credit for AP classes, college",academic_program_info,attribute lookup
help me compare colleges for career and technical pathways based on hands-on learning and generous aid packages,teacher,multi_constraint,complex,"career and technical pathways, hands-on learning, generous aid packages, college",college_search,multi factor comparison
"as a teacher, how can I guide students about service learning opportunities and realistic college choices",teacher,emotional_advisory,llm_needed,"service learning opportunities, low student debt, early application deadlines, college",academic_advising,educator advisory
colleges with honors seminar quality opportunities plus strong robust internships,teacher,attribute_lookup,short_circuit,"honors seminar quality, robust internships, online course options, college",campus_services_info,quick lookup
schools that support admissions essay expectations students and have accessible housing,teacher,filtered_search,medium,"admissions essay expectations, inclusive campus culture, accessible housing, college",academic_advising,student support search
best colleges for college readiness support with strong advising in California,teacher,filtered_search,medium,"college readiness support, strong advising, evening classes, college",college_search,program discovery
which schools offer dual enrollment pathways and allow transfer scholarships,teacher,attribute_lookup,medium,"dual enrollment pathways, small class sizes, transfer scholarships, college",academic_program_info,attribute lookup
help me compare colleges for STEM program alignment based on good transit access and paid internships,teacher,multi_constraint,complex,"STEM program alignment, good transit access, paid internships, college",academic_program_info,multi factor comparison
"as a teacher, how can I guide students about humanities program strengths and realistic college choices",teacher,emotional_advisory,llm_needed,"humanities program strengths, flexible scheduling, no SAT requirement, college",academic_program_info,educator advisory
colleges with admission requirement clarity opportunities plus strong high graduation rates,teacher,attribute_lookup,short_circuit,"admission requirement clarity, high graduation rates, on-campus childcare, college",academic_policy_info,quick lookup
schools that support merit scholarship criteria students and have credit for AP classes,teacher,filtered_search,medium,"merit scholarship criteria, active student organizations, credit for AP classes, college",financial_aid_advising,student support search
best colleges for bridge programs for first-year students with hands-on learning in California,teacher,filtered_search,medium,"bridge programs for first-year students, hands-on learning, generous aid packages, college",academic_program_info,program discovery
which schools offer writing support centers and allow early application deadlines,teacher,attribute_lookup,medium,"writing support centers, low student debt, early application deadlines, college",academic_program_info,attribute lookup
help me compare colleges for math tutoring resources based on robust internships and online course options,teacher,multi_constraint,complex,"math tutoring resources, robust internships, online course options, college",college_search,multi factor comparison
"as a teacher, how can I guide students about research mentoring and realistic college choices",teacher,emotional_advisory,llm_needed,"research mentoring, inclusive campus culture, accessible housing, college",academic_advising,educator advisory
colleges with teacher recommendation impact opportunities plus strong strong advising,teacher,attribute_lookup,short_circuit,"teacher recommendation impact, strong advising, evening classes, college",campus_services_info,quick lookup
schools that support portfolio-based admissions students and have transfer scholarships,teacher,filtered_search,medium,"portfolio-based admissions, small class sizes, transfer scholarships, college",academic_advising,student support search
best colleges for community college transfer pathways with good transit access in California,teacher,filtered_search,medium,"community college transfer pathways, good transit access, paid internships, college",transfer_advising,program discovery
which schools offer teacher education programs and allow no SAT requirement,teacher,attribute_lookup,medium,"teacher education programs, flexible scheduling, no SAT requirement, college",academic_program_info,attribute lookup
help me compare colleges for special education supports based on high graduation rates and on-campus childcare,teacher,multi_constraint,complex,"special education supports, high graduation rates, on-campus childcare, college",academic_program_info,multi factor comparison
"as a teacher, how can I guide students about ELL student resources and realistic college choices",teacher,emotional_advisory,llm_needed,"ELL student resources, active student organizations, credit for AP classes, college",academic_advising,educator advisory
colleges with career and technical pathways opportunities plus strong hands-on learning,teacher,attribute_lookup,short_circuit,"career and technical pathways, hands-on learning, generous aid packages, college",campus_services_info,quick lookup
schools that support service learning opportunities students and have early application deadlines,teacher,filtered_search,medium,"service learning opportunities, low student debt, early application deadlines, college",academic_advising,student support search
best colleges for honors seminar quality with robust internships in California,teacher,filtered_search,medium,"honors seminar quality, robust internships, online course options, college",college_search,program discovery
which schools offer admissions essay expectations and allow accessible housing,teacher,attribute_lookup,medium,"admissions essay expectations, inclusive campus culture, accessible housing, college",academic_program_info,attribute lookup
help me compare colleges for college readiness support based on strong advising and evening classes,teacher,multi_constraint,complex,"college readiness support, strong advising, evening classes, college",college_search,multi factor comparison
"as a teacher, how can I guide students about dual enrollment pathways and realistic college choices",teacher,emotional_advisory,llm_needed,"dual enrollment pathways, small class sizes, transfer scholarships, college",academic_advising,educator advisory
colleges with STEM program alignment opportunities plus strong good transit access,teacher,attribute_lookup,short_circuit,"STEM program alignment, good transit access, paid internships, college",academic_program_info,quick lookup
schools that support humanities program strengths students and have no SAT requirement,teacher,filtered_search,medium,"humanities program strengths, flexible scheduling, no SAT requirement, college",academic_program_info,student support search
best colleges for admission requirement clarity with high graduation rates in California,teacher,filtered_search,medium,"admission requirement clarity, high graduation rates, on-campus childcare, college",academic_policy_info,program discovery
which schools offer merit scholarship criteria and allow credit for AP classes,teacher,attribute_lookup,medium,"merit scholarship criteria, active student organizations, credit for AP classes, college",financial_aid_advising,attribute lookup
help me compare colleges for bridge programs for first-year students based on hands-on learning and generous aid packages,teacher,multi_constraint,complex,"bridge programs for first-year students, hands-on learning, generous aid packages, college",academic_program_info,multi factor comparison
"as a teacher, how can I guide students about writing support centers and realistic college choices",teacher,emotional_advisory,llm_needed,"writing support centers, low student debt, early application deadlines, college",academic_advising,educator advisory
colleges with math tutoring resources opportunities plus strong robust internships,teacher,attribute_lookup,short_circuit,"math tutoring resources, robust internships, online course options, college",campus_services_info,quick lookup
schools that support research mentoring students and have accessible housing,teacher,filtered_search,medium,"research mentoring, inclusive campus culture, accessible housing, college",academic_advising,student support search
best colleges for teacher recommendation impact with strong advising in California,teacher,filtered_search,medium,"teacher recommendation impact, strong advising, evening classes, college",college_search,program discovery
which schools offer portfolio-based admissions and allow transfer scholarships,teacher,attribute_lookup,medium,"portfolio-based admissions, small class sizes, transfer scholarships, college",academic_program_info,attribute lookup
help me compare colleges for community college transfer pathways based on good transit access and paid internships,teacher,multi_constraint,complex,"community college transfer pathways, good transit access, paid internships, college",transfer_advising,multi factor comparison
"as a teacher, how can I guide students about teacher education programs and realistic college choices",teacher,emotional_advisory,llm_needed,"teacher education programs, flexible scheduling, no SAT requirement, college",academic_program_info,educator advisory
colleges with special education supports opportunities plus strong high graduation rates,teacher,attribute_lookup,short_circuit,"special education supports, high graduation rates, on-campus childcare, college",academic_program_info,quick lookup
schools that support ELL student resources students and have credit for AP classes,teacher,filtered_search,medium,"ELL student resources, active student organizations, credit for AP classes, college",academic_advising,student support search
best colleges for career and technical pathways with hands-on learning in California,teacher,filtered_search,medium,"career and technical pathways, hands-on learning, generous aid packages, college",college_search,program discovery
which schools offer service learning opportunities and allow early application deadlines,teacher,attribute_lookup,medium,"service learning opportunities, low student debt, early application deadlines, college",academic_program_info,attribute lookup
help me compare colleges for honors seminar quality based on robust internships and online course options,teacher,multi_constraint,complex,"honors seminar quality, robust internships, online course options, college",college_search,multi factor comparison
"as a teacher, how can I guide students about admissions essay expectations and realistic college choices",teacher,emotional_advisory,llm_needed,"admissions essay expectations, inclusive campus culture, accessible housing, college",academic_advising,educator advisory
colleges with college readiness support opportunities plus strong strong advising,teacher,attribute_lookup,short_circuit,"college readiness support, strong advising, evening classes, college",campus_services_info,quick lookup
schools that support dual enrollment pathways students and have transfer scholarships,teacher,filtered_search,medium,"dual enrollment pathways, small class sizes, transfer scholarships, college",academic_advising,student support search
best colleges for STEM program alignment with good transit access in California,teacher,filtered_search,medium,"STEM program alignment, good transit access, paid internships, college",academic_program_info,program discovery
which schools offer humanities program strengths and allow no SAT requirement,teacher,attribute_lookup,medium,"humanities program strengths, flexible scheduling, no SAT requirement, college",academic_program_info,attribute lookup
help me compare colleges for admission requirement clarity based on high graduation rates and on-campus childcare,teacher,multi_constraint,complex,"admission requirement clarity, high graduation rates, on-campus childcare, college",academic_policy_info,multi factor comparison
"as a teacher, how can I guide students about merit scholarship criteria and realistic college choices",teacher,emotional_advisory,llm_needed,"merit scholarship criteria, active student organizations, credit for AP classes, college",financial_aid_advising,educator advisory
colleges with bridge programs for first-year students opportunities plus strong hands-on learning,teacher,attribute_lookup,short_circuit,"bridge programs for first-year students, hands-on learning, generous aid packages, college",academic_program_info,quick lookup
schools that support writing support centers students and have early application deadlines,teacher,filtered_search,medium,"writing support centers, low student debt, early application deadlines, college",academic_advising,student support search
best colleges for math tutoring resources with robust internships in California,teacher,filtered_search,medium,"math tutoring resources, robust internships, online course options, college",college_search,program discovery
which schools offer research mentoring and allow accessible housing,teacher,attribute_lookup,medium,"research mentoring, inclusive campus culture, accessible housing, college",academic_program_info,attribute lookup
help me compare colleges for teacher recommendation impact based on strong advising and evening classes,teacher,multi_constraint,complex,"teacher recommendation impact, strong advising, evening classes, college",college_search,multi factor comparison
"as a teacher, how can I guide students about portfolio-based admissions and realistic college choices",teacher,emotional_advisory,llm_needed,"portfolio-based admissions, small class sizes, transfer scholarships, college",academic_advising,educator advisory
colleges with community college transfer pathways opportunities plus strong good transit access,teacher,attribute_lookup,short_circuit,"community college transfer pathways, good transit access, paid internships, college",transfer_advising,quick lookup
schools that support teacher education programs students and have no SAT requirement,teacher,filtered_search,medium,"teacher education programs, flexible scheduling, no SAT requirement, college",academic_program_info,student support search
best colleges for special education supports with high graduation rates in California,teacher,filtered_search,medium,"special education supports, high graduation rates, on-campus childcare, college",academic_program_info,program discovery
which schools offer ELL student resources and allow credit for AP classes,teacher,attribute_lookup,medium,"ELL student resources, active student organizations, credit for AP classes, college",academic_program_info,attribute lookup
help me compare colleges for career and technical pathways based on hands-on learning and generous aid packages,teacher,multi_constraint,complex,"career and technical pathways, hands-on learning, generous aid packages, college",college_search,multi factor comparison
"as a teacher, how can I guide students about service learning opportunities and realistic college choices",teacher,emotional_advisory,llm_needed,"service learning opportunities, low student debt, early application deadlines, college",academic_advising,educator advisory
colleges with honors seminar quality opportunities plus strong robust internships,teacher,attribute_lookup,short_circuit,"honors seminar quality, robust internships, online course options, college",campus_services_info,quick lookup
schools that support admissions essay expectations students and have accessible housing,teacher,filtered_search,medium,"admissions essay expectations, inclusive campus culture, accessible housing, college",academic_advising,student support search
best colleges for college readiness support with strong advising in California,teacher,filtered_search,medium,"college readiness support, strong advising, evening classes, college",college_search,program discovery
which schools offer dual enrollment pathways and allow transfer scholarships,teacher,attribute_lookup,medium,"dual enrollment pathways, small class sizes, transfer scholarships, college",academic_program_info,attribute lookup
help me compare colleges for STEM program alignment based on good transit access and paid internships,teacher,multi_constraint,complex,"STEM program alignment, good transit access, paid internships, college",academic_program_info,multi factor comparison
"as a teacher, how can I guide students about humanities program strengths and realistic college choices",teacher,emotional_advisory,llm_needed,"humanities program strengths, flexible scheduling, no SAT requirement, college",academic_program_info,educator advisory
colleges with admission requirement clarity opportunities plus strong high graduation rates,teacher,attribute_lookup,short_circuit,"admission requirement clarity, high graduation rates, on-campus childcare, college",academic_policy_info,quick lookup
schools that support merit scholarship criteria students and have credit for AP classes,teacher,filtered_search,medium,"merit scholarship criteria, active student organizations, credit for AP classes, college",financial_aid_advising,student support search
best colleges for bridge programs for first-year students with hands-on learning in California,teacher,filtered_search,medium,"bridge programs for first-year students, hands-on learning, generous aid packages, college",academic_program_info,program discovery
which schools offer writing support centers and allow early application deadlines,teacher,attribute_lookup,medium,"writing support centers, low student debt, early application deadlines, college",academic_program_info,attribute lookup
help me compare colleges for math tutoring resources based on robust internships and online course options,teacher,multi_constraint,complex,"math tutoring resources, robust internships, online course options, college",college_search,multi factor comparison
"as a teacher, how can I guide students about research mentoring and realistic college choices",teacher,emotional_advisory,llm_needed,"research mentoring, inclusive campus culture, accessible housing, college",academic_advising,educator advisory
colleges with teacher recommendation impact opportunities plus strong strong advising,teacher,attribute_lookup,short_circuit,"teacher recommendation impact, strong advising, evening classes, college",campus_services_info,quick lookup
schools that support portfolio-based admissions students and have transfer scholarships,teacher,filtered_search,medium,"portfolio-based admissions, small class sizes, transfer scholarships, college",academic_advising,student support search
best colleges for community college transfer pathways with good transit access in California,teacher,filtered_search,medium,"community college transfer pathways, good transit access, paid internships, college",transfer_advising,program discovery
which schools offer teacher education programs and allow no SAT requirement,teacher,attribute_lookup,medium,"teacher education programs, flexible scheduling, no SAT requirement, college",academic_program_info,attribute lookup
help me compare colleges for special education supports based on high graduation rates and on-campus childcare,teacher,multi_constraint,complex,"special education supports, high graduation rates, on-campus childcare, college",academic_program_info,multi factor comparison
"as a teacher, how can I guide students about ELL student resources and realistic college choices",teacher,emotional_advisory,llm_needed,"ELL student resources, active student organizations, credit for AP classes, college",academic_advising,educator advisory
colleges with career and technical pathways opportunities plus strong hands-on learning,teacher,attribute_lookup,short_circuit,"career and technical pathways, hands-on learning, generous aid packages, college",campus_services_info,quick lookup
schools that support service learning opportunities students and have early application deadlines,teacher,filtered_search,medium,"service learning opportunities, low student debt, early application deadlines, college",academic_advising,student support search
best colleges for honors seminar quality with robust internships in California,teacher,filtered_search,medium,"honors seminar quality, robust internships, online course options, college",college_search,program discovery
which schools offer admissions essay expectations and allow accessible housing,teacher,attribute_lookup,medium,"admissions essay expectations, inclusive campus culture, accessible housing, college",academic_program_info,attribute lookup
help me compare colleges for college readiness support based on strong advising and evening classes,teacher,multi_constraint,complex,"college readiness support, strong advising, evening classes, college",college_search,multi factor comparison
"as a teacher, how can I guide students about dual enrollment pathways and realistic college choices",teacher,emotional_advisory,llm_needed,"dual enrollment pathways, small class sizes, transfer scholarships, college",academic_advising,educator advisory
colleges with STEM program alignment opportunities plus strong good transit access,teacher,attribute_lookup,short_circuit,"STEM program alignment, good transit access, paid internships, college",academic_program_info,quick lookup
schools that support humanities program strengths students and have no SAT requirement,teacher,filtered_search,medium,"humanities program strengths, flexible scheduling, no SAT requirement, college",academic_program_info,student support search
best colleges for admission requirement clarity with high graduation rates in California,teacher,filtered_search,medium,"admission requirement clarity, high graduation rates, on-campus childcare, college",academic_policy_info,program discovery
which schools offer merit scholarship criteria and allow credit for AP classes,teacher,attribute_lookup,medium,"merit scholarship criteria, active student organizations, credit for AP classes, college",financial_aid_advising,attribute lookup
help me compare colleges for bridge programs for first-year students based on hands-on learning and generous aid packages,teacher,multi_constraint,complex,"bridge programs for first-year students, hands-on learning, generous aid packages, college",academic_program_info,multi factor comparison
"as a teacher, how can I guide students about writing support centers and realistic college choices",teacher,emotional_advisory,llm_needed,"writing support centers, low student debt, early application deadlines, college",academic_advising,educator advisory
colleges with math tutoring resources opportunities plus strong robust internships,teacher,attribute_lookup,short_circuit,"math tutoring resources, robust internships, online course options, college",campus_services_info,quick lookup
schools that support research mentoring students and have accessible housing,teacher,filtered_search,medium,"research mentoring, inclusive campus culture, accessible housing, college",academic_advising,student support search
best colleges for teacher recommendation impact with strong advising in California,teacher,filtered_search,medium,"teacher recommendation impact, strong advising, evening classes, college",college_search,program discovery
which schools offer portfolio-based admissions and allow transfer scholarships,teacher,attribute_lookup,medium,"portfolio-based admissions, small class sizes, transfer scholarships, college",academic_program_info,attribute lookup
help me compare colleges for community college transfer pathways based on good transit access and paid internships,teacher,multi_constraint,complex,"community college transfer pathways, good transit access, paid internships, college",transfer_advising,multi factor comparison
"as a teacher, how can I guide students about teacher education programs and realistic college choices",teacher,emotional_advisory,llm_needed,"teacher education programs, flexible scheduling, no SAT requirement, college",academic_program_info,educator advisory
colleges with special education supports opportunities plus strong high graduation rates,teacher,attribute_lookup,short_circuit,"special education supports, high graduation rates, on-campus childcare, college",academic_program_info,quick lookup
schools that support ELL student resources students and have credit for AP classes,teacher,filtered_search,medium,"ELL student resources, active student organizations, credit for AP classes, college",academic_advising,student support search
best colleges for career and technical pathways with hands-on learning in California,teacher,filtered_search,medium,"career and technical pathways, hands-on learning, generous aid packages, college",college_search,program discovery
which schools offer service learning opportunities and allow early application deadlines,teacher,attribute_lookup,medium,"service learning opportunities, low student debt, early application deadlines, college",academic_program_info,attribute lookup
help me compare colleges for honors seminar quality based on robust internships and online course options,teacher,multi_constraint,complex,"honors seminar quality, robust internships, online course options, college",college_search,multi factor comparison
"as a teacher, how can I guide students about admissions essay expectations and realistic college choices",teacher,emotional_advisory,llm_needed,"admissions essay expectations, inclusive campus culture, accessible housing, college",academic_advising,educator advisory
colleges with college readiness support opportunities plus strong strong advising,teacher,attribute_lookup,short_circuit,"college readiness support, strong advising, evening classes, college",campus_services_info,quick lookup
schools that support dual enrollment pathways students and have transfer scholarships,teacher,filtered_search,medium,"dual enrollment pathways, small class sizes, transfer scholarships, college",academic_advising,student support search
best colleges for STEM program alignment with good transit access in California,teacher,filtered_search,medium,"STEM program alignment, good transit access, paid internships, college",academic_program_info,program discovery
which schools offer humanities program strengths and allow no SAT requirement,teacher,attribute_lookup,medium,"humanities program strengths, flexible scheduling, no SAT requirement, college",academic_program_info,attribute lookup
help me compare colleges for admission requirement clarity based on high graduation rates and on-campus childcare,teacher,multi_constraint,complex,"admission requirement clarity, high graduation rates, on-campus childcare, college",academic_policy_info,multi factor comparison
"as a teacher, how can I guide students about merit scholarship criteria and realistic college choices",teacher,emotional_advisory,llm_needed,"merit scholarship criteria, active student organizations, credit for AP classes, college",financial_aid_advising,educator advisory
colleges with bridge programs for first-year students opportunities plus strong hands-on learning,teacher,attribute_lookup,short_circuit,"bridge programs for first-year students, hands-on learning, generous aid packages, college",academic_program_info,quick lookup
schools that support writing support centers students and have early application deadlines,teacher,filtered_search,medium,"writing support centers, low student debt, early application deadlines, college",academic_advising,student support search
best colleges for math tutoring resources with robust internships in California,teacher,filtered_search,medium,"math tutoring resources, robust internships, online course options, college",college_search,program discovery
which schools offer research mentoring and allow accessible housing,teacher,attribute_lookup,medium,"research mentoring, inclusive campus culture, accessible housing, college",academic_program_info,attribute lookup
help me compare colleges for teacher recommendation impact based on strong advising and evening classes,teacher,multi_constraint,complex,"teacher recommendation impact, strong advising, evening classes, college",college_search,multi factor comparison
"as a teacher, how can I guide students about portfolio-based admissions and realistic college choices",teacher,emotional_advisory,llm_needed,"portfolio-based admissions, small class sizes, transfer scholarships, college",academic_advising,educator advisory
colleges with community college transfer pathways opportunities plus strong good transit access,teacher,attribute_lookup,short_circuit,"community college transfer pathways, good transit access, paid internships, college",transfer_advising,quick lookup
schools that support teacher education programs students and have no SAT requirement,teacher,filtered_search,medium,"teacher education programs, flexible scheduling, no SAT requirement, college",academic_program_info,student support search
best colleges for special education supports with high graduation rates in California,teacher,filtered_search,medium,"special education supports, high graduation rates, on-campus childcare, college",academic_program_info,program discovery
which schools offer ELL student resources and allow credit for AP classes,teacher,attribute_lookup,medium,"ELL student resources, active student organizations, credit for AP classes, college",academic_program_info,attribute lookup
help me compare colleges for career and technical pathways based on hands-on learning and generous aid packages,teacher,multi_constraint,complex,"career and technical pathways, hands-on learning, generous aid packages, college",college_search,multi factor comparison
"as a teacher, how can I guide students about service learning opportunities and realistic college choices",teacher,emotional_advisory,llm_needed,"service learning opportunities, low student debt, early application deadlines, college",academic_advising,educator advisory
colleges with honors seminar quality opportunities plus strong robust internships,teacher,attribute_lookup,short_circuit,"honors seminar quality, robust internships, online course options, college",campus_services_info,quick lookup
schools that support admissions essay expectations students and have accessible housing,teacher,filtered_search,medium,"admissions essay expectations, inclusive campus culture, accessible housing, college",academic_advising,student support search
best colleges for college readiness support with strong advising in California,teacher,filtered_search,medium,"college readiness support, strong advising, evening classes, college",college_search,program discovery
which schools offer dual enrollment pathways and allow transfer scholarships,teacher,attribute_lookup,medium,"dual enrollment pathways, small class sizes, transfer scholarships, college",academic_program_info,attribute lookup
help me compare colleges for STEM program alignment based on good transit access and paid internships,teacher,multi_constraint,complex,"STEM program alignment, good transit access, paid internships, college",academic_program_info,multi factor comparison
"as a teacher, how can I guide students about humanities program strengths and realistic college choices",teacher,emotional_advisory,llm_needed,"humanities program strengths, flexible scheduling, no SAT requirement, college",academic_program_info,educator advisory
colleges with admission requirement clarity opportunities plus strong high graduation rates,teacher,attribute_lookup,short_circuit,"admission requirement clarity, high graduation rates, on-campus childcare, college",academic_policy_info,quick lookup
schools that support merit scholarship criteria students and have credit for AP classes,teacher,filtered_search,medium,"merit scholarship criteria, active student organizations, credit for AP classes, college",financial_aid_advising,student support search
best colleges for bridge programs for first-year students with hands-on learning in California,teacher,filtered_search,medium,"bridge programs for first-year students, hands-on learning, generous aid packages, college",academic_program_info,program discovery
which schools offer writing support centers and allow early application deadlines,teacher,attribute_lookup,medium,"writing support centers, low student debt, early application deadlines, college",academic_program_info,attribute lookup
help me compare colleges for math tutoring resources based on robust internships and online course options,teacher,multi_constraint,complex,"math tutoring resources, robust internships, online course options, college",college_search,multi factor comparison
"as a teacher, how can I guide students about research mentoring and realistic college choices",teacher,emotional_advisory,llm_needed,"research mentoring, inclusive campus culture, accessible housing, college",academic_advising,educator advisory
colleges with teacher recommendation impact opportunities plus strong strong advising,teacher,attribute_lookup,short_circuit,"teacher recommendation impact, strong advising, evening classes, college",campus_services_info,quick lookup
schools that support portfolio-based admissions students and have transfer scholarships,teacher,filtered_search,medium,"portfolio-based admissions, small class sizes, transfer scholarships, college",academic_advising,student support search
best colleges for community college transfer pathways with good transit access in California,teacher,filtered_search,medium,"community college transfer pathways, good transit access, paid internships, college",transfer_advising,program discovery
which schools offer teacher education programs and allow no SAT requirement,teacher,attribute_lookup,medium,"teacher education programs, flexible scheduling, no SAT requirement, college",academic_program_info,attribute lookup
help me compare colleges for special education supports based on high graduation rates and on-campus childcare,teacher,multi_constraint,complex,"special education supports, high graduation rates, on-campus childcare, college",academic_program_info,multi factor comparison
"as a teacher, how can I guide students about ELL student resources and realistic college choices",teacher,emotional_advisory,llm_needed,"ELL student resources, active student organizations, credit for AP classes, college",academic_advising,educator advisory
colleges with career and technical pathways opportunities plus strong hands-on learning,teacher,attribute_lookup,short_circuit,"career and technical pathways, hands-on learning, generous aid packages, college",campus_services_info,quick lookup
schools that support service learning opportunities students and have early application deadlines,teacher,filtered_search,medium,"service learning opportunities, low student debt, early application deadlines, college",academic_advising,student support search
best colleges for honors seminar quality with robust internships in California,teacher,filtered_search,medium,"honors seminar quality, robust internships, online course options, college",college_search,program discovery
which schools offer admissions essay expectations and allow accessible housing,teacher,attribute_lookup,medium,"admissions essay expectations, inclusive campus culture, accessible housing, college",academic_program_info,attribute lookup
help me compare colleges for college readiness support based on strong advising and evening classes,teacher,multi_constraint,complex,"college readiness support, strong advising, evening classes, college",college_search,multi factor comparison
"as a teacher, how can I guide students about dual enrollment pathways and realistic college choices",teacher,emotional_advisory,llm_needed,"dual enrollment pathways, small class sizes, transfer scholarships, college",academic_advising,educator advisory
colleges with STEM program alignment opportunities plus strong good transit access,teacher,attribute_lookup,short_circuit,"STEM program alignment, good transit access, paid internships, college",academic_program_info,quick lookup
schools that support humanities program strengths students and have no SAT requirement,teacher,filtered_search,medium,"humanities program strengths, flexible scheduling, no SAT requirement, college",academic_program_info,student support search
best colleges for admission requirement clarity with high graduation rates in California,teacher,filtered_search,medium,"admission requirement clarity, high graduation rates, on-campus childcare, college",academic_policy_info,program discovery
which schools offer merit scholarship criteria and allow credit for AP classes,teacher,attribute_lookup,medium,"merit scholarship criteria, active student organizations, credit for AP classes, college",financial_aid_advising,attribute lookup
help me compare colleges for bridge programs for first-year students based on hands-on learning and generous aid packages,teacher,multi_constraint,complex,"bridge programs for first-year students, hands-on learning, generous aid packages, college",academic_program_info,multi factor comparison
"as a teacher, how can I guide students about writing support centers and realistic college choices",teacher,emotional_advisory,llm_needed,"writing support centers, low student debt, early application deadlines, college",academic_advising,educator advisory
colleges with math tutoring resources opportunities plus strong robust internships,teacher,attribute_lookup,short_circuit,"math tutoring resources, robust internships, online course options, college",campus_services_info,quick lookup
schools that support research mentoring students and have accessible housing,teacher,filtered_search,medium,"research mentoring, inclusive campus culture, accessible housing, college",academic_advising,student support search
best colleges for teacher recommendation impact with strong advising in California,teacher,filtered_search,medium,"teacher recommendation impact, strong advising, evening classes, college",college_search,program discovery
which schools offer portfolio-based admissions and allow transfer scholarships,teacher,attribute_lookup,medium,"portfolio-based admissions, small class sizes, transfer scholarships, college",academic_program_info,attribute lookup
help me compare colleges for community college transfer pathways based on good transit access and paid internships,teacher,multi_constraint,complex,"community college transfer pathways, good transit access, paid internships, college",transfer_advising,multi factor comparison
"as a teacher, how can I guide students about teacher education programs and realistic college choices",teacher,emotional_advisory,llm_needed,"teacher education programs, flexible scheduling, no SAT requirement, college",academic_program_info,educator advisory
colleges with special education supports opportunities plus strong high graduation rates,teacher,attribute_lookup,short_circuit,"special education supports, high graduation rates, on-campus childcare, college",academic_program_info,quick lookup
schools that support ELL student resources students and have credit for AP classes,teacher,filtered_search,medium,"ELL student resources, active student organizations, credit for AP classes, college",academic_advising,student support search
best colleges for career and technical pathways with hands-on learning in California,teacher,filtered_search,medium,"career and technical pathways, hands-on learning, generous aid packages, college",college_search,program discovery
which schools offer service learning opportunities and allow early application deadlines,teacher,attribute_lookup,medium,"service learning opportunities, low student debt, early application deadlines, college",academic_program_info,attribute lookup
help me compare colleges for honors seminar quality based on robust internships and online course options,teacher,multi_constraint,complex,"honors seminar quality, robust internships, online course options, college",college_search,multi factor comparison
"as a teacher, how can I guide students about admissions essay expectations and realistic college choices",teacher,emotional_advisory,llm_needed,"admissions essay expectations, inclusive campus culture, accessible housing, college",academic_advising,educator advisory
colleges with college readiness support opportunities plus strong strong advising,teacher,attribute_lookup,short_circuit,"college readiness support, strong advising, evening classes, college",campus_services_info,quick lookup
schools that support dual enrollment pathways students and have transfer scholarships,teacher,filtered_search,medium,"dual enrollment pathways, small class sizes, transfer scholarships, college",academic_advising,student support search
best colleges for STEM program alignment with good transit access in California,teacher,filtered_search,medium,"STEM program alignment, good transit access, paid internships, college",academic_program_info,program discovery
which schools offer humanities program strengths and allow no SAT requirement,teacher,attribute_lookup,medium,"humanities program strengths, flexible scheduling, no SAT requirement, college",academic_program_info,attribute lookup
help me compare colleges for admission requirement clarity based on high graduation rates and on-campus childcare,teacher,multi_constraint,complex,"admission requirement clarity, high graduation rates, on-campus childcare, college",academic_policy_info,multi factor comparison
"as a teacher, how can I guide students about merit scholarship criteria and realistic college choices",teacher,emotional_advisory,llm_needed,"merit scholarship criteria, active student organizations, credit for AP classes, college",financial_aid_advising,educator advisory
colleges with bridge programs for first-year students opportunities plus strong hands-on learning,teacher,attribute_lookup,short_circuit,"bridge programs for first-year students, hands-on learning, generous aid packages, college",academic_program_info,quick lookup
schools that support writing support centers students and have early application deadlines,teacher,filtered_search,medium,"writing support centers, low student debt, early application deadlines, college",academic_advising,student support search
best colleges for math tutoring resources with robust internships in California,teacher,filtered_search,medium,"math tutoring resources, robust internships, online course options, college",college_search,program discovery
which schools offer research mentoring and allow accessible housing,teacher,attribute_lookup,medium,"research mentoring, inclusive campus culture, accessible housing, college",academic_program_info,attribute lookup
help me compare colleges for teacher recommendation impact based on strong advising and evening classes,teacher,multi_constraint,complex,"teacher recommendation impact, strong advising, evening classes, college",college_search,multi factor comparison
"as a teacher, how can I guide students about portfolio-based admissions and realistic college choices",teacher,emotional_advisory,llm_needed,"portfolio-based admissions, small class sizes, transfer scholarships, college",academic_advising,educator advisory
colleges with community college transfer pathways opportunities plus strong good transit access,teacher,attribute_lookup,short_circuit,"community college transfer pathways, good transit access, paid internships, college",transfer_advising,quick lookup
schools that support teacher education programs students and have no SAT requirement,teacher,filtered_search,medium,"teacher education programs, flexible scheduling, no SAT requirement, college",academic_program_info,student support search
best colleges for special education supports with high graduation rates in California,teacher,filtered_search,medium,"special education supports, high graduation rates, on-campus childcare, college",academic_program_info,program discovery
which schools offer ELL student resources and allow credit for AP classes,teacher,attribute_lookup,medium,"ELL student resources, active student organizations, credit for AP classes, college",academic_program_info,attribute lookup
help me compare colleges for career and technical pathways based on hands-on learning and generous aid packages,teacher,multi_constraint,complex,"career and technical pathways, hands-on learning, generous aid packages, college",college_search,multi factor comparison
"as a teacher, how can I guide students about service learning opportunities and realistic college choices",teacher,emotional_advisory,llm_needed,"service learning opportunities, low student debt, early application deadlines, college",academic_advising,educator advisory
colleges with honors seminar quality opportunities plus strong robust internships,teacher,attribute_lookup,short_circuit,"honors seminar quality, robust internships, online course options, college",campus_services_info,quick lookup
schools that support admissions essay expectations students and have accessible housing,teacher,filtered_search,medium,"admissions essay expectations, inclusive campus culture, accessible housing, college",academic_advising,student support search
colleges with strong education policy programs,teacher,attribute_lookup,medium,"education policy, programs, college",academic_program_info,program lookup
universities known for teacher preparation programs,teacher,attribute_lookup,medium,"teacher preparation, university",academic_program_info,program lookup
schools with curriculum and instruction graduate programs,teacher,attribute_lookup,medium,"curriculum, instruction, graduate, school",academic_program_info,program lookup
colleges offering professional development for educators,teacher,attribute_lookup,medium,"professional development, educators, college",academic_program_info,program lookup
universities with online master's in education,teacher,attribute_lookup,medium,"online, master's, education, university",academic_program_info,program lookup
schools with bilingual education certification programs,teacher,attribute_lookup,medium,"bilingual, certification, education, school",academic_program_info,program lookup
colleges with special education graduate programs,teacher,attribute_lookup,medium,"special education, graduate, college",academic_program_info,program lookup
universities with instructional technology programs,teacher,attribute_lookup,medium,"instructional technology, university",academic_program_info,program lookup
schools offering EdD programs in educational leadership,teacher,attribute_lookup,medium,"EdD, educational leadership, school",academic_program_info,program lookup
colleges with literacy and reading specialist certifications,teacher,attribute_lookup,medium,"literacy, reading specialist, college",academic_program_info,program lookup
how to prioritize students on a high-volume advising caseload,advisor,emotional_advisory,llm_needed,"caseload, prioritization, advising, students",academic_advising,caseload management
best practices for keeping advising notes organized across students,advisor,attribute_lookup,medium,"notes, organization, advising records, students",academic_advising,caseload management
how to follow up with students who miss advising appointments,advisor,emotional_advisory,llm_needed,"follow-up, missed appointments, advising, students",academic_advising,caseload management
tools for tracking student degree progress efficiently,advisor,attribute_lookup,medium,"degree progress, tracking tools, advising, students",academic_advising,caseload management
how to identify at-risk students early in the semester,advisor,attribute_lookup,complex,"at-risk students, early intervention, semester, advising",academic_advising,caseload management
strategies for advising students who never initiate contact,advisor,emotional_advisory,llm_needed,"proactive advising, unresponsive students, contact, strategies",academic_advising,caseload management
how to manage advising during peak registration periods,advisor,emotional_advisory,llm_needed,"registration, peak period, advising, scheduling",academic_advising,caseload management
how to document advising sessions for compliance and reporting,advisor,attribute_lookup,medium,"documentation, advising sessions, compliance, reporting",academic_advising,caseload management
how to use early alert systems to support struggling students,advisor,attribute_lookup,medium,"early alert, early warning, struggling students, support",academic_advising,caseload management
how to balance individual attention with a caseload of 400 students,advisor,emotional_advisory,llm_needed,"individual attention, caseload, balance, advising",academic_advising,caseload management
best ways to communicate advising appointment availability to students,advisor,attribute_lookup,medium,"appointment availability, communication, advising, students",academic_advising,caseload management
how to set advising boundaries with students who contact too frequently,advisor,emotional_advisory,llm_needed,"boundaries, frequent contact, advising, students",academic_advising,caseload management
how to triage advising requests by urgency,advisor,attribute_lookup,medium,"triage, urgency, advising requests, prioritization",academic_advising,caseload management
how to prepare for a new incoming class of advisees,advisor,attribute_lookup,medium,"incoming class, preparation, advisees, advising",academic_advising,caseload management
how to use group advising sessions to reduce individual appointment load,advisor,attribute_lookup,medium,"group advising, appointments, efficiency, load reduction",academic_advising,caseload management
how to create an efficient advising appointment scheduling system,advisor,attribute_lookup,medium,"scheduling, appointment system, advising, efficiency",academic_advising,caseload management
how to advise students remotely who live off campus or commute,advisor,attribute_lookup,medium,"remote, commuter, advising, off-campus students",academic_advising,caseload management
how to track which students have not completed mandatory advising,advisor,attribute_lookup,medium,"tracking, mandatory advising, students, compliance",academic_advising,caseload management
how to manage walk-in advising traffic during busy periods,advisor,attribute_lookup,medium,"walk-in advising, traffic, busy periods, management",academic_advising,caseload management
how to use email templates efficiently for common advising questions,advisor,attribute_lookup,short_circuit,"email templates, common questions, advising, efficiency",academic_advising,caseload management
how to help a student who is behind on credits get back on track,advisor,emotional_advisory,llm_needed,"behind credits, degree progress, recovery, student",academic_advising,degree planning
how to build a four-year degree plan for a late-declared major,advisor,attribute_lookup,complex,"four-year plan, late major declaration, degree, advising",academic_advising,degree planning
what to do when a student wants to double major but has no room in their schedule,advisor,emotional_advisory,llm_needed,"double major, schedule conflicts, advising, student",academic_advising,degree planning
how to advise students on substitution and waiver requests,advisor,attribute_lookup,medium,"substitution, waiver, degree requirements, advising",academic_advising,degree planning
how to handle a student who wants to add a minor late in their college career,advisor,emotional_advisory,llm_needed,"minor, late addition, degree plan, advising",academic_advising,degree planning
how to help students understand their degree audit,advisor,attribute_lookup,medium,"degree audit, explanation, student understanding, advising",academic_advising,degree planning
how to advise students who want to take more than 18 credits in a semester,advisor,emotional_advisory,llm_needed,"overload credits, semester, advising, student decision",academic_advising,degree planning
what courses should I recommend for a student interested in health policy,advisor,attribute_lookup,medium,"health policy, course recommendations, student interests, advising",academic_advising,degree planning
how to advise a student choosing between two similar majors,advisor,emotional_advisory,llm_needed,"similar majors, decision, advising, student choice",academic_advising,degree planning
how to map transfer credits to current degree requirements,advisor,attribute_lookup,complex,"transfer credits, degree requirements, mapping, advising",academic_advising,degree planning
what are common bottleneck courses that delay graduation,advisor,attribute_lookup,medium,"bottleneck courses, graduation delay, degree planning, advising",academic_advising,degree planning
how to advise students about prerequisite chains in science programs,advisor,attribute_lookup,medium,"prerequisites, science programs, chains, advising",academic_advising,degree planning
how to help a student who wants to finish in three years instead of four,advisor,emotional_advisory,llm_needed,"accelerated degree, three years, planning, advising",academic_advising,degree planning
how to advise students on course load during high-stress semesters,advisor,emotional_advisory,llm_needed,"course load, high stress, semester, advising",academic_advising,degree planning
how to discuss 5th year graduation risks with students,advisor,emotional_advisory,llm_needed,"5th year, graduation risk, conversation, advising",academic_advising,degree planning
how to help a first-gen student understand graduation requirements,advisor,emotional_advisory,llm_needed,"first-gen, graduation requirements, advising, understanding",academic_advising,degree planning
how to advise pre-med students on course sequencing,advisor,attribute_lookup,complex,"pre-med, course sequencing, advising, students",academic_advising,degree planning
best practices for advising students on elective selection,advisor,attribute_lookup,medium,"elective selection, advising, best practices, students",academic_advising,degree planning
how to help a student understand the difference between major and general education requirements,advisor,emotional_advisory,llm_needed,"major requirements, gen ed, distinction, advising",academic_advising,degree planning
how to advise students who are close to graduating but have credit gaps,advisor,emotional_advisory,llm_needed,"credit gaps, near graduation, advising, students",academic_advising,degree planning
how to advise students on taking courses at other institutions for credit,advisor,attribute_lookup,medium,"cross-enrollment, other institutions, credit, advising",academic_advising,degree planning
how to help students understand the difference between electives and required courses,advisor,attribute_lookup,medium,"electives, required courses, distinction, advising",academic_advising,degree planning
how to advise students on how many credits to take online vs in-person,advisor,emotional_advisory,llm_needed,"online vs in-person, credits, advising, decision",academic_advising,degree planning
how to help students plan around seasonal or part-time enrollment,advisor,attribute_lookup,medium,"seasonal, part-time enrollment, planning, advising",academic_advising,degree planning
how to advise students about the impact of withdrawals on financial aid,advisor,attribute_lookup,medium,"withdrawals, financial aid, impact, advising",financial_aid_advising,degree planning
how to help a student create a roadmap from undecided to declared major,advisor,emotional_advisory,llm_needed,"undecided, declared major, roadmap, advising",academic_advising,degree planning
how to advise students on the best time to take their most difficult courses,advisor,emotional_advisory,llm_needed,"difficult courses, timing, advising, student strategy",academic_advising,degree planning
how to advise students about concurrent enrollment in high school and college,advisor,attribute_lookup,medium,"concurrent enrollment, high school, college, advising",academic_advising,degree planning
what degree options exist for students with prior learning assessments,advisor,attribute_lookup,medium,"prior learning, assessments, degree options, advising",academic_advising,degree planning
how to advise students about certificate programs that complement their degree,advisor,attribute_lookup,medium,"certificate programs, complement degree, advising, students",academic_advising,degree planning
how to help students understand impacted majors and alternative pathways,advisor,attribute_lookup,medium,"impacted majors, alternative pathways, advising, students",academic_advising,degree planning
how to advise students about second bachelor's degree programs,advisor,attribute_lookup,medium,"second bachelor's degree, programs, advising, students",academic_advising,degree planning
how to approach a student who has failed the same course twice,advisor,emotional_advisory,llm_needed,"repeated course failure, advising, student intervention, support",academic_advising,at-risk intervention
how to have a conversation with a student on academic probation,advisor,emotional_advisory,llm_needed,"academic probation, conversation, advising, student support",academic_advising,at-risk intervention
how to recognize signs of student burnout and address them,advisor,emotional_advisory,llm_needed,"burnout, recognition, student support, advising",academic_advising,at-risk intervention
how to refer a student to counseling services without stigma,advisor,emotional_advisory,llm_needed,"counseling referral, stigma, mental health, advising",academic_advising,at-risk intervention
how to support a student who disclosed they are food insecure,advisor,emotional_advisory,llm_needed,"food insecurity, student support, resources, advising",academic_advising,at-risk intervention
how to advise a student considering dropping out,advisor,emotional_advisory,llm_needed,"dropout risk, advising, student retention, intervention",academic_advising,at-risk intervention
what resources can I connect students to who are struggling financially,advisor,attribute_lookup,medium,"financial resources, student support, advising, referral",financial_aid_advising,at-risk intervention
how to help a student who is academically capable but unmotivated,advisor,emotional_advisory,llm_needed,"unmotivated student, academic capability, advising, motivation",academic_advising,at-risk intervention
how to follow mandated reporting procedures in advising,advisor,attribute_lookup,medium,"mandated reporting, procedures, advising, compliance",academic_advising,at-risk intervention
how to advise a student on leave of absence options,advisor,attribute_lookup,medium,"leave of absence, options, advising, student support",academic_advising,at-risk intervention
how to connect students to disability accommodations,advisor,attribute_lookup,medium,"disability accommodations, referral, advising, student support",campus_services_info,at-risk intervention
how to support international students who are academically struggling,advisor,emotional_advisory,llm_needed,"international students, academic struggle, support, advising",academic_advising,at-risk intervention
how to advise student athletes facing eligibility concerns,advisor,attribute_lookup,complex,"student athletes, eligibility, advising, compliance",academic_advising,at-risk intervention
how to handle a student in crisis during an advising appointment,advisor,emotional_advisory,llm_needed,"student crisis, advising session, emergency response, support",academic_advising,at-risk intervention
how to advise students with undisclosed learning differences,advisor,emotional_advisory,llm_needed,"learning differences, undisclosed, advising, student support",academic_advising,at-risk intervention
how to connect veterans students to campus support services,advisor,attribute_lookup,medium,"veteran students, support services, advising, referral",campus_services_info,at-risk intervention
how to advise a student returning from a medical leave,advisor,emotional_advisory,llm_needed,"medical leave, returning student, advising, reintegration",academic_advising,at-risk intervention
what to say to a student who expresses hopelessness about their future,advisor,emotional_advisory,llm_needed,"hopelessness, student mental health, advising, support",academic_advising,at-risk intervention
how to advise students who are struggling with time management,advisor,emotional_advisory,llm_needed,"time management, student struggles, advising, strategies",academic_advising,at-risk intervention
how to support first-generation students who feel out of place on campus,advisor,emotional_advisory,llm_needed,"first-gen, belonging, advising, student support",academic_advising,at-risk intervention
how to create a safety plan when a student expresses suicidal ideation,advisor,emotional_advisory,llm_needed,"safety plan, suicidal ideation, advising, crisis response",academic_advising,at-risk intervention
how to advise students who are struggling with substance use,advisor,emotional_advisory,llm_needed,"substance use, student struggles, advising, referral",academic_advising,at-risk intervention
how to recognize when a student's academic struggles have mental health roots,advisor,emotional_advisory,llm_needed,"mental health, academic struggles, recognition, advising",academic_advising,at-risk intervention
how to advise students who have experienced sexual assault on campus,advisor,emotional_advisory,llm_needed,"sexual assault, campus resources, advising, trauma-informed",academic_advising,at-risk intervention
how to help students navigate emergency academic accommodations,advisor,attribute_lookup,medium,"emergency accommodations, academic, advising, student support",academic_advising,at-risk intervention
how to advise students who are caring for a sick family member,advisor,emotional_advisory,llm_needed,"family illness, student caregiver, advising, support",academic_advising,at-risk intervention
how to help students after a campus or community tragedy,advisor,emotional_advisory,llm_needed,"campus tragedy, community, advising, student support",academic_advising,at-risk intervention
how to refer students to basic needs support like food and clothing,advisor,attribute_lookup,medium,"basic needs, food, clothing, advising referral",campus_services_info,at-risk intervention
how to advise students who are in abusive relationships,advisor,emotional_advisory,llm_needed,"abusive relationships, student safety, advising, referral",academic_advising,at-risk intervention
how to support students dealing with deportation fears or immigration stress,advisor,emotional_advisory,llm_needed,"immigration stress, deportation, advising, student support",academic_advising,at-risk intervention
how to help students who struggle with perfectionism and fear of failure,advisor,emotional_advisory,llm_needed,"perfectionism, fear of failure, advising, student mental health",academic_advising,at-risk intervention
how to help a student who has no idea what career they want,advisor,emotional_advisory,llm_needed,"career exploration, undecided, advising, student",academic_advising,career advising
what career resources should I refer students to on campus,advisor,attribute_lookup,medium,"career resources, referral, campus, advising",academic_advising,career advising
how to advise students interested in applying to law school,advisor,attribute_lookup,complex,"law school, application, advising, pre-law",academic_advising,career advising
how to advise students who want to pursue a PhD,advisor,attribute_lookup,complex,"PhD, graduate school, advising, research career",academic_advising,career advising
how to help students write strong personal statements for grad school,advisor,emotional_advisory,llm_needed,"personal statement, grad school, writing, advising",academic_advising,career advising
what majors pair well with a pre-law track,advisor,attribute_lookup,medium,"pre-law, majors, pairing, advising",academic_advising,career advising
how to advise students about the job market for their major,advisor,emotional_advisory,llm_needed,"job market, major, advising, career outcomes",academic_advising,career advising
how to help a student decide between a job offer and grad school,advisor,emotional_advisory,llm_needed,"job offer, grad school, decision, advising",academic_advising,career advising
how to introduce internship planning into advising conversations,advisor,emotional_advisory,llm_needed,"internship planning, advising, career development, students",academic_advising,career advising
how to help students find undergraduate research opportunities,advisor,attribute_lookup,medium,"undergraduate research, opportunities, advising, students",academic_advising,career advising
how to advise students about medical school prerequisites,advisor,attribute_lookup,complex,"medical school, prerequisites, advising, pre-med",academic_advising,career advising
how to connect students with alumni mentors in their field,advisor,attribute_lookup,medium,"alumni mentors, career, advising, connections",academic_advising,career advising
how to advise students about certification programs after graduation,advisor,attribute_lookup,medium,"certifications, post-grad, advising, programs",academic_advising,career advising
how to talk to students about salary expectations by major,advisor,emotional_advisory,llm_needed,"salary expectations, major, career, advising",academic_advising,career advising
how to support students exploring non-traditional career paths,advisor,emotional_advisory,llm_needed,"non-traditional careers, exploration, advising, support",academic_advising,career advising
how to advise students who want to work abroad after graduation,advisor,attribute_lookup,medium,"work abroad, post-graduation, advising, careers",study_abroad_advising,career advising
what should advisors know about the federal TEACH grant for education students,advisor,attribute_lookup,medium,"TEACH grant, education students, federal aid, advising",financial_aid_advising,career advising
how to help students build a resume that reflects their coursework,advisor,emotional_advisory,llm_needed,"resume, coursework, advising, career development",academic_advising,career advising
how to advise students about gap years before graduate school,advisor,emotional_advisory,llm_needed,"gap year, graduate school, advising, decision",academic_advising,career advising
how to advise students about dual-degree programs and timelines,advisor,attribute_lookup,complex,"dual-degree, programs, timelines, advising",academic_advising,career advising
how to help students craft effective elevator pitches for internships,advisor,emotional_advisory,llm_needed,"elevator pitch, internships, advising, career prep",academic_advising,career advising
how to introduce career exploration earlier in the advising relationship,advisor,emotional_advisory,llm_needed,"career exploration, early, advising relationship, students",academic_advising,career advising
how to advise students about the value of informational interviews,advisor,attribute_lookup,medium,"informational interviews, career, advising, value",academic_advising,career advising
how to advise students about professional certifications in their field,advisor,attribute_lookup,medium,"professional certifications, field, advising, career",academic_advising,career advising
how to advise students interested in entrepreneurship or starting a business,advisor,attribute_lookup,medium,"entrepreneurship, starting business, advising, students",academic_advising,career advising
how to discuss career pivots with students who want to change direction,advisor,emotional_advisory,llm_needed,"career pivot, direction change, advising, students",academic_advising,career advising
how to help students leverage LinkedIn for career development,advisor,attribute_lookup,medium,"LinkedIn, career development, advising, students",academic_advising,career advising
how to advise students preparing for behavioral job interviews,advisor,attribute_lookup,medium,"behavioral interviews, job preparation, advising, students",academic_advising,career advising
how to connect undeclared students to career assessments and inventories,advisor,attribute_lookup,medium,"career assessments, undeclared, advising, inventories",academic_advising,career advising
how to advise students who are rejected from competitive programs or grad schools,advisor,emotional_advisory,llm_needed,"rejection, competitive programs, advising, student resilience",academic_advising,career advising
how to advise students who want to pursue a teaching credential after graduation,advisor,attribute_lookup,medium,"teaching credential, post-graduation, advising, students",academic_advising,career advising
how to advise students about cooperative education and experiential learning,advisor,attribute_lookup,medium,"cooperative education, experiential learning, advising, students",academic_advising,career advising
how to advise students about graduate assistantship and fellowship opportunities,advisor,attribute_lookup,medium,"graduate assistantship, fellowship, advising, opportunities",academic_advising,career advising
how to advise students about apprenticeship programs as alternatives to traditional degrees,advisor,attribute_lookup,medium,"apprenticeship, alternative degrees, advising, students",academic_advising,career advising
how to explain financial aid award letters to students and families,advisor,emotional_advisory,llm_needed,"financial aid, award letters, explanation, advising",financial_aid_advising,financial aid advising
how to help students appeal a financial aid decision,advisor,attribute_lookup,medium,"financial aid appeal, process, advising, students",financial_aid_advising,financial aid advising
what to tell students who lose their financial aid eligibility,advisor,emotional_advisory,llm_needed,"financial aid loss, eligibility, advising, student support",financial_aid_advising,financial aid advising
how to advise students on satisfactory academic progress requirements,advisor,attribute_lookup,medium,"satisfactory academic progress, SAP, financial aid, advising",financial_aid_advising,financial aid advising
how to connect students to emergency financial aid funds,advisor,attribute_lookup,medium,"emergency funds, financial aid, connection, advising",financial_aid_advising,financial aid advising
how to explain the difference between loans and grants to students,advisor,attribute_lookup,medium,"loans, grants, distinction, financial aid, advising",financial_aid_advising,financial aid advising
how to advise students on managing student loan debt,advisor,emotional_advisory,llm_needed,"student loan debt, management, advising, students",financial_aid_advising,financial aid advising
how to help students who are considering stopping out due to finances,advisor,emotional_advisory,llm_needed,"stopping out, finances, advising, retention",financial_aid_advising,financial aid advising
how to advise students about work-study programs,advisor,attribute_lookup,medium,"work-study, programs, advising, students",financial_aid_advising,financial aid advising
how to guide students through the FAFSA renewal process,advisor,attribute_lookup,medium,"FAFSA renewal, process, advising, students",financial_aid_advising,financial aid advising
how to advise international students on funding options,advisor,attribute_lookup,complex,"international students, funding, advising, options",financial_aid_advising,financial aid advising
how to talk to parents about the expected family contribution,advisor,emotional_advisory,llm_needed,"expected family contribution, EFC, parents, advising",financial_aid_advising,financial aid advising
how to help students find and apply for scholarships,advisor,attribute_lookup,medium,"scholarships, finding, applying, advising, students",financial_aid_advising,financial aid advising
how to advise students on income-driven repayment plans,advisor,attribute_lookup,medium,"income-driven repayment, loans, advising, students",financial_aid_advising,financial aid advising
what financial literacy resources should I share with students,advisor,attribute_lookup,medium,"financial literacy, resources, advising, students",financial_aid_advising,financial aid advising
how to advise students who want to transfer from a 4-year to a community college,advisor,emotional_advisory,llm_needed,"reverse transfer, community college, advising, students",transfer_advising,transfer advising
how to evaluate whether a student's transfer credits will apply,advisor,attribute_lookup,complex,"transfer credits, evaluation, advising, applicability",transfer_advising,transfer advising
how to help a student build a strong transfer application,advisor,emotional_advisory,llm_needed,"transfer application, strong, advising, student support",transfer_advising,transfer advising
how to advise students on the best timing to transfer,advisor,emotional_advisory,llm_needed,"transfer timing, advising, decision, students",transfer_advising,transfer advising
how to explain articulation agreements to transfer students,advisor,attribute_lookup,medium,"articulation agreements, transfer, advising, explanation",transfer_advising,transfer advising
what questions should I ask a student who wants to transfer,advisor,attribute_lookup,medium,"transfer questions, advising, student assessment, decision",transfer_advising,transfer advising
how to advise students about the impact of transfer on financial aid,advisor,attribute_lookup,complex,"transfer, financial aid impact, advising, students",transfer_advising,transfer advising
how to help a transfer student integrate into a new campus community,advisor,emotional_advisory,llm_needed,"transfer, campus integration, advising, community",transfer_advising,transfer advising
how to advise students transferring into competitive programs,advisor,attribute_lookup,complex,"competitive programs, transfer, advising, requirements",transfer_advising,transfer advising
what should advisors know about TAG programs for transfer students,advisor,attribute_lookup,medium,"TAG, transfer admission guarantee, advising, programs",transfer_advising,transfer advising
how to advise a student who wants to transfer for personal reasons,advisor,emotional_advisory,llm_needed,"personal reasons, transfer, advising, student support",transfer_advising,transfer advising
how to help students compare transfer destination schools,advisor,attribute_lookup,medium,"compare schools, transfer, advising, decision",transfer_advising,transfer advising
how to advise students who are transferring mid-semester,advisor,emotional_advisory,llm_needed,"mid-semester transfer, advising, students, timing",transfer_advising,transfer advising
how to document transfer credit evaluations for your records,advisor,attribute_lookup,medium,"documentation, transfer credits, advising records, process",transfer_advising,transfer advising
how to advise students on transfer acceptance timelines,advisor,attribute_lookup,medium,"transfer, acceptance timeline, advising, planning",transfer_advising,transfer advising
how to stay current on changes to institutional degree requirements,advisor,attribute_lookup,medium,"degree requirements, changes, institutional policy, advising",academic_advising,policy & compliance
how to handle a student's FERPA-related request for information,advisor,attribute_lookup,medium,"FERPA, student records, privacy, advising compliance",academic_advising,policy & compliance
how to advise students on catalog year and degree program changes,advisor,attribute_lookup,medium,"catalog year, degree program, changes, advising",academic_advising,policy & compliance
how to navigate exceptions to academic policy for unusual student situations,advisor,emotional_advisory,llm_needed,"academic policy exceptions, unusual cases, advising, navigation",academic_advising,policy & compliance
what is the process for petitioning to waive a degree requirement,advisor,attribute_lookup,medium,"petition, waiver, degree requirement, advising process",academic_advising,policy & compliance
how to advise students on academic renewal or fresh start policies,advisor,attribute_lookup,medium,"academic renewal, fresh start, policy, advising",academic_advising,policy & compliance
how to explain the consequences of excessive withdrawals to students,advisor,emotional_advisory,llm_needed,"withdrawals, consequences, advising, student awareness",academic_advising,policy & compliance
how to advise students on grade appeal processes,advisor,attribute_lookup,medium,"grade appeal, process, advising, student rights",academic_advising,policy & compliance
what advisors need to know about Title IX and student safety,advisor,attribute_lookup,medium,"Title IX, student safety, advisor responsibilities, compliance",academic_advising,policy & compliance
how to advise students about the impact of incomplete grades,advisor,attribute_lookup,medium,"incomplete grades, impact, advising, policy",academic_advising,policy & compliance
how to handle a student who disputes their advising record,advisor,emotional_advisory,llm_needed,"advising record dispute, student, conflict, resolution",academic_advising,policy & compliance
what are the advising responsibilities during registration holds,advisor,attribute_lookup,medium,"registration holds, advisor responsibilities, process, advising",academic_advising,policy & compliance
how to advise students who are on academic suspension,advisor,attribute_lookup,complex,"academic suspension, advising, student support, policy",academic_advising,policy & compliance
how to advise undocumented students about their college options,advisor,attribute_lookup,complex,"undocumented students, college options, advising, DACA",academic_advising,policy & compliance
how to properly refer students to other campus offices and departments,advisor,attribute_lookup,medium,"referral, campus offices, advising, coordination",academic_advising,policy & compliance
how to advise students on understanding their student rights and responsibilities,advisor,attribute_lookup,medium,"student rights, responsibilities, advising, policy",academic_advising,policy & compliance
how to handle conflicts of interest in advising relationships,advisor,emotional_advisory,llm_needed,"conflicts of interest, advising, ethics, relationships",academic_advising,policy & compliance
how to advise students about academic integrity and plagiarism policies,advisor,attribute_lookup,medium,"academic integrity, plagiarism, advising, policy",academic_advising,policy & compliance
how to advise students about the Family Educational Rights and Privacy Act,advisor,attribute_lookup,medium,"FERPA, student privacy rights, advising, compliance",academic_advising,policy & compliance
how to advise students on course repeat policies and GPA implications,advisor,attribute_lookup,medium,"course repeat, GPA, policy, advising",academic_advising,policy & compliance
how to advise first-generation college students effectively,advisor,emotional_advisory,llm_needed,"first-generation, advising, strategies, student support",academic_advising,special populations
how to tailor advising approaches for adult learners returning to college,advisor,emotional_advisory,llm_needed,"adult learners, returning students, advising, strategies",academic_advising,special populations
how to advise students with autism spectrum disorder,advisor,emotional_advisory,llm_needed,"autism, spectrum disorder, advising, student support",academic_advising,special populations
how to advise LGBTQ+ students navigating campus resources,advisor,emotional_advisory,llm_needed,"LGBTQ+, campus resources, advising, student support",campus_services_info,special populations
how to support students of color who feel isolated on campus,advisor,emotional_advisory,llm_needed,"students of color, isolation, campus, advising support",academic_advising,special populations
how to advise student parents balancing family and academics,advisor,emotional_advisory,llm_needed,"student parents, family, academics, advising balance",academic_advising,special populations
how to advise high-achieving students who are bored or under-challenged,advisor,emotional_advisory,llm_needed,"high-achieving, under-challenged, advising, student engagement",academic_advising,special populations
how to advise international students unfamiliar with US academic norms,advisor,emotional_advisory,llm_needed,"international students, US norms, advising, acculturation",academic_advising,special populations
how to advise students with chronic illness or health conditions,advisor,emotional_advisory,llm_needed,"chronic illness, health conditions, advising, accommodations",academic_advising,special populations
how to advise student veterans transitioning from military service,advisor,emotional_advisory,llm_needed,"veterans, military transition, advising, student support",academic_advising,special populations
how to advise students experiencing housing or financial instability,advisor,emotional_advisory,llm_needed,"housing instability, financial, advising, student support",academic_advising,special populations
how to advise students from rural or underrepresented communities,advisor,emotional_advisory,llm_needed,"rural, underrepresented, advising, student support",academic_advising,special populations
how to effectively advise multilingual and ESL students,advisor,emotional_advisory,llm_needed,"multilingual, ESL students, advising, communication",academic_advising,special populations
how to advise students who are caregivers for family members,advisor,emotional_advisory,llm_needed,"caregivers, family responsibilities, advising, students",academic_advising,special populations
how to help honors students find appropriately challenging coursework,advisor,attribute_lookup,medium,"honors students, challenging coursework, advising, academic",academic_advising,special populations
how to advise students enrolled in online or hybrid degree programs,advisor,attribute_lookup,medium,"online, hybrid, degree programs, advising, students",academic_advising,special populations
how to advise students who are undecided on a major,advisor,emotional_advisory,llm_needed,"undecided major, advising, exploration, student support",academic_advising,special populations
how to advise students who are academically talented but socially struggling,advisor,emotional_advisory,llm_needed,"academic talent, social struggles, advising, student support",academic_advising,special populations
how to support students experiencing grief or personal loss,advisor,emotional_advisory,llm_needed,"grief, personal loss, student support, advising",academic_advising,special populations
how to advise transfer students who feel behind their peers,advisor,emotional_advisory,llm_needed,"transfer students, behind peers, advising, support",academic_advising,special populations
how to advise students who are transitioning out of foster care,advisor,emotional_advisory,llm_needed,"foster care, transitioning, advising, student support",academic_advising,special populations
how to advise students who are neurodiverse or have ADHD,advisor,emotional_advisory,llm_needed,"neurodiverse, ADHD, advising, student accommodations",academic_advising,special populations
how to support indigenous students navigating college culture,advisor,emotional_advisory,llm_needed,"indigenous students, college culture, advising, support",academic_advising,special populations
how to advise student athletes about balancing academics and sports,advisor,emotional_advisory,llm_needed,"student athletes, academics, sports, advising balance",academic_advising,special populations
how to advise students who identify as undocumented or DACA recipients,advisor,emotional_advisory,llm_needed,"undocumented, DACA, advising, student support",academic_advising,special populations
how to advise students who have experienced incarceration,advisor,emotional_advisory,llm_needed,"incarceration, reentry, advising, student support",academic_advising,special populations
how to support refugee or asylum-seeking students academically,advisor,emotional_advisory,llm_needed,"refugee, asylum, academic support, advising",academic_advising,special populations
how to advise gifted students who are bored with standard coursework,advisor,emotional_advisory,llm_needed,"gifted students, bored, coursework, advising strategies",academic_advising,special populations
how to advise students who are English language learners in STEM programs,advisor,emotional_advisory,llm_needed,"English language learners, STEM, advising, support",academic_advising,special populations
how to advise students who are transitioning gender identity on campus,advisor,emotional_advisory,llm_needed,"gender identity, transition, campus, advising support",academic_advising,special populations
how to approach advising sessions with culturally different communication norms,advisor,emotional_advisory,llm_needed,"cultural communication, advising norms, cultural humility, sessions",academic_advising,special populations
what are the best advising software platforms used in higher education,advisor,attribute_lookup,medium,"advising software, platforms, higher education, tools",academic_advising,advising tools
how to use EAB Navigate or similar tools for student outreach,advisor,attribute_lookup,medium,"EAB Navigate, outreach tools, advising, technology",academic_advising,advising tools
how to run effective group advising or workshop sessions,advisor,attribute_lookup,medium,"group advising, workshops, sessions, effectiveness",academic_advising,advising tools
how to develop an advising syllabus or student contract,advisor,attribute_lookup,medium,"advising syllabus, student contract, expectations, tools",academic_advising,advising tools
how to use data analytics to identify trends in student outcomes,advisor,attribute_lookup,complex,"data analytics, student outcomes, trends, advising",academic_advising,advising tools
what professional development resources are available for academic advisors,advisor,attribute_lookup,medium,"professional development, advisors, resources, NACADA",academic_advising,advising tools
how to measure the effectiveness of your advising practice,advisor,attribute_lookup,medium,"effectiveness, advising practice, measurement, outcomes",academic_advising,advising tools
how to build a referral network with other campus offices,advisor,attribute_lookup,medium,"referral network, campus offices, collaboration, advising",academic_advising,advising tools
how to use strengths-based advising techniques,advisor,attribute_lookup,medium,"strengths-based advising, techniques, student engagement, tools",academic_advising,advising tools
how to apply motivational interviewing in advising sessions,advisor,attribute_lookup,medium,"motivational interviewing, advising, sessions, techniques",academic_advising,advising tools
how to prepare for NACADA conferences and professional advising events,advisor,attribute_lookup,medium,"NACADA, conferences, professional events, advising",academic_advising,advising tools
how to create an advising resource guide for incoming students,advisor,attribute_lookup,medium,"resource guide, incoming students, advising, tools",academic_advising,advising tools
how to handle advising sessions remotely or via video call,advisor,attribute_lookup,medium,"remote advising, video call, virtual, tools",academic_advising,advising tools
how to stay current with new academic programs at your institution,advisor,attribute_lookup,medium,"new programs, institutional knowledge, advising, currency",academic_advising,advising tools
how to evaluate whether your advising is culturally responsive,advisor,emotional_advisory,llm_needed,"cultural responsiveness, advising evaluation, equity, tools",academic_advising,advising tools
how to use assessment tools to understand student goals,advisor,attribute_lookup,medium,"assessment tools, student goals, advising, understanding",academic_advising,advising tools
how to introduce proactive advising strategies into your workflow,advisor,attribute_lookup,medium,"proactive advising, strategies, workflow, implementation",academic_advising,advising tools
what training is available for new academic advisors,advisor,attribute_lookup,medium,"training, new advisors, academic advising, resources",academic_advising,advising tools
how to support advisor burnout and maintain personal wellbeing,advisor,emotional_advisory,llm_needed,"advisor burnout, wellbeing, self-care, professional",academic_advising,advising tools
how to create effective advising appointment templates and agendas,advisor,attribute_lookup,medium,"appointment templates, agendas, advising, organization",academic_advising,advising tools
how to use Starfish or similar early alert platforms in advising,advisor,attribute_lookup,medium,"Starfish, early alert, advising platform, tools",academic_advising,advising tools
how to design advising outreach campaigns for specific student groups,advisor,attribute_lookup,medium,"outreach campaigns, student groups, advising, design",academic_advising,advising tools
how to incorporate cultural humility into your advising practice,advisor,emotional_advisory,llm_needed,"cultural humility, advising practice, equity, inclusion",academic_advising,advising tools
how to evaluate student satisfaction with advising services,advisor,attribute_lookup,medium,"student satisfaction, advising services, evaluation, feedback",academic_advising,advising tools
how to set goals and track progress in your advising practice,advisor,attribute_lookup,medium,"goals, progress tracking, advising practice, professional",academic_advising,advising tools
how to build an advising portfolio or demonstrate impact to leadership,advisor,attribute_lookup,medium,"advising portfolio, impact, leadership, professional development",academic_advising,advising tools
how to use case studies in advisor training sessions,advisor,attribute_lookup,medium,"case studies, advisor training, professional development, tools",academic_advising,advising tools
how to develop advising scripts for common difficult conversations,advisor,attribute_lookup,medium,"advising scripts, difficult conversations, preparation, tools",academic_advising,advising tools
what does research say about effective academic advising practices,advisor,attribute_lookup,complex,"research, effective advising, academic, evidence-based",academic_advising,advising tools
how to transition students from prescriptive to developmental advising,advisor,attribute_lookup,medium,"prescriptive, developmental advising, transition, students",academic_advising,advising tools
how to use strength-spotting to build student confidence in advising,advisor,emotional_advisory,llm_needed,"strength-spotting, student confidence, advising, engagement",academic_advising,advising tools
how to advise students about the benefits of studying abroad,advisor,emotional_advisory,llm_needed,"study abroad, benefits, advising, students",study_abroad_advising,study abroad advising
how to help students find study abroad programs that fit their major,advisor,attribute_lookup,medium,"study abroad, major-fit, programs, advising",study_abroad_advising,study abroad advising
how to advise students about the financial cost of studying abroad,advisor,emotional_advisory,llm_needed,"study abroad, financial cost, advising, students",study_abroad_advising,study abroad advising
how to ensure study abroad credits transfer back properly,advisor,attribute_lookup,complex,"study abroad credits, transfer, advising, compliance",study_abroad_advising,study abroad advising
how to advise students who want to study abroad but have visa concerns,advisor,emotional_advisory,llm_needed,"visa concerns, study abroad, advising, students",study_abroad_advising,study abroad advising
what health and safety information should advisors share about studying abroad,advisor,attribute_lookup,medium,"health, safety, study abroad, advising information",study_abroad_advising,study abroad advising
how to advise students about study abroad program accreditation,advisor,attribute_lookup,medium,"program accreditation, study abroad, advising, quality",study_abroad_advising,study abroad advising
how to advise students with disabilities who want to study abroad,advisor,emotional_advisory,llm_needed,"disabilities, study abroad, advising, accommodations",study_abroad_advising,study abroad advising
how to connect students with study abroad scholarships and grants,advisor,attribute_lookup,medium,"study abroad scholarships, grants, advising, funding",study_abroad_advising,study abroad advising
how to advise students about culture shock and adjustment abroad,advisor,emotional_advisory,llm_needed,"culture shock, adjustment, study abroad, advising",study_abroad_advising,study abroad advising
how to advise students about internships or research abroad,advisor,attribute_lookup,medium,"internships, research abroad, advising, students",study_abroad_advising,study abroad advising
how to handle student emergencies that happen while they are abroad,advisor,attribute_lookup,complex,"student emergencies, abroad, advising, crisis",study_abroad_advising,study abroad advising
how to advise students about the impact of studying abroad on graduation timeline,advisor,attribute_lookup,medium,"graduation timeline, study abroad, impact, advising",study_abroad_advising,study abroad advising
what should advisors know about bilateral exchange programs,advisor,attribute_lookup,medium,"bilateral exchange, programs, advising, knowledge",study_abroad_advising,study abroad advising
how to advise students about studying abroad in non-traditional destinations,advisor,emotional_advisory,llm_needed,"non-traditional destinations, study abroad, advising, students",study_abroad_advising,study abroad advising
how to advise students about on-campus vs off-campus housing tradeoffs,advisor,emotional_advisory,llm_needed,"on-campus, off-campus, housing, advising tradeoffs",housing_advising,housing advising
how to help students navigate roommate conflicts,advisor,emotional_advisory,llm_needed,"roommate conflicts, housing, advising, student support",housing_advising,housing advising
how to connect students with housing resources if they are experiencing homelessness,advisor,attribute_lookup,medium,"homelessness, housing resources, advising, student support",housing_advising,housing advising
how to advise students about living in learning communities,advisor,attribute_lookup,medium,"learning communities, housing, advising, students",housing_advising,housing advising
how to advise students about housing options near campus,advisor,attribute_lookup,medium,"housing options, near campus, advising, students",housing_advising,housing advising
how to advise graduate students about housing stipends and support,advisor,attribute_lookup,medium,"graduate students, housing stipends, advising, support",housing_advising,housing advising
how to advise students about renters rights and lease agreements,advisor,attribute_lookup,medium,"renters rights, lease, advising, student awareness",housing_advising,housing advising
how to advise international students finding off-campus housing,advisor,attribute_lookup,medium,"international students, off-campus housing, advising, support",housing_advising,housing advising
how to support students who lost housing unexpectedly mid-semester,advisor,emotional_advisory,llm_needed,"housing loss, mid-semester, advising, emergency support",housing_advising,housing advising
how to advise students about the pros and cons of Greek housing,advisor,emotional_advisory,llm_needed,"Greek housing, pros, cons, advising, students",housing_advising,housing advising
how to advise students about the importance of renters insurance,advisor,attribute_lookup,short_circuit,"renters insurance, advising, student awareness, housing",housing_advising,housing advising
how to advise students on subleasing their apartments during the summer,advisor,attribute_lookup,medium,"subleasing, apartments, summer, advising, students",housing_advising,housing advising
how to help students find accessible housing if they have mobility needs,advisor,attribute_lookup,medium,"accessible housing, mobility needs, advising, students",housing_advising,housing advising
how to advise graduate students about university-provided family housing,advisor,attribute_lookup,medium,"family housing, graduate students, university, advising",housing_advising,housing advising
how to support students who are couch surfing or temporarily homeless,advisor,emotional_advisory,llm_needed,"couch surfing, temporary homelessness, advising, student support",housing_advising,housing advising
how to advise students on finding the right fit college,advisor,emotional_advisory,llm_needed,"college fit, advising, students, college search",college_search,institutional knowledge
how to explain college rankings and their limitations to students,advisor,emotional_advisory,llm_needed,"college rankings, limitations, advising, students",college_search,institutional knowledge
how to help students compare financial aid packages from different schools,advisor,emotional_advisory,llm_needed,"financial aid comparison, schools, advising, students",financial_aid_advising,institutional knowledge
how to advise students about the differences between public and private universities,advisor,attribute_lookup,medium,"public vs private, universities, advising, comparison",college_search,institutional knowledge
how to stay informed about changes in college admissions practices,advisor,attribute_lookup,medium,"admissions practices, changes, advisor knowledge, updates",college_search,institutional knowledge
how to advise students about specialized colleges like conservatories,advisor,attribute_lookup,medium,"conservatories, specialized colleges, advising, students",college_search,institutional knowledge
what advisors should know about test-optional admissions trends,advisor,attribute_lookup,medium,"test-optional, admissions trends, advisor knowledge, college",college_search,institutional knowledge
how to help students research college campus culture before committing,advisor,emotional_advisory,llm_needed,"campus culture, research, advising, college decision",college_search,institutional knowledge
how to advise students about dual enrollment and early college programs,advisor,attribute_lookup,medium,"dual enrollment, early college, advising, programs",academic_policy_info,institutional knowledge
what resources help advisors stay current on higher education trends,advisor,attribute_lookup,medium,"higher education trends, advisor resources, professional, current",academic_advising,institutional knowledge
how to advise students about accreditation and program quality,advisor,attribute_lookup,medium,"accreditation, program quality, advising, students",college_search,institutional knowledge
how to help students identify colleges with strong support for their identity,advisor,emotional_advisory,llm_needed,"identity, campus support, advising, college search",college_search,institutional knowledge
how to advise students about deferred enrollment and gap year policies,advisor,attribute_lookup,medium,"deferred enrollment, gap year, advising, college policies",academic_policy_info,institutional knowledge
how to advise students about the pros and cons of large vs small schools,advisor,emotional_advisory,llm_needed,"large vs small schools, advising, comparison, students",college_search,institutional knowledge
what should advisors know about college retention and graduation rate data,advisor,attribute_lookup,medium,"retention, graduation rates, advisor knowledge, data",college_search,institutional knowledge
how to advise students on the value of community college before transferring,advisor,emotional_advisory,llm_needed,"community college, value, transfer, advising",college_search,institutional knowledge
what should advisors know about guaranteed admission pathways,advisor,attribute_lookup,medium,"guaranteed admission, pathways, advising, knowledge",college_search,institutional knowledge
how to help students evaluate college return on investment,advisor,emotional_advisory,llm_needed,"return on investment, college, advising, evaluation",college_search,institutional knowledge
how to advise students on choosing between scholarship offers from multiple schools,advisor,emotional_advisory,llm_needed,"scholarship offers, multiple schools, decision, advising",financial_aid_advising,institutional knowledge
how to help students understand the real cost of attendance beyond tuition,advisor,attribute_lookup,medium,"cost of attendance, beyond tuition, advising, students",financial_aid_advising,institutional knowledge
how to build rapport with students who are hesitant to open up,advisor,emotional_advisory,llm_needed,"rapport, hesitant students, advising, relationship building",academic_advising,advising practice
how to set professional boundaries as an academic advisor,advisor,emotional_advisory,llm_needed,"professional boundaries, academic advisor, boundaries, ethics",academic_advising,advising practice
how to handle a student who is angry or confrontational in advising,advisor,emotional_advisory,llm_needed,"angry student, confrontational, advising, de-escalation",academic_advising,advising practice
how to support advising equity across different student demographics,advisor,emotional_advisory,llm_needed,"advising equity, demographics, support, inclusion",academic_advising,advising practice
how to prepare advising talking points for incoming freshman orientation,advisor,attribute_lookup,medium,"freshman orientation, talking points, advising, preparation",academic_advising,advising practice
how to collaborate with faculty on co-advising or intrusive advising,advisor,attribute_lookup,medium,"faculty collaboration, co-advising, intrusive advising, practice",academic_advising,advising practice
how to advocate for resources and staffing for your advising office,advisor,emotional_advisory,llm_needed,"advocacy, resources, staffing, advising office",academic_advising,advising practice
how to onboard and train new advisors to your institution,advisor,attribute_lookup,medium,"onboarding, training, new advisors, institution",academic_advising,advising practice
how to use peer advisors effectively to supplement professional advising,advisor,attribute_lookup,medium,"peer advisors, supplement, professional advising, effectiveness",academic_advising,advising practice
how to communicate program changes and policy updates to students,advisor,attribute_lookup,medium,"program changes, policy updates, communication, students",academic_advising,advising practice
how to respond when a student shares personal trauma in an advising session,advisor,emotional_advisory,llm_needed,"personal trauma, advising response, student support, sensitivity",academic_advising,advising practice
how to write effective advising case notes and summaries,advisor,attribute_lookup,medium,"case notes, summaries, advising documentation, writing",academic_advising,advising practice
how to advise students about returning after suspension or dismissal,advisor,attribute_lookup,complex,"returning, suspension, dismissal, advising, students",academic_advising,advising practice
how to evaluate your advising workload and push for systemic changes,advisor,emotional_advisory,llm_needed,"workload, systemic changes, advising, advocacy",academic_advising,advising practice
how to conduct an effective 30-minute advising appointment,advisor,attribute_lookup,medium,"30-minute appointment, advising, effectiveness, structure",academic_advising,advising practice
how to advise students about the impact of social media on their academic reputation,advisor,emotional_advisory,llm_needed,"social media, academic reputation, advising, students",academic_advising,advising practice
how to navigate a student who disagrees with their advisor's recommendations,advisor,emotional_advisory,llm_needed,"disagreement, advisor recommendations, advising, conflict",academic_advising,advising practice
how to advise students on balancing part-time work and academic success,advisor,emotional_advisory,llm_needed,"part-time work, academic success, balance, advising",academic_advising,advising practice
how to advise students on the benefits of joining academic or honor societies,advisor,attribute_lookup,medium,"honor societies, academic, benefits, advising",academic_advising,advising practice
how to advise students who are thinking about taking a semester off,advisor,emotional_advisory,llm_needed,"semester off, advising, decision, student support",academic_advising,advising practice
how to help students set realistic academic goals each semester,advisor,emotional_advisory,llm_needed,"academic goals, realistic, semester, advising",academic_advising,advising practice
how to increase first-year student enrollment without lowering admission standards,college,filtered_search,complex,"enrollment, first-year, standards, admissions",college_search,enrollment management
how to evaluate the effectiveness of early decision and early action programs,college,attribute_lookup,complex,"early decision, early action, effectiveness, admissions",academic_policy_info,enrollment management
how to design a holistic admissions review process,college,attribute_lookup,complex,"holistic review, admissions process, design, institution",academic_policy_info,enrollment management
how to communicate admission decisions to waitlisted students,college,emotional_advisory,llm_needed,"waitlist, communication, admissions, students",college_search,enrollment management
how to improve yield rates among admitted students,college,filtered_search,complex,"yield rate, admitted students, improvement, admissions",college_search,enrollment management
how to attract and enroll more first-generation college students,college,filtered_search,complex,"first-generation, enrollment, attracting, admissions",college_search,enrollment management
how to use demonstrated interest data in admissions decisions,college,attribute_lookup,medium,"demonstrated interest, data, admissions, enrollment",college_search,enrollment management
how to evaluate the ROI of admissions recruiting events and college fairs,college,attribute_lookup,complex,"ROI, recruiting events, college fairs, admissions",college_search,enrollment management
how to implement a test-optional or test-blind admissions policy,college,attribute_lookup,complex,"test-optional, test-blind, policy, admissions",academic_policy_info,enrollment management
how to reduce melt among students who have accepted admission offers,college,emotional_advisory,llm_needed,"melt, accepted students, reducing, enrollment",college_search,enrollment management
how to evaluate geographic diversity in incoming class composition,college,attribute_lookup,medium,"geographic diversity, incoming class, admissions, enrollment",college_search,enrollment management
how to increase international student enrollment at a domestic institution,college,filtered_search,complex,"international students, enrollment, increasing, admissions",college_search,enrollment management
how to build a more racially and ethnically diverse incoming class,college,filtered_search,complex,"racial, ethnic, diversity, incoming class, admissions",college_search,enrollment management
how to use predictive modeling to forecast enrollment numbers,college,attribute_lookup,complex,"predictive modeling, enrollment forecasting, admissions, data",college_search,enrollment management
how to craft compelling admissions marketing materials,college,emotional_advisory,llm_needed,"admissions marketing, materials, compelling, enrollment",college_search,enrollment management
how to design a summer bridge program for incoming students,college,attribute_lookup,medium,"summer bridge, program, incoming students, transition",campus_services_info,enrollment management
how to use CRM tools to manage the admissions funnel,college,attribute_lookup,medium,"CRM, admissions funnel, tools, enrollment management",college_search,enrollment management
how to train admissions counselors for consistent and equitable review,college,attribute_lookup,medium,"admissions counselors, training, equitable, review",academic_policy_info,enrollment management
how to create an effective campus visit experience to convert prospects,college,emotional_advisory,llm_needed,"campus visit, experience, converting, prospects, admissions",college_search,enrollment management
how to evaluate transfer student admissions pipelines,college,attribute_lookup,complex,"transfer students, admissions pipeline, evaluation, enrollment",transfer_advising,enrollment management
how to develop articulation agreements with community colleges,college,attribute_lookup,complex,"articulation agreements, community colleges, developing, transfer",transfer_advising,enrollment management
how to handle duplicate applications or identity fraud in admissions,college,attribute_lookup,medium,"duplicate applications, fraud, admissions, handling",academic_policy_info,enrollment management
how to evaluate the competitiveness of your institution's financial aid packages,college,attribute_lookup,complex,"financial aid packages, competitiveness, institution, admissions",financial_aid_advising,enrollment management
how to increase enrollment in underfilled academic programs,college,filtered_search,complex,"enrollment, underfilled programs, increasing, admissions",academic_program_info,enrollment management
how to benchmark your acceptance rate against peer institutions,college,attribute_lookup,medium,"acceptance rate, benchmark, peer institutions, admissions",college_search,enrollment management
how to structure need-blind vs need-aware admissions policies,college,attribute_lookup,complex,"need-blind, need-aware, admissions policy, financial aid",financial_aid_advising,enrollment management
how to use social media to recruit prospective students,college,attribute_lookup,medium,"social media, recruiting, prospective students, admissions",college_search,enrollment management
how to manage the Common Application and institutional supplements,college,attribute_lookup,medium,"Common Application, supplements, managing, admissions",academic_policy_info,enrollment management
how to evaluate and update your institution's admissions essay prompts,college,emotional_advisory,llm_needed,"essay prompts, updating, admissions, institution",academic_policy_info,enrollment management
how to increase enrollment from rural and underserved communities,college,filtered_search,complex,"rural, underserved, enrollment, admissions",college_search,enrollment management
how to develop a college access partnership with local high schools,college,attribute_lookup,medium,"college access, partnership, high schools, admissions",college_search,enrollment management
how to respond to enrollment declines driven by demographic shifts,college,emotional_advisory,llm_needed,"enrollment decline, demographic shifts, responding, strategy",college_search,enrollment management
how to create a virtual admissions experience for remote prospects,college,attribute_lookup,medium,"virtual admissions, remote, experience, prospects",college_search,enrollment management
how to evaluate the effectiveness of your yield communication campaign,college,attribute_lookup,medium,"yield campaign, communication, effectiveness, admissions",college_search,enrollment management
how to measure student satisfaction with the admissions process,college,attribute_lookup,medium,"student satisfaction, admissions process, measuring, survey",college_search,enrollment management
how to build partnerships with community organizations to increase access,college,attribute_lookup,medium,"community organizations, partnerships, access, admissions",college_search,enrollment management
how to evaluate the use of alumni volunteers in the admissions process,college,attribute_lookup,medium,"alumni volunteers, admissions, evaluation, use",college_search,enrollment management
how to adjust enrollment strategy after the SCOTUS affirmative action ruling,college,attribute_lookup,complex,"affirmative action, SCOTUS, enrollment strategy, admissions",academic_policy_info,enrollment management
how to develop a reserve list strategy for managing class size,college,attribute_lookup,medium,"reserve list, class size, strategy, admissions",college_search,enrollment management
how to conduct an equity audit of your admissions process,college,attribute_lookup,complex,"equity audit, admissions, process, institution",academic_policy_info,enrollment management
how to communicate institutional values through the admissions process,college,emotional_advisory,llm_needed,"institutional values, admissions, communicating, mission",college_search,enrollment management
how to handle applicants who disclose a criminal record in admissions,college,attribute_lookup,complex,"criminal record, disclosure, admissions, policy",academic_policy_info,enrollment management
how to track and improve application conversion rates by stage,college,attribute_lookup,medium,"application conversion, stages, tracking, admissions",college_search,enrollment management
how to set strategic enrollment goals aligned with institutional mission,college,attribute_lookup,complex,"strategic enrollment goals, institutional mission, alignment",college_search,enrollment management
how to use data analytics to identify which high schools to recruit from,college,attribute_lookup,complex,"data analytics, high schools, recruiting, admissions",college_search,enrollment management
how to create a seamless transition from admissions to orientation,college,attribute_lookup,medium,"transition, admissions to orientation, seamless, student experience",campus_services_info,enrollment management
how to design incentives for students to deposit early after admission,college,emotional_advisory,llm_needed,"deposit, early, incentives, admitted students, enrollment",college_search,enrollment management
how to evaluate the effectiveness of scholarship leveraging strategies,college,attribute_lookup,complex,"scholarship leveraging, effectiveness, financial aid, enrollment",financial_aid_advising,enrollment management
how to build an early college awareness program for middle schoolers,college,attribute_lookup,medium,"early awareness, middle school, college pipeline, program",college_search,enrollment management
how to use net price calculators to improve transparency for families,college,attribute_lookup,medium,"net price calculator, transparency, families, admissions",financial_aid_advising,enrollment management
how to improve first-year student retention rates,college,filtered_search,complex,"first-year retention, improving, student success, institution",academic_advising,student retention
how to identify students at risk of dropping out before they do,college,attribute_lookup,complex,"at-risk students, dropout, early identification, retention",academic_advising,student retention
how to design an effective first-year experience program,college,attribute_lookup,complex,"first-year experience, program design, retention, students",campus_services_info,student retention
how to build a campus-wide early alert and intervention system,college,attribute_lookup,complex,"early alert, intervention, campus-wide, student success",academic_advising,student retention
how to improve graduation rates for underrepresented student populations,college,filtered_search,complex,"graduation rates, underrepresented, improving, retention",academic_advising,student retention
how to evaluate the impact of advising on student retention outcomes,college,attribute_lookup,complex,"advising, retention outcomes, impact, evaluation",academic_advising,student retention
how to reduce stop-out rates among students experiencing financial hardship,college,filtered_search,complex,"stop-out, financial hardship, reducing, retention",financial_aid_advising,student retention
how to design a living learning community that improves retention,college,attribute_lookup,medium,"living learning community, retention, design, housing",housing_advising,student retention
how to implement intrusive advising to support struggling students,college,attribute_lookup,medium,"intrusive advising, struggling students, implementing, retention",academic_advising,student retention
how to build a peer mentoring program to support new students,college,attribute_lookup,medium,"peer mentoring, program, new students, retention",campus_services_info,student retention
how to measure student engagement and its relationship to retention,college,attribute_lookup,complex,"student engagement, retention, measuring, relationship",academic_advising,student retention
how to use student data to personalize success interventions,college,attribute_lookup,complex,"student data, personalized, interventions, success",academic_advising,student retention
how to develop a robust financial emergency fund for at-risk students,college,attribute_lookup,medium,"emergency fund, financial, at-risk students, institution",financial_aid_advising,student retention
how to support transfer students to improve their retention and success,college,attribute_lookup,medium,"transfer students, retention, success, support",transfer_advising,student retention
how to evaluate and improve on-campus food security programs,college,attribute_lookup,medium,"food security, campus programs, evaluating, students",campus_services_info,student retention
how to create a retention dashboard to track institutional progress,college,attribute_lookup,medium,"retention dashboard, tracking, institutional progress, data",academic_advising,student retention
how to reduce the gap in graduation rates between demographic groups,college,filtered_search,complex,"graduation gap, demographic groups, reducing, equity",academic_advising,student retention
how to train faculty to notice and respond to struggling students,college,attribute_lookup,medium,"faculty training, struggling students, noticing, responding",academic_advising,student retention
how to evaluate the effectiveness of your campus tutoring program,college,attribute_lookup,medium,"tutoring program, effectiveness, campus, evaluation",campus_services_info,student retention
how to build a strong student success center model,college,attribute_lookup,complex,"student success center, model, building, institution",campus_services_info,student retention
how to support students on academic probation through structured programs,college,attribute_lookup,medium,"academic probation, structured programs, supporting, students",academic_advising,student retention
how to scale mental health services to meet growing student demand,college,filtered_search,complex,"mental health services, scaling, demand, campus",campus_services_info,student retention
how to use technology to proactively reach out to disengaged students,college,attribute_lookup,medium,"technology, proactive outreach, disengaged students, retention",academic_advising,student retention
how to design a sophomore success program to prevent second-year slump,college,attribute_lookup,medium,"sophomore success, second-year slump, program, retention",academic_advising,student retention
how to evaluate the impact of athletics on student academic performance,college,attribute_lookup,complex,"athletics, academic performance, impact, evaluation",academic_advising,student retention
how to build partnerships between academic affairs and student affairs for retention,college,attribute_lookup,medium,"academic affairs, student affairs, partnership, retention",academic_advising,student retention
how to address chronic absenteeism in college courses,college,attribute_lookup,medium,"chronic absenteeism, courses, addressing, retention",academic_policy_info,student retention
how to design programming that builds student sense of belonging on campus,college,emotional_advisory,llm_needed,"sense of belonging, programming, campus, retention",campus_services_info,student retention
how to create equity-centered policies that support student success,college,attribute_lookup,complex,"equity-centered policies, student success, institutional, creating",academic_policy_info,student retention
how to evaluate alumni outcomes data and connect them back to student success,college,attribute_lookup,medium,"alumni outcomes, student success, data, evaluating",college_search,student retention
how to support student parents to improve their retention rates,college,attribute_lookup,medium,"student parents, retention, supporting, programs",campus_services_info,student retention
how to improve outcomes for students placed in developmental or remedial courses,college,filtered_search,complex,"developmental courses, remedial, outcomes, improving",academic_advising,student retention
how to measure student belonging and institutional fit longitudinally,college,attribute_lookup,complex,"student belonging, institutional fit, measuring, longitudinal",academic_advising,student retention
how to evaluate co-curricular involvement and its effect on graduation,college,attribute_lookup,medium,"co-curricular, involvement, graduation, effect",campus_services_info,student retention
how to design online student success supports for distance learners,college,attribute_lookup,medium,"online, student success, distance learners, supports",academic_advising,student retention
how to evaluate the connection between housing stability and student outcomes,college,attribute_lookup,medium,"housing stability, student outcomes, connection, evaluation",housing_advising,student retention
how to create a student success strategic plan for the institution,college,attribute_lookup,complex,"student success, strategic plan, institutional, creating",academic_advising,student retention
how to hold departments accountable for student success outcomes,college,attribute_lookup,complex,"departments, accountability, student success outcomes, institution",academic_advising,student retention
how to assess and improve the quality of your institution's academic advising,college,attribute_lookup,complex,"academic advising, quality, assessing, improving, institution",academic_advising,student retention
how to design a financial wellness curriculum for students,college,attribute_lookup,medium,"financial wellness, curriculum, students, designing",financial_aid_advising,student retention
how to create institutional policies that support students with disabilities,college,attribute_lookup,complex,"disability, policies, supporting students, institution",academic_policy_info,student retention
how to evaluate the ROI of student success programs,college,attribute_lookup,complex,"ROI, student success programs, evaluating, institution",academic_advising,student retention
how to use course-level data to identify high DFW rate courses,college,attribute_lookup,medium,"DFW rate, course-level data, identifying, institution",academic_advising,student retention
how to support LGBTQ+ students to improve campus climate and retention,college,attribute_lookup,medium,"LGBTQ+, campus climate, retention, supporting students",campus_services_info,student retention
how to build institutional capacity for trauma-informed student services,college,attribute_lookup,complex,"trauma-informed, student services, institutional capacity, building",campus_services_info,student retention
how to evaluate the quality and equity of your new student orientation,college,attribute_lookup,medium,"orientation, equity, quality, evaluating, institution",campus_services_info,student retention
how to develop a student success technology ecosystem,college,attribute_lookup,complex,"student success, technology, ecosystem, developing, institution",academic_advising,student retention
how to support formerly incarcerated students to succeed in college,college,attribute_lookup,medium,"formerly incarcerated, students, supporting, success",academic_advising,student retention
how to implement mandatory advising policies without creating bottlenecks,college,attribute_lookup,medium,"mandatory advising, policy, implementing, bottlenecks",academic_advising,student retention
how to design a summer melt prevention strategy for new admits,college,emotional_advisory,llm_needed,"summer melt, prevention, new admits, strategy",college_search,student retention
how to develop a new academic program that meets workforce needs,college,attribute_lookup,complex,"new academic program, workforce needs, development, institution",academic_program_info,academic programs
how to conduct a program review and determine if a program should be discontinued,college,attribute_lookup,complex,"program review, discontinue, decision, institution",academic_program_info,academic programs
how to design interdisciplinary programs that attract students,college,attribute_lookup,complex,"interdisciplinary programs, attracting students, design, institution",academic_program_info,academic programs
how to get regional accreditation for a new academic program,college,attribute_lookup,complex,"regional accreditation, new program, process, institution",academic_policy_info,academic programs
how to align curriculum with industry and employer expectations,college,attribute_lookup,medium,"curriculum, industry, employer, alignment, institution",academic_program_info,academic programs
how to evaluate student learning outcomes at the program level,college,attribute_lookup,complex,"student learning outcomes, program level, evaluating, institution",academic_program_info,academic programs
how to launch an online or hybrid degree program,college,attribute_lookup,complex,"online, hybrid, degree program, launching, institution",academic_program_info,academic programs
how to support faculty in developing new courses and curricula,college,attribute_lookup,medium,"faculty, new courses, curricula, support, institution",academic_program_info,academic programs
how to assess the demand for a proposed new major or minor,college,attribute_lookup,complex,"demand assessment, new major, minor, institution",academic_program_info,academic programs
how to develop stackable credentials and micro-credentials for students,college,attribute_lookup,medium,"stackable credentials, micro-credentials, developing, institution",academic_program_info,academic programs
how to build dual enrollment programs with local high schools,college,attribute_lookup,medium,"dual enrollment, high schools, building, institution",academic_program_info,academic programs
how to incorporate experiential learning into degree programs,college,attribute_lookup,medium,"experiential learning, degree programs, incorporating, institution",academic_program_info,academic programs
how to design competency-based education programs at a college,college,attribute_lookup,complex,"competency-based education, programs, designing, institution",academic_program_info,academic programs
how to evaluate and revise general education requirements,college,attribute_lookup,complex,"general education requirements, evaluating, revising, institution",academic_policy_info,academic programs
how to support STEM pipeline programs to increase graduation in science fields,college,attribute_lookup,medium,"STEM pipeline, graduation, science fields, supporting",academic_program_info,academic programs
how to build a robust study abroad program portfolio,college,attribute_lookup,complex,"study abroad, program portfolio, building, institution",study_abroad_advising,academic programs
how to develop graduate programs that attract competitive applicants,college,filtered_search,complex,"graduate programs, competitive applicants, developing, institution",academic_program_info,academic programs
how to evaluate whether a program is meeting accreditation standards,college,attribute_lookup,complex,"accreditation standards, program, evaluating, institution",academic_policy_info,academic programs
how to integrate diversity and inclusion into core curriculum,college,attribute_lookup,medium,"diversity, inclusion, core curriculum, integrating, institution",academic_program_info,academic programs
how to support undergraduate research programs at the institutional level,college,attribute_lookup,medium,"undergraduate research, institutional support, programs",academic_program_info,academic programs
how to evaluate the outcomes of cooperative education and internship programs,college,attribute_lookup,medium,"cooperative education, internship, outcomes, evaluating",academic_program_info,academic programs
how to create pathways for adult learners and non-traditional students,college,attribute_lookup,complex,"adult learners, non-traditional, pathways, institution",academic_program_info,academic programs
how to evaluate whether to merge two similar academic departments,college,attribute_lookup,complex,"merge departments, similar, evaluating, institution",academic_program_info,academic programs
how to build a partnership with an employer to co-design a degree program,college,attribute_lookup,complex,"employer partnership, co-design, degree program, institution",academic_program_info,academic programs
how to train faculty in active learning and inclusive pedagogy,college,attribute_lookup,medium,"faculty training, active learning, inclusive pedagogy, institution",academic_program_info,academic programs
how to create a first-year seminar course to improve student success,college,attribute_lookup,medium,"first-year seminar, course, student success, institution",academic_program_info,academic programs
how to evaluate the long-term employability outcomes of your graduates,college,attribute_lookup,complex,"employability, graduate outcomes, long-term, evaluating",academic_program_info,academic programs
how to design a pre-health advising and preparation program,college,attribute_lookup,medium,"pre-health advising, preparation program, designing, institution",academic_program_info,academic programs
how to develop a honors program that attracts high-achieving students,college,attribute_lookup,medium,"honors program, high-achieving, developing, institution",academic_program_info,academic programs
how to create institutional support for faculty scholarship and research,college,attribute_lookup,medium,"faculty scholarship, research support, institutional, creating",academic_program_info,academic programs
how to integrate AI literacy into your institution's curriculum,college,attribute_lookup,medium,"AI literacy, curriculum, integrating, institution",academic_program_info,academic programs
how to evaluate the effectiveness of remedial or developmental education,college,attribute_lookup,complex,"remedial education, developmental, effectiveness, evaluating",academic_program_info,academic programs
how to build cross-disciplinary certificate programs at your institution,college,attribute_lookup,medium,"cross-disciplinary, certificate programs, building, institution",academic_program_info,academic programs
how to develop a teacher education program that meets state certification requirements,college,attribute_lookup,complex,"teacher education, state certification, requirements, institution",academic_program_info,academic programs
how to build an accelerated degree pathway for high-performing students,college,attribute_lookup,medium,"accelerated degree, pathway, high-performing, institution",academic_program_info,academic programs
how to assess whether an academic program has sufficient enrollment to be sustainable,college,attribute_lookup,complex,"enrollment sustainability, academic program, assessing, institution",academic_program_info,academic programs
how to ensure program-level assessment aligns with institutional learning goals,college,attribute_lookup,complex,"program assessment, institutional goals, alignment, institution",academic_policy_info,academic programs
how to build an applied learning center or makerspace to support programs,college,attribute_lookup,medium,"applied learning center, makerspace, building, institution",campus_services_info,academic programs
how to develop a financial literacy course required for all students,college,attribute_lookup,medium,"financial literacy course, required, all students, institution",financial_aid_advising,academic programs
how to evaluate the career readiness outcomes across all degree programs,college,attribute_lookup,complex,"career readiness, degree programs, evaluating, institution",academic_program_info,academic programs
how to allocate institutional aid strategically to maximize enrollment goals,college,attribute_lookup,complex,"institutional aid, allocation, enrollment goals, strategy",financial_aid_advising,institutional finance
how to evaluate the effectiveness of merit scholarship programs on enrollment,college,attribute_lookup,complex,"merit scholarships, enrollment, effectiveness, institution",financial_aid_advising,institutional finance
how to develop an emergency student aid fund to support at-risk students,college,attribute_lookup,medium,"emergency student aid, fund, developing, institution",financial_aid_advising,institutional finance
how to benchmark your institution's tuition discount rate against peers,college,attribute_lookup,medium,"tuition discount rate, benchmarking, peers, institution",financial_aid_advising,institutional finance
how to communicate financial aid policies clearly to prospective families,college,emotional_advisory,llm_needed,"financial aid policies, communicating, families, institution",financial_aid_advising,institutional finance
how to implement a no-loan financial aid policy at a small institution,college,attribute_lookup,complex,"no-loan policy, implementing, small institution, financial aid",financial_aid_advising,institutional finance
how to develop an endowment-funded scholarship program,college,attribute_lookup,complex,"endowment, scholarship program, developing, institution",financial_aid_advising,institutional finance
how to build partnerships with employers to fund student scholarships,college,attribute_lookup,medium,"employer partnerships, scholarships, funding, institution",financial_aid_advising,institutional finance
how to evaluate the net revenue impact of increasing institutional grant aid,college,attribute_lookup,complex,"net revenue, institutional grant aid, impact, evaluation",financial_aid_advising,institutional finance
how to design an income-based tuition model for your institution,college,attribute_lookup,complex,"income-based tuition, designing, institution, model",financial_aid_advising,institutional finance
how to respond to state or federal changes in financial aid regulations,college,attribute_lookup,complex,"regulatory changes, financial aid, responding, institution",financial_aid_advising,institutional finance
how to build a strong financial aid appeals process for students,college,attribute_lookup,medium,"financial aid appeals, process, building, institution",financial_aid_advising,institutional finance
how to evaluate whether your institution's net price is competitive,college,attribute_lookup,medium,"net price, competitive, evaluating, institution",financial_aid_advising,institutional finance
how to train financial aid staff to provide equitable service,college,attribute_lookup,medium,"financial aid staff, training, equitable, service",financial_aid_advising,institutional finance
how to develop a financial hardship deferral program for enrolled students,college,attribute_lookup,medium,"financial hardship, deferral program, enrolled students, institution",financial_aid_advising,institutional finance
how to implement a transparent net price calculator for your website,college,attribute_lookup,medium,"net price calculator, transparent, website, institution",financial_aid_advising,institutional finance
how to evaluate the link between financial aid and student retention,college,attribute_lookup,complex,"financial aid, retention, link, evaluating, institution",financial_aid_advising,institutional finance
how to create a summer scholarship to prevent summer melt,college,attribute_lookup,medium,"summer scholarship, preventing melt, creating, institution",financial_aid_advising,institutional finance
how to train students to complete the FAFSA through your institution,college,attribute_lookup,medium,"FAFSA, training students, completing, institution",financial_aid_advising,institutional finance
how to increase FAFSA completion rates among incoming students,college,filtered_search,complex,"FAFSA completion, incoming students, increasing, institution",financial_aid_advising,institutional finance
how to build a food pantry or basic needs program on campus,college,attribute_lookup,medium,"food pantry, basic needs, campus, building, institution",campus_services_info,institutional finance
how to evaluate the cost-effectiveness of your student support programs,college,attribute_lookup,complex,"cost-effectiveness, student support programs, evaluating, institution",campus_services_info,institutional finance
how to set tuition pricing strategy for the next academic year,college,attribute_lookup,complex,"tuition pricing, strategy, academic year, institution",financial_aid_advising,institutional finance
how to evaluate tuition reset as an institutional strategy,college,attribute_lookup,complex,"tuition reset, strategy, evaluating, institution",financial_aid_advising,institutional finance
how to develop a fundraising campaign to support student financial aid,college,attribute_lookup,medium,"fundraising, student financial aid, campaign, institution",financial_aid_advising,institutional finance
how to reduce administrative costs in financial aid processing,college,attribute_lookup,medium,"administrative costs, financial aid processing, reducing, institution",financial_aid_advising,institutional finance
how to use federal work-study to expand student employment on campus,college,attribute_lookup,medium,"federal work-study, student employment, expanding, campus",financial_aid_advising,institutional finance
how to develop a financial literacy program for enrolled students,college,attribute_lookup,medium,"financial literacy, program, enrolled students, institution",financial_aid_advising,institutional finance
how to evaluate the equity impact of merit aid vs need-based aid,college,attribute_lookup,complex,"equity, merit aid, need-based aid, evaluating, institution",financial_aid_advising,institutional finance
how to build a scholarship matching program for state aid recipients,college,attribute_lookup,medium,"scholarship matching, state aid, program, institution",financial_aid_advising,institutional finance
how to assess your institution's Pell Grant recipient graduation rates,college,attribute_lookup,medium,"Pell Grant, graduation rates, assessing, institution",financial_aid_advising,institutional finance
how to navigate Title IV compliance requirements in financial aid,college,attribute_lookup,complex,"Title IV, compliance, financial aid, institution",financial_aid_advising,institutional finance
how to use institutional data to identify financially vulnerable students early,college,attribute_lookup,complex,"institutional data, financially vulnerable, early identification, students",financial_aid_advising,institutional finance
how to design an institutional scholarship program for transfer students,college,attribute_lookup,medium,"scholarship, transfer students, designing, institution",financial_aid_advising,institutional finance
how to evaluate the impact of tuition increases on low-income enrollment,college,attribute_lookup,complex,"tuition increases, low-income, enrollment impact, evaluating",financial_aid_advising,institutional finance
how to build a culture of financial transparency with students and families,college,emotional_advisory,llm_needed,"financial transparency, culture, students, families, institution",financial_aid_advising,institutional finance
how to report institutional financial aid data to IPEDS accurately,college,attribute_lookup,medium,"IPEDS, financial aid data, reporting, institution",financial_aid_advising,institutional finance
how to evaluate whether your institution should adopt free tuition for low-income students,college,attribute_lookup,complex,"free tuition, low-income, evaluating, institution",financial_aid_advising,institutional finance
how to develop a loan forgiveness benefit partnership with local employers,college,attribute_lookup,medium,"loan forgiveness, employer partnership, developing, institution",financial_aid_advising,institutional finance
how to address the financial aid cliff for students who earn slightly above thresholds,college,attribute_lookup,complex,"financial aid cliff, earnings threshold, addressing, institution",financial_aid_advising,institutional finance
how to evaluate and improve the quality of campus dining services,college,attribute_lookup,medium,"campus dining, quality, evaluating, improving",campus_services_info,campus services
how to design a comprehensive campus mental health strategy,college,attribute_lookup,complex,"mental health, campus strategy, comprehensive, designing",campus_services_info,campus services
how to build a campus recreation center that serves all students equitably,college,attribute_lookup,medium,"recreation center, equitable, serving students, campus",campus_services_info,campus services
how to develop a housing master plan that meets current and future student needs,college,attribute_lookup,complex,"housing master plan, student needs, developing, institution",housing_advising,campus services
how to evaluate whether to expand on-campus housing capacity,college,attribute_lookup,complex,"on-campus housing, expanding, capacity, evaluating",housing_advising,campus services
how to create a student affairs strategic plan,college,attribute_lookup,complex,"student affairs, strategic plan, creating, institution",campus_services_info,campus services
how to improve campus transportation and accessibility for students,college,attribute_lookup,medium,"transportation, accessibility, campus, improving",campus_services_info,campus services
how to build a health and wellness center on campus,college,attribute_lookup,complex,"health and wellness center, campus, building, institution",campus_services_info,campus services
how to evaluate the effectiveness of student orientation programs,college,attribute_lookup,medium,"orientation programs, effectiveness, evaluating, institution",campus_services_info,campus services
how to develop a comprehensive campus safety plan,college,attribute_lookup,complex,"campus safety, plan, developing, comprehensive",campus_services_info,campus services
how to create a student government partnership that empowers student voice,college,attribute_lookup,medium,"student government, partnership, empowering, institution",campus_services_info,campus services
how to evaluate campus disability services and increase accessibility,college,attribute_lookup,medium,"disability services, accessibility, evaluating, campus",campus_services_info,campus services
how to develop programming to support student veterans on campus,college,attribute_lookup,medium,"veterans, programming, supporting, campus",campus_services_info,campus services
how to evaluate and improve campus dining options for diverse dietary needs,college,attribute_lookup,medium,"dining, diverse dietary needs, evaluating, campus",campus_services_info,campus services
how to design a childcare program to support student parents,college,attribute_lookup,medium,"childcare, student parents, program, designing, campus",campus_services_info,campus services
how to build an inclusive student activities programming model,college,attribute_lookup,medium,"inclusive, student activities, programming model, campus",campus_services_info,campus services
how to evaluate and renovate aging residence hall facilities,college,attribute_lookup,complex,"residence halls, aging, renovating, campus",housing_advising,campus services
how to create a gender-inclusive housing policy,college,attribute_lookup,medium,"gender-inclusive, housing policy, creating, institution",housing_advising,campus services
how to build a comprehensive LGBTQ+ resource center on campus,college,attribute_lookup,medium,"LGBTQ+, resource center, comprehensive, building, campus",campus_services_info,campus services
how to develop a campus sustainability plan that engages students,college,attribute_lookup,medium,"sustainability plan, students, engaging, campus",campus_services_info,campus services
how to create an effective new student orientation for transfer students,college,attribute_lookup,medium,"transfer student orientation, effective, creating, institution",transfer_advising,campus services
how to evaluate the quality of your institution's career services office,college,attribute_lookup,medium,"career services, quality, evaluating, institution",campus_services_info,campus services
how to improve student utilization of campus mental health services,college,filtered_search,complex,"mental health services, student utilization, improving, campus",campus_services_info,campus services
how to build a comprehensive international student services office,college,attribute_lookup,medium,"international student services, comprehensive, building, campus",campus_services_info,campus services
how to evaluate and improve campus climate survey results,college,attribute_lookup,complex,"campus climate survey, evaluating, improving, institution",campus_services_info,campus services
how to create a peer health educator program on campus,college,attribute_lookup,medium,"peer health educators, program, creating, campus",campus_services_info,campus services
how to design a campus food pantry to address student hunger,college,attribute_lookup,medium,"food pantry, student hunger, designing, campus",campus_services_info,campus services
how to evaluate housing policies for equity and fairness,college,attribute_lookup,complex,"housing policies, equity, fairness, evaluating",housing_advising,campus services
how to develop a robust Greek life oversight and accountability framework,college,attribute_lookup,complex,"Greek life, oversight, accountability, framework, institution",campus_services_info,campus services
how to build a student leadership development program,college,attribute_lookup,medium,"student leadership, development program, building, campus",campus_services_info,campus services
how to create a bias incident reporting and response system on campus,college,attribute_lookup,complex,"bias incident, reporting, response system, campus",campus_services_info,campus services
how to develop a student emergency assistance program,college,attribute_lookup,medium,"emergency assistance, program, developing, students",campus_services_info,campus services
how to evaluate and update your institution's Title IX policies and training,college,attribute_lookup,complex,"Title IX, policies, training, evaluating, institution",academic_policy_info,campus services
how to build a commuter student services center on campus,college,attribute_lookup,medium,"commuter students, services center, building, campus",campus_services_info,campus services
how to create a substance abuse prevention and education program,college,attribute_lookup,medium,"substance abuse, prevention, education, program, campus",campus_services_info,campus services
how to evaluate community partnerships that enhance student life,college,attribute_lookup,medium,"community partnerships, student life, evaluating, campus",campus_services_info,campus services
how to build a multicultural center that serves all students,college,attribute_lookup,medium,"multicultural center, serving all students, building, campus",campus_services_info,campus services
how to develop a comprehensive spiritual and religious life program,college,attribute_lookup,medium,"spiritual, religious life, program, comprehensive, campus",campus_services_info,campus services
how to assess and improve student sense of community at your institution,college,attribute_lookup,complex,"student community, sense of belonging, assessing, institution",campus_services_info,campus services
how to create an athletics and recreation strategy that supports all students,college,attribute_lookup,medium,"athletics, recreation, strategy, all students, campus",campus_services_info,campus services
how to develop a comprehensive strategic plan for your institution,college,attribute_lookup,complex,"strategic plan, comprehensive, developing, institution",college_search,institutional strategy
how to evaluate whether to launch or close a satellite campus,college,attribute_lookup,complex,"satellite campus, launching, closing, evaluating",college_search,institutional strategy
how to build a strong institutional brand and reputation,college,emotional_advisory,llm_needed,"institutional brand, reputation, building, strategy",college_search,institutional strategy
how to respond to declining enrollment and develop a turnaround strategy,college,emotional_advisory,llm_needed,"declining enrollment, turnaround, strategy, institution",college_search,institutional strategy
how to evaluate the feasibility of merging with another institution,college,attribute_lookup,complex,"merger, feasibility, institutions, evaluating",college_search,institutional strategy
how to develop an institutional diversity equity and inclusion strategy,college,attribute_lookup,complex,"DEI, diversity equity inclusion, strategy, institution",academic_policy_info,institutional strategy
how to evaluate your institution's use of adjunct vs tenure-track faculty,college,attribute_lookup,complex,"adjunct, tenure-track, faculty, evaluating, institution",academic_policy_info,institutional strategy
how to build a culture of data-informed decision making at your institution,college,attribute_lookup,complex,"data-informed, decision making, culture, institution",college_search,institutional strategy
how to evaluate and improve faculty diversity at your institution,college,attribute_lookup,complex,"faculty diversity, evaluating, improving, institution",academic_policy_info,institutional strategy
how to respond to accreditation concerns or warnings,college,attribute_lookup,complex,"accreditation, concerns, warnings, responding, institution",academic_policy_info,institutional strategy
how to develop a comprehensive enrollment management strategy,college,attribute_lookup,complex,"enrollment management, strategy, comprehensive, developing",college_search,institutional strategy
how to evaluate the impact of online education on your institution's mission,college,attribute_lookup,complex,"online education, institutional mission, impact, evaluating",academic_program_info,institutional strategy
how to build an alumni engagement and giving program,college,attribute_lookup,medium,"alumni engagement, giving program, building, institution",college_search,institutional strategy
how to develop a comprehensive internationalization strategy,college,attribute_lookup,complex,"internationalization, strategy, comprehensive, developing",study_abroad_advising,institutional strategy
how to evaluate and improve faculty governance structures,college,attribute_lookup,complex,"faculty governance, structures, evaluating, institution",academic_policy_info,institutional strategy
how to build partnerships with industry to enhance student career outcomes,college,attribute_lookup,complex,"industry partnerships, career outcomes, building, institution",academic_program_info,institutional strategy
how to develop a comprehensive technology and innovation strategy,college,attribute_lookup,complex,"technology, innovation, strategy, comprehensive, institution",academic_policy_info,institutional strategy
how to evaluate your institution's compliance with FERPA and student privacy,college,attribute_lookup,complex,"FERPA, student privacy, compliance, evaluating, institution",academic_policy_info,institutional strategy
how to create an institutional crisis communication plan,college,attribute_lookup,complex,"crisis communication, plan, institutional, creating",academic_policy_info,institutional strategy
how to build a comprehensive faculty development and support program,college,attribute_lookup,medium,"faculty development, support, comprehensive, building",academic_program_info,institutional strategy
how to develop a plan for infrastructure and capital improvements,college,attribute_lookup,complex,"infrastructure, capital improvements, plan, institution",campus_services_info,institutional strategy
how to respond to student protests or campus unrest constructively,college,emotional_advisory,llm_needed,"student protests, campus unrest, responding, institution",academic_policy_info,institutional strategy
how to develop community engagement and service learning partnerships,college,attribute_lookup,medium,"community engagement, service learning, partnerships, institution",campus_services_info,institutional strategy
how to evaluate institutional effectiveness through assessment frameworks,college,attribute_lookup,complex,"institutional effectiveness, assessment frameworks, evaluating",academic_policy_info,institutional strategy
how to build a robust institutional research and data analytics function,college,attribute_lookup,complex,"institutional research, data analytics, building, function",college_search,institutional strategy
how to develop an academic calendar that meets faculty and student needs,college,attribute_lookup,medium,"academic calendar, faculty, student needs, developing",academic_policy_info,institutional strategy
how to evaluate and improve the faculty tenure and promotion process,college,attribute_lookup,complex,"tenure, promotion, faculty, evaluating, institution",academic_policy_info,institutional strategy
how to build an institutional sustainability and climate action plan,college,attribute_lookup,medium,"sustainability, climate action plan, institutional, building",campus_services_info,institutional strategy
how to evaluate your institution's graduate placement outcomes,college,attribute_lookup,medium,"graduate placement, outcomes, evaluating, institution",college_search,institutional strategy
how to develop a policy for addressing academic freedom concerns,college,attribute_lookup,complex,"academic freedom, policy, developing, institution",academic_policy_info,institutional strategy
how to build a comprehensive student code of conduct,college,attribute_lookup,medium,"student code of conduct, comprehensive, building, institution",academic_policy_info,institutional strategy
how to respond to free speech and expression controversies on campus,college,emotional_advisory,llm_needed,"free speech, expression, controversy, responding, campus",academic_policy_info,institutional strategy
how to evaluate your institution's progress toward diversity benchmarks,college,attribute_lookup,complex,"diversity benchmarks, evaluating progress, institution",academic_policy_info,institutional strategy
how to develop a comprehensive workplace equity and inclusion plan for staff,college,attribute_lookup,complex,"workplace equity, inclusion, staff, comprehensive plan",academic_policy_info,institutional strategy
how to build a robust institutional advancement and fundraising office,college,attribute_lookup,complex,"institutional advancement, fundraising, building, office",financial_aid_advising,institutional strategy
how to evaluate and update your institution's policy on AI use by students and faculty,college,attribute_lookup,complex,"AI policy, students, faculty, evaluating, institution",academic_policy_info,institutional strategy
how to build a framework for shared governance between administration and faculty,college,attribute_lookup,complex,"shared governance, administration, faculty, framework",academic_policy_info,institutional strategy
how to develop a comprehensive student conduct and judicial affairs process,college,attribute_lookup,complex,"student conduct, judicial affairs, process, comprehensive",academic_policy_info,institutional strategy
how to evaluate whether your institution should pursue research university status,college,attribute_lookup,complex,"research university status, evaluating, pursuing, institution",college_search,institutional strategy
how to build a comprehensive accreditation self-study and review process,college,attribute_lookup,complex,"accreditation, self-study, review process, institution",academic_policy_info,institutional strategy
how to develop a formal program discontinuation process,college,attribute_lookup,complex,"program discontinuation, process, formal, institution",academic_policy_info,institutional strategy
how to evaluate your institution's response to the mental health crisis among students,college,attribute_lookup,complex,"mental health crisis, students, institutional response, evaluating",campus_services_info,institutional strategy
how to build an institutional framework for online learning quality assurance,college,attribute_lookup,complex,"online learning, quality assurance, framework, institution",academic_program_info,institutional strategy
how to develop a policy and practice guide for accessible course design,college,attribute_lookup,medium,"accessible course design, policy, practice guide, institution",academic_policy_info,institutional strategy
how to evaluate the alignment between your institution's mission and its programs,college,attribute_lookup,complex,"mission alignment, programs, evaluating, institution",academic_policy_info,institutional strategy
how to create an institutional policy for addressing bias incidents,college,attribute_lookup,complex,"bias incidents, institutional policy, creating, responding",academic_policy_info,institutional strategy
how to build a comprehensive new faculty orientation program,college,attribute_lookup,medium,"new faculty orientation, comprehensive, building, institution",academic_program_info,institutional strategy
how to evaluate and improve your institution's transfer student pathways,college,attribute_lookup,complex,"transfer pathways, improving, evaluating, institution",transfer_advising,institutional strategy
how to develop a partnership with local K-12 schools to strengthen the pipeline,college,attribute_lookup,medium,"K-12 partnership, pipeline, developing, institution",college_search,institutional strategy
how to build a cross-departmental committee for student success oversight,college,attribute_lookup,medium,"cross-departmental, student success, oversight, committee",academic_advising,institutional strategy
how to evaluate whether your institution's size and scope is aligned with its resources,college,attribute_lookup,complex,"size, scope, resources, alignment, evaluating, institution",college_search,institutional strategy
how to build institutional infrastructure for a study abroad office,college,attribute_lookup,medium,"study abroad office, infrastructure, building, institution",study_abroad_advising,global programs
how to evaluate the safety and risk management protocols for study abroad programs,college,attribute_lookup,complex,"safety, risk management, study abroad, evaluating",study_abroad_advising,global programs
how to develop partnerships with international universities for student exchanges,college,attribute_lookup,complex,"international universities, partnerships, student exchanges, developing",study_abroad_advising,global programs
how to increase participation in study abroad among underrepresented students,college,filtered_search,complex,"study abroad, underrepresented students, participation, increasing",study_abroad_advising,global programs
how to build a scholarship fund dedicated to study abroad programs,college,attribute_lookup,medium,"scholarship fund, study abroad, building, institution",study_abroad_advising,global programs
how to evaluate the academic rigor of partner programs abroad,college,attribute_lookup,complex,"academic rigor, partner programs, abroad, evaluating",study_abroad_advising,global programs
how to develop a faculty-led study abroad program model,college,attribute_lookup,medium,"faculty-led, study abroad, model, developing",study_abroad_advising,global programs
how to create a global learning framework that spans the entire curriculum,college,attribute_lookup,complex,"global learning, framework, curriculum, creating, institution",study_abroad_advising,global programs
how to ensure study abroad credits are transcripted accurately and consistently,college,attribute_lookup,medium,"study abroad credits, transcripting, accurately, institution",study_abroad_advising,global programs
how to build a Fulbright advisor program at your institution,college,attribute_lookup,medium,"Fulbright advisor, program, building, institution",study_abroad_advising,global programs
how to manage student safety incidents that occur during study abroad,college,attribute_lookup,complex,"student safety, incidents, study abroad, managing",study_abroad_advising,global programs
how to evaluate your institution's international student services for quality and inclusivity,college,attribute_lookup,complex,"international student services, quality, inclusivity, evaluating",study_abroad_advising,global programs
how to develop dual degree programs with international university partners,college,attribute_lookup,complex,"dual degree, international partners, developing, institution",study_abroad_advising,global programs
how to build a virtual global engagement program for students who cannot travel,college,attribute_lookup,medium,"virtual global engagement, students, building, institution",study_abroad_advising,global programs
how to evaluate the financial sustainability of your study abroad program portfolio,college,attribute_lookup,complex,"financial sustainability, study abroad, portfolio, evaluating",study_abroad_advising,global programs
how to comply with Clery Act requirements for study abroad safety reporting,college,attribute_lookup,complex,"Clery Act, study abroad, safety reporting, compliance",study_abroad_advising,global programs
how to build language across the curriculum initiatives for global competency,college,attribute_lookup,medium,"language, curriculum, global competency, building",study_abroad_advising,global programs
how to develop a strategic plan for growing international enrollment,college,attribute_lookup,complex,"international enrollment, growing, strategic plan, institution",study_abroad_advising,global programs
how to create institutional policies for managing student visa challenges,college,attribute_lookup,complex,"student visa, challenges, institutional policies, creating",study_abroad_advising,global programs
how to build a comprehensive pre-departure orientation program for students going abroad,college,attribute_lookup,medium,"pre-departure orientation, students abroad, comprehensive, building",study_abroad_advising,global programs
how to evaluate the effectiveness of your institution's transfer pathways,college,attribute_lookup,complex,"transfer pathways, effectiveness, evaluating, institution",transfer_advising,transfer pathways
how to build a reverse transfer program to help students earn associate degrees,college,attribute_lookup,medium,"reverse transfer, associate degrees, program, building",transfer_advising,transfer pathways
how to develop a guaranteed admission pathway for community college graduates,college,attribute_lookup,medium,"guaranteed admission, community college, pathway, developing",transfer_advising,transfer pathways
how to communicate transfer credit policies clearly to prospective students,college,attribute_lookup,medium,"transfer credit policies, communicating, prospective students, institution",transfer_advising,transfer pathways
how to create a transfer student success office with dedicated staff,college,attribute_lookup,medium,"transfer student success, office, staff, creating",transfer_advising,transfer pathways
how to evaluate whether your institution's transfer credit evaluation process is equitable,college,attribute_lookup,complex,"transfer credit evaluation, equitable, evaluating, institution",transfer_advising,transfer pathways
how to build a statewide transfer framework collaboration with other institutions,college,attribute_lookup,complex,"statewide transfer framework, collaboration, institutions, building",transfer_advising,transfer pathways
how to develop articulation agreements for specific high-demand programs,college,attribute_lookup,medium,"articulation agreements, high-demand programs, developing, institution",transfer_advising,transfer pathways
how to evaluate your institution's transfer scholarship competitiveness,college,attribute_lookup,medium,"transfer scholarships, competitiveness, evaluating, institution",transfer_advising,transfer pathways
how to build a transfer advising network that connects community colleges to your institution,college,attribute_lookup,medium,"transfer advising network, community colleges, building, institution",transfer_advising,transfer pathways
how to evaluate the impact of guaranteed admission programs on enrollment quality,college,attribute_lookup,complex,"guaranteed admission, enrollment quality, impact, evaluating",college_search,enrollment management
how to design a prospective student ambassador program,college,attribute_lookup,medium,"student ambassador, prospective, program, admissions",college_search,enrollment management
how to reduce the time from application to admission decision,college,attribute_lookup,medium,"application timeline, admission decision, reducing, efficiency",college_search,enrollment management
how to develop a homeschool applicant review process,college,attribute_lookup,medium,"homeschool, applicant, review process, admissions",academic_policy_info,enrollment management
how to build a pipeline program to increase enrollment from underserved high schools,college,filtered_search,complex,"pipeline program, underserved high schools, enrollment, building",college_search,enrollment management
how to evaluate the role of demonstrated interest in admissions decisions,college,attribute_lookup,medium,"demonstrated interest, admissions, role, evaluating",college_search,enrollment management
how to develop a comprehensive transfer student recruitment campaign,college,attribute_lookup,medium,"transfer recruitment, campaign, comprehensive, institution",transfer_advising,enrollment management
how to build a relationship management strategy with high school counselors,college,attribute_lookup,medium,"high school counselors, relationship management, admissions, strategy",college_search,enrollment management
how to evaluate the diversity outcomes of your test-optional policy,college,attribute_lookup,complex,"test-optional, diversity outcomes, evaluating, policy",academic_policy_info,enrollment management
how to reduce barriers to applying for low-income prospective students,college,filtered_search,complex,"barriers, applying, low-income, prospective students",college_search,enrollment management
how to build a waitlist management strategy that protects class composition,college,attribute_lookup,medium,"waitlist management, class composition, strategy, admissions",college_search,enrollment management
how to evaluate whether your institution's enrollment is sustainable long term,college,attribute_lookup,complex,"enrollment sustainability, long term, evaluating, institution",college_search,enrollment management
how to design an early college outreach program for first generation families,college,attribute_lookup,medium,"early outreach, first generation, families, program",college_search,enrollment management
how to improve your institution's application portal user experience,college,attribute_lookup,medium,"application portal, user experience, improving, institution",college_search,enrollment management
how to track and respond to competitor institutions' admissions strategies,college,attribute_lookup,medium,"competitor institutions, admissions strategies, tracking, responding",college_search,enrollment management
how to assess whether your advising caseload ratios support student success,college,attribute_lookup,medium,"advising caseload, ratios, student success, assessing",academic_advising,student retention
how to build a proactive communication plan for students who miss class,college,attribute_lookup,medium,"proactive communication, absence, students, plan",academic_advising,student retention
how to evaluate the impact of financial aid on student persistence,college,attribute_lookup,complex,"financial aid, persistence, impact, evaluating",financial_aid_advising,student retention
how to build co-enrollment pathways that keep students enrolled continuously,college,attribute_lookup,medium,"co-enrollment, continuous enrollment, pathways, building",academic_advising,student retention
how to develop institutional policies to support student mental health leave and return,college,attribute_lookup,complex,"mental health leave, return policy, institutional, developing",academic_policy_info,student retention
how to use learning analytics to flag course completion risks early,college,attribute_lookup,complex,"learning analytics, course completion, risk, early identification",academic_advising,student retention
how to measure the long-term effectiveness of retention interventions,college,attribute_lookup,complex,"retention interventions, long-term effectiveness, measuring, institution",academic_advising,student retention
how to create re-enrollment pathways for students who stopped out,college,attribute_lookup,medium,"re-enrollment, stopped out, pathways, institution",academic_advising,student retention
how to design a student success coaching model distinct from academic advising,college,attribute_lookup,medium,"student success coaching, model, distinct, advising",academic_advising,student retention
how to evaluate the impact of campus employment on student retention,college,attribute_lookup,medium,"campus employment, retention, impact, evaluating",campus_services_info,student retention
how to hold colleges and departments accountable for their retention metrics,college,attribute_lookup,complex,"accountability, departments, retention metrics, institution",academic_advising,student retention
how to reduce DFW rates in high-enrollment gateway courses,college,attribute_lookup,complex,"DFW rates, gateway courses, reducing, institution",academic_advising,student retention
how to evaluate whether your early alert system is being used effectively by faculty,college,attribute_lookup,medium,"early alert system, faculty usage, evaluating, effectiveness",academic_advising,student retention
how to develop a credit completion campaign to help near-completers graduate,college,attribute_lookup,medium,"credit completion, near-completers, campaign, graduation",academic_advising,student retention
how to create a student success fellowship program for high-need students,college,attribute_lookup,medium,"success fellowship, high-need students, program, creating",academic_advising,student retention
how to build a continuing education division that serves adult learners,college,attribute_lookup,medium,"continuing education, adult learners, building, division",academic_program_info,academic programs
how to develop a comprehensive advising curriculum for a new major,college,attribute_lookup,medium,"advising curriculum, new major, developing, institution",academic_advising,academic programs
how to evaluate the diversity and inclusion of your curriculum across departments,college,attribute_lookup,complex,"diversity, curriculum, across departments, evaluating",academic_program_info,academic programs
how to build a pre-professional advising center serving pre-law pre-med and pre-business students,college,attribute_lookup,medium,"pre-professional advising, center, building, pre-law pre-med",academic_advising,academic programs
how to evaluate whether your course scheduling meets diverse student needs,college,attribute_lookup,medium,"course scheduling, diverse needs, evaluating, institution",academic_policy_info,academic programs
how to develop an academic innovation center to support faculty and student creativity,college,attribute_lookup,medium,"academic innovation, center, faculty, creativity, developing",academic_program_info,academic programs
how to build a career-integrated curriculum model across disciplines,college,attribute_lookup,complex,"career-integrated, curriculum, across disciplines, building",academic_program_info,academic programs
how to evaluate whether your institution should expand into professional graduate programs,college,attribute_lookup,complex,"professional graduate programs, expanding, evaluating, institution",academic_program_info,academic programs
how to develop a course redesign initiative to improve student success in high-DFW courses,college,attribute_lookup,complex,"course redesign, high-DFW, student success, initiative",academic_program_info,academic programs
how to build a data science and analytics program that meets industry demand,college,attribute_lookup,medium,"data science, analytics program, industry demand, building",academic_program_info,academic programs
how to evaluate the effectiveness of your liberal arts core requirements,college,attribute_lookup,complex,"liberal arts, core requirements, effectiveness, evaluating",academic_program_info,academic programs
how to develop a comprehensive entrepreneurship and innovation program,college,attribute_lookup,medium,"entrepreneurship, innovation program, comprehensive, developing",academic_program_info,academic programs
how to align your academic programs with regional workforce development goals,college,attribute_lookup,complex,"academic programs, workforce development, regional, aligning",academic_program_info,academic programs
how to build an accessible pathway for non-degree seeking students,college,attribute_lookup,medium,"non-degree, pathway, accessible, building, institution",academic_program_info,academic programs
how to evaluate teaching quality and instructor effectiveness across your institution,college,attribute_lookup,complex,"teaching quality, instructor effectiveness, evaluating, institution",academic_program_info,academic programs
how to evaluate whether your institution is meeting its mission effectively,college,attribute_lookup,complex,"mission effectiveness, evaluating, institution",academic_policy_info,institutional strategy
how to develop a bold vision for your institution's next decade,college,emotional_advisory,llm_needed,"bold vision, next decade, institution, developing",college_search,institutional strategy
how to build a comprehensive compliance and risk management framework,college,attribute_lookup,complex,"compliance, risk management, framework, institution",academic_policy_info,institutional strategy
how to evaluate your institution's brand perception among prospective students,college,attribute_lookup,medium,"brand perception, prospective students, evaluating, institution",college_search,institutional strategy
how to respond to external rankings and their impact on institutional reputation,college,emotional_advisory,llm_needed,"rankings, reputation, responding, institutional",college_search,institutional strategy
how to build a culture of continuous improvement across departments,college,attribute_lookup,medium,"continuous improvement, departments, culture, building",academic_policy_info,institutional strategy
how to evaluate and reduce administrative burden on faculty and staff,college,attribute_lookup,medium,"administrative burden, faculty, staff, reducing, evaluating",academic_policy_info,institutional strategy
how to develop an institutional plan to address the demographic cliff in college-age population,college,attribute_lookup,complex,"demographic cliff, college-age, institutional plan, developing",college_search,institutional strategy
how to evaluate the return on investment for major institutional initiatives,college,attribute_lookup,complex,"ROI, institutional initiatives, evaluating, return on investment",college_search,institutional strategy
how to build an evidence-based culture in student affairs,college,attribute_lookup,medium,"evidence-based, student affairs, culture, building",campus_services_info,institutional strategy
how to develop a comprehensive community college to four-year university partnership,college,attribute_lookup,complex,"community college, four-year university, partnership, comprehensive",transfer_advising,institutional strategy
how to evaluate whether your institution should pursue Carnegie classification changes,college,attribute_lookup,complex,"Carnegie classification, pursuing, evaluating, institution",college_search,institutional strategy
how to create an institutional committee to address student basic needs,college,attribute_lookup,medium,"basic needs, institutional committee, creating, students",campus_services_info,institutional strategy
how to build a government relations strategy to advocate for your institution,college,attribute_lookup,medium,"government relations, advocacy, strategy, institution",college_search,institutional strategy
how to evaluate the effectiveness of your institution's communication to students,college,attribute_lookup,medium,"communication, students, evaluating, effectiveness, institution",academic_policy_info,institutional strategy
how to develop institutional policies for responding to natural disasters or public health crises,college,attribute_lookup,complex,"natural disasters, public health, crisis response, institutional policy",academic_policy_info,institutional strategy
how to evaluate the health and sustainability of your institution's financial model,college,attribute_lookup,complex,"financial model, sustainability, health, evaluating, institution",financial_aid_advising,institutional strategy
how to develop a comprehensive strategic communications plan,college,attribute_lookup,medium,"strategic communications, plan, comprehensive, institution",college_search,institutional strategy
how to build a presidential advisory council of community stakeholders,college,attribute_lookup,medium,"presidential advisory council, stakeholders, building, institution",college_search,institutional strategy
how to evaluate whether your institution's governance model supports strategic agility,college,attribute_lookup,complex,"governance model, strategic agility, evaluating, institution",academic_policy_info,institutional strategy
how to evaluate and update your institution's emergency response protocols,college,attribute_lookup,complex,"emergency response, protocols, evaluating, institution",campus_services_info,campus services
how to build a comprehensive new staff and administrator onboarding program,college,attribute_lookup,medium,"staff onboarding, administrator, comprehensive, building",campus_services_info,campus services
how to design a campus master plan that supports student success goals,college,attribute_lookup,complex,"campus master plan, student success, designing, institution",campus_services_info,campus services
how to evaluate whether your student health center meets accreditation standards,college,attribute_lookup,medium,"student health center, accreditation, evaluating, institution",campus_services_info,campus services
how to develop a campus-wide food insecurity task force,college,attribute_lookup,medium,"food insecurity, task force, campus-wide, developing",campus_services_info,campus services
how to build a structured peer tutoring program for academic support,college,attribute_lookup,medium,"peer tutoring, academic support, structured, building",campus_services_info,campus services
how to evaluate the quality and accessibility of your campus writing center,college,attribute_lookup,medium,"writing center, quality, accessibility, evaluating, campus",campus_services_info,campus services
how to design a co-curricular record or transcript for student activities,college,attribute_lookup,medium,"co-curricular record, transcript, student activities, designing",campus_services_info,campus services
how to develop a campus wellness initiative that goes beyond mental health,college,attribute_lookup,medium,"wellness initiative, beyond mental health, campus, developing",campus_services_info,campus services
how to build a legal services program for students on campus,college,attribute_lookup,medium,"legal services, students, campus, building, program",campus_services_info,campus services
how to evaluate whether your campus recreation offerings meet student demand,college,attribute_lookup,medium,"campus recreation, student demand, evaluating, offerings",campus_services_info,campus services
how to design a comprehensive veteran student services program,college,attribute_lookup,medium,"veteran students, services program, comprehensive, designing",campus_services_info,campus services
how to develop a first-generation student success program from scratch,college,attribute_lookup,complex,"first-generation, success program, developing, institution",academic_advising,campus services
how to build an institutional framework for responding to student crises,college,attribute_lookup,complex,"student crises, responding, institutional framework, building",campus_services_info,campus services
how to evaluate your institution's support services for students with disabilities,college,attribute_lookup,complex,"disability services, support, evaluating, institution",campus_services_info,campus services
how to evaluate the fairness of your institution's satisfactory academic progress policy,college,attribute_lookup,complex,"SAP policy, fairness, evaluating, institution",financial_aid_advising,institutional finance
how to build a robust cost of attendance calculation that reflects actual student costs,college,attribute_lookup,medium,"cost of attendance, calculation, student costs, institution",financial_aid_advising,institutional finance
how to develop a comprehensive student debt reduction strategy,college,attribute_lookup,complex,"student debt, reduction strategy, comprehensive, institution",financial_aid_advising,institutional finance
how to evaluate whether your institution's financial aid is meeting equity goals,college,attribute_lookup,complex,"financial aid, equity goals, meeting, evaluating",financial_aid_advising,institutional finance
how to build a state grant maximization strategy for enrolled students,college,attribute_lookup,medium,"state grants, maximizing, enrolled students, strategy",financial_aid_advising,institutional finance
how to develop a financial counseling service integrated with financial aid,college,attribute_lookup,medium,"financial counseling, integrated, financial aid, developing",financial_aid_advising,institutional finance
how to evaluate the affordability gap between your institution and peer institutions,college,attribute_lookup,complex,"affordability gap, peer institutions, evaluating, comparison",financial_aid_advising,institutional finance
how to build a comprehensive student employment program that builds career skills,college,attribute_lookup,medium,"student employment, career skills, comprehensive, building",financial_aid_advising,institutional finance
how to design a flexible payment plan system for financially stressed families,college,attribute_lookup,medium,"payment plan, flexible, financially stressed, families, institution",financial_aid_advising,institutional finance
how to evaluate whether your institution's aid packaging meets the full cost of attendance,college,attribute_lookup,complex,"aid packaging, full cost, evaluating, institution",financial_aid_advising,institutional finance
how to evaluate whether your institution's study abroad program is equitable and accessible,college,attribute_lookup,complex,"study abroad, equitable, accessible, evaluating, institution",study_abroad_advising,global programs
how to build a robust international student support infrastructure,college,attribute_lookup,medium,"international students, support, infrastructure, building",study_abroad_advising,global programs
how to develop a short-term embedded study abroad experience within a course,college,attribute_lookup,medium,"short-term, embedded, study abroad, course, developing",study_abroad_advising,global programs
how to evaluate the academic quality and safety of third-party study abroad providers,college,attribute_lookup,complex,"third-party providers, study abroad, quality, safety, evaluating",study_abroad_advising,global programs
how to build a comprehensive crisis response plan for students studying abroad,college,attribute_lookup,complex,"crisis response, students abroad, comprehensive, planning",study_abroad_advising,global programs
how to increase study abroad participation among STEM students,college,filtered_search,complex,"study abroad, STEM students, participation, increasing",study_abroad_advising,global programs
how to build faculty capacity to support global learning in the classroom,college,attribute_lookup,medium,"faculty capacity, global learning, classroom, building",study_abroad_advising,global programs
how to evaluate how well your institution prepares students for global citizenship,college,attribute_lookup,complex,"global citizenship, preparing students, evaluating, institution",study_abroad_advising,global programs
how to develop a cross-cultural competency framework for your institution,college,attribute_lookup,medium,"cross-cultural competency, framework, developing, institution",study_abroad_advising,global programs