query_text,persona,intent_label,complexity,notes,route,tier,entity_types,normalization_flags
Carnegie Mellon,high_school_student,direct_lookup,short_circuit,simple entity,typesense_only,easy,school,
MIT housing,high_school_student,attribute_lookup,short_circuit,single attribute,typesense_plus_metadata,easy,"school,admissions_or_attribute_signal",
schools in Texas with low student-to-faculty ratio,high_school_student,filtered_search,medium,1–2 filters,semantic_or_faceted_search,medium,location,
affordable engineering schools in warm states with good job placement,high_school_student,career_outcomes,complex,multi-constraint,outcomes_pipeline,medium,"major_or_program,location,career_outcome_cue",intent:career_pattern
Purdue vs MIT,high_school_student,comparison,complex,compare entities,compare_pipeline,complex,"school,comparison_target",
recommend large colleges not Florida for architecture safety schools,high_school_student,recommendation,complex,needs recommendations,recommendation_workflow,complex,"major_or_program,location",
do i need sat for UC Berkeley,high_school_student,admissions_process,medium,how-to / admissions,faq_or_guidance,medium,"school,admissions_or_attribute_signal",
how to lower college costs,high_school_student,cost_financial_aid,medium,cost / aid,finance_guidance,medium,,
schools with normal people,high_school_student,campus_life_fit,llm_needed,subjective fit,llm_advisory,complex,fit_or_culture_cue,
best colleges for mechanical engineering job outcomes,high_school_student,career_outcomes,medium,outcomes,outcomes_pipeline,medium,"major_or_program,career_outcome_cue",
ucla vibe but not so expensive,high_school_student,rewrite_needed,complex,needs rewrite,rewrite_then_route,complex,"school,fit_or_culture_cue,rewrite_cue",
request demo for our admissions team,college_b2b,b2b_partnership,medium,B2B,b2b_workflow,medium,"admissions_or_attribute_signal,b2b_request_type",persona:b2b_pattern
cornell,high_school_student,direct_lookup,short_circuit,simple entity,typesense_only,easy,school,persona:school_only_pattern
UC Irvine scholarships,college_student,attribute_lookup,short_circuit,single attribute,typesense_plus_metadata,easy,cost_constraint,
colleges in the Midwest,college_student,filtered_search,medium,1–2 filters,semantic_or_faceted_search,medium,location,
colleges not Florida under 30k with strong research and internships,college_student,multi_constraint,complex,multi-constraint,foundry_multi_agent,complex,location,
Cornell vs UT Austin,college_student,comparison,complex,compare entities,compare_pipeline,complex,"school,comparison_target",
schools like Harvard but cheaper,college_student,rewrite_needed,complex,needs recommendations,rewrite_then_route,complex,"school,rewrite_cue",intent:rewrite_pattern
what essays does University of Maryland require,college_student,admissions_process,medium,how-to / admissions,faq_or_guidance,medium,school,
how to lower college costs,college_student,cost_financial_aid,medium,cost / aid,finance_guidance,medium,,
schools good for sports culture,college_student,campus_life_fit,llm_needed,subjective fit,llm_advisory,complex,fit_or_culture_cue,
schools with high internship placement rates,college_student,career_outcomes,medium,outcomes,outcomes_pipeline,medium,career_outcome_cue,
harvard but less stressful,college_student,rewrite_needed,complex,needs rewrite,rewrite_then_route,complex,"school,rewrite_cue",
api access for college partners,college_b2b,b2b_partnership,medium,B2B,b2b_workflow,medium,b2b_request_type,persona:b2b_pattern
Vanderbilt,high_school_student,direct_lookup,short_circuit,simple entity,typesense_only,easy,school,persona:school_only_pattern
University of Florida housing guarantee,parent,attribute_lookup,short_circuit,single attribute; parent framing,typesense_plus_metadata,easy,"school,location,admissions_or_attribute_signal",
best political science schools in Texas,parent,filtered_search,medium,1–2 filters,semantic_or_faceted_search,medium,location,
colleges in Texas full ride options with strong research and internships,parent,multi_constraint,complex,multi-constraint,foundry_multi_agent,complex,"location,cost_constraint",
Penn State tuition vs Princeton tuition,parent,comparison,complex,compare entities,compare_pipeline,complex,"school,comparison_target,cost_constraint",
what schools should i apply to for architecture in California under 20k,parent,filtered_search,complex,needs recommendations,semantic_or_faceted_search,medium,"major_or_program,location",intent:filtered_search_pattern
University of Washington application deadlines,parent,admissions_process,medium,how-to / admissions,faq_or_guidance,medium,"school,admissions_or_attribute_signal",
how to lower college costs,parent,cost_financial_aid,medium,cost / aid,finance_guidance,medium,,
University of Michigan chill campus,parent,campus_life_fit,llm_needed,subjective fit,llm_advisory,complex,"school,fit_or_culture_cue",
best colleges for aerospace engineering job outcomes,parent,career_outcomes,medium,outcomes,outcomes_pipeline,medium,"major_or_program,career_outcome_cue",
ucla vibe but not so expensive,parent,rewrite_needed,complex,needs rewrite,rewrite_then_route,complex,"school,fit_or_culture_cue,rewrite_cue",
enterprise access for counselors and districts,college_b2b,b2b_partnership,medium,B2B,b2b_workflow,medium,b2b_request_type,persona:b2b_pattern
schools with strong first gen support,counselor_teacher,filtered_search,short_circuit,simple entity; counselor framing,semantic_or_faceted_search,medium,,intent:first_gen_support_pattern
Carnegie Mellon mental health counseling,counselor_teacher,attribute_lookup,short_circuit,single attribute,typesense_plus_metadata,easy,school,
schools in the Midwest with low student-to-faculty ratio,counselor_teacher,filtered_search,medium,1–2 filters; counselor framing,semantic_or_faceted_search,medium,location,
schools with strong first gen support,counselor_teacher,filtered_search,complex,multi-constraint; counselor framing,semantic_or_faceted_search,medium,,intent:first_gen_support_pattern
UCLA tuition vs Purdue tuition,counselor_teacher,comparison,complex,compare entities,compare_pipeline,complex,"school,comparison_target,cost_constraint",
recommend medium-sized colleges in Texas for neuroscience not too competitive,counselor_teacher,recommendation,complex,needs recommendations,recommendation_workflow,complex,"major_or_program,location",
University of Washington admissions profile average sat and gpa,counselor_teacher,admissions_process,medium,how-to / admissions; counselor framing,faq_or_guidance,medium,"school,admissions_or_attribute_signal",
Purdue admissions profile average sat and gpa,counselor_teacher,admissions_process,medium,cost / aid; counselor framing,faq_or_guidance,medium,"school,admissions_or_attribute_signal",intent:admissions_profile_pattern
schools good for chill campus,counselor_teacher,campus_life_fit,llm_needed,subjective fit,llm_advisory,complex,fit_or_culture_cue,
Penn State job placement for engineering,counselor_teacher,career_outcomes,medium,outcomes; counselor framing,outcomes_pipeline,medium,"school,major_or_program,career_outcome_cue",
mit without the suffering,counselor_teacher,rewrite_needed,complex,needs rewrite,rewrite_then_route,complex,"school,rewrite_cue",
how do we update our school profile data,college_b2b,b2b_partnership,medium,B2B,b2b_workflow,medium,b2b_request_type,persona:b2b_pattern
Rice University,high_school_student,direct_lookup,short_circuit,simple entity,typesense_only,easy,school,persona:school_only_pattern
UC San Diego acceptance rate,advisor,attribute_lookup,short_circuit,single attribute,typesense_plus_metadata,easy,admissions_or_attribute_signal,
universities with strong biology,advisor,filtered_search,medium,1–2 filters,semantic_or_faceted_search,medium,major_or_program,
affordable engineering schools near the beach with good job placement,advisor,career_outcomes,complex,multi-constraint; advisor framing,outcomes_pipeline,medium,"major_or_program,location,career_outcome_cue",intent:career_pattern
create reach target safety list for film in Texas under 40k,advisor,multi_constraint,complex,compare entities; advisor framing,foundry_multi_agent,complex,"major_or_program,location",intent:advisor_list_pattern
what schools should i apply to for political science in Texas good financial aid,advisor,recommendation,complex,needs recommendations,recommendation_workflow,complex,"location,cost_constraint",
do i need sat for Brown,advisor,admissions_process,medium,how-to / admissions,faq_or_guidance,medium,"school,admissions_or_attribute_signal",
University of Michigan scholarships,advisor,cost_financial_aid,medium,cost / aid; advisor framing,finance_guidance,medium,"school,cost_constraint",
create reach target safety list for pre-law in California full ride options,advisor,multi_constraint,llm_needed,subjective fit; advisor framing,foundry_multi_agent,complex,"major_or_program,location,cost_constraint",intent:advisor_list_pattern
best colleges for film job outcomes,advisor,career_outcomes,medium,outcomes,outcomes_pipeline,medium,"major_or_program,career_outcome_cue",
harvard but less stressful,advisor,rewrite_needed,complex,needs rewrite,rewrite_then_route,complex,"school,rewrite_cue",
enterprise access for counselors and districts,college_b2b,b2b_partnership,medium,B2B; advisor framing,b2b_workflow,medium,b2b_request_type,persona:b2b_pattern
how do we update our school profile data,college_b2b,b2b_partnership,short_circuit,B2B (forced),b2b_workflow,medium,b2b_request_type,intent:b2b_override
how do we update our school profile data,college_b2b,b2b_partnership,short_circuit,B2B (forced),b2b_workflow,medium,b2b_request_type,intent:b2b_override
request demo for our admissions team,college_b2b,b2b_partnership,medium,B2B (forced),b2b_workflow,medium,"admissions_or_attribute_signal,b2b_request_type",intent:b2b_override
how do we update our school profile data,college_b2b,b2b_partnership,complex,B2B (forced),b2b_workflow,medium,b2b_request_type,intent:b2b_override
request demo for our admissions team,college_b2b,b2b_partnership,complex,B2B (forced),b2b_workflow,medium,"admissions_or_attribute_signal,b2b_request_type",intent:b2b_override
request demo for our admissions team,college_b2b,b2b_partnership,complex,B2B (forced),b2b_workflow,medium,"admissions_or_attribute_signal,b2b_request_type",intent:b2b_override
how do we update our school profile data,college_b2b,b2b_partnership,medium,B2B (forced),b2b_workflow,medium,b2b_request_type,intent:b2b_override
request demo for our admissions team,college_b2b,b2b_partnership,medium,B2B (forced),b2b_workflow,medium,"admissions_or_attribute_signal,b2b_request_type",intent:b2b_override
api access for college partners,college_b2b,b2b_partnership,llm_needed,B2B (forced),b2b_workflow,medium,b2b_request_type,intent:b2b_override
how do we update our school profile data,college_b2b,b2b_partnership,medium,B2B (forced),b2b_workflow,medium,b2b_request_type,intent:b2b_override
how do we update our school profile data,college_b2b,b2b_partnership,complex,B2B (forced),b2b_workflow,medium,b2b_request_type,intent:b2b_override
request demo for our admissions team,college_b2b,b2b_partnership,medium,B2B,b2b_workflow,medium,"admissions_or_attribute_signal,b2b_request_type",
penn state,high_school_student,direct_lookup,short_circuit,simple entity; complexity_seed,typesense_only,easy,school,
colleges near the beach,high_school_student,filtered_search,medium,1–2 filters; complexity_seed,semantic_or_faceted_search,medium,location,
affordable data science schools near the beach with good job placement,high_school_student,career_outcomes,complex,multi-constraint; complexity_seed,outcomes_pipeline,medium,"location,career_outcome_cue",intent:career_pattern
schools good for normal people,high_school_student,campus_life_fit,llm_needed,subjective fit; complexity_seed,llm_advisory,complex,fit_or_culture_cue,
Princeton,high_school_student,direct_lookup,short_circuit,simple entity; complexity_seed,typesense_only,easy,school,persona:school_only_pattern
schools in the Midwest with low student-to-faculty ratio,college_student,filtered_search,medium,1–2 filters; complexity_seed,semantic_or_faceted_search,medium,location,
colleges near Chicago under 30k with strong research and internships,college_student,multi_constraint,complex,multi-constraint; complexity_seed,foundry_multi_agent,complex,location,
colleges where people dont care about football,college_student,filtered_search,llm_needed,subjective fit; complexity_seed,semantic_or_faceted_search,medium,,intent:filtered_search_pattern
university of michigan,high_school_student,direct_lookup,short_circuit,simple entity; complexity_seed,typesense_only,easy,school,persona:school_only_pattern
universities with strong psychology,parent,filtered_search,medium,1–2 filters; complexity_seed,semantic_or_faceted_search,medium,major_or_program,
four year cost of UC Berkeley including housing,parent,cost_financial_aid,complex,multi-constraint; parent framing; complexity_seed,finance_guidance,medium,"school,cost_constraint,admissions_or_attribute_signal",intent:four_year_cost_pattern
schools good for introverts,parent,campus_life_fit,llm_needed,subjective fit; complexity_seed,llm_advisory,complex,fit_or_culture_cue,
schools with strong first gen support,counselor_teacher,filtered_search,short_circuit,simple entity; counselor framing; complexity_seed,semantic_or_faceted_search,medium,,intent:first_gen_support_pattern
schools in the Midwest with low student-to-faculty ratio,counselor_teacher,filtered_search,medium,1–2 filters; complexity_seed,semantic_or_faceted_search,medium,location,
Rice University admissions profile average sat and gpa,counselor_teacher,admissions_process,complex,multi-constraint; counselor framing; complexity_seed,faq_or_guidance,medium,"school,admissions_or_attribute_signal",intent:admissions_profile_pattern
colleges where people dont care about football,counselor_teacher,filtered_search,llm_needed,subjective fit; counselor framing; complexity_seed,semantic_or_faceted_search,medium,,intent:filtered_search_pattern
create reach target safety list for business not Florida under 40k,advisor,multi_constraint,short_circuit,simple entity; advisor framing; complexity_seed,foundry_multi_agent,complex,"major_or_program,location",intent:advisor_list_pattern
colleges near a major tech hub,advisor,filtered_search,medium,1–2 filters; complexity_seed,semantic_or_faceted_search,medium,,
colleges near the beach under 40k with strong research and internships,advisor,multi_constraint,complex,multi-constraint; complexity_seed,foundry_multi_agent,complex,location,
Cornell normal people,advisor,campus_life_fit,llm_needed,subjective fit; complexity_seed,llm_advisory,complex,"school,fit_or_culture_cue",
request demo for our admissions team,college_b2b,b2b_partnership,short_circuit,B2B (forced); complexity_seed,b2b_workflow,medium,"admissions_or_attribute_signal,b2b_request_type",intent:b2b_override
how do we update our school profile data,college_b2b,b2b_partnership,medium,B2B (forced); complexity_seed,b2b_workflow,medium,b2b_request_type,intent:b2b_override
how do we update our school profile data,college_b2b,b2b_partnership,complex,B2B (forced); complexity_seed,b2b_workflow,medium,b2b_request_type,intent:b2b_override
request demo for our admissions team,college_b2b,b2b_partnership,llm_needed,B2B (forced); complexity_seed,b2b_workflow,medium,"admissions_or_attribute_signal,b2b_request_type",intent:b2b_override
enterprise access for counselors and districts,college_b2b,b2b_partnership,short_circuit,B2B,b2b_workflow,medium,b2b_request_type,
University of Florida scholarships,counselor_teacher,cost_financial_aid,medium,cost / aid,finance_guidance,medium,"school,location,cost_constraint",
UC Irvine job placement for psychology,parent,career_outcomes,medium,outcomes; parent framing,outcomes_pipeline,medium,"major_or_program,career_outcome_cue",
how do i apply to UC San Diego,high_school_student,admissions_process,medium,how-to / admissions,faq_or_guidance,medium,,
recommend small colleges in Texas for business reach schools,counselor_teacher,recommendation,complex,needs recommendations,recommendation_workflow,complex,"major_or_program,location",
Stanford vs Harvard,advisor,comparison,medium,compare entities; advisor framing,compare_pipeline,complex,"school,comparison_target",
what schools should i apply to for data science in warm states under 20k,high_school_student,filtered_search,complex,needs recommendations,semantic_or_faceted_search,medium,location,intent:filtered_search_pattern
schools with strong first gen support,counselor_teacher,filtered_search,short_circuit,single attribute; counselor framing,semantic_or_faceted_search,medium,,intent:first_gen_support_pattern
Boston University,high_school_student,direct_lookup,short_circuit,simple entity,typesense_only,easy,school,persona:school_only_pattern
Penn State application deadlines,high_school_student,admissions_process,medium,how-to / admissions,faq_or_guidance,medium,"school,admissions_or_attribute_signal",
does Brown have chemistry,high_school_student,attribute_lookup,short_circuit,single attribute,typesense_plus_metadata,easy,school,
financial aid for Penn State,counselor_teacher,cost_financial_aid,short_circuit,single attribute,finance_guidance,medium,"school,cost_constraint",intent:cost_pattern
acceptance rate for University of Maryland,parent,attribute_lookup,short_circuit,single attribute,typesense_plus_metadata,easy,"school,admissions_or_attribute_signal",
enterprise access for counselors and districts,college_b2b,b2b_partnership,medium,B2B,b2b_workflow,medium,b2b_request_type,
Virginia Tech,high_school_student,direct_lookup,short_circuit,simple entity,typesense_only,easy,school,
schools like Princeton but cheaper,counselor_teacher,rewrite_needed,complex,needs recommendations; counselor framing,rewrite_then_route,complex,"school,rewrite_cue",intent:rewrite_pattern
schools with strong first gen support,counselor_teacher,filtered_search,complex,compare entities; counselor framing,semantic_or_faceted_search,medium,,intent:first_gen_support_pattern
Caltech financial aid for out of state,advisor,cost_financial_aid,medium,cost / aid,finance_guidance,medium,cost_constraint,
harvard but less stressful,parent,rewrite_needed,complex,needs rewrite,rewrite_then_route,complex,"school,rewrite_cue",
NYU job placement for architecture,advisor,career_outcomes,medium,outcomes,outcomes_pipeline,medium,"school,major_or_program,career_outcome_cue",
medium-sized engineering colleges on the East Coast under 40k target schools,counselor_teacher,filtered_search,complex,multi-constraint,semantic_or_faceted_search,medium,"major_or_program,location",intent:filtered_search_pattern
four year cost of University of Washington including housing,parent,cost_financial_aid,complex,outcomes; parent framing,finance_guidance,medium,"school,cost_constraint,admissions_or_attribute_signal",intent:four_year_cost_pattern
does Vanderbilt have neuroscience,parent,attribute_lookup,short_circuit,single attribute,typesense_plus_metadata,easy,"school,major_or_program",
medium-sized electrical engineering colleges near Chicago full ride options safety schools,high_school_student,multi_constraint,complex,multi-constraint,foundry_multi_agent,complex,"major_or_program,location,cost_constraint",
University of Florida but cheaper,advisor,rewrite_needed,complex,needs rewrite,rewrite_then_route,complex,"school,location,rewrite_cue",
Stanford housing,high_school_student,attribute_lookup,short_circuit,single attribute,typesense_plus_metadata,easy,"school,admissions_or_attribute_signal",
MIT tuition vs Arizona State tuition,high_school_student,comparison,complex,compare entities,compare_pipeline,complex,"school,comparison_target,cost_constraint",
large neuroscience colleges in Texas under 40k target schools,college_student,filtered_search,complex,multi-constraint,semantic_or_faceted_search,medium,"major_or_program,location",intent:filtered_search_pattern
create reach target safety list for film in warm states full ride options,advisor,multi_constraint,complex,needs rewrite; advisor framing,foundry_multi_agent,complex,"major_or_program,location,cost_constraint",intent:advisor_list_pattern
colleges near the beach,college_student,filtered_search,medium,1–2 filters,semantic_or_faceted_search,medium,location,
Rice University admissions profile average sat and gpa,counselor_teacher,admissions_process,medium,B2B; counselor framing,faq_or_guidance,medium,"school,admissions_or_attribute_signal",intent:admissions_profile_pattern
universities with strong engineering,parent,filtered_search,medium,1–2 filters; parent framing,semantic_or_faceted_search,medium,major_or_program,
pricing for partner colleges,college_b2b,b2b_partnership,medium,B2B,b2b_workflow,medium,b2b_request_type,persona:b2b_pattern
how do we update our school profile data,college_b2b,b2b_partnership,complex,B2B,b2b_workflow,medium,b2b_request_type,
Northwestern,high_school_student,direct_lookup,short_circuit,simple entity,typesense_only,easy,school,persona:school_only_pattern
MIT scholarships,parent,cost_financial_aid,medium,cost / aid,finance_guidance,medium,"school,cost_constraint",
vanderbilt,high_school_student,direct_lookup,short_circuit,simple entity,typesense_only,easy,school,
Caltech tuition vs Virginia Tech tuition,college_student,comparison,complex,compare entities,compare_pipeline,complex,"school,comparison_target,cost_constraint",
Carnegie Mellon but cheaper,high_school_student,rewrite_needed,complex,needs rewrite,rewrite_then_route,complex,"school,rewrite_cue",
University of Washington vs Arizona State,parent,comparison,complex,compare entities,compare_pipeline,complex,"school,comparison_target",
ucla vibe but not so expensive,advisor,rewrite_needed,complex,needs rewrite,rewrite_then_route,complex,"school,fit_or_culture_cue,rewrite_cue",
create reach target safety list for pre-law on the East Coast under 30k,advisor,multi_constraint,complex,multi-constraint; advisor framing,foundry_multi_agent,complex,"major_or_program,location",
pricing for partner colleges,college_b2b,b2b_partnership,medium,B2B,b2b_workflow,medium,b2b_request_type,
best business schools in warm states,college_student,filtered_search,medium,1–2 filters,semantic_or_faceted_search,medium,"major_or_program,location",
Stanford,high_school_student,direct_lookup,short_circuit,simple entity; counselor framing,typesense_only,easy,school,persona:school_only_pattern
do i need sat for Carnegie Mellon,counselor_teacher,admissions_process,llm_needed,how-to / admissions,faq_or_guidance,medium,"school,admissions_or_attribute_signal",
Vanderbilt chill campus,college_student,campus_life_fit,llm_needed,subjective fit,llm_advisory,complex,"school,fit_or_culture_cue",
colleges where people dont care about football,parent,filtered_search,llm_needed,subjective fit,semantic_or_faceted_search,medium,,intent:filtered_search_pattern
schools with strong first gen support,counselor_teacher,filtered_search,medium,how-to / admissions; counselor framing,semantic_or_faceted_search,medium,,intent:first_gen_support_pattern
colleges near Chicago under 20k with strong research and internships,advisor,multi_constraint,complex,multi-constraint,foundry_multi_agent,complex,location,
recommend small colleges in the Midwest for business target schools,college_student,recommendation,complex,needs recommendations,recommendation_workflow,complex,"major_or_program,location",
ucla vibe but not so expensive,counselor_teacher,rewrite_needed,complex,needs rewrite,rewrite_then_route,complex,"school,fit_or_culture_cue,rewrite_cue",
harvard but less stressful,high_school_student,rewrite_needed,complex,needs rewrite,rewrite_then_route,complex,"school,rewrite_cue",
mit without the suffering,high_school_student,rewrite_needed,complex,needs rewrite,rewrite_then_route,complex,"school,rewrite_cue",
schools in Texas with low student-to-faculty ratio,parent,filtered_search,medium,1–2 filters,semantic_or_faceted_search,medium,location,
enterprise access for counselors and districts,college_b2b,b2b_partnership,llm_needed,B2B,b2b_workflow,medium,b2b_request_type,
how do we update our school profile data,college_b2b,b2b_partnership,medium,B2B,b2b_workflow,medium,b2b_request_type,persona:b2b_pattern
cheapest pre-law schools near a major tech hub,advisor,filtered_search,short_circuit,cost / aid,semantic_or_faceted_search,medium,major_or_program,intent:filtered_search_pattern
enterprise access for counselors and districts,college_b2b,b2b_partnership,complex,B2B,b2b_workflow,medium,b2b_request_type,
recommend medium-sized colleges in warm states for economics reach schools,parent,recommendation,complex,needs recommendations,recommendation_workflow,complex,"major_or_program,location",
Boston University housing guarantee,parent,attribute_lookup,short_circuit,B2B; parent framing,typesense_plus_metadata,easy,"school,admissions_or_attribute_signal",intent:housing_guarantee_pattern
MIT scholarships,college_student,cost_financial_aid,medium,cost / aid,finance_guidance,medium,"school,cost_constraint",
Purdue tuition vs Rice University tuition,parent,comparison,complex,compare entities,compare_pipeline,complex,"school,comparison_target,cost_constraint",
schools with high internship placement rates,counselor_teacher,career_outcomes,llm_needed,outcomes,outcomes_pipeline,medium,career_outcome_cue,
schools in Texas with low student-to-faculty ratio,college_student,filtered_search,medium,1–2 filters,semantic_or_faceted_search,medium,location,
enterprise access for counselors and districts,college_b2b,b2b_partnership,medium,B2B,b2b_workflow,medium,b2b_request_type,persona:b2b_pattern
USC housing guarantee,parent,attribute_lookup,short_circuit,simple entity; parent framing,typesense_plus_metadata,easy,"school,admissions_or_attribute_signal",intent:housing_guarantee_pattern
recommend large colleges in Texas for biology reach schools,parent,recommendation,complex,needs recommendations,recommendation_workflow,complex,"major_or_program,location",
Duke tuition vs University of Maryland tuition,counselor_teacher,comparison,complex,compare entities,compare_pipeline,complex,"school,comparison_target,cost_constraint",
what essays does Brown require,college_student,admissions_process,medium,how-to / admissions,faq_or_guidance,medium,school,
best colleges for aerospace engineering job outcomes,college_student,career_outcomes,llm_needed,outcomes,outcomes_pipeline,medium,"major_or_program,career_outcome_cue",
colleges near a major tech hub low tuition with strong research and internships,counselor_teacher,multi_constraint,complex,multi-constraint,foundry_multi_agent,complex,cost_constraint,
colleges where people dont care about football,counselor_teacher,filtered_search,llm_needed,subjective fit,semantic_or_faceted_search,medium,,intent:filtered_search_pattern
colleges not Florida good financial aid with strong research and internships,college_student,multi_constraint,complex,multi-constraint,foundry_multi_agent,complex,"location,cost_constraint",
Virginia Tech,high_school_student,direct_lookup,short_circuit,simple entity,typesense_only,easy,school,persona:school_only_pattern
schools with high internship placement rates,advisor,career_outcomes,medium,outcomes,outcomes_pipeline,medium,career_outcome_cue,
University of Michigan job placement for engineering,advisor,career_outcomes,medium,outcomes; advisor framing,outcomes_pipeline,medium,"school,major_or_program,career_outcome_cue",
Harvard financial aid for out of state,counselor_teacher,cost_financial_aid,medium,cost / aid,finance_guidance,medium,"school,cost_constraint",
how do we update our school profile data,college_b2b,b2b_partnership,medium,B2B,b2b_workflow,medium,b2b_request_type,
UCLA vibe,high_school_student,campus_life_fit,llm_needed,subjective fit,llm_advisory,complex,"school,fit_or_culture_cue",
affordable public health schools in Texas with good job placement,high_school_student,career_outcomes,complex,multi-constraint,outcomes_pipeline,medium,"location,career_outcome_cue",intent:career_pattern
Penn State application deadlines,counselor_teacher,admissions_process,medium,how-to / admissions,faq_or_guidance,medium,"school,admissions_or_attribute_signal",
recommend large colleges near a major tech hub for pre-law not too competitive,advisor,recommendation,complex,needs recommendations,recommendation_workflow,complex,major_or_program,
Columbia vs Caltech,college_student,comparison,complex,compare entities,compare_pipeline,complex,"school,comparison_target",
recommend small colleges near Chicago for nursing reach schools,high_school_student,recommendation,complex,needs recommendations,recommendation_workflow,complex,"major_or_program,location",
UT Austin vs Purdue for pre-med,high_school_student,comparison,complex,compare entities,compare_pipeline,complex,"school,comparison_target,major_or_program",
Purdue vs UT Austin,advisor,comparison,complex,compare entities,compare_pipeline,complex,"school,comparison_target",
colleges in warm states under 30k with strong research and internships,college_student,multi_constraint,complex,multi-constraint,foundry_multi_agent,complex,location,
penn state,high_school_student,direct_lookup,short_circuit,simple entity,typesense_only,easy,school,persona:school_only_pattern
pricing for partner colleges,college_b2b,b2b_partnership,medium,B2B,b2b_workflow,medium,b2b_request_type,persona:b2b_pattern
medium-sized finance colleges near Chicago under 20k target schools,high_school_student,filtered_search,medium,multi-constraint,semantic_or_faceted_search,medium,location,intent:filtered_search_pattern
Arizona State housing guarantee,parent,attribute_lookup,short_circuit,simple entity; parent framing,typesense_plus_metadata,easy,"school,admissions_or_attribute_signal",intent:housing_guarantee_pattern
does Georgia Tech have philosophy,parent,attribute_lookup,short_circuit,single attribute,typesense_plus_metadata,easy,school,
brown,high_school_student,direct_lookup,short_circuit,simple entity,typesense_only,easy,school,persona:school_only_pattern
request demo for our admissions team,college_b2b,b2b_partnership,medium,B2B,b2b_workflow,medium,"admissions_or_attribute_signal,b2b_request_type",persona:b2b_pattern
how do i apply to Stanford,college_student,admissions_process,medium,how-to / admissions,faq_or_guidance,medium,school,
what essays does Arizona State require,counselor_teacher,admissions_process,medium,how-to / admissions,faq_or_guidance,medium,school,
NYU job placement for electrical engineering,high_school_student,career_outcomes,medium,outcomes,outcomes_pipeline,medium,"school,major_or_program,career_outcome_cue",
do i need sat for Northeastern,parent,admissions_process,medium,how-to / admissions; parent framing,faq_or_guidance,medium,admissions_or_attribute_signal,
University of Wisconsin tuition vs UC Berkeley tuition,advisor,comparison,complex,compare entities,compare_pipeline,complex,"school,comparison_target,cost_constraint",
schools like Penn State but cheaper,high_school_student,rewrite_needed,complex,needs recommendations,rewrite_then_route,complex,"school,rewrite_cue",intent:rewrite_pattern
colleges in California,high_school_student,filtered_search,medium,1–2 filters,semantic_or_faceted_search,medium,location,
universities with strong psychology,advisor,filtered_search,medium,1–2 filters; advisor framing,semantic_or_faceted_search,medium,major_or_program,
do i need sat for Carnegie Mellon,advisor,admissions_process,medium,how-to / admissions,faq_or_guidance,medium,"school,admissions_or_attribute_signal",
schools like Carnegie Mellon but cheaper,high_school_student,rewrite_needed,complex,needs recommendations,rewrite_then_route,complex,"school,rewrite_cue",intent:rewrite_pattern
Boston University vs UC Irvine for finance,counselor_teacher,comparison,complex,compare entities,compare_pipeline,complex,"school,comparison_target",
affordable philosophy schools not Florida with good job placement,college_student,career_outcomes,complex,multi-constraint,outcomes_pipeline,medium,"location,career_outcome_cue",intent:career_pattern
Purdue vs MIT for political science,high_school_student,comparison,complex,compare entities,compare_pipeline,complex,"school,comparison_target",
schools with normal people,college_student,campus_life_fit,short_circuit,subjective fit,llm_advisory,complex,fit_or_culture_cue,
University of Maryland but cheaper,parent,rewrite_needed,complex,needs rewrite; parent framing,rewrite_then_route,complex,"school,rewrite_cue",
schools with strong first gen support,counselor_teacher,filtered_search,medium,outcomes; counselor framing,semantic_or_faceted_search,medium,,intent:first_gen_support_pattern
Vanderbilt financial aid,advisor,cost_financial_aid,short_circuit,single attribute,finance_guidance,medium,"school,cost_constraint",intent:cost_pattern
colleges not Florida under 20k with strong research and internships,college_student,multi_constraint,complex,multi-constraint,foundry_multi_agent,complex,location,
UC Berkeley admissions profile average sat and gpa,counselor_teacher,admissions_process,short_circuit,single attribute; counselor framing,faq_or_guidance,medium,"school,admissions_or_attribute_signal",intent:admissions_profile_pattern
northeastern,college_student,direct_lookup,short_circuit,simple entity,typesense_only,easy,,
do i need sat for Vanderbilt,high_school_student,admissions_process,short_circuit,how-to / admissions,faq_or_guidance,medium,"school,admissions_or_attribute_signal",
schools near the beach with low student-to-faculty ratio,parent,filtered_search,medium,1–2 filters,semantic_or_faceted_search,medium,location,
schools near a major tech hub with low student-to-faculty ratio,college_student,filtered_search,medium,1–2 filters,semantic_or_faceted_search,medium,,
University of Michigan financial aid for out of state,college_student,cost_financial_aid,medium,cost / aid,finance_guidance,medium,"school,cost_constraint",
Princeton but cheaper,high_school_student,rewrite_needed,complex,needs rewrite,rewrite_then_route,complex,"school,rewrite_cue",
how do we update our school profile data,college_b2b,b2b_partnership,medium,B2B,b2b_workflow,medium,b2b_request_type,persona:b2b_pattern
affordable business schools near the beach with good job placement,parent,career_outcomes,complex,multi-constraint,outcomes_pipeline,medium,"major_or_program,location,career_outcome_cue",intent:career_pattern
api access for college partners,college_b2b,b2b_partnership,medium,B2B,b2b_workflow,medium,b2b_request_type,
large philosophy colleges on the East Coast under 40k reach schools,counselor_teacher,filtered_search,complex,multi-constraint,semantic_or_faceted_search,medium,location,intent:filtered_search_pattern
Vanderbilt housing guarantee,parent,attribute_lookup,medium,how-to / admissions; parent framing,typesense_plus_metadata,easy,"school,admissions_or_attribute_signal",intent:housing_guarantee_pattern
api access for college partners,college_b2b,b2b_partnership,medium,B2B,b2b_workflow,medium,b2b_request_type,persona:b2b_pattern
colleges in California,advisor,filtered_search,medium,1–2 filters; advisor framing,semantic_or_faceted_search,medium,location,
request demo for our admissions team,college_b2b,b2b_partnership,medium,B2B,b2b_workflow,medium,"admissions_or_attribute_signal,b2b_request_type",persona:b2b_pattern
what essays does Caltech require,counselor_teacher,admissions_process,complex,how-to / admissions,faq_or_guidance,medium,,
Penn State study abroad,counselor_teacher,attribute_lookup,short_circuit,single attribute,typesense_plus_metadata,easy,school,
Duke research opportunities,counselor_teacher,attribute_lookup,short_circuit,single attribute,typesense_plus_metadata,easy,school,
research opportunities for Northeastern,parent,attribute_lookup,short_circuit,single attribute,typesense_plus_metadata,easy,,
mit without the suffering,college_student,rewrite_needed,complex,needs rewrite,rewrite_then_route,complex,"school,rewrite_cue",
schools like UC San Diego but cheaper,advisor,rewrite_needed,complex,needs recommendations,rewrite_then_route,complex,rewrite_cue,intent:rewrite_pattern
Princeton vs Harvard,college_student,comparison,complex,compare entities,compare_pipeline,complex,"school,comparison_target",
Caltech admissions profile average sat and gpa,counselor_teacher,admissions_process,complex,multi-constraint; counselor framing,faq_or_guidance,medium,admissions_or_attribute_signal,intent:admissions_profile_pattern
what schools should i apply to for computer science near Chicago low tuition,counselor_teacher,recommendation,complex,needs recommendations,recommendation_workflow,complex,"major_or_program,location,cost_constraint",
Carnegie Mellon admissions profile average sat and gpa,counselor_teacher,admissions_process,short_circuit,single attribute; counselor framing,faq_or_guidance,medium,"school,admissions_or_attribute_signal",intent:admissions_profile_pattern
schools with high internship placement rates,parent,career_outcomes,medium,outcomes,outcomes_pipeline,medium,career_outcome_cue,
what essays does UC San Diego require,counselor_teacher,admissions_process,medium,how-to / admissions,faq_or_guidance,medium,,
does Columbia have mechanical engineering,advisor,attribute_lookup,short_circuit,single attribute,typesense_plus_metadata,easy,"school,major_or_program",
request demo for our admissions team,college_b2b,b2b_partnership,short_circuit,B2B,b2b_workflow,medium,"admissions_or_attribute_signal,b2b_request_type",
universities with strong economics,parent,filtered_search,complex,1–2 filters,semantic_or_faceted_search,medium,major_or_program,
best colleges for computer science job outcomes,high_school_student,career_outcomes,medium,outcomes,outcomes_pipeline,medium,"major_or_program,career_outcome_cue",
Harvard,high_school_student,direct_lookup,short_circuit,simple entity,typesense_only,easy,school,
schools good for normal people,advisor,campus_life_fit,llm_needed,subjective fit,llm_advisory,complex,fit_or_culture_cue,
Arizona State housing guarantee,parent,attribute_lookup,medium,outcomes; parent framing,typesense_plus_metadata,easy,"school,admissions_or_attribute_signal",intent:housing_guarantee_pattern
Maryland,high_school_student,direct_lookup,short_circuit,simple entity,typesense_only,easy,school,persona:school_only_pattern
schools on the East Coast with low student-to-faculty ratio,college_student,filtered_search,medium,1–2 filters,semantic_or_faceted_search,medium,location,
colleges where people dont care about football,advisor,filtered_search,llm_needed,subjective fit,semantic_or_faceted_search,medium,,intent:filtered_search_pattern
large pre-law colleges in warm states good financial aid not too competitive,high_school_student,multi_constraint,complex,multi-constraint,foundry_multi_agent,complex,"major_or_program,location,cost_constraint",
best colleges for mechanical engineering job outcomes,college_student,career_outcomes,medium,outcomes,outcomes_pipeline,medium,"major_or_program,career_outcome_cue",
Columbia,high_school_student,direct_lookup,complex,simple entity,typesense_only,easy,school,persona:school_only_pattern
recommend large colleges near the beach for finance target schools,counselor_teacher,recommendation,complex,needs recommendations,recommendation_workflow,complex,location,
Arizona State but cheaper,parent,rewrite_needed,complex,needs rewrite,rewrite_then_route,complex,"school,rewrite_cue",
recommend medium-sized colleges on the East Coast for biology reach schools,advisor,recommendation,complex,needs recommendations; advisor framing,recommendation_workflow,complex,"major_or_program,location",
cheapest computer science schools in California,counselor_teacher,filtered_search,medium,cost / aid; counselor framing,semantic_or_faceted_search,medium,"major_or_program,location",intent:filtered_search_pattern
schools with strong first gen support,counselor_teacher,filtered_search,complex,needs rewrite; counselor framing,semantic_or_faceted_search,medium,,intent:first_gen_support_pattern
four year cost of Caltech including housing,parent,cost_financial_aid,medium,cost / aid; parent framing,finance_guidance,medium,"cost_constraint,admissions_or_attribute_signal",
four year cost of UCLA including housing,parent,cost_financial_aid,complex,needs rewrite; parent framing,finance_guidance,medium,"school,cost_constraint,admissions_or_attribute_signal",intent:four_year_cost_pattern
does Columbia have political science,counselor_teacher,attribute_lookup,medium,single attribute,typesense_plus_metadata,easy,school,
NYU application deadlines,advisor,admissions_process,medium,how-to / admissions,faq_or_guidance,medium,"school,admissions_or_attribute_signal",
uc san diego,college_student,direct_lookup,short_circuit,simple entity,typesense_only,easy,,
how do we update our school profile data,college_b2b,b2b_partnership,medium,B2B,b2b_workflow,medium,b2b_request_type,persona:b2b_pattern
what essays does University of Maryland require,counselor_teacher,admissions_process,medium,how-to / admissions,faq_or_guidance,medium,school,
colleges in California low tuition with strong research and internships,college_student,multi_constraint,complex,multi-constraint,foundry_multi_agent,complex,"location,cost_constraint",
do i need sat for UC Irvine,high_school_student,admissions_process,medium,how-to / admissions,faq_or_guidance,medium,admissions_or_attribute_signal,
schools good for chill campus,parent,campus_life_fit,llm_needed,subjective fit,llm_advisory,complex,fit_or_culture_cue,
schools not Florida with low student-to-faculty ratio,college_student,filtered_search,medium,1–2 filters,semantic_or_faceted_search,medium,location,
NYU housing guarantee,parent,attribute_lookup,medium,how-to / admissions; parent framing,typesense_plus_metadata,easy,"school,admissions_or_attribute_signal",intent:housing_guarantee_pattern
four year cost of Duke including housing,parent,cost_financial_aid,llm_needed,subjective fit; parent framing,finance_guidance,medium,"school,cost_constraint,admissions_or_attribute_signal",intent:four_year_cost_pattern
Carnegie Mellon vs University of Michigan,advisor,comparison,complex,compare entities; advisor framing,compare_pipeline,complex,"school,comparison_target",
University of Florida,high_school_student,direct_lookup,short_circuit,simple entity,typesense_only,easy,"school,location",persona:school_only_pattern
colleges in Texas under 20k with strong research and internships,advisor,multi_constraint,complex,multi-constraint,foundry_multi_agent,complex,location,
how do i apply to Virginia Tech,counselor_teacher,admissions_process,medium,how-to / admissions,faq_or_guidance,medium,school,
how do i apply to Arizona State,parent,admissions_process,medium,how-to / admissions,faq_or_guidance,medium,school,
UT Austin,high_school_student,direct_lookup,short_circuit,simple entity,typesense_only,easy,school,persona:school_only_pattern
how do we update our school profile data,college_b2b,b2b_partnership,llm_needed,B2B,b2b_workflow,medium,b2b_request_type,
mit without the suffering,parent,rewrite_needed,complex,needs rewrite,rewrite_then_route,complex,"school,rewrite_cue",
Boston University tuition vs NYU tuition,advisor,comparison,complex,compare entities,compare_pipeline,complex,"school,comparison_target,cost_constraint",
what schools should i apply to for architecture not Florida under 20k,parent,filtered_search,medium,needs recommendations,semantic_or_faceted_search,medium,"major_or_program,location",intent:filtered_search_pattern
UT Austin vs Northwestern,counselor_teacher,comparison,complex,compare entities; counselor framing,compare_pipeline,complex,"school,comparison_target",
does Virginia Tech have computer science,college_student,attribute_lookup,short_circuit,single attribute,typesense_plus_metadata,easy,"school,major_or_program",
four year cost of University of Florida including housing,parent,cost_financial_aid,medium,B2B; parent framing,finance_guidance,medium,"school,location,cost_constraint,admissions_or_attribute_signal",intent:four_year_cost_pattern
four year cost of University of Maryland including housing,parent,cost_financial_aid,medium,B2B; parent framing,finance_guidance,medium,"school,cost_constraint,admissions_or_attribute_signal",intent:four_year_cost_pattern
Princeton but cheaper,college_student,rewrite_needed,complex,needs rewrite,rewrite_then_route,complex,"school,rewrite_cue",
colleges near the beach under 30k with strong research and internships,high_school_student,multi_constraint,complex,multi-constraint,foundry_multi_agent,complex,location,
NYU job placement for computer science,high_school_student,career_outcomes,medium,outcomes,outcomes_pipeline,medium,"school,major_or_program,career_outcome_cue",
UC Berkeley scholarships,counselor_teacher,cost_financial_aid,medium,cost / aid,finance_guidance,medium,"school,cost_constraint",
USC,high_school_student,direct_lookup,medium,simple entity,typesense_only,easy,school,persona:school_only_pattern
Princeton housing guarantee,parent,attribute_lookup,medium,1–2 filters; parent framing,typesense_plus_metadata,easy,"school,admissions_or_attribute_signal",intent:housing_guarantee_pattern
create reach target safety list for neuroscience on the East Coast under 20k,advisor,multi_constraint,short_circuit,single attribute; advisor framing,foundry_multi_agent,complex,"major_or_program,location",intent:advisor_list_pattern
UCLA tuition vs Rice University tuition,college_student,comparison,complex,compare entities,compare_pipeline,complex,"school,comparison_target,cost_constraint",
schools like Princeton but cheaper,parent,rewrite_needed,complex,needs recommendations,rewrite_then_route,complex,"school,rewrite_cue",intent:rewrite_pattern
Penn State but cheaper,advisor,rewrite_needed,complex,needs rewrite,rewrite_then_route,complex,"school,rewrite_cue",
virginia tech,high_school_student,direct_lookup,short_circuit,simple entity; counselor framing,typesense_only,easy,school,persona:school_only_pattern
schools in warm states with low student-to-faculty ratio,advisor,filtered_search,medium,1–2 filters,semantic_or_faceted_search,medium,location,
universities with strong political science,advisor,filtered_search,medium,1–2 filters,semantic_or_faceted_search,medium,,
how do i apply to Cornell,parent,admissions_process,short_circuit,how-to / admissions; parent framing,faq_or_guidance,medium,school,
what essays does Columbia require,counselor_teacher,admissions_process,medium,how-to / admissions,faq_or_guidance,medium,school,
Duke vs USC,high_school_student,comparison,complex,compare entities,compare_pipeline,complex,"school,comparison_target",
do i need sat for Purdue,high_school_student,admissions_process,medium,how-to / admissions,faq_or_guidance,medium,"school,admissions_or_attribute_signal",
schools good for vibe,parent,campus_life_fit,llm_needed,subjective fit,llm_advisory,complex,fit_or_culture_cue,
recommend small colleges on the East Coast for political science safety schools,parent,recommendation,short_circuit,needs recommendations,recommendation_workflow,complex,location,
how do i apply to University of Florida,advisor,admissions_process,medium,how-to / admissions,faq_or_guidance,medium,"school,location",
colleges near the beach under 40k with strong research and internships,college_student,multi_constraint,complex,multi-constraint,foundry_multi_agent,complex,location,
affordable business schools near Chicago with good job placement,college_student,career_outcomes,complex,multi-constraint,outcomes_pipeline,medium,"major_or_program,location,career_outcome_cue",intent:career_pattern
how do i apply to University of Wisconsin,parent,admissions_process,medium,how-to / admissions; parent framing,faq_or_guidance,medium,school,
USC,high_school_student,direct_lookup,llm_needed,simple entity,typesense_only,easy,school,persona:school_only_pattern
recommend medium-sized colleges near a major tech hub for aerospace engineering reach schools,parent,recommendation,complex,needs recommendations,recommendation_workflow,complex,major_or_program,
schools good for sports culture,high_school_student,campus_life_fit,llm_needed,subjective fit,llm_advisory,complex,fit_or_culture_cue,
UC Irvine job placement for chemistry,advisor,career_outcomes,complex,outcomes,outcomes_pipeline,medium,career_outcome_cue,
Arizona State,high_school_student,direct_lookup,short_circuit,simple entity,typesense_only,easy,school,persona:school_only_pattern
Arizona State,high_school_student,direct_lookup,short_circuit,simple entity,typesense_only,easy,school,
affordable public health schools near the beach with good job placement,advisor,career_outcomes,complex,multi-constraint; advisor framing,outcomes_pipeline,medium,"location,career_outcome_cue",intent:career_pattern
mental health counseling for Cornell,advisor,attribute_lookup,short_circuit,single attribute,typesense_plus_metadata,easy,school,
UCLA housing,college_student,attribute_lookup,short_circuit,single attribute,typesense_plus_metadata,easy,"school,admissions_or_attribute_signal",
Carnegie Mellon but cheaper,advisor,rewrite_needed,complex,needs rewrite,rewrite_then_route,complex,"school,rewrite_cue",
recommend small colleges in the Midwest for aerospace engineering target schools,high_school_student,recommendation,complex,needs recommendations,recommendation_workflow,complex,"major_or_program,location",
does UC San Diego have philosophy,college_student,attribute_lookup,short_circuit,single attribute,typesense_plus_metadata,easy,,
create reach target safety list for pre-med near Chicago under 20k,advisor,multi_constraint,medium,how-to / admissions; advisor framing,foundry_multi_agent,complex,"major_or_program,location",intent:advisor_list_pattern
medium-sized economics colleges on the East Coast low tuition reach schools,high_school_student,multi_constraint,complex,multi-constraint,foundry_multi_agent,complex,"major_or_program,location,cost_constraint",
how do i apply to NYU,parent,admissions_process,medium,how-to / admissions,faq_or_guidance,medium,school,
cornell,high_school_student,direct_lookup,medium,simple entity,typesense_only,easy,school,persona:school_only_pattern
ucla vibe but not so expensive,college_student,rewrite_needed,complex,needs rewrite,rewrite_then_route,complex,"school,fit_or_culture_cue,rewrite_cue",
enterprise access for counselors and districts,college_b2b,b2b_partnership,medium,B2B,b2b_workflow,medium,b2b_request_type,persona:b2b_pattern
Harvard,high_school_student,direct_lookup,short_circuit,simple entity,typesense_only,easy,school,persona:school_only_pattern
Stanford application deadlines,counselor_teacher,admissions_process,medium,how-to / admissions,faq_or_guidance,medium,"school,admissions_or_attribute_signal",
average SAT for Vanderbilt,advisor,admissions_process,short_circuit,single attribute,faq_or_guidance,medium,"school,admissions_or_attribute_signal",intent:admissions_pattern
best colleges for chemistry job outcomes,counselor_teacher,career_outcomes,medium,outcomes,outcomes_pipeline,medium,career_outcome_cue,
Columbia financial aid for out of state,counselor_teacher,cost_financial_aid,medium,cost / aid,finance_guidance,medium,"school,cost_constraint",
schools in warm states with low student-to-faculty ratio,high_school_student,filtered_search,llm_needed,1–2 filters,semantic_or_faceted_search,medium,location,
University of Wisconsin but cheaper,college_student,rewrite_needed,complex,needs rewrite,rewrite_then_route,complex,"school,rewrite_cue",
recommend small colleges in Texas for neuroscience not too competitive,advisor,recommendation,complex,needs recommendations,recommendation_workflow,complex,"major_or_program,location",
Georgia Tech non-competitive culture,high_school_student,campus_life_fit,llm_needed,subjective fit,llm_advisory,complex,"school,fit_or_culture_cue",
Stanford tuition vs Northwestern tuition,college_student,comparison,complex,compare entities,compare_pipeline,complex,"school,comparison_target,cost_constraint",
pricing for partner colleges,college_b2b,b2b_partnership,short_circuit,B2B,b2b_workflow,medium,b2b_request_type,
colleges where people dont care about football,college_student,filtered_search,llm_needed,subjective fit,semantic_or_faceted_search,medium,,intent:filtered_search_pattern
NYU scholarships,college_student,cost_financial_aid,medium,cost / aid,finance_guidance,medium,"school,cost_constraint",
universities with strong architecture,parent,filtered_search,medium,1–2 filters; parent framing,semantic_or_faceted_search,medium,major_or_program,
Brown tuition vs University of Wisconsin tuition,college_student,comparison,complex,compare entities,compare_pipeline,complex,"school,comparison_target,cost_constraint",
MIT housing guarantee,parent,attribute_lookup,short_circuit,simple entity; parent framing,typesense_plus_metadata,easy,"school,admissions_or_attribute_signal",intent:housing_guarantee_pattern
colleges on the East Coast under 30k with strong research and internships,counselor_teacher,multi_constraint,complex,multi-constraint,foundry_multi_agent,complex,location,
MIT admissions profile average sat and gpa,counselor_teacher,admissions_process,short_circuit,single attribute; counselor framing,faq_or_guidance,medium,"school,admissions_or_attribute_signal",intent:admissions_profile_pattern
University of Michigan scholarships,counselor_teacher,cost_financial_aid,medium,cost / aid,finance_guidance,medium,"school,cost_constraint",
best political science schools in California,parent,filtered_search,medium,1–2 filters,semantic_or_faceted_search,medium,location,
mit without the suffering,college_student,rewrite_needed,llm_needed,needs rewrite,rewrite_then_route,complex,"school,rewrite_cue",
what essays does UCLA require,high_school_student,admissions_process,medium,how-to / admissions,faq_or_guidance,medium,school,
Columbia housing guarantee,parent,attribute_lookup,short_circuit,simple entity; parent framing,typesense_plus_metadata,easy,"school,admissions_or_attribute_signal",intent:housing_guarantee_pattern
schools good for normal people,counselor_teacher,campus_life_fit,llm_needed,subjective fit,llm_advisory,complex,fit_or_culture_cue,
Penn State,high_school_student,direct_lookup,short_circuit,simple entity,typesense_only,easy,school,persona:school_only_pattern
does Brown have business,counselor_teacher,attribute_lookup,short_circuit,single attribute,typesense_plus_metadata,easy,"school,major_or_program",
schools good for sports culture,advisor,campus_life_fit,llm_needed,subjective fit,llm_advisory,complex,fit_or_culture_cue,
ucla vibe but not so expensive,parent,rewrite_needed,complex,needs rewrite; parent framing,rewrite_then_route,complex,"school,fit_or_culture_cue,rewrite_cue",
Carnegie Mellon financial aid for out of state,college_student,cost_financial_aid,medium,cost / aid,finance_guidance,medium,"school,cost_constraint",
schools like Northwestern but cheaper,college_student,rewrite_needed,medium,needs recommendations,rewrite_then_route,complex,"school,rewrite_cue",intent:rewrite_pattern
best colleges for mechanical engineering job outcomes,counselor_teacher,career_outcomes,medium,outcomes,outcomes_pipeline,medium,"major_or_program,career_outcome_cue",
request demo for our admissions team,college_b2b,b2b_partnership,medium,B2B,b2b_workflow,medium,"admissions_or_attribute_signal,b2b_request_type",persona:b2b_pattern
schools like Boston University but cheaper,college_student,rewrite_needed,complex,needs recommendations,rewrite_then_route,complex,"school,rewrite_cue",intent:rewrite_pattern
schools with strong first gen support,counselor_teacher,filtered_search,medium,B2B; counselor framing,semantic_or_faceted_search,medium,,intent:first_gen_support_pattern
UCLA,high_school_student,direct_lookup,short_circuit,simple entity,typesense_only,easy,school,persona:school_only_pattern
four year cost of University of Wisconsin including housing,parent,cost_financial_aid,medium,how-to / admissions; parent framing,finance_guidance,medium,"school,cost_constraint,admissions_or_attribute_signal",intent:four_year_cost_pattern
schools near Chicago with low student-to-faculty ratio,parent,filtered_search,medium,1–2 filters,semantic_or_faceted_search,medium,location,
Harvard vs Columbia for nursing,college_student,comparison,complex,compare entities,compare_pipeline,complex,"school,comparison_target,major_or_program",
best colleges for nursing job outcomes,college_student,career_outcomes,medium,outcomes,outcomes_pipeline,medium,"major_or_program,career_outcome_cue",
colleges where people dont care about football,parent,filtered_search,llm_needed,subjective fit; parent framing,semantic_or_faceted_search,medium,,intent:filtered_search_pattern
affordable business schools near Chicago with good job placement,advisor,career_outcomes,complex,multi-constraint,outcomes_pipeline,medium,"major_or_program,location,career_outcome_cue",intent:career_pattern
universities with strong political science,college_student,filtered_search,medium,1–2 filters,semantic_or_faceted_search,medium,,
Boston University non-competitive culture,counselor_teacher,campus_life_fit,llm_needed,subjective fit; counselor framing,llm_advisory,complex,"school,fit_or_culture_cue",
schools with strong first gen support,counselor_teacher,filtered_search,complex,needs recommendations; counselor framing,semantic_or_faceted_search,medium,,intent:first_gen_support_pattern
Michigan,college_student,direct_lookup,llm_needed,simple entity,typesense_only,easy,,
Penn State application deadlines,advisor,admissions_process,medium,how-to / admissions,faq_or_guidance,medium,"school,admissions_or_attribute_signal",
Brown vs UC Berkeley,high_school_student,comparison,complex,compare entities,compare_pipeline,complex,"school,comparison_target",
tuition for Duke,counselor_teacher,cost_financial_aid,short_circuit,single attribute,finance_guidance,medium,"school,cost_constraint",intent:cost_pattern
four year cost of Carnegie Mellon including housing,parent,cost_financial_aid,llm_needed,multi-constraint; parent framing,finance_guidance,medium,"school,cost_constraint,admissions_or_attribute_signal",intent:four_year_cost_pattern
affordable engineering schools near Chicago with good job placement,college_student,career_outcomes,complex,multi-constraint,outcomes_pipeline,medium,"major_or_program,location,career_outcome_cue",intent:career_pattern
Caltech scholarships,counselor_teacher,cost_financial_aid,complex,cost / aid,finance_guidance,medium,cost_constraint,
schools with high internship placement rates,high_school_student,career_outcomes,medium,outcomes,outcomes_pipeline,medium,career_outcome_cue,
create reach target safety list for architecture in California full ride options,advisor,multi_constraint,medium,B2B; advisor framing,foundry_multi_agent,complex,"major_or_program,location,cost_constraint",intent:advisor_list_pattern
mit,high_school_student,direct_lookup,short_circuit,simple entity,typesense_only,easy,school,persona:school_only_pattern
universities with strong computer science,college_student,filtered_search,medium,1–2 filters,semantic_or_faceted_search,medium,major_or_program,
affordable chemistry schools in the Midwest with good job placement,college_student,career_outcomes,complex,multi-constraint,outcomes_pipeline,medium,"location,career_outcome_cue",intent:career_pattern
schools with normal people,college_student,campus_life_fit,llm_needed,subjective fit,llm_advisory,complex,fit_or_culture_cue,
schools with strong first gen support,counselor_teacher,filtered_search,medium,cost / aid; counselor framing,semantic_or_faceted_search,medium,,intent:first_gen_support_pattern
NYU application deadlines,high_school_student,admissions_process,medium,how-to / admissions,faq_or_guidance,medium,"school,admissions_or_attribute_signal",
create reach target safety list for nursing on the East Coast full ride options,advisor,multi_constraint,llm_needed,subjective fit; advisor framing,foundry_multi_agent,complex,"major_or_program,location,cost_constraint",intent:advisor_list_pattern
Carnegie Mellon,high_school_student,direct_lookup,short_circuit,simple entity,typesense_only,easy,school,persona:school_only_pattern
harvard but less stressful,parent,rewrite_needed,short_circuit,needs rewrite,rewrite_then_route,complex,"school,rewrite_cue",
schools like Northeastern but cheaper,parent,rewrite_needed,complex,needs recommendations,rewrite_then_route,complex,rewrite_cue,intent:rewrite_pattern
UT Austin application deadlines,college_student,admissions_process,medium,how-to / admissions,faq_or_guidance,medium,"school,admissions_or_attribute_signal",
acceptance rate for MIT,high_school_student,attribute_lookup,short_circuit,single attribute,typesense_plus_metadata,easy,"school,admissions_or_attribute_signal",
affordable chemistry schools in Texas with good job placement,college_student,career_outcomes,complex,multi-constraint,outcomes_pipeline,medium,"location,career_outcome_cue",intent:career_pattern
Purdue,high_school_student,direct_lookup,short_circuit,simple entity,typesense_only,easy,school,persona:school_only_pattern
schools good for vibe,counselor_teacher,campus_life_fit,llm_needed,subjective fit,llm_advisory,complex,fit_or_culture_cue,
what schools should i apply to for public health not Florida low tuition,counselor_teacher,recommendation,complex,needs recommendations,recommendation_workflow,complex,"location,cost_constraint",
pricing for partner colleges,college_b2b,b2b_partnership,medium,B2B,b2b_workflow,medium,b2b_request_type,persona:b2b_pattern
colleges in warm states,high_school_student,filtered_search,medium,1–2 filters,semantic_or_faceted_search,medium,location,
schools with normal people,advisor,campus_life_fit,medium,subjective fit,llm_advisory,complex,fit_or_culture_cue,
housing for Princeton,high_school_student,attribute_lookup,short_circuit,single attribute,typesense_plus_metadata,easy,"school,admissions_or_attribute_signal",
best electrical engineering schools on the East Coast,advisor,filtered_search,medium,1–2 filters,semantic_or_faceted_search,medium,"major_or_program,location",
MIT vs University of Michigan,parent,comparison,complex,compare entities,compare_pipeline,complex,"school,comparison_target",
schools in the Midwest with low student-to-faculty ratio,counselor_teacher,filtered_search,medium,1–2 filters,semantic_or_faceted_search,medium,location,
recommend large colleges near Chicago for philosophy target schools,college_student,recommendation,complex,needs recommendations,recommendation_workflow,complex,location,
what schools should i apply to for chemistry in Texas under 40k,college_student,filtered_search,complex,needs recommendations,semantic_or_faceted_search,medium,location,intent:filtered_search_pattern
schools like Brown but cheaper,advisor,rewrite_needed,complex,needs recommendations,rewrite_then_route,complex,"school,rewrite_cue",intent:rewrite_pattern
MIT,high_school_student,direct_lookup,short_circuit,simple entity,typesense_only,easy,school,
University of Maryland vs Princeton for biology,parent,comparison,complex,compare entities,compare_pipeline,complex,"school,comparison_target,major_or_program",
Columbia scholarships,advisor,cost_financial_aid,medium,cost / aid; advisor framing,finance_guidance,medium,"school,cost_constraint",
Brown financial aid for out of state,high_school_student,cost_financial_aid,medium,cost / aid,finance_guidance,medium,"school,cost_constraint",
colleges on the East Coast,college_student,filtered_search,medium,1–2 filters,semantic_or_faceted_search,medium,location,
api access for college partners,college_b2b,b2b_partnership,llm_needed,B2B,b2b_workflow,medium,b2b_request_type,
Northeastern normal people,high_school_student,campus_life_fit,llm_needed,subjective fit,llm_advisory,complex,fit_or_culture_cue,
request demo for our admissions team,college_b2b,b2b_partnership,llm_needed,B2B,b2b_workflow,medium,"admissions_or_attribute_signal,b2b_request_type",
pricing for partner colleges,college_b2b,b2b_partnership,short_circuit,B2B,b2b_workflow,medium,b2b_request_type,persona:b2b_pattern
Boston University housing guarantee,parent,attribute_lookup,short_circuit,single attribute; parent framing,typesense_plus_metadata,easy,"school,admissions_or_attribute_signal",
best colleges for psychology job outcomes,advisor,career_outcomes,complex,outcomes,outcomes_pipeline,medium,"major_or_program,career_outcome_cue",
clubs for University of Florida,parent,attribute_lookup,complex,single attribute; parent framing,typesense_plus_metadata,easy,"school,location",
what schools should i apply to for pre-law in warm states low tuition,counselor_teacher,recommendation,complex,needs recommendations,recommendation_workflow,complex,"major_or_program,location,cost_constraint",
ucla vibe but not so expensive,counselor_teacher,rewrite_needed,complex,needs rewrite; counselor framing,rewrite_then_route,complex,"school,fit_or_culture_cue,rewrite_cue",
cheapest aerospace engineering schools near a major tech hub,parent,filtered_search,medium,cost / aid; parent framing,semantic_or_faceted_search,medium,major_or_program,intent:filtered_search_pattern
schools like UC Irvine but cheaper,college_student,rewrite_needed,complex,needs recommendations,rewrite_then_route,complex,rewrite_cue,intent:rewrite_pattern
schools with normal people,parent,campus_life_fit,llm_needed,subjective fit,llm_advisory,complex,fit_or_culture_cue,
Rice University job placement for electrical engineering,advisor,career_outcomes,medium,outcomes,outcomes_pipeline,medium,"school,major_or_program,career_outcome_cue",
Arizona State housing,advisor,attribute_lookup,short_circuit,single attribute; advisor framing,typesense_plus_metadata,easy,"school,admissions_or_attribute_signal",
affordable neuroscience schools in California with good job placement,counselor_teacher,career_outcomes,complex,multi-constraint,outcomes_pipeline,medium,"major_or_program,location,career_outcome_cue",intent:career_pattern
brown,high_school_student,direct_lookup,short_circuit,simple entity,typesense_only,easy,school,
how to lower college costs,advisor,cost_financial_aid,medium,cost / aid; advisor framing,finance_guidance,medium,,
affordable economics schools in warm states with good job placement,college_student,career_outcomes,complex,multi-constraint,outcomes_pipeline,medium,"major_or_program,location,career_outcome_cue",intent:career_pattern
mit without the suffering,advisor,rewrite_needed,complex,needs rewrite,rewrite_then_route,complex,"school,rewrite_cue",
Brown,high_school_student,direct_lookup,short_circuit,simple entity,typesense_only,easy,school,
schools good for sports culture,parent,campus_life_fit,llm_needed,subjective fit,llm_advisory,complex,fit_or_culture_cue,
colleges not Florida low tuition with strong research and internships,advisor,multi_constraint,short_circuit,multi-constraint,foundry_multi_agent,complex,"location,cost_constraint",
create reach target safety list for economics in California under 30k,advisor,multi_constraint,complex,multi-constraint; advisor framing,foundry_multi_agent,complex,"major_or_program,location",
UC Irvine vs Brown,college_student,comparison,llm_needed,compare entities,compare_pipeline,complex,"school,comparison_target",
schools with strong first gen support,counselor_teacher,filtered_search,medium,1–2 filters; counselor framing,semantic_or_faceted_search,medium,,
Brown vs Northeastern,counselor_teacher,comparison,complex,compare entities,compare_pipeline,complex,"school,comparison_target",
schools good for normal people,college_student,campus_life_fit,llm_needed,subjective fit,llm_advisory,complex,fit_or_culture_cue,
UT Austin non-competitive culture,advisor,campus_life_fit,llm_needed,subjective fit,llm_advisory,complex,"school,fit_or_culture_cue",
request demo for our admissions team,college_b2b,b2b_partnership,complex,B2B,b2b_workflow,medium,"admissions_or_attribute_signal,b2b_request_type",
Virginia Tech tuition vs Princeton tuition,high_school_student,comparison,complex,compare entities,compare_pipeline,complex,"school,comparison_target,cost_constraint",
Georgia Tech,high_school_student,direct_lookup,short_circuit,simple entity,typesense_only,easy,school,persona:school_only_pattern
do i need sat for Cornell,counselor_teacher,admissions_process,medium,how-to / admissions,faq_or_guidance,medium,"school,admissions_or_attribute_signal",
Purdue tuition vs University of Washington tuition,counselor_teacher,comparison,complex,compare entities,compare_pipeline,complex,"school,comparison_target,cost_constraint",
Princeton mental health counseling,advisor,attribute_lookup,short_circuit,single attribute,typesense_plus_metadata,easy,school,
University of Washington vs Vanderbilt for political science,college_student,comparison,llm_needed,compare entities,compare_pipeline,complex,"school,comparison_target",
request demo for our admissions team,college_b2b,b2b_partnership,medium,B2B,b2b_workflow,medium,"admissions_or_attribute_signal,b2b_request_type",persona:b2b_pattern
best finance schools not Florida,college_student,filtered_search,medium,1–2 filters,semantic_or_faceted_search,medium,location,
UCLA acceptance rate,college_student,attribute_lookup,short_circuit,single attribute,typesense_plus_metadata,easy,"school,admissions_or_attribute_signal",
UCLA vs Columbia,counselor_teacher,comparison,complex,compare entities,compare_pipeline,complex,"school,comparison_target",
schools good for introverts,high_school_student,campus_life_fit,llm_needed,subjective fit,llm_advisory,complex,fit_or_culture_cue,
best colleges for pre-med job outcomes,high_school_student,career_outcomes,medium,outcomes,outcomes_pipeline,medium,"major_or_program,career_outcome_cue",
api access for college partners,college_b2b,b2b_partnership,medium,B2B,b2b_workflow,medium,b2b_request_type,persona:b2b_pattern
Purdue tuition vs UT Austin tuition,high_school_student,comparison,complex,compare entities,compare_pipeline,complex,"school,comparison_target,cost_constraint",
cheapest chemistry schools near a major tech hub,college_student,filtered_search,medium,cost / aid,semantic_or_faceted_search,medium,,intent:filtered_search_pattern
create reach target safety list for philosophy on the East Coast under 40k,advisor,multi_constraint,medium,how-to / admissions; advisor framing,foundry_multi_agent,complex,location,intent:advisor_list_pattern
what schools should i apply to for pre-law not Florida under 40k,college_student,filtered_search,complex,needs recommendations,semantic_or_faceted_search,medium,"major_or_program,location",intent:filtered_search_pattern
University of Maryland clubs,college_student,attribute_lookup,short_circuit,single attribute,typesense_plus_metadata,easy,school,
affordable business schools in Texas with good job placement,advisor,career_outcomes,llm_needed,multi-constraint; advisor framing,outcomes_pipeline,medium,"major_or_program,location,career_outcome_cue",intent:career_pattern
student-to-faculty ratio for Rice University,high_school_student,attribute_lookup,short_circuit,single attribute,typesense_plus_metadata,easy,school,
does UC Berkeley have business,advisor,attribute_lookup,short_circuit,single attribute; advisor framing,typesense_plus_metadata,easy,"school,major_or_program",
schools near Chicago with low student-to-faculty ratio,counselor_teacher,filtered_search,medium,1–2 filters,semantic_or_faceted_search,medium,location,
University of Florida financial aid for out of state,advisor,cost_financial_aid,medium,cost / aid,finance_guidance,medium,"school,location,cost_constraint",
purdue,high_school_student,direct_lookup,short_circuit,simple entity,typesense_only,easy,school,persona:school_only_pattern
do i need sat for Rice University,high_school_student,admissions_process,medium,how-to / admissions,faq_or_guidance,medium,"school,admissions_or_attribute_signal",
Stanford but cheaper,high_school_student,rewrite_needed,complex,needs rewrite,rewrite_then_route,complex,"school,rewrite_cue",
cheapest data science schools near a major tech hub,counselor_teacher,filtered_search,medium,cost / aid,semantic_or_faceted_search,medium,,intent:filtered_search_pattern
schools with normal people,counselor_teacher,campus_life_fit,llm_needed,subjective fit,llm_advisory,complex,fit_or_culture_cue,
recommend medium-sized colleges in California for electrical engineering reach schools,college_student,recommendation,complex,needs recommendations,recommendation_workflow,complex,"major_or_program,location",
schools with high internship placement rates,parent,career_outcomes,medium,outcomes; parent framing,outcomes_pipeline,medium,career_outcome_cue,
what schools should i apply to for psychology in California under 20k,parent,filtered_search,complex,needs recommendations,semantic_or_faceted_search,medium,"major_or_program,location",intent:filtered_search_pattern
schools like Harvard but cheaper,parent,rewrite_needed,complex,needs recommendations,rewrite_then_route,complex,"school,rewrite_cue",intent:rewrite_pattern
Georgia Tech financial aid for out of state,college_student,cost_financial_aid,medium,cost / aid,finance_guidance,medium,"school,cost_constraint",
colleges in California,college_student,filtered_search,medium,1–2 filters,semantic_or_faceted_search,medium,location,
Princeton,high_school_student,direct_lookup,short_circuit,simple entity,typesense_only,easy,school,
Duke application deadlines,high_school_student,admissions_process,medium,how-to / admissions,faq_or_guidance,medium,"school,admissions_or_attribute_signal",
Columbia vs University of Maryland,high_school_student,comparison,complex,compare entities,compare_pipeline,complex,"school,comparison_target",
location for Rice University,counselor_teacher,attribute_lookup,short_circuit,single attribute,typesense_plus_metadata,easy,school,
Georgia Tech housing guarantee,parent,attribute_lookup,medium,how-to / admissions; parent framing,typesense_plus_metadata,easy,"school,admissions_or_attribute_signal",intent:housing_guarantee_pattern
best colleges for finance job outcomes,parent,career_outcomes,llm_needed,outcomes,outcomes_pipeline,medium,career_outcome_cue,
colleges near a major tech hub full ride options with strong research and internships,parent,multi_constraint,complex,multi-constraint,foundry_multi_agent,complex,cost_constraint,
medium-sized public health colleges near a major tech hub under 40k not too competitive,counselor_teacher,filtered_search,llm_needed,multi-constraint,semantic_or_faceted_search,medium,,intent:filtered_search_pattern
harvard but less stressful,counselor_teacher,rewrite_needed,complex,needs rewrite,rewrite_then_route,complex,"school,rewrite_cue",
colleges on the East Coast low tuition with strong research and internships,high_school_student,multi_constraint,medium,multi-constraint,foundry_multi_agent,complex,"location,cost_constraint",
Virginia Tech financial aid,high_school_student,cost_financial_aid,short_circuit,single attribute,finance_guidance,medium,"school,cost_constraint",intent:cost_pattern
cheapest aerospace engineering schools on the East Coast,college_student,filtered_search,medium,cost / aid,semantic_or_faceted_search,medium,"major_or_program,location",intent:filtered_search_pattern
schools with high internship placement rates,college_student,career_outcomes,short_circuit,outcomes,outcomes_pipeline,medium,career_outcome_cue,
Brown,high_school_student,direct_lookup,short_circuit,simple entity,typesense_only,easy,school,persona:school_only_pattern
Cornell vs Penn State,college_student,comparison,complex,compare entities,compare_pipeline,complex,"school,comparison_target",
how do we update our school profile data,college_b2b,b2b_partnership,complex,B2B,b2b_workflow,medium,b2b_request_type,persona:b2b_pattern
UC Irvine housing guarantee,parent,attribute_lookup,llm_needed,simple entity; parent framing,typesense_plus_metadata,easy,admissions_or_attribute_signal,intent:housing_guarantee_pattern
Northwestern vs UC San Diego,counselor_teacher,comparison,complex,compare entities,compare_pipeline,complex,"school,comparison_target",
colleges near the beach under 30k with strong research and internships,college_student,multi_constraint,complex,multi-constraint,foundry_multi_agent,complex,location,
ucla vibe but not so expensive,advisor,rewrite_needed,complex,needs rewrite; advisor framing,rewrite_then_route,complex,"school,fit_or_culture_cue,rewrite_cue",
Virginia Tech clubs,parent,attribute_lookup,short_circuit,single attribute; parent framing,typesense_plus_metadata,easy,school,
University of Wisconsin housing,counselor_teacher,attribute_lookup,short_circuit,single attribute,typesense_plus_metadata,easy,"school,admissions_or_attribute_signal",
what essays does NYU require,high_school_student,admissions_process,medium,how-to / admissions,faq_or_guidance,medium,school,
UCLA normal people,parent,campus_life_fit,short_circuit,subjective fit,llm_advisory,complex,"school,fit_or_culture_cue",
universities with strong nursing,advisor,filtered_search,medium,1–2 filters,semantic_or_faceted_search,medium,major_or_program,
medium-sized aerospace engineering colleges in warm states under 30k safety schools,counselor_teacher,filtered_search,complex,multi-constraint,semantic_or_faceted_search,medium,"major_or_program,location",intent:filtered_search_pattern
Virginia Tech acceptance rate,advisor,attribute_lookup,short_circuit,single attribute; advisor framing,typesense_plus_metadata,easy,"school,admissions_or_attribute_signal",
Columbia chill campus,college_student,campus_life_fit,llm_needed,subjective fit,llm_advisory,complex,"school,fit_or_culture_cue",
schools good for introverts,advisor,campus_life_fit,llm_needed,subjective fit; advisor framing,llm_advisory,complex,fit_or_culture_cue,
Vanderbilt,high_school_student,direct_lookup,short_circuit,simple entity,typesense_only,easy,school,persona:school_only_pattern
recommend large colleges near a major tech hub for pre-med target schools,college_student,recommendation,complex,needs recommendations,recommendation_workflow,complex,major_or_program,
recommend large colleges in California for mechanical engineering not too competitive,parent,recommendation,complex,needs recommendations,recommendation_workflow,complex,"major_or_program,location",
uc berkeley,high_school_student,direct_lookup,short_circuit,simple entity,typesense_only,easy,school,persona:school_only_pattern
harvard but less stressful,college_student,rewrite_needed,llm_needed,needs rewrite,rewrite_then_route,complex,"school,rewrite_cue",
University of Washington,high_school_student,direct_lookup,short_circuit,simple entity,typesense_only,easy,school,persona:school_only_pattern
do i need sat for UC Berkeley,counselor_teacher,admissions_process,medium,how-to / admissions,faq_or_guidance,medium,"school,admissions_or_attribute_signal",
cheapest architecture schools near Chicago,high_school_student,filtered_search,medium,cost / aid,semantic_or_faceted_search,medium,"major_or_program,location",intent:filtered_search_pattern
pricing for partner colleges,college_b2b,b2b_partnership,medium,B2B,b2b_workflow,medium,b2b_request_type,persona:b2b_pattern
Caltech normal people,counselor_teacher,campus_life_fit,short_circuit,subjective fit,llm_advisory,complex,fit_or_culture_cue,
Virginia Tech sports culture,parent,campus_life_fit,complex,subjective fit,llm_advisory,complex,"school,fit_or_culture_cue",
campus safety for University of Washington,advisor,attribute_lookup,short_circuit,single attribute,typesense_plus_metadata,easy,school,
Vanderbilt admissions profile average sat and gpa,counselor_teacher,admissions_process,complex,needs rewrite; counselor framing,faq_or_guidance,medium,"school,admissions_or_attribute_signal",intent:admissions_profile_pattern
Brown location,high_school_student,attribute_lookup,short_circuit,single attribute,typesense_plus_metadata,easy,school,
Arizona State job placement for engineering,counselor_teacher,career_outcomes,medium,outcomes,outcomes_pipeline,medium,"school,major_or_program,career_outcome_cue",
Northeastern tuition vs University of Washington tuition,college_student,comparison,complex,compare entities,compare_pipeline,complex,"school,comparison_target,cost_constraint",
universities with strong pre-law,college_student,filtered_search,medium,1–2 filters,semantic_or_faceted_search,medium,major_or_program,
recommend large colleges in Texas for economics not too competitive,counselor_teacher,recommendation,complex,needs recommendations,recommendation_workflow,complex,"major_or_program,location",
recommend large colleges in Texas for architecture safety schools,parent,recommendation,complex,needs recommendations; parent framing,recommendation_workflow,complex,"major_or_program,location",
does Carnegie Mellon have engineering,advisor,attribute_lookup,short_circuit,single attribute,typesense_plus_metadata,easy,"school,major_or_program",
does Boston University have mechanical engineering,college_student,attribute_lookup,short_circuit,single attribute,typesense_plus_metadata,easy,"school,major_or_program",
create reach target safety list for neuroscience near Chicago full ride options,advisor,multi_constraint,llm_needed,subjective fit; advisor framing,foundry_multi_agent,complex,"major_or_program,location,cost_constraint",intent:advisor_list_pattern
api access for college partners,college_b2b,b2b_partnership,short_circuit,B2B,b2b_workflow,medium,b2b_request_type,
Princeton job placement,counselor_teacher,career_outcomes,short_circuit,single attribute,outcomes_pipeline,medium,"school,career_outcome_cue",intent:career_pattern
create reach target safety list for neuroscience near the beach under 30k,advisor,multi_constraint,medium,how-to / admissions; advisor framing,foundry_multi_agent,complex,"major_or_program,location",intent:advisor_list_pattern
Brown but cheaper,parent,rewrite_needed,complex,needs rewrite; parent framing,rewrite_then_route,complex,"school,rewrite_cue",
how do i apply to Georgia Tech,parent,admissions_process,medium,how-to / admissions,faq_or_guidance,medium,school,
colleges near a major tech hub good financial aid with strong research and internships,parent,multi_constraint,complex,multi-constraint; parent framing,foundry_multi_agent,complex,cost_constraint,
harvard but less stressful,advisor,rewrite_needed,short_circuit,needs rewrite; advisor framing,rewrite_then_route,complex,"school,rewrite_cue",
Arizona State introverts,college_student,campus_life_fit,llm_needed,subjective fit,llm_advisory,complex,"school,fit_or_culture_cue",
api access for college partners,college_b2b,b2b_partnership,medium,B2B,b2b_workflow,medium,b2b_request_type,persona:b2b_pattern
do i need sat for UT Austin,parent,admissions_process,medium,how-to / admissions,faq_or_guidance,medium,"school,admissions_or_attribute_signal",
Princeton,high_school_student,direct_lookup,short_circuit,simple entity,typesense_only,easy,school,persona:school_only_pattern
Northwestern job placement for computer science,high_school_student,career_outcomes,medium,outcomes,outcomes_pipeline,medium,"school,major_or_program,career_outcome_cue",
student-to-faculty ratio for Rice University,college_student,attribute_lookup,short_circuit,single attribute,typesense_plus_metadata,easy,school,
colleges near a major tech hub,counselor_teacher,filtered_search,medium,1–2 filters,semantic_or_faceted_search,medium,,
rankings for UC Berkeley,high_school_student,attribute_lookup,short_circuit,single attribute,typesense_plus_metadata,easy,school,
four year cost of Harvard including housing,parent,cost_financial_aid,short_circuit,single attribute; parent framing,finance_guidance,medium,"school,cost_constraint,admissions_or_attribute_signal",intent:four_year_cost_pattern
university of michigan,high_school_student,direct_lookup,short_circuit,simple entity,typesense_only,easy,school,persona:school_only_pattern
colleges in California full ride options with strong research and internships,high_school_student,multi_constraint,complex,multi-constraint,foundry_multi_agent,complex,"location,cost_constraint",
Brown,high_school_student,direct_lookup,llm_needed,simple entity,typesense_only,easy,school,
UC Irvine job placement for architecture,parent,career_outcomes,llm_needed,outcomes,outcomes_pipeline,medium,"major_or_program,career_outcome_cue",
Columbia non-competitive culture,high_school_student,campus_life_fit,llm_needed,subjective fit,llm_advisory,complex,"school,fit_or_culture_cue",
USC vs University of Florida,college_student,comparison,complex,compare entities,compare_pipeline,complex,"school,comparison_target,location",
does Virginia Tech have mechanical engineering,advisor,attribute_lookup,short_circuit,single attribute; advisor framing,typesense_plus_metadata,easy,"school,major_or_program",
four year cost of University of Maryland including housing,parent,cost_financial_aid,complex,needs recommendations; parent framing,finance_guidance,medium,"school,cost_constraint,admissions_or_attribute_signal",intent:four_year_cost_pattern
four year cost of Caltech including housing,parent,cost_financial_aid,complex,how-to / admissions; parent framing,finance_guidance,medium,"cost_constraint,admissions_or_attribute_signal",intent:four_year_cost_pattern
Georgia Tech scholarships,advisor,cost_financial_aid,medium,cost / aid,finance_guidance,medium,"school,cost_constraint",
create reach target safety list for electrical engineering in the Midwest under 40k,advisor,multi_constraint,complex,compare entities; advisor framing,foundry_multi_agent,complex,"major_or_program,location",intent:advisor_list_pattern
Columbia financial aid,advisor,cost_financial_aid,short_circuit,single attribute,finance_guidance,medium,"school,cost_constraint",intent:cost_pattern
mental health counseling for Northwestern,high_school_student,attribute_lookup,short_circuit,single attribute,typesense_plus_metadata,easy,school,
cheapest biology schools in the Midwest,counselor_teacher,filtered_search,medium,cost / aid,semantic_or_faceted_search,medium,"major_or_program,location",intent:filtered_search_pattern
what schools should i apply to for economics near Chicago good financial aid,college_student,recommendation,complex,needs recommendations,recommendation_workflow,complex,"major_or_program,location,cost_constraint",
recommend medium-sized colleges in warm states for aerospace engineering safety schools,college_student,recommendation,complex,needs recommendations,recommendation_workflow,complex,"major_or_program,location",
four year cost of UC Irvine including housing,parent,cost_financial_aid,complex,multi-constraint; parent framing,finance_guidance,medium,"cost_constraint,admissions_or_attribute_signal",intent:four_year_cost_pattern
recommend small colleges near Chicago for aerospace engineering reach schools,counselor_teacher,recommendation,complex,needs recommendations,recommendation_workflow,complex,"major_or_program,location",
Arizona State admissions profile average sat and gpa,counselor_teacher,admissions_process,complex,compare entities; counselor framing,faq_or_guidance,medium,"school,admissions_or_attribute_signal",intent:admissions_profile_pattern
create reach target safety list for political science near the beach full ride options,advisor,multi_constraint,short_circuit,simple entity; advisor framing,foundry_multi_agent,complex,"location,cost_constraint",intent:advisor_list_pattern
create reach target safety list for engineering in the Midwest under 20k,advisor,multi_constraint,complex,needs recommendations; advisor framing,foundry_multi_agent,complex,"major_or_program,location",intent:advisor_list_pattern
large electrical engineering colleges in the Midwest under 40k safety schools,advisor,filtered_search,llm_needed,multi-constraint; advisor framing,semantic_or_faceted_search,medium,"major_or_program,location",intent:filtered_search_pattern
Princeton student-to-faculty ratio,high_school_student,attribute_lookup,short_circuit,single attribute,typesense_plus_metadata,easy,school,
schools with normal people,counselor_teacher,campus_life_fit,complex,subjective fit,llm_advisory,complex,fit_or_culture_cue,
Virginia Tech admissions profile average sat and gpa,counselor_teacher,admissions_process,medium,multi-constraint; counselor framing,faq_or_guidance,medium,"school,admissions_or_attribute_signal",intent:admissions_profile_pattern
UC San Diego housing guarantee,parent,attribute_lookup,medium,outcomes; parent framing,typesense_plus_metadata,easy,admissions_or_attribute_signal,intent:housing_guarantee_pattern
georgia tech,high_school_student,direct_lookup,short_circuit,simple entity,typesense_only,easy,school,persona:school_only_pattern
what schools should i apply to for engineering in Texas good financial aid,counselor_teacher,recommendation,complex,needs recommendations,recommendation_workflow,complex,"major_or_program,location,cost_constraint",
Northwestern housing guarantee,parent,attribute_lookup,complex,needs rewrite; parent framing,typesense_plus_metadata,easy,"school,admissions_or_attribute_signal",intent:housing_guarantee_pattern
affordable pre-law schools in Texas with good job placement,parent,career_outcomes,complex,multi-constraint,outcomes_pipeline,medium,"major_or_program,location,career_outcome_cue",intent:career_pattern
UCLA campus safety,college_student,attribute_lookup,short_circuit,single attribute,typesense_plus_metadata,easy,school,
NYU job placement for finance,counselor_teacher,career_outcomes,short_circuit,outcomes,outcomes_pipeline,medium,"school,career_outcome_cue",
enterprise access for counselors and districts,college_b2b,b2b_partnership,medium,B2B,b2b_workflow,medium,b2b_request_type,persona:b2b_pattern
Boston University housing guarantee,parent,attribute_lookup,medium,how-to / admissions; parent framing,typesense_plus_metadata,easy,"school,admissions_or_attribute_signal",intent:housing_guarantee_pattern
Boston University tuition vs MIT tuition,high_school_student,comparison,complex,compare entities,compare_pipeline,complex,"school,comparison_target,cost_constraint",
create reach target safety list for data science in California under 40k,advisor,multi_constraint,complex,needs rewrite; advisor framing,foundry_multi_agent,complex,location,intent:advisor_list_pattern
create reach target safety list for pre-med in the Midwest under 20k,advisor,multi_constraint,short_circuit,single attribute; advisor framing,foundry_multi_agent,complex,"major_or_program,location",intent:advisor_list_pattern
large computer science colleges in warm states good financial aid reach schools,parent,multi_constraint,short_circuit,multi-constraint,foundry_multi_agent,complex,"major_or_program,location,cost_constraint",
affordable psychology schools near the beach with good job placement,counselor_teacher,career_outcomes,complex,multi-constraint,outcomes_pipeline,medium,"major_or_program,location,career_outcome_cue",intent:career_pattern
schools with normal people,parent,campus_life_fit,medium,subjective fit,llm_advisory,complex,fit_or_culture_cue,
what schools should i apply to for data science not Florida full ride options,high_school_student,recommendation,complex,needs recommendations,recommendation_workflow,complex,"location,cost_constraint",
four year cost of Carnegie Mellon including housing,parent,cost_financial_aid,short_circuit,single attribute; parent framing,finance_guidance,medium,"school,cost_constraint,admissions_or_attribute_signal",intent:four_year_cost_pattern
what schools should i apply to for mechanical engineering in the Midwest good financial aid,college_student,recommendation,complex,needs recommendations,recommendation_workflow,complex,"major_or_program,location,cost_constraint",
small film colleges near a major tech hub low tuition not too competitive,college_student,multi_constraint,complex,multi-constraint,foundry_multi_agent,complex,"major_or_program,cost_constraint",
MIT vs Virginia Tech for film,advisor,comparison,complex,compare entities; advisor framing,compare_pipeline,complex,"school,comparison_target,major_or_program",
Caltech housing guarantee,parent,attribute_lookup,medium,how-to / admissions; parent framing,typesense_plus_metadata,easy,admissions_or_attribute_signal,intent:housing_guarantee_pattern
enterprise access for counselors and districts,college_b2b,b2b_partnership,medium,B2B; parent framing,b2b_workflow,medium,b2b_request_type,persona:b2b_pattern
large biology colleges near Chicago full ride options target schools,college_student,multi_constraint,complex,multi-constraint,foundry_multi_agent,complex,"major_or_program,location,cost_constraint",
schools with high internship placement rates,counselor_teacher,career_outcomes,medium,outcomes,outcomes_pipeline,medium,career_outcome_cue,
Northwestern vs UC San Diego for psychology,parent,comparison,complex,compare entities,compare_pipeline,complex,"school,comparison_target,major_or_program",
best business schools not Florida,high_school_student,filtered_search,medium,1–2 filters,semantic_or_faceted_search,medium,"major_or_program,location",
UT Austin vs MIT,counselor_teacher,comparison,complex,compare entities; counselor framing,compare_pipeline,complex,"school,comparison_target",
Princeton,high_school_student,direct_lookup,short_circuit,simple entity; parent framing,typesense_only,easy,school,persona:school_only_pattern
does Virginia Tech have electrical engineering,advisor,attribute_lookup,complex,single attribute,typesense_plus_metadata,easy,"school,major_or_program",
Purdue tuition vs Cornell tuition,high_school_student,comparison,complex,compare entities,compare_pipeline,complex,"school,comparison_target,cost_constraint",
schools with normal people,advisor,campus_life_fit,llm_needed,subjective fit,llm_advisory,complex,fit_or_culture_cue,
large chemistry colleges near a major tech hub under 20k safety schools,high_school_student,filtered_search,complex,multi-constraint,semantic_or_faceted_search,medium,,intent:filtered_search_pattern
what essays does University of Wisconsin require,college_student,admissions_process,medium,how-to / admissions,faq_or_guidance,medium,school,
how do i apply to Northeastern,counselor_teacher,admissions_process,medium,how-to / admissions,faq_or_guidance,medium,,
best colleges for aerospace engineering job outcomes,high_school_student,career_outcomes,llm_needed,outcomes,outcomes_pipeline,medium,"major_or_program,career_outcome_cue",
colleges in Texas,counselor_teacher,filtered_search,medium,1–2 filters,semantic_or_faceted_search,medium,location,
schools like Virginia Tech but cheaper,counselor_teacher,rewrite_needed,complex,needs recommendations,rewrite_then_route,complex,"school,rewrite_cue",intent:rewrite_pattern
clubs for University of Maryland,college_student,attribute_lookup,short_circuit,single attribute,typesense_plus_metadata,easy,school,
does Georgia Tech have film,advisor,attribute_lookup,short_circuit,single attribute,typesense_plus_metadata,easy,"school,major_or_program",
UCLA non-competitive culture,advisor,campus_life_fit,llm_needed,subjective fit,llm_advisory,complex,"school,fit_or_culture_cue",
Penn State scholarships,college_student,cost_financial_aid,medium,cost / aid,finance_guidance,medium,"school,cost_constraint",
Georgia Tech admissions profile average sat and gpa,counselor_teacher,admissions_process,medium,B2B; counselor framing,faq_or_guidance,medium,"school,admissions_or_attribute_signal",intent:admissions_profile_pattern
what schools should i apply to for philosophy near Chicago under 30k,advisor,filtered_search,complex,needs recommendations,semantic_or_faceted_search,medium,location,intent:filtered_search_pattern
what schools should i apply to for film on the East Coast full ride options,high_school_student,recommendation,complex,needs recommendations,recommendation_workflow,complex,"major_or_program,location,cost_constraint",
medium-sized pre-law colleges in California full ride options target schools,counselor_teacher,multi_constraint,complex,multi-constraint,foundry_multi_agent,complex,"major_or_program,location,cost_constraint",
Georgia Tech housing guarantee,parent,attribute_lookup,complex,compare entities; parent framing,typesense_plus_metadata,easy,"school,admissions_or_attribute_signal",intent:housing_guarantee_pattern
rankings for Northeastern,high_school_student,attribute_lookup,short_circuit,single attribute,typesense_plus_metadata,easy,,
recommend small colleges in California for architecture not too competitive,counselor_teacher,recommendation,medium,needs recommendations,recommendation_workflow,complex,"major_or_program,location",
what schools should i apply to for biology in Texas under 30k,college_student,filtered_search,llm_needed,needs recommendations,semantic_or_faceted_search,medium,"major_or_program,location",intent:filtered_search_pattern
Northeastern tuition vs Virginia Tech tuition,advisor,comparison,complex,compare entities,compare_pipeline,complex,"school,comparison_target,cost_constraint",
does Northeastern have data science,advisor,attribute_lookup,short_circuit,single attribute,typesense_plus_metadata,easy,,
colleges where people dont care about football,high_school_student,filtered_search,llm_needed,subjective fit,semantic_or_faceted_search,medium,,intent:filtered_search_pattern
University of Maryland but cheaper,advisor,rewrite_needed,complex,needs rewrite,rewrite_then_route,complex,"school,rewrite_cue",
Virginia Tech,high_school_student,direct_lookup,short_circuit,simple entity,typesense_only,easy,school,persona:school_only_pattern
harvard but less stressful,counselor_teacher,rewrite_needed,complex,needs rewrite; counselor framing,rewrite_then_route,complex,"school,rewrite_cue",
Cornell,high_school_student,direct_lookup,short_circuit,simple entity,typesense_only,easy,school,persona:school_only_pattern
recommend medium-sized colleges in the Midwest for finance safety schools,high_school_student,recommendation,complex,needs recommendations,recommendation_workflow,complex,location,
schools like Purdue but cheaper,advisor,rewrite_needed,complex,needs recommendations,rewrite_then_route,complex,"school,rewrite_cue",intent:rewrite_pattern
affordable mechanical engineering schools near Chicago with good job placement,college_student,career_outcomes,complex,multi-constraint,outcomes_pipeline,medium,"major_or_program,location,career_outcome_cue",intent:career_pattern
does Stanford have business,parent,attribute_lookup,short_circuit,single attribute,typesense_plus_metadata,easy,"school,major_or_program",
how do we update our school profile data,college_b2b,b2b_partnership,medium,B2B; parent framing,b2b_workflow,medium,b2b_request_type,persona:b2b_pattern
schools in the Midwest with low student-to-faculty ratio,advisor,filtered_search,medium,1–2 filters,semantic_or_faceted_search,medium,location,
Rice University admissions profile average sat and gpa,counselor_teacher,admissions_process,short_circuit,simple entity; counselor framing,faq_or_guidance,medium,"school,admissions_or_attribute_signal",intent:admissions_profile_pattern
Penn State financial aid for out of state,counselor_teacher,cost_financial_aid,medium,cost / aid,finance_guidance,medium,"school,cost_constraint",
MIT tuition vs Stanford tuition,high_school_student,comparison,short_circuit,compare entities,compare_pipeline,complex,"school,comparison_target,cost_constraint",
schools with high internship placement rates,advisor,career_outcomes,medium,outcomes; advisor framing,outcomes_pipeline,medium,career_outcome_cue,
best computer science schools near a major tech hub,advisor,filtered_search,medium,1–2 filters; advisor framing,semantic_or_faceted_search,medium,major_or_program,
UC Berkeley vibe,parent,campus_life_fit,llm_needed,subjective fit,llm_advisory,complex,"school,fit_or_culture_cue",
best colleges for mechanical engineering job outcomes,high_school_student,career_outcomes,llm_needed,outcomes,outcomes_pipeline,medium,"major_or_program,career_outcome_cue",
create reach target safety list for philosophy near a major tech hub under 20k,advisor,multi_constraint,medium,outcomes; advisor framing,foundry_multi_agent,complex,,intent:advisor_list_pattern
schools like Georgia Tech but cheaper,parent,rewrite_needed,complex,needs recommendations; parent framing,rewrite_then_route,complex,"school,rewrite_cue",intent:rewrite_pattern
universities with strong computer science,parent,filtered_search,medium,1–2 filters,semantic_or_faceted_search,medium,major_or_program,
create reach target safety list for neuroscience in warm states under 30k,advisor,multi_constraint,medium,B2B; advisor framing,foundry_multi_agent,complex,"major_or_program,location",intent:advisor_list_pattern
recommend medium-sized colleges on the East Coast for film reach schools,advisor,recommendation,complex,needs recommendations,recommendation_workflow,complex,"major_or_program,location",
recommend small colleges in the Midwest for chemistry not too competitive,advisor,recommendation,complex,needs recommendations,recommendation_workflow,complex,location,
UC San Diego,parent,direct_lookup,llm_needed,simple entity,typesense_only,easy,,
vanderbilt,high_school_student,direct_lookup,short_circuit,simple entity,typesense_only,easy,school,persona:school_only_pattern
do i need sat for Rice University,high_school_student,admissions_process,complex,how-to / admissions,faq_or_guidance,medium,"school,admissions_or_attribute_signal",
Penn State job placement for engineering,advisor,career_outcomes,medium,outcomes,outcomes_pipeline,medium,"school,major_or_program,career_outcome_cue",
what schools should i apply to for neuroscience in warm states full ride options,parent,recommendation,complex,needs recommendations,recommendation_workflow,complex,"major_or_program,location,cost_constraint",
Wisconsin,college_student,direct_lookup,short_circuit,simple entity,typesense_only,easy,,
University of Michigan vs USC for nursing,high_school_student,comparison,complex,compare entities,compare_pipeline,complex,"school,comparison_target,major_or_program",
job placement for UC San Diego,advisor,career_outcomes,short_circuit,single attribute,outcomes_pipeline,medium,career_outcome_cue,intent:career_pattern
brown,high_school_student,direct_lookup,complex,simple entity,typesense_only,easy,school,persona:school_only_pattern
what schools should i apply to for political science near a major tech hub under 40k,high_school_student,filtered_search,complex,needs recommendations,semantic_or_faceted_search,medium,,intent:filtered_search_pattern
what schools should i apply to for electrical engineering near a major tech hub under 20k,college_student,filtered_search,complex,needs recommendations,semantic_or_faceted_search,medium,major_or_program,intent:filtered_search_pattern
medium-sized computer science colleges near the beach full ride options reach schools,parent,multi_constraint,complex,multi-constraint,foundry_multi_agent,complex,"major_or_program,location,cost_constraint",
recommend large colleges in Texas for aerospace engineering safety schools,advisor,recommendation,complex,needs recommendations,recommendation_workflow,complex,"major_or_program,location",
affordable finance schools in the Midwest with good job placement,high_school_student,career_outcomes,complex,multi-constraint,outcomes_pipeline,medium,"location,career_outcome_cue",intent:career_pattern
affordable chemistry schools in California with good job placement,high_school_student,career_outcomes,complex,multi-constraint,outcomes_pipeline,medium,"location,career_outcome_cue",intent:career_pattern
USC job placement for public health,high_school_student,career_outcomes,medium,outcomes,outcomes_pipeline,medium,"school,career_outcome_cue",
Harvard job placement for computer science,parent,career_outcomes,medium,outcomes,outcomes_pipeline,medium,"school,major_or_program,career_outcome_cue",
how do we update our school profile data,college_b2b,b2b_partnership,short_circuit,B2B,b2b_workflow,medium,b2b_request_type,persona:b2b_pattern
University of Maryland vs University of Washington for nursing,counselor_teacher,comparison,complex,compare entities,compare_pipeline,complex,"school,comparison_target,major_or_program",
best colleges for nursing job outcomes,counselor_teacher,career_outcomes,medium,outcomes,outcomes_pipeline,medium,"major_or_program,career_outcome_cue",
schools like University of Washington but cheaper,counselor_teacher,rewrite_needed,complex,needs recommendations,rewrite_then_route,complex,"school,rewrite_cue",intent:rewrite_pattern
cheapest nursing schools near Chicago,parent,filtered_search,medium,cost / aid; parent framing,semantic_or_faceted_search,medium,"major_or_program,location",intent:filtered_search_pattern
NYU job placement for neuroscience,counselor_teacher,career_outcomes,medium,outcomes,outcomes_pipeline,medium,"school,major_or_program,career_outcome_cue",
Brown financial aid for out of state,counselor_teacher,cost_financial_aid,medium,cost / aid,finance_guidance,medium,"school,cost_constraint",
best architecture schools on the East Coast,high_school_student,filtered_search,medium,1–2 filters,semantic_or_faceted_search,medium,"major_or_program,location",
University of Florida normal people,high_school_student,campus_life_fit,llm_needed,subjective fit,llm_advisory,complex,"school,location,fit_or_culture_cue",
create reach target safety list for chemistry near the beach under 40k,advisor,multi_constraint,medium,1–2 filters; advisor framing,foundry_multi_agent,complex,location,intent:advisor_list_pattern
what schools should i apply to for economics on the East Coast under 30k,high_school_student,filtered_search,complex,needs recommendations,semantic_or_faceted_search,medium,"major_or_program,location",intent:filtered_search_pattern
schools in warm states with low student-to-faculty ratio,high_school_student,filtered_search,medium,1–2 filters,semantic_or_faceted_search,medium,location,
study abroad for Vanderbilt,high_school_student,attribute_lookup,short_circuit,single attribute,typesense_plus_metadata,easy,school,
UC Berkeley job placement for finance,high_school_student,career_outcomes,medium,outcomes,outcomes_pipeline,medium,"school,career_outcome_cue",
Cornell tuition vs University of Wisconsin tuition,parent,comparison,complex,compare entities; parent framing,compare_pipeline,complex,"school,comparison_target,cost_constraint",
schools with high internship placement rates,counselor_teacher,career_outcomes,medium,outcomes; counselor framing,outcomes_pipeline,medium,career_outcome_cue,
recommend small colleges in Texas for architecture safety schools,counselor_teacher,recommendation,complex,needs recommendations,recommendation_workflow,complex,"major_or_program,location",
average ACT for Georgia Tech,college_student,attribute_lookup,short_circuit,single attribute,typesense_plus_metadata,easy,school,
schools good for non-competitive culture,high_school_student,campus_life_fit,complex,subjective fit,llm_advisory,complex,fit_or_culture_cue,
campus safety for Princeton,advisor,attribute_lookup,short_circuit,single attribute; advisor framing,typesense_plus_metadata,easy,school,
UC San Diego,counselor_teacher,direct_lookup,short_circuit,simple entity,typesense_only,easy,,
how do i apply to Georgia Tech,high_school_student,admissions_process,medium,how-to / admissions,faq_or_guidance,medium,school,
recommend medium-sized colleges in California for chemistry target schools,high_school_student,recommendation,complex,needs recommendations,recommendation_workflow,complex,location,
UC Irvine vs Caltech for nursing,high_school_student,comparison,complex,compare entities,compare_pipeline,complex,"comparison_target,major_or_program",
Georgia Tech but cheaper,counselor_teacher,rewrite_needed,complex,needs rewrite,rewrite_then_route,complex,"school,rewrite_cue",
what schools should i apply to for pre-law on the East Coast low tuition,college_student,recommendation,llm_needed,needs recommendations,recommendation_workflow,complex,"major_or_program,location,cost_constraint",
UC Berkeley job placement for economics,counselor_teacher,career_outcomes,medium,outcomes,outcomes_pipeline,medium,"school,major_or_program,career_outcome_cue",
schools like Vanderbilt but cheaper,parent,rewrite_needed,complex,needs recommendations,rewrite_then_route,complex,"school,rewrite_cue",intent:rewrite_pattern
MIT,high_school_student,direct_lookup,short_circuit,simple entity,typesense_only,easy,school,persona:school_only_pattern
job placement for Northwestern,advisor,career_outcomes,short_circuit,single attribute,outcomes_pipeline,medium,"school,career_outcome_cue",intent:career_pattern
universities with strong engineering,college_student,filtered_search,medium,1–2 filters,semantic_or_faceted_search,medium,major_or_program,
schools good for vibe,college_student,campus_life_fit,llm_needed,subjective fit,llm_advisory,complex,fit_or_culture_cue,
how do i apply to UC Irvine,counselor_teacher,admissions_process,medium,how-to / admissions,faq_or_guidance,medium,,
how do i apply to Princeton,high_school_student,admissions_process,medium,how-to / admissions,faq_or_guidance,medium,school,
Arizona State tuition vs UT Austin tuition,college_student,comparison,complex,compare entities,compare_pipeline,complex,"school,comparison_target,cost_constraint",
Purdue vs UCLA,counselor_teacher,comparison,complex,compare entities,compare_pipeline,complex,"school,comparison_target",
UC Irvine average ACT,college_student,attribute_lookup,short_circuit,single attribute,typesense_plus_metadata,easy,,
Carnegie Mellon,high_school_student,direct_lookup,short_circuit,simple entity,typesense_only,easy,school,persona:school_only_pattern
how do we update our school profile data,college_b2b,b2b_partnership,medium,B2B,b2b_workflow,medium,b2b_request_type,persona:b2b_pattern
how to lower college costs,counselor_teacher,cost_financial_aid,medium,cost / aid,finance_guidance,medium,,
schools on the East Coast with low student-to-faculty ratio,high_school_student,filtered_search,medium,1–2 filters,semantic_or_faceted_search,medium,location,
does NYU have mechanical engineering,parent,attribute_lookup,short_circuit,single attribute,typesense_plus_metadata,easy,"school,major_or_program",
colleges near a major tech hub full ride options with strong research and internships,high_school_student,multi_constraint,complex,multi-constraint,foundry_multi_agent,complex,cost_constraint,
what schools should i apply to for finance not Florida under 30k,parent,filtered_search,complex,needs recommendations,semantic_or_faceted_search,medium,location,intent:filtered_search_pattern
how do i apply to University of Florida,college_student,admissions_process,medium,how-to / admissions,faq_or_guidance,medium,"school,location",
affordable political science schools near a major tech hub with good job placement,parent,career_outcomes,complex,multi-constraint,outcomes_pipeline,medium,career_outcome_cue,intent:career_pattern
best colleges for computer science job outcomes,parent,career_outcomes,short_circuit,outcomes,outcomes_pipeline,medium,"major_or_program,career_outcome_cue",
University of Wisconsin vs Columbia,parent,comparison,complex,compare entities,compare_pipeline,complex,"school,comparison_target",
how to lower college costs,counselor_teacher,cost_financial_aid,medium,cost / aid; counselor framing,finance_guidance,medium,,
how do i apply to Duke,advisor,admissions_process,complex,how-to / admissions,faq_or_guidance,medium,school,
schools like Rice University but cheaper,parent,rewrite_needed,complex,needs recommendations,rewrite_then_route,complex,"school,rewrite_cue",intent:rewrite_pattern
University of Washington tuition vs Arizona State tuition,parent,comparison,complex,compare entities,compare_pipeline,complex,"school,comparison_target,cost_constraint",
UC Berkeley financial aid for out of state,parent,cost_financial_aid,medium,cost / aid,finance_guidance,medium,"school,cost_constraint",
small philosophy colleges not Florida under 40k safety schools,counselor_teacher,filtered_search,complex,multi-constraint,semantic_or_faceted_search,medium,location,intent:filtered_search_pattern
four year cost of Vanderbilt including housing,parent,cost_financial_aid,medium,1–2 filters; parent framing,finance_guidance,medium,"school,cost_constraint,admissions_or_attribute_signal",intent:four_year_cost_pattern
what essays does Columbia require,college_student,admissions_process,medium,how-to / admissions,faq_or_guidance,medium,school,
four year cost of USC including housing,parent,cost_financial_aid,complex,compare entities; parent framing,finance_guidance,medium,"school,cost_constraint,admissions_or_attribute_signal",intent:four_year_cost_pattern
Caltech mental health counseling,counselor_teacher,attribute_lookup,short_circuit,single attribute,typesense_plus_metadata,easy,,
NYU,high_school_student,direct_lookup,short_circuit,simple entity,typesense_only,easy,school,persona:school_only_pattern
affordable engineering schools near Chicago with good job placement,high_school_student,career_outcomes,complex,multi-constraint,outcomes_pipeline,medium,"major_or_program,location,career_outcome_cue",intent:career_pattern
affordable pre-law schools in California with good job placement,high_school_student,career_outcomes,complex,multi-constraint,outcomes_pipeline,medium,"major_or_program,location,career_outcome_cue",intent:career_pattern
how do i apply to University of Maryland,counselor_teacher,admissions_process,medium,how-to / admissions; counselor framing,faq_or_guidance,medium,school,
how do i apply to University of Washington,counselor_teacher,admissions_process,medium,how-to / admissions,faq_or_guidance,medium,school,
do i need sat for Purdue,college_student,admissions_process,medium,how-to / admissions,faq_or_guidance,medium,"school,admissions_or_attribute_signal",
pricing for partner colleges,college_b2b,b2b_partnership,llm_needed,B2B,b2b_workflow,medium,b2b_request_type,
UC Berkeley scholarships,parent,cost_financial_aid,short_circuit,cost / aid; parent framing,finance_guidance,medium,"school,cost_constraint",
how do i apply to Columbia,high_school_student,admissions_process,medium,how-to / admissions,faq_or_guidance,medium,school,
best colleges for psychology job outcomes,advisor,career_outcomes,medium,outcomes,outcomes_pipeline,medium,"major_or_program,career_outcome_cue",
schools good for non-competitive culture,advisor,campus_life_fit,llm_needed,subjective fit,llm_advisory,complex,fit_or_culture_cue,
schools near a major tech hub with low student-to-faculty ratio,parent,filtered_search,medium,1–2 filters,semantic_or_faceted_search,medium,,
enterprise access for counselors and districts,college_b2b,b2b_partnership,medium,B2B,b2b_workflow,medium,b2b_request_type,persona:b2b_pattern
what schools should i apply to for nursing in the Midwest under 40k,advisor,filtered_search,short_circuit,needs recommendations,semantic_or_faceted_search,medium,"major_or_program,location",intent:filtered_search_pattern
best colleges for architecture job outcomes,high_school_student,career_outcomes,medium,outcomes,outcomes_pipeline,medium,"major_or_program,career_outcome_cue",
recommend large colleges in warm states for public health reach schools,parent,recommendation,complex,needs recommendations,recommendation_workflow,complex,location,
schools like University of Florida but cheaper,counselor_teacher,rewrite_needed,complex,needs recommendations,rewrite_then_route,complex,"school,location,rewrite_cue",intent:rewrite_pattern
four year cost of Boston University including housing,parent,cost_financial_aid,complex,needs rewrite; parent framing,finance_guidance,medium,"school,cost_constraint,admissions_or_attribute_signal",intent:four_year_cost_pattern
four year cost of Stanford including housing,parent,cost_financial_aid,llm_needed,subjective fit; parent framing,finance_guidance,medium,"school,cost_constraint,admissions_or_attribute_signal",intent:four_year_cost_pattern
Arizona State scholarships,college_student,cost_financial_aid,medium,cost / aid,finance_guidance,medium,"school,cost_constraint",
schools like University of Florida but cheaper,college_student,rewrite_needed,complex,needs recommendations,rewrite_then_route,complex,"school,location,rewrite_cue",intent:rewrite_pattern
Boston University tuition vs USC tuition,parent,comparison,complex,compare entities,compare_pipeline,complex,"school,comparison_target,cost_constraint",
does UC Berkeley have film,advisor,attribute_lookup,short_circuit,single attribute,typesense_plus_metadata,easy,"school,major_or_program",
Brown housing guarantee,parent,attribute_lookup,medium,1–2 filters; parent framing,typesense_plus_metadata,easy,"school,admissions_or_attribute_signal",intent:housing_guarantee_pattern
does UC Berkeley have data science,college_student,attribute_lookup,short_circuit,single attribute,typesense_plus_metadata,easy,school,
do i need sat for Caltech,counselor_teacher,admissions_process,medium,how-to / admissions,faq_or_guidance,medium,admissions_or_attribute_signal,
how do i apply to University of Michigan,college_student,admissions_process,llm_needed,how-to / admissions,faq_or_guidance,medium,school,
Cornell housing guarantee,parent,attribute_lookup,medium,1–2 filters; parent framing,typesense_plus_metadata,easy,"school,admissions_or_attribute_signal",intent:housing_guarantee_pattern
student-to-faculty ratio for Caltech,high_school_student,attribute_lookup,medium,single attribute,typesense_plus_metadata,easy,,
what essays does UC San Diego require,advisor,admissions_process,medium,how-to / admissions; advisor framing,faq_or_guidance,medium,,
does Penn State have economics,parent,attribute_lookup,short_circuit,single attribute; parent framing,typesense_plus_metadata,easy,"school,major_or_program",
Brown tuition vs University of Florida tuition,high_school_student,comparison,complex,compare entities,compare_pipeline,complex,"school,comparison_target,location,cost_constraint",
does Northeastern have economics,high_school_student,attribute_lookup,short_circuit,single attribute,typesense_plus_metadata,easy,major_or_program,
small data science colleges near the beach under 30k safety schools,parent,multi_constraint,complex,multi-constraint,foundry_multi_agent,complex,location,
large electrical engineering colleges near the beach low tuition not too competitive,college_student,multi_constraint,complex,multi-constraint,foundry_multi_agent,complex,"major_or_program,location,cost_constraint",
University of Michigan chill campus,counselor_teacher,campus_life_fit,llm_needed,subjective fit,llm_advisory,complex,"school,fit_or_culture_cue",
Duke housing guarantee,parent,attribute_lookup,short_circuit,simple entity; parent framing,typesense_plus_metadata,easy,"school,admissions_or_attribute_signal",intent:housing_guarantee_pattern
Brown application deadlines,parent,admissions_process,medium,how-to / admissions,faq_or_guidance,medium,"school,admissions_or_attribute_signal",
clubs for University of Wisconsin,advisor,attribute_lookup,short_circuit,single attribute,typesense_plus_metadata,easy,school,
large economics colleges in warm states low tuition safety schools,college_student,multi_constraint,complex,multi-constraint,foundry_multi_agent,complex,"major_or_program,location,cost_constraint",
Brown tuition vs Carnegie Mellon tuition,parent,comparison,complex,compare entities,compare_pipeline,complex,"school,comparison_target,cost_constraint",
does Georgia Tech have pre-law,college_student,attribute_lookup,short_circuit,single attribute,typesense_plus_metadata,easy,"school,major_or_program",
do i need sat for UCLA,advisor,admissions_process,medium,how-to / admissions,faq_or_guidance,medium,"school,admissions_or_attribute_signal",
Harvard but cheaper,high_school_student,rewrite_needed,complex,needs rewrite,rewrite_then_route,complex,"school,rewrite_cue",
Northeastern research opportunities,college_student,attribute_lookup,short_circuit,single attribute,typesense_plus_metadata,easy,,
does Georgia Tech have architecture,college_student,attribute_lookup,short_circuit,single attribute,typesense_plus_metadata,easy,"school,major_or_program",
colleges in warm states,parent,filtered_search,llm_needed,1–2 filters,semantic_or_faceted_search,medium,location,
schools with strong first gen support,counselor_teacher,filtered_search,medium,needs rewrite; counselor framing,semantic_or_faceted_search,medium,,intent:first_gen_support_pattern
University of Maryland,high_school_student,direct_lookup,short_circuit,simple entity,typesense_only,easy,school,persona:school_only_pattern
UC Berkeley application deadlines,college_student,admissions_process,complex,how-to / admissions,faq_or_guidance,medium,"school,admissions_or_attribute_signal",
recommend small colleges in Texas for political science reach schools,high_school_student,recommendation,complex,needs recommendations,recommendation_workflow,complex,location,
how to lower college costs,advisor,cost_financial_aid,medium,cost / aid,finance_guidance,medium,,
four year cost of UC Berkeley including housing,parent,cost_financial_aid,llm_needed,subjective fit; parent framing,finance_guidance,medium,"school,cost_constraint,admissions_or_attribute_signal",intent:four_year_cost_pattern
what schools should i apply to for film in Texas under 20k,high_school_student,filtered_search,complex,needs recommendations,semantic_or_faceted_search,medium,"major_or_program,location",intent:filtered_search_pattern
create reach target safety list for mechanical engineering in California under 40k,advisor,multi_constraint,complex,needs rewrite; advisor framing,foundry_multi_agent,complex,"major_or_program,location",intent:advisor_list_pattern
universities with strong biology,college_student,filtered_search,medium,1–2 filters,semantic_or_faceted_search,medium,major_or_program,
University of Maryland job placement,high_school_student,career_outcomes,complex,single attribute,outcomes_pipeline,medium,"school,career_outcome_cue",intent:career_pattern
how do i apply to Georgia Tech,advisor,admissions_process,medium,how-to / admissions,faq_or_guidance,medium,school,
colleges in warm states under 30k with strong research and internships,parent,multi_constraint,complex,multi-constraint; parent framing,foundry_multi_agent,complex,location,
colleges in warm states under 30k with strong research and internships,counselor_teacher,multi_constraint,complex,multi-constraint,foundry_multi_agent,complex,location,
schools good for non-competitive culture,parent,campus_life_fit,medium,subjective fit; parent framing,llm_advisory,complex,fit_or_culture_cue,
Caltech,high_school_student,direct_lookup,short_circuit,simple entity,typesense_only,easy,,
Penn State admissions profile average sat and gpa,counselor_teacher,admissions_process,short_circuit,simple entity; counselor framing,faq_or_guidance,medium,"school,admissions_or_attribute_signal",intent:admissions_profile_pattern
do i need sat for NYU,parent,admissions_process,medium,how-to / admissions,faq_or_guidance,medium,"school,admissions_or_attribute_signal",
best colleges for economics job outcomes,advisor,career_outcomes,medium,outcomes,outcomes_pipeline,medium,"major_or_program,career_outcome_cue",
University of Maryland average ACT,high_school_student,attribute_lookup,short_circuit,single attribute,typesense_plus_metadata,easy,school,
does Cornell have business,advisor,attribute_lookup,medium,single attribute; advisor framing,typesense_plus_metadata,easy,"school,major_or_program",
what schools should i apply to for film in the Midwest under 30k,advisor,filtered_search,complex,needs recommendations; advisor framing,semantic_or_faceted_search,medium,"major_or_program,location",intent:filtered_search_pattern
University of Wisconsin tuition vs UCLA tuition,college_student,comparison,complex,compare entities,compare_pipeline,complex,"school,comparison_target,cost_constraint",
best computer science schools near the beach,high_school_student,filtered_search,medium,1–2 filters,semantic_or_faceted_search,medium,"major_or_program,location",
UC San Diego,college_student,direct_lookup,short_circuit,simple entity,typesense_only,easy,,
NYU admissions profile average sat and gpa,counselor_teacher,admissions_process,complex,needs recommendations; counselor framing,faq_or_guidance,medium,"school,admissions_or_attribute_signal",intent:admissions_profile_pattern
best psychology schools in warm states,parent,filtered_search,medium,1–2 filters,semantic_or_faceted_search,medium,"major_or_program,location",
what schools should i apply to for electrical engineering on the East Coast good financial aid,counselor_teacher,recommendation,complex,needs recommendations,recommendation_workflow,complex,"major_or_program,location,cost_constraint",
what essays does Cornell require,college_student,admissions_process,llm_needed,how-to / admissions,faq_or_guidance,medium,school,
does University of Maryland have political science,counselor_teacher,attribute_lookup,short_circuit,single attribute,typesense_plus_metadata,easy,school,
create reach target safety list for neuroscience not Florida under 40k,advisor,multi_constraint,short_circuit,single attribute; advisor framing,foundry_multi_agent,complex,"major_or_program,location",intent:advisor_list_pattern
universities with strong pre-med,college_student,filtered_search,medium,1–2 filters,semantic_or_faceted_search,medium,major_or_program,
cheapest pre-law schools in the Midwest,high_school_student,filtered_search,medium,cost / aid,semantic_or_faceted_search,medium,"major_or_program,location",intent:filtered_search_pattern
University of Michigan tuition vs UC Berkeley tuition,parent,comparison,complex,compare entities,compare_pipeline,complex,"school,comparison_target,cost_constraint",
Carnegie Mellon scholarships,high_school_student,cost_financial_aid,medium,cost / aid,finance_guidance,medium,"school,cost_constraint",
MIT sports culture,high_school_student,campus_life_fit,llm_needed,subjective fit,llm_advisory,complex,"school,fit_or_culture_cue",
large biology colleges near the beach under 30k reach schools,college_student,filtered_search,complex,multi-constraint,semantic_or_faceted_search,medium,"major_or_program,location",intent:filtered_search_pattern
UC Berkeley,high_school_student,direct_lookup,short_circuit,simple entity,typesense_only,easy,school,persona:school_only_pattern
Caltech,counselor_teacher,direct_lookup,short_circuit,simple entity,typesense_only,easy,,
what schools should i apply to for aerospace engineering near the beach low tuition,high_school_student,recommendation,complex,needs recommendations,recommendation_workflow,complex,"major_or_program,location,cost_constraint",
schools good for vibe,high_school_student,campus_life_fit,llm_needed,subjective fit,llm_advisory,complex,fit_or_culture_cue,
universities with strong finance,college_student,filtered_search,medium,1–2 filters,semantic_or_faceted_search,medium,,
schools with high internship placement rates,advisor,career_outcomes,short_circuit,outcomes,outcomes_pipeline,medium,career_outcome_cue,
UC San Diego job placement for data science,college_student,career_outcomes,medium,outcomes,outcomes_pipeline,medium,career_outcome_cue,
Boston University housing guarantee,parent,attribute_lookup,complex,needs recommendations; parent framing,typesense_plus_metadata,easy,"school,admissions_or_attribute_signal",intent:housing_guarantee_pattern
Northeastern tuition vs MIT tuition,college_student,comparison,complex,compare entities,compare_pipeline,complex,"school,comparison_target,cost_constraint",
schools with strong first gen support,counselor_teacher,filtered_search,complex,1–2 filters; counselor framing,semantic_or_faceted_search,medium,,
pricing for partner colleges,college_b2b,b2b_partnership,medium,B2B,b2b_workflow,medium,b2b_request_type,persona:b2b_pattern
UCLA vs Penn State,parent,comparison,complex,compare entities,compare_pipeline,complex,"school,comparison_target",
Virginia Tech job placement for data science,counselor_teacher,career_outcomes,medium,outcomes,outcomes_pipeline,medium,"school,career_outcome_cue",
does University of Florida have aerospace engineering,advisor,attribute_lookup,medium,single attribute,typesense_plus_metadata,easy,"school,major_or_program,location",
colleges in Texas good financial aid with strong research and internships,college_student,multi_constraint,complex,multi-constraint,foundry_multi_agent,complex,"location,cost_constraint",
recommend large colleges on the East Coast for nursing not too competitive,college_student,recommendation,complex,needs recommendations,recommendation_workflow,complex,"major_or_program,location",
University of Michigan vibe,counselor_teacher,campus_life_fit,llm_needed,subjective fit,llm_advisory,complex,"school,fit_or_culture_cue",
small electrical engineering colleges not Florida good financial aid target schools,college_student,multi_constraint,complex,multi-constraint,foundry_multi_agent,complex,"major_or_program,location,cost_constraint",
universities with strong philosophy,counselor_teacher,filtered_search,medium,1–2 filters,semantic_or_faceted_search,medium,,
university of washington,high_school_student,direct_lookup,short_circuit,simple entity,typesense_only,easy,school,persona:school_only_pattern
schools like NYU but cheaper,high_school_student,rewrite_needed,llm_needed,needs recommendations,rewrite_then_route,complex,"school,rewrite_cue",intent:rewrite_pattern
colleges in Texas,advisor,filtered_search,medium,1–2 filters,semantic_or_faceted_search,medium,location,
four year cost of Virginia Tech including housing,parent,cost_financial_aid,complex,compare entities; parent framing,finance_guidance,medium,"school,cost_constraint,admissions_or_attribute_signal",intent:four_year_cost_pattern
uc berkeley,high_school_student,direct_lookup,short_circuit,simple entity,typesense_only,easy,school,persona:school_only_pattern
does University of Washington have aerospace engineering,high_school_student,attribute_lookup,short_circuit,single attribute,typesense_plus_metadata,easy,"school,major_or_program",
schools like USC but cheaper,parent,rewrite_needed,complex,needs recommendations; parent framing,rewrite_then_route,complex,"school,rewrite_cue",intent:rewrite_pattern
Caltech vs Penn State for aerospace engineering,parent,comparison,complex,compare entities,compare_pipeline,complex,"school,comparison_target,major_or_program",
cornell,high_school_student,direct_lookup,short_circuit,simple entity,typesense_only,easy,school,persona:school_only_pattern
affordable biology schools not Florida with good job placement,counselor_teacher,career_outcomes,llm_needed,multi-constraint,outcomes_pipeline,medium,"major_or_program,location,career_outcome_cue",intent:career_pattern
UC Irvine job placement for chemistry,college_student,career_outcomes,medium,outcomes,outcomes_pipeline,medium,career_outcome_cue,
cheapest engineering schools not Florida,college_student,filtered_search,medium,cost / aid,semantic_or_faceted_search,medium,"major_or_program,location",intent:filtered_search_pattern
harvard but less stressful,advisor,rewrite_needed,complex,needs rewrite; advisor framing,rewrite_then_route,complex,"school,rewrite_cue",
colleges in California full ride options with strong research and internships,counselor_teacher,multi_constraint,llm_needed,multi-constraint; counselor framing,foundry_multi_agent,complex,"location,cost_constraint",
recommend small colleges in California for finance not too competitive,advisor,recommendation,complex,needs recommendations; advisor framing,recommendation_workflow,complex,location,
affordable pre-med schools near a major tech hub with good job placement,advisor,career_outcomes,complex,multi-constraint,outcomes_pipeline,medium,"major_or_program,career_outcome_cue",intent:career_pattern
student-to-faculty ratio for Columbia,advisor,attribute_lookup,medium,single attribute,typesense_plus_metadata,easy,school,
four year cost of University of Wisconsin including housing,parent,cost_financial_aid,short_circuit,single attribute; parent framing,finance_guidance,medium,"school,cost_constraint,admissions_or_attribute_signal",intent:four_year_cost_pattern
University of Maryland tuition vs Rice University tuition,parent,comparison,complex,compare entities,compare_pipeline,complex,"school,comparison_target,cost_constraint",
Columbia job placement for pre-law,high_school_student,career_outcomes,medium,outcomes,outcomes_pipeline,medium,"school,major_or_program,career_outcome_cue",
best colleges for philosophy job outcomes,counselor_teacher,career_outcomes,medium,outcomes,outcomes_pipeline,medium,career_outcome_cue,
Virginia Tech vs Stanford for pre-law,advisor,comparison,complex,compare entities,compare_pipeline,complex,"school,comparison_target,major_or_program",
University of Maryland financial aid for out of state,college_student,cost_financial_aid,medium,cost / aid,finance_guidance,medium,"school,cost_constraint",
affordable computer science schools in Texas with good job placement,parent,career_outcomes,complex,multi-constraint,outcomes_pipeline,medium,"major_or_program,location,career_outcome_cue",intent:career_pattern
create reach target safety list for neuroscience not Florida under 30k,advisor,multi_constraint,medium,B2B; advisor framing,foundry_multi_agent,complex,"major_or_program,location",intent:advisor_list_pattern
USC tuition vs Purdue tuition,high_school_student,comparison,complex,compare entities,compare_pipeline,complex,"school,comparison_target,cost_constraint",
schools like Cornell but cheaper,advisor,rewrite_needed,complex,needs recommendations,rewrite_then_route,complex,"school,rewrite_cue",intent:rewrite_pattern
harvard but less stressful,counselor_teacher,rewrite_needed,medium,needs rewrite,rewrite_then_route,complex,"school,rewrite_cue",
NYU vs UCLA for public health,counselor_teacher,comparison,complex,compare entities,compare_pipeline,complex,"school,comparison_target",
universities with strong business,high_school_student,filtered_search,medium,1–2 filters,semantic_or_faceted_search,medium,major_or_program,
student-to-faculty ratio for Penn State,counselor_teacher,attribute_lookup,short_circuit,single attribute,typesense_plus_metadata,easy,school,
University of Wisconsin non-competitive culture,parent,campus_life_fit,llm_needed,subjective fit,llm_advisory,complex,"school,fit_or_culture_cue",
MIT vs Virginia Tech for psychology,high_school_student,comparison,complex,compare entities,compare_pipeline,complex,"school,comparison_target,major_or_program",
usc,high_school_student,direct_lookup,short_circuit,simple entity,typesense_only,easy,school,
how do i apply to Vanderbilt,advisor,admissions_process,medium,how-to / admissions,faq_or_guidance,medium,school,
do i need sat for Arizona State,college_student,admissions_process,medium,how-to / admissions,faq_or_guidance,medium,"school,admissions_or_attribute_signal",
what schools should i apply to for public health in the Midwest under 40k,high_school_student,filtered_search,complex,needs recommendations,semantic_or_faceted_search,medium,location,intent:filtered_search_pattern
schools like Virginia Tech but cheaper,college_student,rewrite_needed,complex,needs recommendations,rewrite_then_route,complex,"school,rewrite_cue",intent:rewrite_pattern
cheapest pre-law schools near Chicago,college_student,filtered_search,medium,cost / aid,semantic_or_faceted_search,medium,"major_or_program,location",intent:filtered_search_pattern
schools with normal people,high_school_student,campus_life_fit,medium,subjective fit,llm_advisory,complex,fit_or_culture_cue,
UC San Diego introverts,parent,campus_life_fit,llm_needed,subjective fit; parent framing,llm_advisory,complex,fit_or_culture_cue,
do i need sat for Virginia Tech,college_student,admissions_process,medium,how-to / admissions,faq_or_guidance,medium,"school,admissions_or_attribute_signal",
create reach target safety list for business near a major tech hub low tuition,advisor,multi_constraint,medium,cost / aid; advisor framing,foundry_multi_agent,complex,"major_or_program,cost_constraint",intent:advisor_list_pattern
what schools should i apply to for biology in the Midwest under 20k,high_school_student,filtered_search,complex,needs recommendations,semantic_or_faceted_search,medium,"major_or_program,location",intent:filtered_search_pattern
create reach target safety list for film near the beach low tuition,advisor,multi_constraint,llm_needed,subjective fit; advisor framing,foundry_multi_agent,complex,"major_or_program,location,cost_constraint",intent:advisor_list_pattern
create reach target safety list for mechanical engineering in Texas under 20k,advisor,multi_constraint,complex,multi-constraint; advisor framing,foundry_multi_agent,complex,"major_or_program,location",
create reach target safety list for nursing in Texas under 20k,advisor,multi_constraint,complex,simple entity; advisor framing,foundry_multi_agent,complex,"major_or_program,location",intent:advisor_list_pattern
how do i apply to Penn State,counselor_teacher,admissions_process,complex,how-to / admissions; counselor framing,faq_or_guidance,medium,school,
colleges near a major tech hub,college_student,filtered_search,medium,1–2 filters,semantic_or_faceted_search,medium,,
Arizona State financial aid for out of state,counselor_teacher,cost_financial_aid,medium,cost / aid,finance_guidance,medium,"school,cost_constraint",
Boston University vs Virginia Tech,college_student,comparison,complex,compare entities,compare_pipeline,complex,"school,comparison_target",
University of Florida,high_school_student,direct_lookup,short_circuit,simple entity,typesense_only,easy,"school,location",persona:school_only_pattern
what schools should i apply to for public health in California full ride options,counselor_teacher,recommendation,complex,needs recommendations,recommendation_workflow,complex,"location,cost_constraint",
cheapest psychology schools near the beach,college_student,filtered_search,medium,cost / aid,semantic_or_faceted_search,medium,"major_or_program,location",intent:filtered_search_pattern
colleges on the East Coast under 40k with strong research and internships,counselor_teacher,multi_constraint,complex,multi-constraint,foundry_multi_agent,complex,location,
University of Wisconsin financial aid for out of state,high_school_student,cost_financial_aid,medium,cost / aid,finance_guidance,medium,"school,cost_constraint",
Penn State vs UC San Diego,high_school_student,comparison,complex,compare entities,compare_pipeline,complex,"school,comparison_target",
cheapest architecture schools on the East Coast,parent,filtered_search,medium,cost / aid; parent framing,semantic_or_faceted_search,medium,"major_or_program,location",intent:filtered_search_pattern
create reach target safety list for data science near a major tech hub under 30k,advisor,multi_constraint,complex,outcomes; advisor framing,foundry_multi_agent,complex,,intent:advisor_list_pattern
schools good for non-competitive culture,college_student,campus_life_fit,short_circuit,subjective fit,llm_advisory,complex,fit_or_culture_cue,
universities with strong nursing,parent,filtered_search,medium,1–2 filters,semantic_or_faceted_search,medium,major_or_program,
Purdue vs University of Florida for nursing,college_student,comparison,complex,compare entities,compare_pipeline,complex,"school,comparison_target,major_or_program,location",
four year cost of Penn State including housing,parent,cost_financial_aid,complex,needs rewrite; parent framing,finance_guidance,medium,"school,cost_constraint,admissions_or_attribute_signal",intent:four_year_cost_pattern
four year cost of University of Washington including housing,parent,cost_financial_aid,medium,how-to / admissions; parent framing,finance_guidance,medium,"school,cost_constraint,admissions_or_attribute_signal",intent:four_year_cost_pattern
cheapest neuroscience schools in California,high_school_student,filtered_search,medium,cost / aid,semantic_or_faceted_search,medium,"major_or_program,location",intent:filtered_search_pattern
do i need sat for UC Berkeley,parent,admissions_process,medium,how-to / admissions,faq_or_guidance,medium,"school,admissions_or_attribute_signal",
schools in California with low student-to-faculty ratio,high_school_student,filtered_search,medium,1–2 filters,semantic_or_faceted_search,medium,location,
Vanderbilt,high_school_student,direct_lookup,complex,simple entity,typesense_only,easy,school,persona:school_only_pattern
University of Washington tuition vs Northwestern tuition,high_school_student,comparison,llm_needed,compare entities,compare_pipeline,complex,"school,comparison_target,cost_constraint",
four year cost of Brown including housing,parent,cost_financial_aid,complex,needs rewrite; parent framing,finance_guidance,medium,"school,cost_constraint,admissions_or_attribute_signal",intent:four_year_cost_pattern
cheapest pre-med schools not Florida,counselor_teacher,filtered_search,medium,cost / aid,semantic_or_faceted_search,medium,"major_or_program,location",intent:filtered_search_pattern
recommend small colleges in the Midwest for computer science reach schools,parent,recommendation,complex,needs recommendations,recommendation_workflow,complex,"major_or_program,location",
create reach target safety list for economics in Texas low tuition,advisor,multi_constraint,medium,cost / aid; advisor framing,foundry_multi_agent,complex,"major_or_program,location,cost_constraint",intent:advisor_list_pattern
UC San Diego financial aid for out of state,college_student,cost_financial_aid,medium,cost / aid,finance_guidance,medium,cost_constraint,
colleges near Chicago,parent,filtered_search,medium,1–2 filters,semantic_or_faceted_search,medium,location,
northeastern,counselor_teacher,direct_lookup,short_circuit,simple entity,typesense_only,easy,,
University of Washington tuition vs Boston University tuition,high_school_student,comparison,complex,compare entities,compare_pipeline,complex,"school,comparison_target,cost_constraint",
University of Washington application deadlines,counselor_teacher,admissions_process,medium,how-to / admissions; counselor framing,faq_or_guidance,medium,"school,admissions_or_attribute_signal",
University of Washington,high_school_student,direct_lookup,short_circuit,simple entity,typesense_only,easy,school,
schools with strong first gen support,counselor_teacher,filtered_search,complex,outcomes; counselor framing,semantic_or_faceted_search,medium,,intent:first_gen_support_pattern
recommend small colleges not Florida for public health reach schools,parent,recommendation,complex,needs recommendations,recommendation_workflow,complex,location,
location for University of Maryland,high_school_student,attribute_lookup,short_circuit,single attribute,typesense_plus_metadata,easy,school,
does Princeton have pre-med,high_school_student,attribute_lookup,short_circuit,single attribute,typesense_plus_metadata,easy,"school,major_or_program",
create reach target safety list for philosophy in warm states good financial aid,advisor,multi_constraint,medium,1–2 filters; advisor framing,foundry_multi_agent,complex,"location,cost_constraint",intent:advisor_list_pattern
UC San Diego job placement for philosophy,college_student,career_outcomes,medium,outcomes,outcomes_pipeline,medium,career_outcome_cue,
small engineering colleges not Florida under 30k target schools,college_student,filtered_search,complex,multi-constraint,semantic_or_faceted_search,medium,"major_or_program,location",intent:filtered_search_pattern
create reach target safety list for biology on the East Coast good financial aid,advisor,multi_constraint,medium,outcomes; advisor framing,foundry_multi_agent,complex,"major_or_program,location,cost_constraint",intent:advisor_list_pattern
affordable philosophy schools not Florida with good job placement,parent,career_outcomes,complex,multi-constraint; parent framing,outcomes_pipeline,medium,"location,career_outcome_cue",intent:career_pattern
acceptance rate for UC San Diego,parent,attribute_lookup,short_circuit,single attribute,typesense_plus_metadata,easy,admissions_or_attribute_signal,
Boston University housing guarantee,parent,attribute_lookup,complex,single attribute; parent framing,typesense_plus_metadata,easy,"school,admissions_or_attribute_signal",
Columbia job placement for film,advisor,career_outcomes,medium,outcomes,outcomes_pipeline,medium,"school,major_or_program,career_outcome_cue",
do i need sat for Cornell,parent,admissions_process,medium,how-to / admissions,faq_or_guidance,medium,"school,admissions_or_attribute_signal",
University of Michigan vs UC Berkeley,parent,comparison,llm_needed,compare entities,compare_pipeline,complex,"school,comparison_target",
schools like Cornell but cheaper,college_student,rewrite_needed,complex,needs recommendations,rewrite_then_route,complex,"school,rewrite_cue",intent:rewrite_pattern
recommend small colleges near the beach for pre-med reach schools,high_school_student,recommendation,complex,needs recommendations,recommendation_workflow,complex,"major_or_program,location",
Brown tuition vs UC Irvine tuition,college_student,comparison,complex,compare entities,compare_pipeline,complex,"school,comparison_target,cost_constraint",
UT Austin normal people,high_school_student,campus_life_fit,llm_needed,subjective fit,llm_advisory,complex,"school,fit_or_culture_cue",
affordable computer science schools near the beach with good job placement,parent,career_outcomes,complex,multi-constraint,outcomes_pipeline,medium,"major_or_program,location,career_outcome_cue",intent:career_pattern
schools near the beach with low student-to-faculty ratio,high_school_student,filtered_search,medium,1–2 filters,semantic_or_faceted_search,medium,location,
best colleges for nursing job outcomes,advisor,career_outcomes,medium,outcomes; advisor framing,outcomes_pipeline,medium,"major_or_program,career_outcome_cue",
affordable finance schools in Texas with good job placement,counselor_teacher,career_outcomes,complex,multi-constraint; counselor framing,outcomes_pipeline,medium,"location,career_outcome_cue",intent:career_pattern
Georgia Tech housing guarantee,parent,attribute_lookup,llm_needed,how-to / admissions; parent framing,typesense_plus_metadata,easy,"school,admissions_or_attribute_signal",intent:housing_guarantee_pattern
Northwestern tuition vs Rice University tuition,high_school_student,comparison,complex,compare entities,compare_pipeline,complex,"school,comparison_target,cost_constraint",
UCLA,high_school_student,direct_lookup,medium,simple entity,typesense_only,easy,school,persona:school_only_pattern
Rice University,high_school_student,direct_lookup,short_circuit,simple entity,typesense_only,easy,school,
does Vanderbilt have philosophy,college_student,attribute_lookup,short_circuit,single attribute,typesense_plus_metadata,easy,school,
Princeton financial aid for out of state,advisor,cost_financial_aid,medium,cost / aid,finance_guidance,medium,"school,cost_constraint",
student-to-faculty ratio for Boston University,counselor_teacher,attribute_lookup,short_circuit,single attribute,typesense_plus_metadata,easy,school,
University of Wisconsin admissions profile average sat and gpa,counselor_teacher,admissions_process,medium,B2B; counselor framing,faq_or_guidance,medium,"school,admissions_or_attribute_signal",intent:admissions_profile_pattern
northwestern,high_school_student,direct_lookup,short_circuit,simple entity; advisor framing,typesense_only,easy,school,persona:school_only_pattern
recommend small colleges in warm states for data science safety schools,counselor_teacher,recommendation,complex,needs recommendations,recommendation_workflow,complex,location,
schools like Stanford but cheaper,high_school_student,rewrite_needed,medium,needs recommendations,rewrite_then_route,complex,"school,rewrite_cue",intent:rewrite_pattern
Vanderbilt internships,advisor,attribute_lookup,short_circuit,single attribute,typesense_plus_metadata,easy,school,
USC vs UC San Diego for nursing,advisor,comparison,complex,compare entities,compare_pipeline,complex,"school,comparison_target,major_or_program",
affordable nursing schools in Texas with good job placement,high_school_student,career_outcomes,complex,multi-constraint,outcomes_pipeline,medium,"major_or_program,location,career_outcome_cue",intent:career_pattern
Virginia Tech but cheaper,high_school_student,rewrite_needed,complex,needs rewrite,rewrite_then_route,complex,"school,rewrite_cue",
small business colleges not Florida under 30k not too competitive,counselor_teacher,filtered_search,complex,multi-constraint,semantic_or_faceted_search,medium,"major_or_program,location",intent:filtered_search_pattern
University of Florida,high_school_student,direct_lookup,short_circuit,simple entity; parent framing,typesense_only,easy,"school,location",persona:school_only_pattern
University of Michigan housing guarantee,parent,attribute_lookup,llm_needed,subjective fit; parent framing,typesense_plus_metadata,easy,"school,admissions_or_attribute_signal",intent:housing_guarantee_pattern
Vanderbilt but cheaper,counselor_teacher,rewrite_needed,complex,needs rewrite,rewrite_then_route,complex,"school,rewrite_cue",
Arizona State housing guarantee,parent,attribute_lookup,complex,needs recommendations; parent framing,typesense_plus_metadata,easy,"school,admissions_or_attribute_signal",intent:housing_guarantee_pattern
UC San Diego vs Arizona State for economics,parent,comparison,complex,compare entities,compare_pipeline,complex,"school,comparison_target,major_or_program",
university of michigan,high_school_student,direct_lookup,short_circuit,simple entity,typesense_only,easy,school,persona:school_only_pattern
best colleges for philosophy job outcomes,parent,career_outcomes,medium,outcomes,outcomes_pipeline,medium,career_outcome_cue,
medium-sized philosophy colleges near Chicago low tuition reach schools,high_school_student,multi_constraint,complex,multi-constraint,foundry_multi_agent,complex,"location,cost_constraint",
what essays does Purdue require,counselor_teacher,admissions_process,medium,how-to / admissions,faq_or_guidance,medium,school,
UT Austin introverts,parent,campus_life_fit,llm_needed,subjective fit,llm_advisory,complex,"school,fit_or_culture_cue",
affordable architecture schools in California with good job placement,high_school_student,career_outcomes,complex,multi-constraint,outcomes_pipeline,medium,"major_or_program,location,career_outcome_cue",intent:career_pattern
northwestern,high_school_student,direct_lookup,llm_needed,simple entity,typesense_only,easy,school,persona:school_only_pattern
colleges in California low tuition with strong research and internships,high_school_student,multi_constraint,complex,multi-constraint,foundry_multi_agent,complex,"location,cost_constraint",
universities with strong electrical engineering,advisor,filtered_search,medium,1–2 filters,semantic_or_faceted_search,medium,major_or_program,
affordable philosophy schools in the Midwest with good job placement,counselor_teacher,career_outcomes,complex,multi-constraint,outcomes_pipeline,medium,"location,career_outcome_cue",intent:career_pattern
Northwestern normal people,parent,campus_life_fit,complex,subjective fit; parent framing,llm_advisory,complex,"school,fit_or_culture_cue",
Vanderbilt non-competitive culture,advisor,campus_life_fit,llm_needed,subjective fit,llm_advisory,complex,"school,fit_or_culture_cue",
how do i apply to MIT,parent,admissions_process,llm_needed,how-to / admissions; parent framing,faq_or_guidance,medium,school,
colleges in Texas,college_student,filtered_search,medium,1–2 filters,semantic_or_faceted_search,medium,location,
Vanderbilt but cheaper,parent,rewrite_needed,complex,needs rewrite,rewrite_then_route,complex,"school,rewrite_cue",
Stanford financial aid,counselor_teacher,cost_financial_aid,short_circuit,single attribute,finance_guidance,medium,"school,cost_constraint",intent:cost_pattern
Virginia Tech,high_school_student,direct_lookup,short_circuit,simple entity,typesense_only,easy,school,persona:school_only_pattern
what schools should i apply to for data science in California full ride options,advisor,recommendation,medium,needs recommendations,recommendation_workflow,complex,"location,cost_constraint",
university of florida,high_school_student,direct_lookup,short_circuit,simple entity,typesense_only,easy,"school,location",persona:school_only_pattern
what schools should i apply to for electrical engineering near Chicago low tuition,college_student,recommendation,complex,needs recommendations,recommendation_workflow,complex,"major_or_program,location,cost_constraint",
Duke admissions profile average sat and gpa,counselor_teacher,admissions_process,llm_needed,needs recommendations; counselor framing,faq_or_guidance,medium,"school,admissions_or_attribute_signal",intent:admissions_profile_pattern
recommend small colleges near the beach for nursing reach schools,college_student,recommendation,complex,needs recommendations,recommendation_workflow,complex,"major_or_program,location",
best colleges for pre-law job outcomes,college_student,career_outcomes,medium,outcomes,outcomes_pipeline,medium,"major_or_program,career_outcome_cue",
ucla,high_school_student,direct_lookup,short_circuit,simple entity,typesense_only,easy,school,persona:school_only_pattern
what essays does UC Irvine require,advisor,admissions_process,medium,how-to / admissions,faq_or_guidance,medium,,
UCLA acceptance rate,parent,attribute_lookup,short_circuit,single attribute,typesense_plus_metadata,easy,"school,admissions_or_attribute_signal",
UC Berkeley tuition vs Harvard tuition,high_school_student,comparison,complex,compare entities,compare_pipeline,complex,"school,comparison_target,cost_constraint",
how do i apply to University of Washington,high_school_student,admissions_process,medium,how-to / admissions,faq_or_guidance,medium,school,
rice university,high_school_student,direct_lookup,short_circuit,simple entity,typesense_only,easy,school,persona:school_only_pattern
Washington,high_school_student,direct_lookup,short_circuit,simple entity,typesense_only,easy,,
recommend medium-sized colleges in the Midwest for engineering safety schools,high_school_student,recommendation,complex,needs recommendations,recommendation_workflow,complex,"major_or_program,location",
do i need sat for Virginia Tech,advisor,admissions_process,medium,how-to / admissions,faq_or_guidance,medium,"school,admissions_or_attribute_signal",
best nursing schools in California,college_student,filtered_search,medium,1–2 filters,semantic_or_faceted_search,medium,"major_or_program,location",
UC Irvine housing guarantee,parent,attribute_lookup,complex,compare entities; parent framing,typesense_plus_metadata,easy,admissions_or_attribute_signal,intent:housing_guarantee_pattern
best colleges for pre-law job outcomes,high_school_student,career_outcomes,medium,outcomes,outcomes_pipeline,medium,"major_or_program,career_outcome_cue",
affordable biology schools in Texas with good job placement,high_school_student,career_outcomes,complex,multi-constraint,outcomes_pipeline,medium,"major_or_program,location,career_outcome_cue",intent:career_pattern
Caltech housing guarantee,parent,attribute_lookup,short_circuit,single attribute; parent framing,typesense_plus_metadata,easy,admissions_or_attribute_signal,
large biology colleges near Chicago full ride options not too competitive,college_student,multi_constraint,complex,multi-constraint,foundry_multi_agent,complex,"major_or_program,location,cost_constraint",
affordable film schools near Chicago with good job placement,counselor_teacher,career_outcomes,complex,multi-constraint,outcomes_pipeline,medium,"major_or_program,location,career_outcome_cue",intent:career_pattern
medium-sized economics colleges on the East Coast under 40k not too competitive,advisor,filtered_search,complex,multi-constraint; advisor framing,semantic_or_faceted_search,medium,"major_or_program,location",intent:filtered_search_pattern
best pre-med schools in California,high_school_student,filtered_search,medium,1–2 filters,semantic_or_faceted_search,medium,"major_or_program,location",
University of Wisconsin chill campus,counselor_teacher,campus_life_fit,llm_needed,subjective fit,llm_advisory,complex,"school,fit_or_culture_cue",
create reach target safety list for political science in Texas under 20k,advisor,multi_constraint,medium,how-to / admissions; advisor framing,foundry_multi_agent,complex,location,intent:advisor_list_pattern
Purdue job placement for philosophy,college_student,career_outcomes,medium,outcomes,outcomes_pipeline,medium,"school,career_outcome_cue",
Arizona State housing guarantee,parent,attribute_lookup,complex,compare entities; parent framing,typesense_plus_metadata,easy,"school,admissions_or_attribute_signal",intent:housing_guarantee_pattern
Purdue tuition vs Cornell tuition,advisor,comparison,complex,compare entities,compare_pipeline,complex,"school,comparison_target,cost_constraint",
how do i apply to Northwestern,counselor_teacher,admissions_process,medium,how-to / admissions; counselor framing,faq_or_guidance,medium,school,
medium-sized nursing colleges near a major tech hub under 20k reach schools,college_student,filtered_search,complex,multi-constraint,semantic_or_faceted_search,medium,major_or_program,intent:filtered_search_pattern
Harvard job placement for computer science,counselor_teacher,career_outcomes,medium,outcomes,outcomes_pipeline,medium,"school,major_or_program,career_outcome_cue",
best neuroscience schools in warm states,high_school_student,filtered_search,medium,1–2 filters,semantic_or_faceted_search,medium,"major_or_program,location",
schools good for non-competitive culture,counselor_teacher,campus_life_fit,llm_needed,subjective fit,llm_advisory,complex,fit_or_culture_cue,
UCLA vs Virginia Tech,high_school_student,comparison,complex,compare entities,compare_pipeline,complex,"school,comparison_target",
UC Irvine but cheaper,counselor_teacher,rewrite_needed,complex,needs rewrite,rewrite_then_route,complex,rewrite_cue,
create reach target safety list for mechanical engineering near the beach under 30k,advisor,multi_constraint,complex,compare entities; advisor framing,foundry_multi_agent,complex,"major_or_program,location",intent:advisor_list_pattern
Georgia Tech student-to-faculty ratio,counselor_teacher,attribute_lookup,llm_needed,single attribute,typesense_plus_metadata,easy,school,
universities with strong finance,high_school_student,filtered_search,medium,1–2 filters,semantic_or_faceted_search,medium,,
Purdue vs Cornell,counselor_teacher,comparison,complex,compare entities,compare_pipeline,complex,"school,comparison_target",
does University of Washington have engineering,advisor,attribute_lookup,short_circuit,single attribute,typesense_plus_metadata,easy,"school,major_or_program",
schools like Northwestern but cheaper,parent,rewrite_needed,complex,needs recommendations,rewrite_then_route,complex,"school,rewrite_cue",intent:rewrite_pattern
USC tuition vs UC Irvine tuition,college_student,comparison,complex,compare entities,compare_pipeline,complex,"school,comparison_target,cost_constraint",
recommend small colleges near a major tech hub for pre-med target schools,counselor_teacher,recommendation,complex,needs recommendations,recommendation_workflow,complex,major_or_program,
cheapest architecture schools on the East Coast,counselor_teacher,filtered_search,medium,cost / aid,semantic_or_faceted_search,medium,"major_or_program,location",intent:filtered_search_pattern
best colleges for data science job outcomes,advisor,career_outcomes,medium,outcomes,outcomes_pipeline,medium,career_outcome_cue,
UT Austin vs UC Berkeley,counselor_teacher,comparison,complex,compare entities; counselor framing,compare_pipeline,complex,"school,comparison_target",
how do i apply to Harvard,high_school_student,admissions_process,medium,how-to / admissions,faq_or_guidance,medium,school,
University of Maryland job placement for pre-med,counselor_teacher,career_outcomes,medium,outcomes,outcomes_pipeline,medium,"school,major_or_program,career_outcome_cue",
cheapest film schools near the beach,high_school_student,filtered_search,medium,cost / aid,semantic_or_faceted_search,medium,"major_or_program,location",intent:filtered_search_pattern
best colleges for aerospace engineering job outcomes,advisor,career_outcomes,medium,outcomes; advisor framing,outcomes_pipeline,medium,"major_or_program,career_outcome_cue",
schools like Georgia Tech but cheaper,counselor_teacher,rewrite_needed,complex,needs recommendations,rewrite_then_route,complex,"school,rewrite_cue",intent:rewrite_pattern
Harvard but cheaper,advisor,rewrite_needed,complex,needs rewrite,rewrite_then_route,complex,"school,rewrite_cue",
Virginia Tech vs Penn State for public health,high_school_student,comparison,complex,compare entities,compare_pipeline,complex,"school,comparison_target",
best business schools on the East Coast,college_student,filtered_search,medium,1–2 filters,semantic_or_faceted_search,medium,"major_or_program,location",
NYU tuition vs Columbia tuition,high_school_student,comparison,complex,compare entities,compare_pipeline,complex,"school,comparison_target,cost_constraint",
does Arizona State have mechanical engineering,high_school_student,attribute_lookup,short_circuit,single attribute,typesense_plus_metadata,easy,"school,major_or_program",
best pre-law schools near a major tech hub,advisor,filtered_search,medium,1–2 filters,semantic_or_faceted_search,medium,major_or_program,
create reach target safety list for chemistry in Texas under 20k,advisor,multi_constraint,medium,cost / aid; advisor framing,foundry_multi_agent,complex,location,intent:advisor_list_pattern
Duke,high_school_student,direct_lookup,complex,simple entity,typesense_only,easy,school,persona:school_only_pattern
does Brown have finance,counselor_teacher,attribute_lookup,short_circuit,single attribute,typesense_plus_metadata,easy,school,
best architecture schools in Texas,high_school_student,filtered_search,medium,1–2 filters,semantic_or_faceted_search,medium,"major_or_program,location",
schools good for non-competitive culture,parent,campus_life_fit,llm_needed,subjective fit,llm_advisory,complex,fit_or_culture_cue,
Boston University but cheaper,advisor,rewrite_needed,complex,needs rewrite,rewrite_then_route,complex,"school,rewrite_cue",
schools good for introverts,parent,campus_life_fit,llm_needed,subjective fit; parent framing,llm_advisory,complex,fit_or_culture_cue,
recommend large colleges near the beach for psychology reach schools,high_school_student,recommendation,llm_needed,needs recommendations,recommendation_workflow,complex,"major_or_program,location",
affordable architecture schools near a major tech hub with good job placement,college_student,career_outcomes,complex,multi-constraint,outcomes_pipeline,medium,"major_or_program,career_outcome_cue",intent:career_pattern
MIT application deadlines,college_student,admissions_process,medium,how-to / admissions,faq_or_guidance,medium,"school,admissions_or_attribute_signal",
cheapest architecture schools in California,parent,filtered_search,medium,cost / aid,semantic_or_faceted_search,medium,"major_or_program,location",intent:filtered_search_pattern
Northeastern vs USC for pre-med,counselor_teacher,comparison,complex,compare entities,compare_pipeline,complex,"school,comparison_target,major_or_program",
Vanderbilt vibe,high_school_student,campus_life_fit,llm_needed,subjective fit,llm_advisory,complex,"school,fit_or_culture_cue",
Harvard financial aid for out of state,advisor,cost_financial_aid,medium,cost / aid,finance_guidance,medium,"school,cost_constraint",
Vanderbilt housing guarantee,parent,attribute_lookup,short_circuit,simple entity; parent framing,typesense_plus_metadata,easy,"school,admissions_or_attribute_signal",intent:housing_guarantee_pattern
affordable public health schools in California with good job placement,parent,career_outcomes,complex,multi-constraint,outcomes_pipeline,medium,"location,career_outcome_cue",intent:career_pattern
schools in Texas with low student-to-faculty ratio,advisor,filtered_search,medium,1–2 filters,semantic_or_faceted_search,medium,location,
affordable political science schools in Texas with good job placement,college_student,career_outcomes,complex,multi-constraint,outcomes_pipeline,medium,"location,career_outcome_cue",intent:career_pattern
university of florida,high_school_student,direct_lookup,short_circuit,simple entity,typesense_only,easy,"school,location",
best electrical engineering schools not Florida,high_school_student,filtered_search,medium,1–2 filters,semantic_or_faceted_search,medium,"major_or_program,location",
MIT admissions profile average sat and gpa,counselor_teacher,admissions_process,complex,compare entities; counselor framing,faq_or_guidance,medium,"school,admissions_or_attribute_signal",intent:admissions_profile_pattern
small engineering colleges near the beach full ride options reach schools,counselor_teacher,multi_constraint,complex,multi-constraint,foundry_multi_agent,complex,"major_or_program,location,cost_constraint",
Columbia application deadlines,college_student,admissions_process,medium,how-to / admissions,faq_or_guidance,medium,"school,admissions_or_attribute_signal",
recommend small colleges in warm states for aerospace engineering reach schools,parent,recommendation,complex,needs recommendations; parent framing,recommendation_workflow,complex,"major_or_program,location",
Georgia Tech,high_school_student,direct_lookup,short_circuit,simple entity,typesense_only,easy,school,persona:school_only_pattern
does Purdue have neuroscience,parent,attribute_lookup,short_circuit,single attribute; parent framing,typesense_plus_metadata,easy,"school,major_or_program",
cheapest pre-law schools near Chicago,counselor_teacher,filtered_search,medium,cost / aid,semantic_or_faceted_search,medium,"major_or_program,location",intent:filtered_search_pattern
Boston University,high_school_student,direct_lookup,short_circuit,simple entity,typesense_only,easy,school,persona:school_only_pattern
how do i apply to Boston University,counselor_teacher,admissions_process,medium,how-to / admissions; counselor framing,faq_or_guidance,medium,school,
Stanford job placement for business,counselor_teacher,career_outcomes,medium,outcomes,outcomes_pipeline,medium,"school,major_or_program,career_outcome_cue",
Rice University housing guarantee,parent,attribute_lookup,medium,how-to / admissions; parent framing,typesense_plus_metadata,easy,"school,admissions_or_attribute_signal",intent:housing_guarantee_pattern
best colleges for public health job outcomes,parent,career_outcomes,medium,outcomes,outcomes_pipeline,medium,career_outcome_cue,
Northeastern housing guarantee,parent,attribute_lookup,short_circuit,single attribute; parent framing,typesense_plus_metadata,easy,admissions_or_attribute_signal,
ucla vibe but not so expensive,parent,rewrite_needed,llm_needed,needs rewrite,rewrite_then_route,complex,"school,fit_or_culture_cue,rewrite_cue",
Harvard vs University of Florida for neuroscience,parent,comparison,complex,compare entities,compare_pipeline,complex,"school,comparison_target,major_or_program,location",
api access for college partners,college_b2b,b2b_partnership,medium,B2B; counselor framing,b2b_workflow,medium,b2b_request_type,persona:b2b_pattern
colleges in Texas full ride options with strong research and internships,parent,multi_constraint,complex,multi-constraint; parent framing,foundry_multi_agent,complex,"location,cost_constraint",
do i need sat for Rice University,advisor,admissions_process,complex,how-to / admissions; advisor framing,faq_or_guidance,medium,"school,admissions_or_attribute_signal",
cheapest business schools on the East Coast,college_student,filtered_search,medium,cost / aid,semantic_or_faceted_search,medium,"major_or_program,location",intent:filtered_search_pattern
medium-sized film colleges near Chicago good financial aid reach schools,college_student,multi_constraint,complex,multi-constraint,foundry_multi_agent,complex,"major_or_program,location,cost_constraint",
colleges in warm states under 40k with strong research and internships,counselor_teacher,multi_constraint,complex,multi-constraint; counselor framing,foundry_multi_agent,complex,location,
University of Washington application deadlines,parent,admissions_process,medium,how-to / admissions; parent framing,faq_or_guidance,medium,"school,admissions_or_attribute_signal",
cheapest architecture schools near a major tech hub,counselor_teacher,filtered_search,medium,cost / aid,semantic_or_faceted_search,medium,major_or_program,intent:filtered_search_pattern
Duke job placement for film,parent,career_outcomes,medium,outcomes; parent framing,outcomes_pipeline,medium,"school,major_or_program,career_outcome_cue",
MIT vs UC Berkeley for business,counselor_teacher,comparison,complex,compare entities,compare_pipeline,complex,"school,comparison_target,major_or_program",
University of Michigan but cheaper,high_school_student,rewrite_needed,complex,needs rewrite,rewrite_then_route,complex,"school,rewrite_cue",
cheapest neuroscience schools on the East Coast,high_school_student,filtered_search,medium,cost / aid,semantic_or_faceted_search,medium,"major_or_program,location",intent:filtered_search_pattern
Northeastern tuition vs Georgia Tech tuition,counselor_teacher,comparison,complex,compare entities,compare_pipeline,complex,"school,comparison_target,cost_constraint",
USC vs UC San Diego,counselor_teacher,comparison,complex,compare entities,compare_pipeline,complex,"school,comparison_target",
Duke job placement for nursing,high_school_student,career_outcomes,medium,outcomes,outcomes_pipeline,medium,"school,major_or_program,career_outcome_cue",
does Caltech have chemistry,counselor_teacher,attribute_lookup,short_circuit,single attribute,typesense_plus_metadata,easy,,
Northeastern scholarships,advisor,cost_financial_aid,medium,cost / aid; advisor framing,finance_guidance,medium,cost_constraint,
how do i apply to University of Florida,parent,admissions_process,medium,how-to / admissions,faq_or_guidance,medium,"school,location",
affordable mechanical engineering schools on the East Coast with good job placement,college_student,career_outcomes,complex,multi-constraint,outcomes_pipeline,medium,"major_or_program,location,career_outcome_cue",intent:career_pattern
does Caltech have biology,parent,attribute_lookup,short_circuit,single attribute,typesense_plus_metadata,easy,major_or_program,
enterprise access for counselors and districts,college_b2b,b2b_partnership,short_circuit,B2B,b2b_workflow,medium,b2b_request_type,persona:b2b_pattern
four year cost of UCLA including housing,parent,cost_financial_aid,medium,cost / aid; parent framing,finance_guidance,medium,"school,cost_constraint,admissions_or_attribute_signal",
University of Michigan introverts,advisor,campus_life_fit,short_circuit,subjective fit,llm_advisory,complex,"school,fit_or_culture_cue",
large chemistry colleges near a major tech hub under 30k target schools,college_student,filtered_search,complex,multi-constraint,semantic_or_faceted_search,medium,,intent:filtered_search_pattern
does Northwestern have biology,college_student,attribute_lookup,short_circuit,single attribute,typesense_plus_metadata,easy,"school,major_or_program",
colleges near the beach good financial aid with strong research and internships,parent,multi_constraint,complex,multi-constraint,foundry_multi_agent,complex,"location,cost_constraint",
what essays does Vanderbilt require,parent,admissions_process,medium,how-to / admissions,faq_or_guidance,medium,school,
colleges near the beach full ride options with strong research and internships,parent,multi_constraint,complex,multi-constraint,foundry_multi_agent,complex,"location,cost_constraint",
does University of Wisconsin have pre-med,parent,attribute_lookup,short_circuit,single attribute; parent framing,typesense_plus_metadata,easy,"school,major_or_program",
Rice University admissions profile average sat and gpa,counselor_teacher,admissions_process,medium,1–2 filters; counselor framing,faq_or_guidance,medium,"school,admissions_or_attribute_signal",intent:admissions_profile_pattern
do i need sat for Carnegie Mellon,counselor_teacher,admissions_process,medium,how-to / admissions,faq_or_guidance,medium,"school,admissions_or_attribute_signal",
schools near the beach with low student-to-faculty ratio,college_student,filtered_search,medium,1–2 filters,semantic_or_faceted_search,medium,location,
UC Berkeley scholarships,college_student,cost_financial_aid,medium,cost / aid,finance_guidance,medium,"school,cost_constraint",
Columbia financial aid for out of state,counselor_teacher,cost_financial_aid,short_circuit,cost / aid,finance_guidance,medium,"school,cost_constraint",
create reach target safety list for philosophy near Chicago full ride options,advisor,multi_constraint,complex,needs recommendations; advisor framing,foundry_multi_agent,complex,"location,cost_constraint",intent:advisor_list_pattern
cheapest nursing schools in California,counselor_teacher,filtered_search,medium,cost / aid,semantic_or_faceted_search,medium,"major_or_program,location",intent:filtered_search_pattern
what schools should i apply to for electrical engineering near a major tech hub under 40k,college_student,filtered_search,complex,needs recommendations,semantic_or_faceted_search,medium,major_or_program,intent:filtered_search_pattern
Northeastern normal people,parent,campus_life_fit,llm_needed,subjective fit,llm_advisory,complex,fit_or_culture_cue,
what schools should i apply to for biology on the East Coast low tuition,college_student,recommendation,complex,needs recommendations,recommendation_workflow,complex,"major_or_program,location,cost_constraint",
schools like University of Michigan but cheaper,parent,rewrite_needed,complex,needs recommendations,rewrite_then_route,complex,"school,rewrite_cue",intent:rewrite_pattern
api access for college partners,college_b2b,b2b_partnership,complex,B2B,b2b_workflow,medium,b2b_request_type,persona:b2b_pattern
UT Austin vs University of Michigan for nursing,parent,comparison,complex,compare entities,compare_pipeline,complex,"school,comparison_target,major_or_program",
recommend medium-sized colleges near Chicago for finance safety schools,counselor_teacher,recommendation,complex,needs recommendations,recommendation_workflow,complex,location,
housing for University of Michigan,college_student,attribute_lookup,short_circuit,single attribute,typesense_plus_metadata,easy,"school,admissions_or_attribute_signal",
colleges near the beach,advisor,filtered_search,medium,1–2 filters,semantic_or_faceted_search,medium,location,
Boston University housing guarantee,parent,attribute_lookup,complex,compare entities; parent framing,typesense_plus_metadata,easy,"school,admissions_or_attribute_signal",intent:housing_guarantee_pattern
UC Berkeley vs USC for finance,college_student,comparison,complex,compare entities,compare_pipeline,complex,"school,comparison_target",
cheapest engineering schools in California,advisor,filtered_search,medium,cost / aid; advisor framing,semantic_or_faceted_search,medium,"major_or_program,location",intent:filtered_search_pattern
do i need sat for Northwestern,counselor_teacher,admissions_process,medium,how-to / admissions,faq_or_guidance,medium,"school,admissions_or_attribute_signal",
Northeastern but cheaper,advisor,rewrite_needed,complex,needs rewrite,rewrite_then_route,complex,rewrite_cue,
Stanford housing guarantee,parent,attribute_lookup,llm_needed,compare entities; parent framing,typesense_plus_metadata,easy,"school,admissions_or_attribute_signal",intent:housing_guarantee_pattern
four year cost of Georgia Tech including housing,parent,cost_financial_aid,complex,needs rewrite; parent framing,finance_guidance,medium,"school,cost_constraint,admissions_or_attribute_signal",intent:four_year_cost_pattern
affordable data science schools in California with good job placement,college_student,career_outcomes,complex,multi-constraint,outcomes_pipeline,medium,"location,career_outcome_cue",intent:career_pattern
four year cost of University of Florida including housing,parent,cost_financial_aid,complex,needs recommendations; parent framing,finance_guidance,medium,"school,location,cost_constraint,admissions_or_attribute_signal",intent:four_year_cost_pattern
does University of Florida have engineering,college_student,attribute_lookup,short_circuit,single attribute,typesense_plus_metadata,easy,"school,major_or_program,location",
schools like Stanford but cheaper,counselor_teacher,rewrite_needed,complex,needs recommendations,rewrite_then_route,complex,"school,rewrite_cue",intent:rewrite_pattern
colleges in California,counselor_teacher,filtered_search,medium,1–2 filters,semantic_or_faceted_search,medium,location,
Duke,high_school_student,direct_lookup,short_circuit,simple entity,typesense_only,easy,school,persona:school_only_pattern
four year cost of Purdue including housing,parent,cost_financial_aid,medium,how-to / admissions; parent framing,finance_guidance,medium,"school,cost_constraint,admissions_or_attribute_signal",intent:four_year_cost_pattern
colleges near a major tech hub,advisor,filtered_search,medium,1–2 filters; advisor framing,semantic_or_faceted_search,medium,,
University of Maryland vs Arizona State,high_school_student,comparison,complex,compare entities,compare_pipeline,complex,"school,comparison_target",
pricing for partner colleges,college_b2b,b2b_partnership,complex,B2B,b2b_workflow,medium,b2b_request_type,
UC San Diego admissions profile average sat and gpa,counselor_teacher,admissions_process,medium,1–2 filters; counselor framing,faq_or_guidance,medium,admissions_or_attribute_signal,intent:admissions_profile_pattern
how do we update our school profile data,college_b2b,b2b_partnership,llm_needed,B2B,b2b_workflow,medium,b2b_request_type,persona:b2b_pattern
schools good for non-competitive culture,high_school_student,campus_life_fit,llm_needed,subjective fit,llm_advisory,complex,fit_or_culture_cue,
University of Michigan,high_school_student,direct_lookup,short_circuit,simple entity; parent framing,typesense_only,easy,school,persona:school_only_pattern
does Columbia have film,counselor_teacher,attribute_lookup,llm_needed,single attribute,typesense_plus_metadata,easy,"school,major_or_program",
Caltech vs University of Washington for economics,college_student,comparison,complex,compare entities,compare_pipeline,complex,"school,comparison_target,major_or_program",
average SAT for Duke,advisor,admissions_process,short_circuit,single attribute,faq_or_guidance,medium,"school,admissions_or_attribute_signal",intent:admissions_pattern
colleges on the East Coast,counselor_teacher,filtered_search,short_circuit,1–2 filters,semantic_or_faceted_search,medium,location,
University of Washington housing guarantee,parent,attribute_lookup,complex,multi-constraint; parent framing,typesense_plus_metadata,easy,"school,admissions_or_attribute_signal",intent:housing_guarantee_pattern
Caltech application deadlines,counselor_teacher,admissions_process,medium,how-to / admissions,faq_or_guidance,medium,admissions_or_attribute_signal,
research opportunities for University of Florida,parent,attribute_lookup,short_circuit,single attribute,typesense_plus_metadata,easy,"school,location",
how do i apply to Arizona State,counselor_teacher,admissions_process,medium,how-to / admissions,faq_or_guidance,medium,school,
UC San Diego job placement for architecture,high_school_student,career_outcomes,short_circuit,outcomes,outcomes_pipeline,medium,"major_or_program,career_outcome_cue",
Penn State tuition vs Caltech tuition,counselor_teacher,comparison,complex,compare entities; counselor framing,compare_pipeline,complex,"school,comparison_target,cost_constraint",
Rice University vs University of Florida,high_school_student,comparison,complex,compare entities,compare_pipeline,complex,"school,comparison_target,location",
scholarships for Harvard,college_student,cost_financial_aid,short_circuit,single attribute,finance_guidance,medium,"school,cost_constraint",intent:cost_pattern
what essays does Princeton require,advisor,admissions_process,medium,how-to / admissions; advisor framing,faq_or_guidance,medium,school,
recommend large colleges in the Midwest for economics not too competitive,parent,recommendation,complex,needs recommendations,recommendation_workflow,complex,"major_or_program,location",
schools good for chill campus,high_school_student,campus_life_fit,complex,subjective fit,llm_advisory,complex,fit_or_culture_cue,
create reach target safety list for chemistry in the Midwest low tuition,advisor,multi_constraint,medium,outcomes; advisor framing,foundry_multi_agent,complex,"location,cost_constraint",intent:advisor_list_pattern
best business schools near a major tech hub,advisor,filtered_search,medium,1–2 filters; advisor framing,semantic_or_faceted_search,medium,major_or_program,
Georgia Tech admissions profile average sat and gpa,counselor_teacher,admissions_process,complex,compare entities; counselor framing,faq_or_guidance,medium,"school,admissions_or_attribute_signal",intent:admissions_profile_pattern
create reach target safety list for pre-med in warm states under 40k,advisor,multi_constraint,short_circuit,single attribute; advisor framing,foundry_multi_agent,complex,"major_or_program,location",intent:advisor_list_pattern
colleges in warm states,advisor,filtered_search,medium,1–2 filters,semantic_or_faceted_search,medium,location,
uc san diego,advisor,direct_lookup,short_circuit,simple entity; advisor framing,typesense_only,easy,,
best political science schools near a major tech hub,parent,filtered_search,medium,1–2 filters,semantic_or_faceted_search,medium,,
affordable neuroscience schools in Texas with good job placement,parent,career_outcomes,complex,multi-constraint,outcomes_pipeline,medium,"major_or_program,location,career_outcome_cue",intent:career_pattern
Vanderbilt housing guarantee,parent,attribute_lookup,medium,outcomes; parent framing,typesense_plus_metadata,easy,"school,admissions_or_attribute_signal",intent:housing_guarantee_pattern
recommend medium-sized colleges near a major tech hub for economics reach schools,advisor,recommendation,complex,needs recommendations,recommendation_workflow,complex,major_or_program,
UCLA average SAT,college_student,admissions_process,short_circuit,single attribute,faq_or_guidance,medium,"school,admissions_or_attribute_signal",intent:admissions_pattern
colleges not Florida under 40k with strong research and internships,high_school_student,multi_constraint,complex,multi-constraint,foundry_multi_agent,complex,location,
Princeton vs Boston University,parent,comparison,complex,compare entities,compare_pipeline,complex,"school,comparison_target",
Northwestern financial aid for out of state,college_student,cost_financial_aid,medium,cost / aid,finance_guidance,medium,"school,cost_constraint",
University of Maryland vs MIT,parent,comparison,complex,compare entities,compare_pipeline,complex,"school,comparison_target",
best colleges for film job outcomes,high_school_student,career_outcomes,medium,outcomes,outcomes_pipeline,medium,"major_or_program,career_outcome_cue",
MIT average ACT,parent,attribute_lookup,short_circuit,single attribute,typesense_plus_metadata,easy,school,
Georgia Tech admissions profile average sat and gpa,counselor_teacher,admissions_process,short_circuit,simple entity; counselor framing,faq_or_guidance,medium,"school,admissions_or_attribute_signal",intent:admissions_profile_pattern
Northeastern,advisor,direct_lookup,short_circuit,simple entity,typesense_only,easy,,
schools good for introverts,counselor_teacher,campus_life_fit,medium,subjective fit,llm_advisory,complex,fit_or_culture_cue,
University of Wisconsin admissions profile average sat and gpa,counselor_teacher,admissions_process,short_circuit,single attribute; counselor framing,faq_or_guidance,medium,"school,admissions_or_attribute_signal",intent:admissions_profile_pattern
what essays does Arizona State require,high_school_student,admissions_process,medium,how-to / admissions,faq_or_guidance,medium,school,
Northeastern scholarships,high_school_student,cost_financial_aid,medium,cost / aid,finance_guidance,medium,cost_constraint,
large computer science colleges near a major tech hub under 40k not too competitive,college_student,filtered_search,complex,multi-constraint,semantic_or_faceted_search,medium,major_or_program,intent:filtered_search_pattern
what schools should i apply to for pre-med not Florida full ride options,high_school_student,recommendation,complex,needs recommendations,recommendation_workflow,complex,"major_or_program,location,cost_constraint",
request demo for our admissions team,college_b2b,b2b_partnership,complex,B2B,b2b_workflow,medium,"admissions_or_attribute_signal,b2b_request_type",persona:b2b_pattern
colleges in the Midwest full ride options with strong research and internships,advisor,multi_constraint,complex,multi-constraint,foundry_multi_agent,complex,"location,cost_constraint",
schools like Harvard but cheaper,high_school_student,rewrite_needed,complex,needs recommendations,rewrite_then_route,complex,"school,rewrite_cue",intent:rewrite_pattern
university of washington,high_school_student,direct_lookup,short_circuit,simple entity,typesense_only,easy,school,
Stanford vs USC for chemistry,counselor_teacher,comparison,complex,compare entities,compare_pipeline,complex,"school,comparison_target",
how do i apply to Northeastern,high_school_student,admissions_process,medium,how-to / admissions,faq_or_guidance,medium,,
UC Irvine job placement for pre-law,high_school_student,career_outcomes,medium,outcomes,outcomes_pipeline,medium,"major_or_program,career_outcome_cue",
UC San Diego housing guarantee,parent,attribute_lookup,medium,1–2 filters; parent framing,typesense_plus_metadata,easy,admissions_or_attribute_signal,intent:housing_guarantee_pattern
University of Michigan financial aid for out of state,advisor,cost_financial_aid,medium,cost / aid,finance_guidance,medium,"school,cost_constraint",
do i need sat for USC,advisor,admissions_process,medium,how-to / admissions,faq_or_guidance,medium,"school,admissions_or_attribute_signal",
UT Austin vs USC for mechanical engineering,high_school_student,comparison,complex,compare entities,compare_pipeline,complex,"school,comparison_target,major_or_program",
University of Michigan job placement for chemistry,high_school_student,career_outcomes,medium,outcomes,outcomes_pipeline,medium,"school,career_outcome_cue",
what essays does University of Michigan require,college_student,admissions_process,medium,how-to / admissions,faq_or_guidance,medium,school,
schools with high internship placement rates,parent,career_outcomes,complex,outcomes,outcomes_pipeline,medium,career_outcome_cue,
recommend small colleges near Chicago for electrical engineering target schools,counselor_teacher,recommendation,complex,needs recommendations,recommendation_workflow,complex,"major_or_program,location",
recommend medium-sized colleges on the East Coast for finance not too competitive,college_student,recommendation,complex,needs recommendations,recommendation_workflow,complex,location,
best colleges for computer science job outcomes,college_student,career_outcomes,medium,outcomes,outcomes_pipeline,medium,"major_or_program,career_outcome_cue",
what schools should i apply to for data science in the Midwest under 20k,college_student,filtered_search,complex,needs recommendations,semantic_or_faceted_search,medium,location,intent:filtered_search_pattern
four year cost of Harvard including housing,parent,cost_financial_aid,medium,cost / aid; parent framing,finance_guidance,medium,"school,cost_constraint,admissions_or_attribute_signal",
NYU scholarships,high_school_student,cost_financial_aid,medium,cost / aid,finance_guidance,medium,"school,cost_constraint",
cheapest pre-law schools on the East Coast,high_school_student,filtered_search,medium,cost / aid,semantic_or_faceted_search,medium,"major_or_program,location",intent:filtered_search_pattern
Vanderbilt job placement for nursing,parent,career_outcomes,medium,outcomes,outcomes_pipeline,medium,"school,major_or_program,career_outcome_cue",
do i need sat for UC San Diego,college_student,admissions_process,medium,how-to / admissions,faq_or_guidance,medium,admissions_or_attribute_signal,
Cornell introverts,high_school_student,campus_life_fit,llm_needed,subjective fit,llm_advisory,complex,"school,fit_or_culture_cue",
Princeton normal people,high_school_student,campus_life_fit,llm_needed,subjective fit,llm_advisory,complex,"school,fit_or_culture_cue",
schools good for chill campus,college_student,campus_life_fit,complex,subjective fit,llm_advisory,complex,fit_or_culture_cue,
Boston University financial aid for out of state,advisor,cost_financial_aid,medium,cost / aid,finance_guidance,medium,"school,cost_constraint",
pricing for partner colleges,college_b2b,b2b_partnership,medium,B2B; advisor framing,b2b_workflow,medium,b2b_request_type,persona:b2b_pattern
recommend medium-sized colleges near Chicago for psychology reach schools,college_student,recommendation,complex,needs recommendations,recommendation_workflow,complex,"major_or_program,location",
recommend large colleges in Texas for engineering target schools,counselor_teacher,recommendation,complex,needs recommendations,recommendation_workflow,complex,"major_or_program,location",
affordable electrical engineering schools not Florida with good job placement,parent,career_outcomes,complex,multi-constraint; parent framing,outcomes_pipeline,medium,"major_or_program,location,career_outcome_cue",intent:career_pattern
University of Michigan admissions profile average sat and gpa,counselor_teacher,admissions_process,short_circuit,single attribute; counselor framing,faq_or_guidance,medium,"school,admissions_or_attribute_signal",intent:admissions_profile_pattern
what essays does USC require,parent,admissions_process,medium,how-to / admissions; parent framing,faq_or_guidance,medium,school,
colleges not Florida under 20k with strong research and internships,counselor_teacher,multi_constraint,complex,multi-constraint,foundry_multi_agent,complex,location,
create reach target safety list for neuroscience near a major tech hub good financial aid,advisor,multi_constraint,medium,cost / aid; advisor framing,foundry_multi_agent,complex,"major_or_program,cost_constraint",intent:advisor_list_pattern
carnegie mellon,high_school_student,direct_lookup,short_circuit,simple entity,typesense_only,easy,school,persona:school_only_pattern
Brown application deadlines,college_student,admissions_process,medium,how-to / admissions,faq_or_guidance,medium,"school,admissions_or_attribute_signal",
schools on the East Coast with low student-to-faculty ratio,parent,filtered_search,medium,1–2 filters,semantic_or_faceted_search,medium,location,
colleges where people dont care about football,advisor,filtered_search,llm_needed,subjective fit; advisor framing,semantic_or_faceted_search,medium,,intent:filtered_search_pattern
UC Berkeley job placement for computer science,high_school_student,career_outcomes,medium,outcomes,outcomes_pipeline,medium,"school,major_or_program,career_outcome_cue",
University of Washington housing guarantee,parent,attribute_lookup,medium,how-to / admissions; parent framing,typesense_plus_metadata,easy,"school,admissions_or_attribute_signal",intent:housing_guarantee_pattern
what essays does Penn State require,high_school_student,admissions_process,medium,how-to / admissions,faq_or_guidance,medium,school,
do i need sat for Northeastern,counselor_teacher,admissions_process,medium,how-to / admissions,faq_or_guidance,medium,admissions_or_attribute_signal,
colleges in the Midwest low tuition with strong research and internships,advisor,multi_constraint,complex,multi-constraint,foundry_multi_agent,complex,"location,cost_constraint",
create reach target safety list for film near a major tech hub good financial aid,advisor,multi_constraint,medium,outcomes; advisor framing,foundry_multi_agent,complex,"major_or_program,cost_constraint",intent:advisor_list_pattern
Vanderbilt student-to-faculty ratio,high_school_student,attribute_lookup,short_circuit,single attribute,typesense_plus_metadata,easy,school,
create reach target safety list for architecture on the East Coast under 20k,advisor,multi_constraint,medium,B2B; advisor framing,foundry_multi_agent,complex,"major_or_program,location",intent:advisor_list_pattern
University of Michigan,high_school_student,direct_lookup,short_circuit,simple entity,typesense_only,easy,school,persona:school_only_pattern
Northeastern financial aid for out of state,parent,cost_financial_aid,medium,cost / aid,finance_guidance,medium,cost_constraint,
schools good for normal people,high_school_student,campus_life_fit,short_circuit,subjective fit,llm_advisory,complex,fit_or_culture_cue,
does UC Berkeley have film,high_school_student,attribute_lookup,short_circuit,single attribute,typesense_plus_metadata,easy,"school,major_or_program",
Cornell financial aid for out of state,college_student,cost_financial_aid,medium,cost / aid,finance_guidance,medium,"school,cost_constraint",
schools in the Midwest with low student-to-faculty ratio,high_school_student,filtered_search,medium,1–2 filters,semantic_or_faceted_search,medium,location,
schools like University of Washington but cheaper,high_school_student,rewrite_needed,complex,needs recommendations,rewrite_then_route,complex,"school,rewrite_cue",intent:rewrite_pattern
does USC have aerospace engineering,counselor_teacher,attribute_lookup,short_circuit,single attribute,typesense_plus_metadata,easy,"school,major_or_program",
MIT vibe,counselor_teacher,campus_life_fit,llm_needed,subjective fit,llm_advisory,complex,"school,fit_or_culture_cue",
schools near Chicago with low student-to-faculty ratio,high_school_student,filtered_search,medium,1–2 filters,semantic_or_faceted_search,medium,location,
Columbia vs University of Maryland for nursing,college_student,comparison,complex,compare entities,compare_pipeline,complex,"school,comparison_target,major_or_program",
ucla,high_school_student,direct_lookup,short_circuit,simple entity,typesense_only,easy,school,persona:school_only_pattern
University of Maryland vs UCLA for electrical engineering,counselor_teacher,comparison,complex,compare entities,compare_pipeline,complex,"school,comparison_target,major_or_program",
does Stanford have economics,counselor_teacher,attribute_lookup,short_circuit,single attribute,typesense_plus_metadata,easy,"school,major_or_program",
recommend small colleges near the beach for engineering target schools,college_student,recommendation,complex,needs recommendations,recommendation_workflow,complex,"major_or_program,location",
best chemistry schools not Florida,college_student,filtered_search,medium,1–2 filters,semantic_or_faceted_search,medium,location,
Carnegie Mellon application deadlines,counselor_teacher,admissions_process,medium,how-to / admissions; counselor framing,faq_or_guidance,medium,"school,admissions_or_attribute_signal",
schools like Caltech but cheaper,advisor,rewrite_needed,complex,needs recommendations,rewrite_then_route,complex,rewrite_cue,intent:rewrite_pattern
UCLA tuition vs University of Maryland tuition,counselor_teacher,comparison,complex,compare entities,compare_pipeline,complex,"school,comparison_target,cost_constraint",
small engineering colleges near Chicago low tuition safety schools,advisor,multi_constraint,complex,multi-constraint,foundry_multi_agent,complex,"major_or_program,location,cost_constraint",
colleges in warm states good financial aid with strong research and internships,advisor,multi_constraint,complex,multi-constraint,foundry_multi_agent,complex,"location,cost_constraint",
University of Washington financial aid for out of state,advisor,cost_financial_aid,medium,cost / aid,finance_guidance,medium,"school,cost_constraint",
mit,high_school_student,direct_lookup,short_circuit,simple entity,typesense_only,easy,school,
average SAT for NYU,advisor,admissions_process,short_circuit,single attribute,faq_or_guidance,medium,"school,admissions_or_attribute_signal",intent:admissions_pattern
request demo for our admissions team,college_b2b,b2b_partnership,medium,B2B; advisor framing,b2b_workflow,medium,"admissions_or_attribute_signal,b2b_request_type",persona:b2b_pattern
affordable business schools not Florida with good job placement,counselor_teacher,career_outcomes,complex,multi-constraint,outcomes_pipeline,medium,"major_or_program,location,career_outcome_cue",intent:career_pattern
University of Wisconsin,high_school_student,direct_lookup,short_circuit,simple entity,typesense_only,easy,school,
best public health schools in warm states,advisor,filtered_search,medium,1–2 filters,semantic_or_faceted_search,medium,location,
create reach target safety list for finance in California under 30k,advisor,multi_constraint,short_circuit,single attribute; advisor framing,foundry_multi_agent,complex,location,intent:advisor_list_pattern
Carnegie Mellon introverts,parent,campus_life_fit,llm_needed,subjective fit,llm_advisory,complex,"school,fit_or_culture_cue",
how do i apply to Purdue,advisor,admissions_process,medium,how-to / admissions,faq_or_guidance,medium,school,
schools good for chill campus,college_student,campus_life_fit,llm_needed,subjective fit,llm_advisory,complex,fit_or_culture_cue,
recommend small colleges in warm states for finance safety schools,advisor,recommendation,complex,needs recommendations; advisor framing,recommendation_workflow,complex,location,
cheapest electrical engineering schools in Texas,counselor_teacher,filtered_search,medium,cost / aid,semantic_or_faceted_search,medium,"major_or_program,location",intent:filtered_search_pattern
medium-sized electrical engineering colleges not Florida good financial aid target schools,college_student,multi_constraint,complex,multi-constraint,foundry_multi_agent,complex,"major_or_program,location,cost_constraint",
best computer science schools near the beach,college_student,filtered_search,medium,1–2 filters,semantic_or_faceted_search,medium,"major_or_program,location",
Carnegie Mellon admissions profile average sat and gpa,counselor_teacher,admissions_process,medium,B2B; counselor framing,faq_or_guidance,medium,"school,admissions_or_attribute_signal",intent:admissions_profile_pattern
Northeastern financial aid,parent,attribute_lookup,short_circuit,single attribute,typesense_plus_metadata,easy,cost_constraint,
recommend small colleges near Chicago for electrical engineering safety schools,advisor,recommendation,complex,needs recommendations,recommendation_workflow,complex,"major_or_program,location",
recommend small colleges in the Midwest for engineering not too competitive,counselor_teacher,recommendation,complex,needs recommendations,recommendation_workflow,complex,"major_or_program,location",
UC Berkeley but cheaper,high_school_student,rewrite_needed,complex,needs rewrite,rewrite_then_route,complex,"school,rewrite_cue",
schools like Carnegie Mellon but cheaper,advisor,rewrite_needed,medium,needs recommendations,rewrite_then_route,complex,"school,rewrite_cue",intent:rewrite_pattern
clubs for UCLA,counselor_teacher,attribute_lookup,short_circuit,single attribute; counselor framing,typesense_plus_metadata,easy,school,
Rice University,high_school_student,direct_lookup,short_circuit,simple entity,typesense_only,easy,school,persona:school_only_pattern
what schools should i apply to for film in Texas under 40k,college_student,filtered_search,complex,needs recommendations,semantic_or_faceted_search,medium,"major_or_program,location",intent:filtered_search_pattern
Princeton vs Duke,college_student,comparison,complex,compare entities,compare_pipeline,complex,"school,comparison_target",
University of Maryland,high_school_student,direct_lookup,short_circuit,simple entity,typesense_only,easy,school,
what schools should i apply to for pre-med not Florida under 30k,parent,filtered_search,complex,needs recommendations,semantic_or_faceted_search,medium,"major_or_program,location",intent:filtered_search_pattern
Georgia Tech housing guarantee,parent,attribute_lookup,short_circuit,simple entity; parent framing,typesense_plus_metadata,easy,"school,admissions_or_attribute_signal",intent:housing_guarantee_pattern
University of Florida job placement for psychology,college_student,career_outcomes,medium,outcomes,outcomes_pipeline,medium,"school,major_or_program,location,career_outcome_cue",
Cornell but cheaper,college_student,rewrite_needed,complex,needs rewrite,rewrite_then_route,complex,"school,rewrite_cue",
USC scholarships,counselor_teacher,cost_financial_aid,llm_needed,cost / aid,finance_guidance,medium,"school,cost_constraint",
small political science colleges on the East Coast under 30k reach schools,advisor,filtered_search,complex,multi-constraint,semantic_or_faceted_search,medium,location,intent:filtered_search_pattern
colleges in warm states good financial aid with strong research and internships,high_school_student,multi_constraint,complex,multi-constraint,foundry_multi_agent,complex,"location,cost_constraint",
Rice University but cheaper,college_student,rewrite_needed,complex,needs rewrite,rewrite_then_route,complex,"school,rewrite_cue",
Northeastern vs UC San Diego for mechanical engineering,college_student,comparison,complex,compare entities,compare_pipeline,complex,"comparison_target,major_or_program",
UCLA financial aid for out of state,high_school_student,cost_financial_aid,medium,cost / aid,finance_guidance,medium,"school,cost_constraint",
uc san diego,advisor,direct_lookup,short_circuit,simple entity,typesense_only,easy,,
Vanderbilt,high_school_student,direct_lookup,short_circuit,simple entity; counselor framing,typesense_only,easy,school,persona:school_only_pattern
create reach target safety list for business in the Midwest under 20k,advisor,multi_constraint,complex,cost / aid; advisor framing,foundry_multi_agent,complex,"major_or_program,location",intent:advisor_list_pattern
affordable economics schools in warm states with good job placement,advisor,career_outcomes,complex,multi-constraint,outcomes_pipeline,medium,"major_or_program,location,career_outcome_cue",intent:career_pattern
cheapest aerospace engineering schools in the Midwest,parent,filtered_search,medium,cost / aid,semantic_or_faceted_search,medium,"major_or_program,location",intent:filtered_search_pattern
Georgia Tech admissions profile average sat and gpa,counselor_teacher,admissions_process,llm_needed,subjective fit; counselor framing,faq_or_guidance,medium,"school,admissions_or_attribute_signal",intent:admissions_profile_pattern
Carnegie Mellon admissions profile average sat and gpa,counselor_teacher,admissions_process,complex,needs rewrite; counselor framing,faq_or_guidance,medium,"school,admissions_or_attribute_signal",intent:admissions_profile_pattern
what schools should i apply to for political science near the beach full ride options,counselor_teacher,recommendation,complex,needs recommendations,recommendation_workflow,complex,"location,cost_constraint",
Stanford,high_school_student,direct_lookup,short_circuit,simple entity,typesense_only,easy,school,
Georgia Tech,high_school_student,direct_lookup,short_circuit,simple entity,typesense_only,easy,school,
Stanford scholarships,counselor_teacher,cost_financial_aid,medium,cost / aid,finance_guidance,medium,"school,cost_constraint",
colleges in the Midwest,high_school_student,filtered_search,medium,1–2 filters,semantic_or_faceted_search,medium,location,
what essays does Georgia Tech require,college_student,admissions_process,medium,how-to / admissions,faq_or_guidance,medium,school,
Harvard tuition vs Cornell tuition,high_school_student,comparison,complex,compare entities,compare_pipeline,complex,"school,comparison_target,cost_constraint",
NYU,high_school_student,direct_lookup,llm_needed,simple entity,typesense_only,easy,school,
do i need sat for University of Washington,advisor,admissions_process,medium,how-to / admissions,faq_or_guidance,medium,"school,admissions_or_attribute_signal",
Cornell admissions profile average sat and gpa,counselor_teacher,admissions_process,short_circuit,simple entity; counselor framing,faq_or_guidance,medium,"school,admissions_or_attribute_signal",intent:admissions_profile_pattern
Brown,high_school_student,direct_lookup,short_circuit,simple entity,typesense_only,easy,school,persona:school_only_pattern
Duke,high_school_student,direct_lookup,short_circuit,simple entity; advisor framing,typesense_only,easy,school,persona:school_only_pattern
does Rice University have business,high_school_student,attribute_lookup,short_circuit,single attribute,typesense_plus_metadata,easy,"school,major_or_program",
do i need sat for MIT,advisor,admissions_process,medium,how-to / admissions; advisor framing,faq_or_guidance,medium,"school,admissions_or_attribute_signal",
affordable computer science schools near a major tech hub with good job placement,high_school_student,career_outcomes,complex,multi-constraint,outcomes_pipeline,medium,"major_or_program,career_outcome_cue",intent:career_pattern
what essays does Northwestern require,high_school_student,admissions_process,medium,how-to / admissions,faq_or_guidance,medium,school,
cheapest pre-med schools near a major tech hub,parent,filtered_search,medium,cost / aid,semantic_or_faceted_search,medium,major_or_program,intent:filtered_search_pattern
Rice University vs Purdue for electrical engineering,high_school_student,comparison,complex,compare entities,compare_pipeline,complex,"school,comparison_target,major_or_program",
create reach target safety list for film in warm states low tuition,advisor,multi_constraint,short_circuit,simple entity; advisor framing,foundry_multi_agent,complex,"major_or_program,location,cost_constraint",intent:advisor_list_pattern
Boston University vibe,high_school_student,campus_life_fit,llm_needed,subjective fit,llm_advisory,complex,"school,fit_or_culture_cue",
University of Washington rankings,counselor_teacher,attribute_lookup,short_circuit,single attribute,typesense_plus_metadata,easy,school,
Boston University admissions profile average sat and gpa,counselor_teacher,admissions_process,medium,1–2 filters; counselor framing,faq_or_guidance,medium,"school,admissions_or_attribute_signal",intent:admissions_profile_pattern
what schools should i apply to for political science in Texas under 30k,college_student,filtered_search,complex,needs recommendations,semantic_or_faceted_search,medium,location,intent:filtered_search_pattern
recommend medium-sized colleges in Texas for electrical engineering safety schools,high_school_student,recommendation,complex,needs recommendations,recommendation_workflow,complex,"major_or_program,location",
mit without the suffering,counselor_teacher,rewrite_needed,complex,needs rewrite; counselor framing,rewrite_then_route,complex,"school,rewrite_cue",
colleges near the beach under 20k with strong research and internships,counselor_teacher,multi_constraint,complex,multi-constraint,foundry_multi_agent,complex,location,
best political science schools in the Midwest,advisor,filtered_search,llm_needed,1–2 filters,semantic_or_faceted_search,medium,location,
colleges near a major tech hub full ride options with strong research and internships,advisor,multi_constraint,complex,multi-constraint,foundry_multi_agent,complex,cost_constraint,
University of Michigan vs Stanford for psychology,high_school_student,comparison,medium,compare entities,compare_pipeline,complex,"school,comparison_target,major_or_program",
colleges near the beach under 30k with strong research and internships,parent,multi_constraint,complex,multi-constraint,foundry_multi_agent,complex,location,
what schools should i apply to for architecture in the Midwest under 40k,parent,filtered_search,complex,needs recommendations,semantic_or_faceted_search,medium,"major_or_program,location",intent:filtered_search_pattern
recommend large colleges near Chicago for film not too competitive,counselor_teacher,recommendation,complex,needs recommendations,recommendation_workflow,complex,"major_or_program,location",
schools on the East Coast with low student-to-faculty ratio,advisor,filtered_search,medium,1–2 filters; advisor framing,semantic_or_faceted_search,medium,location,
NYU job placement,high_school_student,career_outcomes,short_circuit,single attribute,outcomes_pipeline,medium,"school,career_outcome_cue",intent:career_pattern
does UC Berkeley have business,advisor,attribute_lookup,short_circuit,single attribute,typesense_plus_metadata,easy,"school,major_or_program",
Caltech job placement for economics,counselor_teacher,career_outcomes,medium,outcomes; counselor framing,outcomes_pipeline,medium,"major_or_program,career_outcome_cue",
colleges on the East Coast,parent,filtered_search,medium,1–2 filters,semantic_or_faceted_search,medium,location,
cheapest psychology schools in California,college_student,filtered_search,medium,cost / aid,semantic_or_faceted_search,medium,"major_or_program,location",intent:filtered_search_pattern
how do i apply to Princeton,counselor_teacher,admissions_process,medium,how-to / admissions,faq_or_guidance,medium,school,
colleges in California,advisor,filtered_search,medium,1–2 filters,semantic_or_faceted_search,medium,location,
four year cost of Vanderbilt including housing,parent,cost_financial_aid,medium,how-to / admissions; parent framing,finance_guidance,medium,"school,cost_constraint,admissions_or_attribute_signal",intent:four_year_cost_pattern
Boston University vs Northeastern,counselor_teacher,comparison,complex,compare entities,compare_pipeline,complex,"school,comparison_target",
colleges not Florida good financial aid with strong research and internships,parent,multi_constraint,complex,multi-constraint; parent framing,foundry_multi_agent,complex,"location,cost_constraint",
Columbia tuition vs University of Maryland tuition,high_school_student,comparison,complex,compare entities,compare_pipeline,complex,"school,comparison_target,cost_constraint",
Vanderbilt vs Virginia Tech for pre-med,parent,comparison,complex,compare entities,compare_pipeline,complex,"school,comparison_target,major_or_program",
best colleges for pre-med job outcomes,counselor_teacher,career_outcomes,medium,outcomes,outcomes_pipeline,medium,"major_or_program,career_outcome_cue",
Caltech financial aid for out of state,high_school_student,cost_financial_aid,medium,cost / aid,finance_guidance,medium,cost_constraint,
recommend small colleges in Texas for pre-med reach schools,counselor_teacher,recommendation,complex,needs recommendations,recommendation_workflow,complex,"major_or_program,location",
UC San Diego,high_school_student,direct_lookup,short_circuit,simple entity,typesense_only,easy,,
does Duke have film,high_school_student,attribute_lookup,short_circuit,single attribute,typesense_plus_metadata,easy,"school,major_or_program",
location for Arizona State,parent,attribute_lookup,short_circuit,single attribute,typesense_plus_metadata,easy,school,
create reach target safety list for computer science in warm states under 40k,advisor,multi_constraint,complex,compare entities; advisor framing,foundry_multi_agent,complex,"major_or_program,location",intent:advisor_list_pattern
colleges in the Midwest,counselor_teacher,filtered_search,medium,1–2 filters,semantic_or_faceted_search,medium,location,
does Arizona State have mechanical engineering,counselor_teacher,attribute_lookup,short_circuit,single attribute,typesense_plus_metadata,easy,"school,major_or_program",
Caltech vs University of Maryland for mechanical engineering,advisor,comparison,short_circuit,compare entities,compare_pipeline,complex,"school,comparison_target,major_or_program",
small computer science colleges near Chicago under 30k not too competitive,counselor_teacher,multi_constraint,complex,multi-constraint,foundry_multi_agent,complex,"major_or_program,location",
University of Michigan job placement for pre-law,counselor_teacher,career_outcomes,llm_needed,outcomes,outcomes_pipeline,medium,"school,major_or_program,career_outcome_cue",
Duke admissions profile average sat and gpa,counselor_teacher,admissions_process,short_circuit,simple entity; counselor framing,faq_or_guidance,medium,"school,admissions_or_attribute_signal",intent:admissions_profile_pattern
schools like NYU but cheaper,parent,rewrite_needed,complex,needs recommendations,rewrite_then_route,complex,"school,rewrite_cue",intent:rewrite_pattern
colleges near Chicago,counselor_teacher,filtered_search,medium,1–2 filters,semantic_or_faceted_search,medium,location,
schools not Florida with low student-to-faculty ratio,high_school_student,filtered_search,medium,1–2 filters,semantic_or_faceted_search,medium,location,
UC San Diego,counselor_teacher,direct_lookup,medium,simple entity,typesense_only,easy,,
Arizona State tuition vs Harvard tuition,college_student,comparison,complex,compare entities,compare_pipeline,complex,"school,comparison_target,cost_constraint",
University of Wisconsin admissions profile average sat and gpa,counselor_teacher,admissions_process,medium,cost / aid; counselor framing,faq_or_guidance,medium,"school,admissions_or_attribute_signal",intent:admissions_profile_pattern
what schools should i apply to for biology near Chicago under 20k,high_school_student,filtered_search,complex,needs recommendations,semantic_or_faceted_search,medium,"major_or_program,location",intent:filtered_search_pattern
UC Irvine scholarships,high_school_student,cost_financial_aid,llm_needed,cost / aid,finance_guidance,medium,cost_constraint,
recommend large colleges near a major tech hub for mechanical engineering safety schools,counselor_teacher,recommendation,complex,needs recommendations,recommendation_workflow,complex,major_or_program,
small economics colleges near the beach under 30k not too competitive,high_school_student,multi_constraint,complex,multi-constraint,foundry_multi_agent,complex,"major_or_program,location",
four year cost of University of Wisconsin including housing,parent,cost_financial_aid,llm_needed,subjective fit; parent framing,finance_guidance,medium,"school,cost_constraint,admissions_or_attribute_signal",intent:four_year_cost_pattern
colleges near Chicago good financial aid with strong research and internships,advisor,multi_constraint,complex,multi-constraint,foundry_multi_agent,complex,"location,cost_constraint",
Princeton financial aid for out of state,college_student,cost_financial_aid,medium,cost / aid,finance_guidance,medium,"school,cost_constraint",
what schools should i apply to for public health in California full ride options,advisor,recommendation,complex,needs recommendations,recommendation_workflow,complex,"location,cost_constraint",
best colleges for political science job outcomes,parent,career_outcomes,medium,outcomes,outcomes_pipeline,medium,career_outcome_cue,
USC tuition vs Rice University tuition,counselor_teacher,comparison,complex,compare entities,compare_pipeline,complex,"school,comparison_target,cost_constraint",
what schools should i apply to for data science not Florida good financial aid,advisor,recommendation,complex,needs recommendations,recommendation_workflow,complex,"location,cost_constraint",
schools with normal people,advisor,campus_life_fit,llm_needed,subjective fit; advisor framing,llm_advisory,complex,fit_or_culture_cue,
what essays does University of Wisconsin require,high_school_student,admissions_process,medium,how-to / admissions,faq_or_guidance,medium,school,
Northwestern,high_school_student,direct_lookup,short_circuit,simple entity,typesense_only,easy,school,persona:school_only_pattern
large public health colleges not Florida under 20k not too competitive,college_student,filtered_search,medium,multi-constraint,semantic_or_faceted_search,medium,location,intent:filtered_search_pattern
universities with strong philosophy,advisor,filtered_search,medium,1–2 filters,semantic_or_faceted_search,medium,,
UC Irvine housing guarantee,parent,attribute_lookup,short_circuit,simple entity; parent framing,typesense_plus_metadata,easy,admissions_or_attribute_signal,intent:housing_guarantee_pattern
what essays does Harvard require,high_school_student,admissions_process,medium,how-to / admissions,faq_or_guidance,medium,school,
colleges near Chicago,high_school_student,filtered_search,medium,1–2 filters,semantic_or_faceted_search,medium,location,
what essays does Purdue require,parent,admissions_process,medium,how-to / admissions,faq_or_guidance,medium,school,
colleges near the beach low tuition with strong research and internships,counselor_teacher,multi_constraint,complex,multi-constraint,foundry_multi_agent,complex,"location,cost_constraint",
api access for college partners,college_b2b,b2b_partnership,medium,B2B; parent framing,b2b_workflow,medium,b2b_request_type,persona:b2b_pattern
Brown admissions profile average sat and gpa,counselor_teacher,admissions_process,llm_needed,subjective fit; counselor framing,faq_or_guidance,medium,"school,admissions_or_attribute_signal",intent:admissions_profile_pattern
schools in the Midwest with low student-to-faculty ratio,parent,filtered_search,medium,1–2 filters; parent framing,semantic_or_faceted_search,medium,location,
small data science colleges in Texas full ride options reach schools,college_student,multi_constraint,complex,multi-constraint,foundry_multi_agent,complex,"location,cost_constraint",
job placement for University of Wisconsin,parent,career_outcomes,short_circuit,single attribute,outcomes_pipeline,medium,"school,career_outcome_cue",intent:career_pattern
medium-sized film colleges in the Midwest under 40k not too competitive,counselor_teacher,filtered_search,complex,multi-constraint,semantic_or_faceted_search,medium,"major_or_program,location",intent:filtered_search_pattern
universities with strong data science,high_school_student,filtered_search,medium,1–2 filters,semantic_or_faceted_search,medium,,
what essays does UT Austin require,counselor_teacher,admissions_process,medium,how-to / admissions; counselor framing,faq_or_guidance,medium,school,
University of Washington vs UC San Diego,advisor,comparison,complex,compare entities,compare_pipeline,complex,"school,comparison_target",
schools good for chill campus,advisor,campus_life_fit,llm_needed,subjective fit,llm_advisory,complex,fit_or_culture_cue,
Carnegie Mellon average ACT,parent,attribute_lookup,short_circuit,single attribute,typesense_plus_metadata,easy,school,
four year cost of Virginia Tech including housing,parent,cost_financial_aid,complex,needs recommendations; parent framing,finance_guidance,medium,"school,cost_constraint,admissions_or_attribute_signal",intent:four_year_cost_pattern
how do i apply to Northeastern,college_student,admissions_process,medium,how-to / admissions,faq_or_guidance,medium,,
Duke tuition vs Purdue tuition,parent,comparison,complex,compare entities,compare_pipeline,complex,"school,comparison_target,cost_constraint",
University of Michigan housing guarantee,parent,attribute_lookup,complex,needs recommendations; parent framing,typesense_plus_metadata,easy,"school,admissions_or_attribute_signal",intent:housing_guarantee_pattern
rice university,high_school_student,direct_lookup,short_circuit,simple entity; parent framing,typesense_only,easy,school,persona:school_only_pattern
harvard,high_school_student,direct_lookup,short_circuit,simple entity,typesense_only,easy,school,
Purdue but cheaper,parent,rewrite_needed,complex,needs rewrite,rewrite_then_route,complex,"school,rewrite_cue",
create reach target safety list for film near a major tech hub full ride options,advisor,multi_constraint,complex,multi-constraint; advisor framing,foundry_multi_agent,complex,"major_or_program,cost_constraint",
affordable chemistry schools in warm states with good job placement,parent,career_outcomes,complex,multi-constraint,outcomes_pipeline,medium,"location,career_outcome_cue",intent:career_pattern
University of Washington admissions profile average sat and gpa,counselor_teacher,admissions_process,complex,needs recommendations; counselor framing,faq_or_guidance,medium,"school,admissions_or_attribute_signal",intent:admissions_profile_pattern
Virginia Tech vs NYU,college_student,comparison,complex,compare entities,compare_pipeline,complex,"school,comparison_target",
small business colleges in California good financial aid target schools,high_school_student,multi_constraint,complex,multi-constraint,foundry_multi_agent,complex,"major_or_program,location,cost_constraint",
best colleges for philosophy job outcomes,high_school_student,career_outcomes,medium,outcomes,outcomes_pipeline,medium,career_outcome_cue,
Duke student-to-faculty ratio,high_school_student,attribute_lookup,short_circuit,single attribute,typesense_plus_metadata,easy,school,
cheapest mechanical engineering schools in the Midwest,parent,filtered_search,medium,cost / aid; parent framing,semantic_or_faceted_search,medium,"major_or_program,location",intent:filtered_search_pattern
Penn State application deadlines,parent,admissions_process,medium,how-to / admissions,faq_or_guidance,medium,"school,admissions_or_attribute_signal",
Duke but cheaper,advisor,rewrite_needed,complex,needs rewrite,rewrite_then_route,complex,"school,rewrite_cue",
schools good for introverts,advisor,campus_life_fit,llm_needed,subjective fit,llm_advisory,complex,fit_or_culture_cue,
affordable political science schools in the Midwest with good job placement,college_student,career_outcomes,complex,multi-constraint,outcomes_pipeline,medium,"location,career_outcome_cue",intent:career_pattern
Harvard campus safety,advisor,attribute_lookup,short_circuit,single attribute,typesense_plus_metadata,easy,school,
Cornell tuition vs UC Berkeley tuition,advisor,comparison,complex,compare entities,compare_pipeline,complex,"school,comparison_target,cost_constraint",
recommend small colleges near Chicago for computer science target schools,advisor,recommendation,complex,needs recommendations,recommendation_workflow,complex,"major_or_program,location",
large neuroscience colleges in California under 40k not too competitive,college_student,filtered_search,complex,multi-constraint,semantic_or_faceted_search,medium,"major_or_program,location",intent:filtered_search_pattern
NYU,high_school_student,direct_lookup,short_circuit,simple entity,typesense_only,easy,school,persona:school_only_pattern
what schools should i apply to for mechanical engineering near the beach low tuition,counselor_teacher,recommendation,complex,needs recommendations,recommendation_workflow,complex,"major_or_program,location,cost_constraint",
University of Wisconsin job placement for pre-med,college_student,career_outcomes,llm_needed,outcomes,outcomes_pipeline,medium,"school,major_or_program,career_outcome_cue",
schools with high internship placement rates,advisor,career_outcomes,llm_needed,outcomes,outcomes_pipeline,medium,career_outcome_cue,
colleges in California under 20k with strong research and internships,high_school_student,multi_constraint,complex,multi-constraint,foundry_multi_agent,complex,location,
how do i apply to Stanford,parent,admissions_process,medium,how-to / admissions; parent framing,faq_or_guidance,medium,school,
University of Washington admissions profile average sat and gpa,counselor_teacher,admissions_process,complex,compare entities; counselor framing,faq_or_guidance,medium,"school,admissions_or_attribute_signal",intent:admissions_profile_pattern
how do we update our school profile data,college_b2b,b2b_partnership,medium,B2B; counselor framing,b2b_workflow,medium,b2b_request_type,persona:b2b_pattern
universities with strong public health,high_school_student,filtered_search,medium,1–2 filters,semantic_or_faceted_search,medium,,
affordable data science schools in warm states with good job placement,counselor_teacher,career_outcomes,complex,multi-constraint,outcomes_pipeline,medium,"location,career_outcome_cue",intent:career_pattern
best nursing schools near a major tech hub,high_school_student,filtered_search,medium,1–2 filters,semantic_or_faceted_search,medium,major_or_program,
colleges in California under 40k with strong research and internships,advisor,multi_constraint,short_circuit,multi-constraint,foundry_multi_agent,complex,location,
schools not Florida with low student-to-faculty ratio,high_school_student,filtered_search,complex,1–2 filters,semantic_or_faceted_search,medium,location,
Harvard,high_school_student,direct_lookup,llm_needed,simple entity,typesense_only,easy,school,
Northwestern job placement for philosophy,parent,career_outcomes,medium,outcomes; parent framing,outcomes_pipeline,medium,"school,career_outcome_cue",
Vanderbilt scholarships,college_student,cost_financial_aid,medium,cost / aid,finance_guidance,medium,"school,cost_constraint",
does Harvard have business,college_student,attribute_lookup,short_circuit,single attribute,typesense_plus_metadata,easy,"school,major_or_program",
UC Irvine scholarships,counselor_teacher,cost_financial_aid,medium,cost / aid,finance_guidance,medium,cost_constraint,
colleges not Florida under 20k with strong research and internships,advisor,multi_constraint,complex,multi-constraint,foundry_multi_agent,complex,location,
USC chill campus,advisor,campus_life_fit,llm_needed,subjective fit,llm_advisory,complex,"school,fit_or_culture_cue",
Northwestern application deadlines,college_student,admissions_process,medium,how-to / admissions,faq_or_guidance,medium,"school,admissions_or_attribute_signal",
University of Wisconsin scholarships,high_school_student,cost_financial_aid,medium,cost / aid,finance_guidance,medium,"school,cost_constraint",
Princeton tuition vs University of Florida tuition,advisor,comparison,complex,compare entities,compare_pipeline,complex,"school,comparison_target,location,cost_constraint",
colleges near Chicago,college_student,filtered_search,medium,1–2 filters,semantic_or_faceted_search,medium,location,
Penn State housing guarantee,parent,attribute_lookup,complex,compare entities; parent framing,typesense_plus_metadata,easy,"school,admissions_or_attribute_signal",intent:housing_guarantee_pattern
do i need sat for UC San Diego,advisor,admissions_process,complex,how-to / admissions,faq_or_guidance,medium,admissions_or_attribute_signal,
northwestern,high_school_student,direct_lookup,short_circuit,simple entity,typesense_only,easy,school,persona:school_only_pattern
four year cost of MIT including housing,parent,cost_financial_aid,medium,cost / aid; parent framing,finance_guidance,medium,"school,cost_constraint,admissions_or_attribute_signal",
Duke vs Princeton,high_school_student,comparison,complex,compare entities,compare_pipeline,complex,"school,comparison_target",
Carnegie Mellon job placement for mechanical engineering,college_student,career_outcomes,short_circuit,outcomes,outcomes_pipeline,medium,"school,major_or_program,career_outcome_cue",
schools good for sports culture,counselor_teacher,campus_life_fit,llm_needed,subjective fit; counselor framing,llm_advisory,complex,fit_or_culture_cue,
universities with strong neuroscience,high_school_student,filtered_search,medium,1–2 filters,semantic_or_faceted_search,medium,major_or_program,
best colleges for business job outcomes,high_school_student,career_outcomes,medium,outcomes,outcomes_pipeline,medium,"major_or_program,career_outcome_cue",
University of Maryland job placement for computer science,high_school_student,career_outcomes,medium,outcomes,outcomes_pipeline,medium,"school,major_or_program,career_outcome_cue",
do i need sat for Duke,counselor_teacher,admissions_process,medium,how-to / admissions; counselor framing,faq_or_guidance,medium,"school,admissions_or_attribute_signal",
small biology colleges not Florida under 20k reach schools,advisor,filtered_search,complex,multi-constraint,semantic_or_faceted_search,medium,"major_or_program,location",intent:filtered_search_pattern
create reach target safety list for public health near Chicago under 30k,advisor,multi_constraint,complex,simple entity; advisor framing,foundry_multi_agent,complex,location,intent:advisor_list_pattern
recommend medium-sized colleges not Florida for film not too competitive,advisor,recommendation,complex,needs recommendations,recommendation_workflow,complex,"major_or_program,location",
UT Austin housing guarantee,parent,attribute_lookup,short_circuit,simple entity; parent framing,typesense_plus_metadata,easy,"school,admissions_or_attribute_signal",intent:housing_guarantee_pattern
USC but cheaper,college_student,rewrite_needed,complex,needs rewrite,rewrite_then_route,complex,"school,rewrite_cue",
cheapest chemistry schools on the East Coast,parent,filtered_search,medium,cost / aid,semantic_or_faceted_search,medium,location,intent:filtered_search_pattern
recommend small colleges near Chicago for mechanical engineering safety schools,college_student,recommendation,complex,needs recommendations,recommendation_workflow,complex,"major_or_program,location",
Caltech but cheaper,parent,rewrite_needed,complex,needs rewrite,rewrite_then_route,complex,rewrite_cue,
UC Irvine,advisor,direct_lookup,medium,simple entity,typesense_only,easy,,
Penn State campus safety,high_school_student,attribute_lookup,complex,single attribute,typesense_plus_metadata,easy,school,
schools like Georgia Tech but cheaper,advisor,rewrite_needed,complex,needs recommendations,rewrite_then_route,complex,"school,rewrite_cue",intent:rewrite_pattern
MIT but cheaper,high_school_student,rewrite_needed,complex,needs rewrite,rewrite_then_route,complex,"school,rewrite_cue",
what schools should i apply to for public health in warm states under 40k,college_student,filtered_search,complex,needs recommendations,semantic_or_faceted_search,medium,location,intent:filtered_search_pattern
best colleges for psychology job outcomes,parent,career_outcomes,medium,outcomes,outcomes_pipeline,medium,"major_or_program,career_outcome_cue",
Northeastern normal people,counselor_teacher,campus_life_fit,llm_needed,subjective fit,llm_advisory,complex,fit_or_culture_cue,
Rice University job placement for mechanical engineering,college_student,career_outcomes,medium,outcomes,outcomes_pipeline,medium,"school,major_or_program,career_outcome_cue",
what essays does UC Irvine require,high_school_student,admissions_process,medium,how-to / admissions,faq_or_guidance,medium,,
UC San Diego,advisor,direct_lookup,short_circuit,simple entity,typesense_only,easy,,
Rice University housing guarantee,parent,attribute_lookup,short_circuit,single attribute; parent framing,typesense_plus_metadata,easy,"school,admissions_or_attribute_signal",
University of Wisconsin housing guarantee,parent,attribute_lookup,complex,needs rewrite; parent framing,typesense_plus_metadata,easy,"school,admissions_or_attribute_signal",intent:housing_guarantee_pattern
best pre-law schools near the beach,parent,filtered_search,medium,1–2 filters; parent framing,semantic_or_faceted_search,medium,"major_or_program,location",
housing for Harvard,parent,attribute_lookup,short_circuit,single attribute,typesense_plus_metadata,easy,"school,admissions_or_attribute_signal",
schools near the beach with low student-to-faculty ratio,counselor_teacher,filtered_search,medium,1–2 filters,semantic_or_faceted_search,medium,location,
Rice University financial aid for out of state,advisor,cost_financial_aid,medium,cost / aid,finance_guidance,medium,"school,cost_constraint",
Boston University tuition vs University of Wisconsin tuition,high_school_student,comparison,short_circuit,compare entities,compare_pipeline,complex,"school,comparison_target,cost_constraint",
colleges in warm states under 40k with strong research and internships,counselor_teacher,multi_constraint,llm_needed,multi-constraint,foundry_multi_agent,complex,location,
UCLA financial aid for out of state,counselor_teacher,cost_financial_aid,medium,cost / aid,finance_guidance,medium,"school,cost_constraint",
does Purdue have engineering,counselor_teacher,attribute_lookup,short_circuit,single attribute,typesense_plus_metadata,easy,"school,major_or_program",
what schools should i apply to for finance in Texas low tuition,high_school_student,recommendation,complex,needs recommendations,recommendation_workflow,complex,"location,cost_constraint",
create reach target safety list for chemistry in warm states under 30k,advisor,multi_constraint,short_circuit,simple entity; advisor framing,foundry_multi_agent,complex,location,intent:advisor_list_pattern
what schools should i apply to for electrical engineering near the beach under 30k,high_school_student,filtered_search,complex,needs recommendations,semantic_or_faceted_search,medium,"major_or_program,location",intent:filtered_search_pattern
USC job placement for political science,college_student,career_outcomes,medium,outcomes,outcomes_pipeline,medium,"school,career_outcome_cue",
Boston University tuition vs Stanford tuition,parent,comparison,complex,compare entities,compare_pipeline,complex,"school,comparison_target,cost_constraint",
large computer science colleges in Texas under 20k safety schools,high_school_student,filtered_search,complex,multi-constraint,semantic_or_faceted_search,medium,"major_or_program,location",intent:filtered_search_pattern
best architecture schools on the East Coast,high_school_student,filtered_search,llm_needed,1–2 filters,semantic_or_faceted_search,medium,"major_or_program,location",
does Duke have psychology,college_student,attribute_lookup,complex,single attribute,typesense_plus_metadata,easy,"school,major_or_program",
what schools should i apply to for public health in the Midwest low tuition,counselor_teacher,recommendation,complex,needs recommendations,recommendation_workflow,complex,"location,cost_constraint",
what schools should i apply to for philosophy in warm states full ride options,advisor,recommendation,complex,needs recommendations,recommendation_workflow,complex,"location,cost_constraint",
schools with strong first gen support,counselor_teacher,filtered_search,short_circuit,B2B; counselor framing,semantic_or_faceted_search,medium,,intent:first_gen_support_pattern
Northwestern tuition vs Caltech tuition,parent,comparison,complex,compare entities,compare_pipeline,complex,"school,comparison_target,cost_constraint",
Rice University job placement for business,high_school_student,career_outcomes,short_circuit,outcomes,outcomes_pipeline,medium,"school,major_or_program,career_outcome_cue",
affordable film schools in Texas with good job placement,parent,career_outcomes,complex,multi-constraint,outcomes_pipeline,medium,"major_or_program,location,career_outcome_cue",intent:career_pattern
average ACT for Duke,advisor,attribute_lookup,medium,single attribute,typesense_plus_metadata,easy,school,
Vanderbilt acceptance rate,parent,attribute_lookup,short_circuit,single attribute,typesense_plus_metadata,easy,"school,admissions_or_attribute_signal",
virginia tech,high_school_student,direct_lookup,short_circuit,simple entity,typesense_only,easy,school,persona:school_only_pattern
what schools should i apply to for computer science near Chicago under 20k,college_student,filtered_search,complex,needs recommendations,semantic_or_faceted_search,medium,"major_or_program,location",intent:filtered_search_pattern
UC Berkeley,high_school_student,direct_lookup,medium,simple entity,typesense_only,easy,school,persona:school_only_pattern
Harvard vs UT Austin for chemistry,advisor,comparison,llm_needed,compare entities; advisor framing,compare_pipeline,complex,"school,comparison_target",
schools like Rice University but cheaper,high_school_student,rewrite_needed,complex,needs recommendations,rewrite_then_route,complex,"school,rewrite_cue",intent:rewrite_pattern
Duke vs Carnegie Mellon,college_student,comparison,complex,compare entities,compare_pipeline,complex,"school,comparison_target",
create reach target safety list for pre-law near Chicago good financial aid,advisor,multi_constraint,medium,how-to / admissions; advisor framing,foundry_multi_agent,complex,"major_or_program,location,cost_constraint",intent:advisor_list_pattern
schools like Arizona State but cheaper,high_school_student,rewrite_needed,complex,needs recommendations,rewrite_then_route,complex,"school,rewrite_cue",intent:rewrite_pattern
what schools should i apply to for psychology near a major tech hub under 40k,advisor,filtered_search,complex,needs recommendations,semantic_or_faceted_search,medium,major_or_program,intent:filtered_search_pattern
columbia,high_school_student,direct_lookup,short_circuit,simple entity,typesense_only,easy,school,persona:school_only_pattern
NYU,high_school_student,direct_lookup,short_circuit,simple entity,typesense_only,easy,school,
best colleges for psychology job outcomes,college_student,career_outcomes,medium,outcomes,outcomes_pipeline,medium,"major_or_program,career_outcome_cue",
recommend large colleges near the beach for psychology reach schools,counselor_teacher,recommendation,complex,needs recommendations,recommendation_workflow,complex,"major_or_program,location",
large public health colleges in warm states good financial aid reach schools,advisor,multi_constraint,llm_needed,multi-constraint,foundry_multi_agent,complex,"location,cost_constraint",
Northwestern job placement for data science,advisor,career_outcomes,medium,outcomes; advisor framing,outcomes_pipeline,medium,"school,career_outcome_cue",
University of Washington scholarships,high_school_student,cost_financial_aid,medium,cost / aid,finance_guidance,medium,"school,cost_constraint",
best economics schools near Chicago,high_school_student,filtered_search,medium,1–2 filters,semantic_or_faceted_search,medium,"major_or_program,location",
UC Berkeley,high_school_student,direct_lookup,short_circuit,simple entity,typesense_only,easy,school,persona:school_only_pattern
affordable film schools not Florida with good job placement,high_school_student,career_outcomes,complex,multi-constraint,outcomes_pipeline,medium,"major_or_program,location,career_outcome_cue",intent:career_pattern
University of Florida application deadlines,college_student,admissions_process,medium,how-to / admissions,faq_or_guidance,medium,"school,location,admissions_or_attribute_signal",
Virginia Tech,high_school_student,direct_lookup,short_circuit,simple entity,typesense_only,easy,school,persona:school_only_pattern
Virginia Tech scholarships,college_student,cost_financial_aid,medium,cost / aid,finance_guidance,medium,"school,cost_constraint",
Arizona State job placement for psychology,high_school_student,career_outcomes,medium,outcomes,outcomes_pipeline,medium,"school,major_or_program,career_outcome_cue",
Harvard admissions profile average sat and gpa,counselor_teacher,admissions_process,llm_needed,subjective fit; counselor framing,faq_or_guidance,medium,"school,admissions_or_attribute_signal",intent:admissions_profile_pattern
does University of Michigan have engineering,high_school_student,attribute_lookup,short_circuit,single attribute,typesense_plus_metadata,easy,"school,major_or_program",
campus safety for University of Maryland,high_school_student,attribute_lookup,short_circuit,single attribute,typesense_plus_metadata,easy,school,
USC vs Vanderbilt,high_school_student,comparison,complex,compare entities,compare_pipeline,complex,"school,comparison_target",
Arizona State location,college_student,attribute_lookup,short_circuit,single attribute,typesense_plus_metadata,easy,school,
Vanderbilt job placement for political science,parent,career_outcomes,medium,outcomes; parent framing,outcomes_pipeline,medium,"school,career_outcome_cue",
create reach target safety list for finance not Florida full ride options,advisor,multi_constraint,medium,cost / aid; advisor framing,foundry_multi_agent,complex,"location,cost_constraint",intent:advisor_list_pattern
schools like UC San Diego but cheaper,advisor,rewrite_needed,complex,needs recommendations; advisor framing,rewrite_then_route,complex,rewrite_cue,intent:rewrite_pattern
Purdue internships,counselor_teacher,attribute_lookup,short_circuit,single attribute,typesense_plus_metadata,easy,school,
recommend large colleges in the Midwest for architecture target schools,college_student,recommendation,complex,needs recommendations,recommendation_workflow,complex,"major_or_program,location",
recommend large colleges on the East Coast for architecture reach schools,advisor,recommendation,complex,needs recommendations; advisor framing,recommendation_workflow,complex,"major_or_program,location",
Rice University but cheaper,high_school_student,rewrite_needed,complex,needs rewrite,rewrite_then_route,complex,"school,rewrite_cue",
what schools should i apply to for engineering near the beach under 20k,parent,filtered_search,complex,needs recommendations,semantic_or_faceted_search,medium,"major_or_program,location",intent:filtered_search_pattern
Stanford job placement for computer science,advisor,career_outcomes,medium,outcomes,outcomes_pipeline,medium,"school,major_or_program,career_outcome_cue",
Boston University vs Vanderbilt,advisor,comparison,complex,compare entities,compare_pipeline,complex,"school,comparison_target",
Boston University internships,high_school_student,attribute_lookup,short_circuit,single attribute,typesense_plus_metadata,easy,school,
duke,high_school_student,direct_lookup,short_circuit,simple entity,typesense_only,easy,school,persona:school_only_pattern
Cornell housing guarantee,parent,attribute_lookup,llm_needed,subjective fit; parent framing,typesense_plus_metadata,easy,"school,admissions_or_attribute_signal",intent:housing_guarantee_pattern
Caltech,advisor,direct_lookup,short_circuit,simple entity,typesense_only,easy,,
colleges near Chicago full ride options with strong research and internships,advisor,multi_constraint,complex,multi-constraint,foundry_multi_agent,complex,"location,cost_constraint",
cheapest mechanical engineering schools in the Midwest,high_school_student,filtered_search,medium,cost / aid,semantic_or_faceted_search,medium,"major_or_program,location",intent:filtered_search_pattern
how do i apply to UC Berkeley,advisor,admissions_process,medium,how-to / admissions,faq_or_guidance,medium,school,
universities with strong finance,parent,filtered_search,medium,1–2 filters,semantic_or_faceted_search,medium,,
cheapest political science schools in the Midwest,parent,filtered_search,medium,cost / aid,semantic_or_faceted_search,medium,location,intent:filtered_search_pattern
Northwestern application deadlines,high_school_student,admissions_process,medium,how-to / admissions,faq_or_guidance,medium,"school,admissions_or_attribute_signal",
schools good for normal people,high_school_student,campus_life_fit,llm_needed,subjective fit,llm_advisory,complex,fit_or_culture_cue,
create reach target safety list for nursing near the beach low tuition,advisor,multi_constraint,medium,outcomes; advisor framing,foundry_multi_agent,complex,"major_or_program,location,cost_constraint",intent:advisor_list_pattern
Virginia Tech housing guarantee,parent,attribute_lookup,llm_needed,subjective fit; parent framing,typesense_plus_metadata,easy,"school,admissions_or_attribute_signal",intent:housing_guarantee_pattern
Arizona State vs USC for economics,high_school_student,comparison,complex,compare entities,compare_pipeline,complex,"school,comparison_target,major_or_program",
enterprise access for counselors and districts,college_b2b,b2b_partnership,llm_needed,B2B,b2b_workflow,medium,b2b_request_type,persona:b2b_pattern
Brown student-to-faculty ratio,advisor,attribute_lookup,short_circuit,single attribute,typesense_plus_metadata,easy,school,
NYU vs Columbia,college_student,comparison,complex,compare entities,compare_pipeline,complex,"school,comparison_target",
schools like NYU but cheaper,advisor,rewrite_needed,complex,needs recommendations,rewrite_then_route,complex,"school,rewrite_cue",intent:rewrite_pattern
do i need sat for Arizona State,high_school_student,admissions_process,medium,how-to / admissions,faq_or_guidance,medium,"school,admissions_or_attribute_signal",
Carnegie Mellon tuition vs Cornell tuition,college_student,comparison,short_circuit,compare entities,compare_pipeline,complex,"school,comparison_target,cost_constraint",
UCLA job placement for neuroscience,college_student,career_outcomes,medium,outcomes,outcomes_pipeline,medium,"school,major_or_program,career_outcome_cue",
Duke vs USC,advisor,comparison,complex,compare entities,compare_pipeline,complex,"school,comparison_target",
cheapest aerospace engineering schools near the beach,college_student,filtered_search,medium,cost / aid,semantic_or_faceted_search,medium,"major_or_program,location",intent:filtered_search_pattern
UT Austin,high_school_student,direct_lookup,short_circuit,simple entity,typesense_only,easy,school,persona:school_only_pattern
Harvard non-competitive culture,parent,campus_life_fit,llm_needed,subjective fit,llm_advisory,complex,"school,fit_or_culture_cue",
cheapest film schools near the beach,parent,filtered_search,medium,cost / aid,semantic_or_faceted_search,medium,"major_or_program,location",intent:filtered_search_pattern
UC Berkeley student-to-faculty ratio,counselor_teacher,attribute_lookup,short_circuit,single attribute; counselor framing,typesense_plus_metadata,easy,school,
NYU,high_school_student,direct_lookup,short_circuit,simple entity,typesense_only,easy,school,persona:school_only_pattern
duke,high_school_student,direct_lookup,short_circuit,simple entity,typesense_only,easy,school,persona:school_only_pattern
best aerospace engineering schools near Chicago,advisor,filtered_search,medium,1–2 filters; advisor framing,semantic_or_faceted_search,medium,"major_or_program,location",
UT Austin financial aid for out of state,high_school_student,cost_financial_aid,medium,cost / aid,finance_guidance,medium,"school,cost_constraint",
best philosophy schools in the Midwest,advisor,filtered_search,medium,1–2 filters,semantic_or_faceted_search,medium,location,
University of Washington vs USC for biology,high_school_student,comparison,complex,compare entities,compare_pipeline,complex,"school,comparison_target,major_or_program",
Harvard application deadlines,college_student,admissions_process,medium,how-to / admissions,faq_or_guidance,medium,"school,admissions_or_attribute_signal",
Purdue tuition vs Duke tuition,college_student,comparison,complex,compare entities,compare_pipeline,complex,"school,comparison_target,cost_constraint",
affordable pre-law schools not Florida with good job placement,parent,career_outcomes,complex,multi-constraint,outcomes_pipeline,medium,"major_or_program,location,career_outcome_cue",intent:career_pattern
does Georgia Tech have public health,college_student,attribute_lookup,short_circuit,single attribute,typesense_plus_metadata,easy,school,
Princeton but cheaper,parent,rewrite_needed,complex,needs rewrite,rewrite_then_route,complex,"school,rewrite_cue",
Harvard,high_school_student,direct_lookup,medium,simple entity; counselor framing,typesense_only,easy,school,persona:school_only_pattern
MIT financial aid for out of state,high_school_student,cost_financial_aid,medium,cost / aid,finance_guidance,medium,"school,cost_constraint",
UC San Diego,parent,direct_lookup,short_circuit,simple entity; parent framing,typesense_only,easy,,
UC Berkeley tuition vs UCLA tuition,counselor_teacher,comparison,complex,compare entities,compare_pipeline,complex,"school,comparison_target,cost_constraint",
Georgia Tech vs Princeton,college_student,comparison,complex,compare entities,compare_pipeline,complex,"school,comparison_target",
four year cost of Caltech including housing,parent,cost_financial_aid,medium,outcomes; parent framing,finance_guidance,medium,"cost_constraint,admissions_or_attribute_signal",intent:four_year_cost_pattern
financial aid for Stanford,high_school_student,cost_financial_aid,short_circuit,single attribute,finance_guidance,medium,"school,cost_constraint",intent:cost_pattern
UC Berkeley clubs,parent,attribute_lookup,short_circuit,single attribute,typesense_plus_metadata,easy,school,
colleges near Chicago low tuition with strong research and internships,counselor_teacher,multi_constraint,complex,multi-constraint,foundry_multi_agent,complex,"location,cost_constraint",
UT Austin vs UC Berkeley for mechanical engineering,parent,comparison,complex,compare entities,compare_pipeline,complex,"school,comparison_target,major_or_program",
create reach target safety list for pre-law in warm states low tuition,advisor,multi_constraint,short_circuit,simple entity; advisor framing,foundry_multi_agent,complex,"major_or_program,location,cost_constraint",intent:advisor_list_pattern
Northwestern,high_school_student,direct_lookup,llm_needed,simple entity,typesense_only,easy,school,persona:school_only_pattern
create reach target safety list for finance in the Midwest low tuition,advisor,multi_constraint,llm_needed,needs rewrite; advisor framing,foundry_multi_agent,complex,"location,cost_constraint",intent:advisor_list_pattern
what schools should i apply to for philosophy near the beach good financial aid,counselor_teacher,recommendation,complex,needs recommendations; counselor framing,recommendation_workflow,complex,"location,cost_constraint",
colleges on the East Coast good financial aid with strong research and internships,parent,multi_constraint,complex,multi-constraint,foundry_multi_agent,complex,"location,cost_constraint",
rankings for Carnegie Mellon,high_school_student,attribute_lookup,short_circuit,single attribute,typesense_plus_metadata,easy,school,
best economics schools in warm states,parent,filtered_search,medium,1–2 filters,semantic_or_faceted_search,medium,"major_or_program,location",
four year cost of Duke including housing,parent,cost_financial_aid,complex,needs recommendations; parent framing,finance_guidance,medium,"school,cost_constraint,admissions_or_attribute_signal",intent:four_year_cost_pattern
UC Berkeley housing guarantee,parent,attribute_lookup,medium,outcomes; parent framing,typesense_plus_metadata,easy,"school,admissions_or_attribute_signal",intent:housing_guarantee_pattern
create reach target safety list for electrical engineering near the beach full ride options,advisor,multi_constraint,medium,1–2 filters; advisor framing,foundry_multi_agent,complex,"major_or_program,location,cost_constraint",intent:advisor_list_pattern
does UC San Diego have film,college_student,attribute_lookup,llm_needed,single attribute,typesense_plus_metadata,easy,major_or_program,
Georgia Tech financial aid for out of state,advisor,cost_financial_aid,llm_needed,cost / aid,finance_guidance,medium,"school,cost_constraint",
create reach target safety list for public health in the Midwest under 40k,advisor,multi_constraint,complex,multi-constraint; advisor framing,foundry_multi_agent,complex,location,
large pre-law colleges in California under 40k not too competitive,counselor_teacher,filtered_search,medium,multi-constraint; counselor framing,semantic_or_faceted_search,medium,"major_or_program,location",intent:filtered_search_pattern
Stanford tuition vs Penn State tuition,high_school_student,comparison,complex,compare entities,compare_pipeline,complex,"school,comparison_target,cost_constraint",
what schools should i apply to for biology near the beach under 30k,parent,filtered_search,complex,needs recommendations,semantic_or_faceted_search,medium,"major_or_program,location",intent:filtered_search_pattern
what schools should i apply to for psychology not Florida good financial aid,parent,recommendation,complex,needs recommendations,recommendation_workflow,complex,"major_or_program,location,cost_constraint",
best film schools in Texas,high_school_student,filtered_search,medium,1–2 filters,semantic_or_faceted_search,medium,"major_or_program,location",
medium-sized chemistry colleges in the Midwest under 30k not too competitive,counselor_teacher,filtered_search,complex,multi-constraint,semantic_or_faceted_search,medium,location,intent:filtered_search_pattern
four year cost of University of Maryland including housing,parent,cost_financial_aid,short_circuit,single attribute; parent framing,finance_guidance,medium,"school,cost_constraint,admissions_or_attribute_signal",intent:four_year_cost_pattern
University of Wisconsin student-to-faculty ratio,counselor_teacher,attribute_lookup,short_circuit,single attribute,typesense_plus_metadata,easy,school,
Virginia Tech job placement for public health,advisor,career_outcomes,medium,outcomes,outcomes_pipeline,medium,"school,career_outcome_cue",
small biology colleges in California under 30k safety schools,parent,multi_constraint,complex,multi-constraint,foundry_multi_agent,complex,"major_or_program,location",
UC San Diego financial aid for out of state,high_school_student,cost_financial_aid,medium,cost / aid,finance_guidance,medium,cost_constraint,
University of Maryland financial aid for out of state,counselor_teacher,cost_financial_aid,medium,cost / aid,finance_guidance,medium,"school,cost_constraint",
University of Maryland clubs,high_school_student,attribute_lookup,short_circuit,single attribute,typesense_plus_metadata,easy,school,
api access for college partners,college_b2b,b2b_partnership,short_circuit,B2B,b2b_workflow,medium,b2b_request_type,persona:b2b_pattern
affordable economics schools in California with good job placement,advisor,career_outcomes,complex,multi-constraint,outcomes_pipeline,medium,"major_or_program,location,career_outcome_cue",intent:career_pattern
what essays does Penn State require,advisor,admissions_process,medium,how-to / admissions,faq_or_guidance,medium,school,
UT Austin job placement for nursing,parent,career_outcomes,medium,outcomes,outcomes_pipeline,medium,"school,major_or_program,career_outcome_cue",
large electrical engineering colleges near a major tech hub under 20k not too competitive,college_student,filtered_search,complex,multi-constraint,semantic_or_faceted_search,medium,major_or_program,intent:filtered_search_pattern
recommend small colleges near the beach for neuroscience target schools,advisor,recommendation,complex,needs recommendations,recommendation_workflow,complex,"major_or_program,location",
Florida,counselor_teacher,direct_lookup,short_circuit,simple entity,typesense_only,easy,location,
schools with normal people,parent,campus_life_fit,short_circuit,subjective fit,llm_advisory,complex,fit_or_culture_cue,
schools like Purdue but cheaper,college_student,rewrite_needed,complex,needs recommendations,rewrite_then_route,complex,"school,rewrite_cue",intent:rewrite_pattern
Georgia Tech application deadlines,high_school_student,admissions_process,medium,how-to / admissions,faq_or_guidance,medium,"school,admissions_or_attribute_signal",
create reach target safety list for psychology in California full ride options,advisor,multi_constraint,medium,outcomes; advisor framing,foundry_multi_agent,complex,"major_or_program,location,cost_constraint",intent:advisor_list_pattern
Purdue scholarships,advisor,cost_financial_aid,medium,cost / aid,finance_guidance,medium,"school,cost_constraint",
enterprise access for counselors and districts,college_b2b,b2b_partnership,llm_needed,B2B,b2b_workflow,medium,b2b_request_type,persona:b2b_pattern
UT Austin tuition vs NYU tuition,advisor,comparison,complex,compare entities,compare_pipeline,complex,"school,comparison_target,cost_constraint",
Caltech admissions profile average sat and gpa,counselor_teacher,admissions_process,medium,how-to / admissions; counselor framing,faq_or_guidance,medium,admissions_or_attribute_signal,
best philosophy schools near a major tech hub,counselor_teacher,filtered_search,medium,1–2 filters,semantic_or_faceted_search,medium,,
Vanderbilt research opportunities,high_school_student,attribute_lookup,short_circuit,single attribute,typesense_plus_metadata,easy,school,
colleges where people dont care about football,counselor_teacher,filtered_search,complex,subjective fit,semantic_or_faceted_search,medium,,intent:filtered_search_pattern
Purdue,high_school_student,direct_lookup,short_circuit,simple entity,typesense_only,easy,school,persona:school_only_pattern
what essays does Rice University require,high_school_student,admissions_process,medium,how-to / admissions,faq_or_guidance,medium,school,
how do i apply to Duke,college_student,admissions_process,medium,how-to / admissions,faq_or_guidance,medium,school,
do i need sat for University of Wisconsin,college_student,admissions_process,medium,how-to / admissions,faq_or_guidance,medium,"school,admissions_or_attribute_signal",
University of Michigan but cheaper,college_student,rewrite_needed,complex,needs rewrite,rewrite_then_route,complex,"school,rewrite_cue",
housing for Stanford,parent,attribute_lookup,short_circuit,single attribute,typesense_plus_metadata,easy,"school,admissions_or_attribute_signal",
does Carnegie Mellon have neuroscience,high_school_student,attribute_lookup,short_circuit,single attribute,typesense_plus_metadata,easy,"school,major_or_program",
api access for college partners,college_b2b,b2b_partnership,medium,B2B,b2b_workflow,medium,b2b_request_type,persona:b2b_pattern
Northeastern admissions profile average sat and gpa,counselor_teacher,admissions_process,llm_needed,subjective fit; counselor framing,faq_or_guidance,medium,admissions_or_attribute_signal,intent:admissions_profile_pattern
Virginia Tech housing guarantee,parent,attribute_lookup,medium,cost / aid; parent framing,typesense_plus_metadata,easy,"school,admissions_or_attribute_signal",intent:housing_guarantee_pattern
recommend medium-sized colleges in the Midwest for electrical engineering target schools,high_school_student,recommendation,medium,needs recommendations,recommendation_workflow,complex,"major_or_program,location",
UC Irvine application deadlines,high_school_student,admissions_process,medium,how-to / admissions,faq_or_guidance,medium,admissions_or_attribute_signal,
best computer science schools near Chicago,college_student,filtered_search,medium,1–2 filters,semantic_or_faceted_search,medium,"major_or_program,location",
Northeastern vs Stanford,parent,comparison,complex,compare entities,compare_pipeline,complex,"school,comparison_target",
best colleges for film job outcomes,parent,career_outcomes,medium,outcomes,outcomes_pipeline,medium,"major_or_program,career_outcome_cue",
schools not Florida with low student-to-faculty ratio,parent,filtered_search,medium,1–2 filters,semantic_or_faceted_search,medium,location,
create reach target safety list for political science in the Midwest low tuition,advisor,multi_constraint,medium,1–2 filters; advisor framing,foundry_multi_agent,complex,"location,cost_constraint",intent:advisor_list_pattern
Vanderbilt,high_school_student,direct_lookup,short_circuit,simple entity,typesense_only,easy,school,persona:school_only_pattern
universities with strong public health,counselor_teacher,filtered_search,medium,1–2 filters,semantic_or_faceted_search,medium,,
best psychology schools in California,advisor,filtered_search,medium,1–2 filters,semantic_or_faceted_search,medium,"major_or_program,location",
large public health colleges near a major tech hub under 20k safety schools,advisor,filtered_search,complex,multi-constraint,semantic_or_faceted_search,medium,,intent:filtered_search_pattern
Florida,advisor,direct_lookup,short_circuit,simple entity; advisor framing,typesense_only,easy,location,
UC Berkeley admissions profile average sat and gpa,counselor_teacher,admissions_process,complex,compare entities; counselor framing,faq_or_guidance,medium,"school,admissions_or_attribute_signal",intent:admissions_profile_pattern
best pre-med schools on the East Coast,advisor,filtered_search,medium,1–2 filters; advisor framing,semantic_or_faceted_search,medium,"major_or_program,location",
Georgia Tech vs University of Maryland for data science,advisor,comparison,complex,compare entities; advisor framing,compare_pipeline,complex,"school,comparison_target",
Brown job placement for pre-law,college_student,career_outcomes,medium,outcomes,outcomes_pipeline,medium,"school,major_or_program,career_outcome_cue",
schools like Arizona State but cheaper,college_student,rewrite_needed,complex,needs recommendations,rewrite_then_route,complex,"school,rewrite_cue",intent:rewrite_pattern
create reach target safety list for political science in the Midwest under 20k,advisor,multi_constraint,short_circuit,single attribute; advisor framing,foundry_multi_agent,complex,location,intent:advisor_list_pattern
Brown housing guarantee,parent,attribute_lookup,complex,needs recommendations; parent framing,typesense_plus_metadata,easy,"school,admissions_or_attribute_signal",intent:housing_guarantee_pattern
Carnegie Mellon financial aid for out of state,counselor_teacher,cost_financial_aid,medium,cost / aid,finance_guidance,medium,"school,cost_constraint",
what essays does University of Michigan require,advisor,admissions_process,medium,how-to / admissions,faq_or_guidance,medium,school,
cheapest data science schools in California,high_school_student,filtered_search,complex,cost / aid,semantic_or_faceted_search,medium,location,intent:filtered_search_pattern
schools like Virginia Tech but cheaper,high_school_student,rewrite_needed,complex,needs recommendations,rewrite_then_route,complex,"school,rewrite_cue",intent:rewrite_pattern
affordable aerospace engineering schools in Texas with good job placement,counselor_teacher,career_outcomes,complex,multi-constraint,outcomes_pipeline,medium,"major_or_program,location,career_outcome_cue",intent:career_pattern
how do i apply to Georgia Tech,college_student,admissions_process,medium,how-to / admissions,faq_or_guidance,medium,school,
tuition for NYU,high_school_student,cost_financial_aid,short_circuit,single attribute,finance_guidance,medium,"school,cost_constraint",intent:cost_pattern
affordable public health schools not Florida with good job placement,college_student,career_outcomes,complex,multi-constraint,outcomes_pipeline,medium,"location,career_outcome_cue",intent:career_pattern
Virginia Tech tuition vs Stanford tuition,advisor,comparison,complex,compare entities; advisor framing,compare_pipeline,complex,"school,comparison_target,cost_constraint",
best colleges for architecture job outcomes,counselor_teacher,career_outcomes,medium,outcomes,outcomes_pipeline,medium,"major_or_program,career_outcome_cue",
Rice University tuition vs UCLA tuition,college_student,comparison,complex,compare entities,compare_pipeline,complex,"school,comparison_target,cost_constraint",
Columbia admissions profile average sat and gpa,counselor_teacher,admissions_process,medium,B2B; counselor framing,faq_or_guidance,medium,"school,admissions_or_attribute_signal",intent:admissions_profile_pattern
Carnegie Mellon vs Columbia,counselor_teacher,comparison,complex,compare entities,compare_pipeline,complex,"school,comparison_target",
UC Berkeley tuition vs MIT tuition,college_student,comparison,complex,compare entities,compare_pipeline,complex,"school,comparison_target,cost_constraint",
do i need sat for Vanderbilt,counselor_teacher,admissions_process,medium,how-to / admissions,faq_or_guidance,medium,"school,admissions_or_attribute_signal",
Rice University tuition vs MIT tuition,advisor,comparison,complex,compare entities,compare_pipeline,complex,"school,comparison_target,cost_constraint",
best colleges for biology job outcomes,parent,career_outcomes,medium,outcomes,outcomes_pipeline,medium,"major_or_program,career_outcome_cue",
colleges not Florida under 20k with strong research and internships,high_school_student,multi_constraint,complex,multi-constraint,foundry_multi_agent,complex,location,
create reach target safety list for data science near the beach under 30k,advisor,multi_constraint,complex,compare entities; advisor framing,foundry_multi_agent,complex,location,intent:advisor_list_pattern
colleges near the beach under 30k with strong research and internships,advisor,multi_constraint,complex,multi-constraint,foundry_multi_agent,complex,location,
cheapest neuroscience schools in warm states,parent,filtered_search,complex,cost / aid; parent framing,semantic_or_faceted_search,medium,"major_or_program,location",intent:filtered_search_pattern
Brown application deadlines,advisor,admissions_process,medium,how-to / admissions,faq_or_guidance,medium,"school,admissions_or_attribute_signal",
UC San Diego vs University of Washington,advisor,comparison,complex,compare entities,compare_pipeline,complex,"school,comparison_target",
UCLA clubs,high_school_student,attribute_lookup,short_circuit,single attribute,typesense_plus_metadata,easy,school,
what schools should i apply to for economics not Florida under 20k,counselor_teacher,filtered_search,complex,needs recommendations,semantic_or_faceted_search,medium,"major_or_program,location",intent:filtered_search_pattern
cheapest pre-law schools in California,college_student,filtered_search,medium,cost / aid,semantic_or_faceted_search,medium,"major_or_program,location",intent:filtered_search_pattern
colleges near Chicago under 40k with strong research and internships,advisor,multi_constraint,complex,multi-constraint; advisor framing,foundry_multi_agent,complex,location,
small aerospace engineering colleges on the East Coast under 30k reach schools,college_student,filtered_search,complex,multi-constraint,semantic_or_faceted_search,medium,"major_or_program,location",intent:filtered_search_pattern
uc san diego,parent,direct_lookup,short_circuit,simple entity,typesense_only,easy,,
housing for Purdue,high_school_student,attribute_lookup,short_circuit,single attribute,typesense_plus_metadata,easy,"school,admissions_or_attribute_signal",
financial aid for Georgia Tech,parent,cost_financial_aid,short_circuit,single attribute,finance_guidance,medium,"school,cost_constraint",intent:cost_pattern
schools like MIT but cheaper,advisor,rewrite_needed,medium,needs recommendations,rewrite_then_route,complex,"school,rewrite_cue",intent:rewrite_pattern
UT Austin tuition,counselor_teacher,cost_financial_aid,short_circuit,single attribute,finance_guidance,medium,"school,cost_constraint",intent:cost_pattern
Caltech financial aid,college_student,attribute_lookup,short_circuit,single attribute,typesense_plus_metadata,easy,cost_constraint,
Northwestern application deadlines,advisor,admissions_process,medium,how-to / admissions,faq_or_guidance,medium,"school,admissions_or_attribute_signal",
penn state,high_school_student,direct_lookup,medium,simple entity,typesense_only,easy,school,
Rice University job placement for finance,high_school_student,career_outcomes,medium,outcomes,outcomes_pipeline,medium,"school,career_outcome_cue",
Princeton vs MIT,advisor,comparison,complex,compare entities,compare_pipeline,complex,"school,comparison_target",
MIT admissions profile average sat and gpa,counselor_teacher,admissions_process,complex,needs rewrite; counselor framing,faq_or_guidance,medium,"school,admissions_or_attribute_signal",intent:admissions_profile_pattern
schools like UC San Diego but cheaper,parent,rewrite_needed,complex,needs recommendations; parent framing,rewrite_then_route,complex,rewrite_cue,intent:rewrite_pattern
UT Austin tuition vs Purdue tuition,counselor_teacher,comparison,complex,compare entities,compare_pipeline,complex,"school,comparison_target,cost_constraint",
University of Florida financial aid,high_school_student,cost_financial_aid,short_circuit,single attribute,finance_guidance,medium,"school,location,cost_constraint",intent:cost_pattern
Rice University job placement for nursing,college_student,career_outcomes,medium,outcomes,outcomes_pipeline,medium,"school,major_or_program,career_outcome_cue",
schools on the East Coast with low student-to-faculty ratio,advisor,filtered_search,complex,1–2 filters,semantic_or_faceted_search,medium,location,
does University of Wisconsin have political science,high_school_student,attribute_lookup,short_circuit,single attribute,typesense_plus_metadata,easy,school,
schools like Georgia Tech but cheaper,parent,rewrite_needed,complex,needs recommendations,rewrite_then_route,complex,"school,rewrite_cue",intent:rewrite_pattern
Boston University vs Columbia,high_school_student,comparison,complex,compare entities,compare_pipeline,complex,"school,comparison_target",
what schools should i apply to for finance not Florida low tuition,high_school_student,recommendation,short_circuit,needs recommendations,recommendation_workflow,complex,"location,cost_constraint",
student-to-faculty ratio for UCLA,counselor_teacher,attribute_lookup,short_circuit,single attribute,typesense_plus_metadata,easy,school,
pricing for partner colleges,college_b2b,b2b_partnership,llm_needed,B2B,b2b_workflow,medium,b2b_request_type,persona:b2b_pattern
best philosophy schools on the East Coast,counselor_teacher,filtered_search,medium,1–2 filters,semantic_or_faceted_search,medium,location,
how do i apply to Boston University,high_school_student,admissions_process,complex,how-to / admissions,faq_or_guidance,medium,school,
affordable aerospace engineering schools near the beach with good job placement,college_student,career_outcomes,complex,multi-constraint,outcomes_pipeline,medium,"major_or_program,location,career_outcome_cue",intent:career_pattern
job placement for Harvard,high_school_student,career_outcomes,short_circuit,single attribute,outcomes_pipeline,medium,"school,career_outcome_cue",intent:career_pattern
University of Florida but cheaper,college_student,rewrite_needed,complex,needs rewrite,rewrite_then_route,complex,"school,location,rewrite_cue",
Stanford vs UCLA for finance,counselor_teacher,comparison,complex,compare entities,compare_pipeline,complex,"school,comparison_target",
best political science schools in California,college_student,filtered_search,medium,1–2 filters,semantic_or_faceted_search,medium,location,
internships for Duke,college_student,attribute_lookup,short_circuit,single attribute,typesense_plus_metadata,easy,school,
Vanderbilt job placement for psychology,high_school_student,career_outcomes,medium,outcomes,outcomes_pipeline,medium,"school,major_or_program,career_outcome_cue",
affordable film schools in warm states with good job placement,high_school_student,career_outcomes,complex,multi-constraint,outcomes_pipeline,medium,"major_or_program,location,career_outcome_cue",intent:career_pattern
Georgia Tech scholarships,parent,cost_financial_aid,llm_needed,cost / aid,finance_guidance,medium,"school,cost_constraint",
create reach target safety list for film in California under 20k,advisor,multi_constraint,medium,1–2 filters; advisor framing,foundry_multi_agent,complex,"major_or_program,location",intent:advisor_list_pattern
Northwestern tuition vs Arizona State tuition,college_student,comparison,complex,compare entities,compare_pipeline,complex,"school,comparison_target,cost_constraint",
Stanford acceptance rate,college_student,attribute_lookup,short_circuit,single attribute,typesense_plus_metadata,easy,"school,admissions_or_attribute_signal",
best colleges for political science job outcomes,college_student,career_outcomes,medium,outcomes,outcomes_pipeline,medium,career_outcome_cue,
does Princeton have chemistry,counselor_teacher,attribute_lookup,short_circuit,single attribute,typesense_plus_metadata,easy,school,
Wisconsin,counselor_teacher,direct_lookup,short_circuit,simple entity,typesense_only,easy,,
Columbia admissions profile average sat and gpa,counselor_teacher,admissions_process,complex,needs recommendations; counselor framing,faq_or_guidance,medium,"school,admissions_or_attribute_signal",intent:admissions_profile_pattern
affordable nursing schools near a major tech hub with good job placement,high_school_student,career_outcomes,complex,multi-constraint,outcomes_pipeline,medium,"major_or_program,career_outcome_cue",intent:career_pattern
cheapest pre-law schools in the Midwest,advisor,filtered_search,medium,cost / aid; advisor framing,semantic_or_faceted_search,medium,"major_or_program,location",intent:filtered_search_pattern
how do i apply to Harvard,advisor,admissions_process,medium,how-to / admissions,faq_or_guidance,medium,school,
universities with strong computer science,counselor_teacher,filtered_search,medium,1–2 filters; counselor framing,semantic_or_faceted_search,medium,major_or_program,
schools like Purdue but cheaper,high_school_student,rewrite_needed,complex,needs recommendations,rewrite_then_route,complex,"school,rewrite_cue",intent:rewrite_pattern
four year cost of Purdue including housing,parent,cost_financial_aid,medium,cost / aid; parent framing,finance_guidance,medium,"school,cost_constraint,admissions_or_attribute_signal",
medium-sized data science colleges in Texas low tuition reach schools,parent,multi_constraint,complex,multi-constraint,foundry_multi_agent,complex,"location,cost_constraint",
NYU,high_school_student,direct_lookup,short_circuit,simple entity,typesense_only,easy,school,persona:school_only_pattern
colleges near a major tech hub,parent,filtered_search,short_circuit,1–2 filters,semantic_or_faceted_search,medium,,
cheapest pre-law schools in Texas,high_school_student,filtered_search,medium,cost / aid,semantic_or_faceted_search,medium,"major_or_program,location",intent:filtered_search_pattern
what essays does USC require,college_student,admissions_process,medium,how-to / admissions,faq_or_guidance,medium,school,
Cornell job placement for public health,counselor_teacher,career_outcomes,medium,outcomes,outcomes_pipeline,medium,"school,career_outcome_cue",
colleges in Texas,parent,filtered_search,complex,1–2 filters,semantic_or_faceted_search,medium,location,
University of Michigan vs University of Washington for neuroscience,advisor,comparison,complex,compare entities,compare_pipeline,complex,"school,comparison_target,major_or_program",
small electrical engineering colleges on the East Coast under 20k reach schools,advisor,filtered_search,complex,multi-constraint,semantic_or_faceted_search,medium,"major_or_program,location",intent:filtered_search_pattern
Vanderbilt tuition vs UC Irvine tuition,high_school_student,comparison,complex,compare entities,compare_pipeline,complex,"school,comparison_target,cost_constraint",
colleges near a major tech hub under 20k with strong research and internships,parent,multi_constraint,complex,multi-constraint,foundry_multi_agent,complex,,
four year cost of UC Irvine including housing,parent,cost_financial_aid,short_circuit,1–2 filters; parent framing,finance_guidance,medium,"cost_constraint,admissions_or_attribute_signal",intent:four_year_cost_pattern
mit without the suffering,parent,rewrite_needed,complex,needs rewrite; parent framing,rewrite_then_route,complex,"school,rewrite_cue",
Northeastern study abroad,high_school_student,attribute_lookup,short_circuit,single attribute,typesense_plus_metadata,easy,,
harvard but less stressful,high_school_student,rewrite_needed,short_circuit,needs rewrite,rewrite_then_route,complex,"school,rewrite_cue",
affordable pre-law schools near the beach with good job placement,high_school_student,career_outcomes,complex,multi-constraint,outcomes_pipeline,medium,"major_or_program,location,career_outcome_cue",intent:career_pattern
university of florida,high_school_student,direct_lookup,short_circuit,simple entity,typesense_only,easy,"school,location",persona:school_only_pattern
Princeton financial aid for out of state,counselor_teacher,cost_financial_aid,medium,cost / aid,finance_guidance,medium,"school,cost_constraint",
Northeastern tuition vs MIT tuition,parent,comparison,llm_needed,compare entities,compare_pipeline,complex,"school,comparison_target,cost_constraint",
colleges near the beach under 40k with strong research and internships,advisor,multi_constraint,complex,multi-constraint; advisor framing,foundry_multi_agent,complex,location,
does Columbia have mechanical engineering,college_student,attribute_lookup,short_circuit,single attribute,typesense_plus_metadata,easy,"school,major_or_program",
rankings for Georgia Tech,parent,attribute_lookup,short_circuit,single attribute,typesense_plus_metadata,easy,school,
colleges in warm states,parent,filtered_search,medium,1–2 filters; parent framing,semantic_or_faceted_search,medium,location,
Vanderbilt introverts,advisor,campus_life_fit,llm_needed,subjective fit,llm_advisory,complex,"school,fit_or_culture_cue",
small electrical engineering colleges near a major tech hub low tuition safety schools,advisor,multi_constraint,complex,multi-constraint,foundry_multi_agent,complex,"major_or_program,cost_constraint",
medium-sized business colleges in warm states under 20k safety schools,college_student,filtered_search,complex,multi-constraint,semantic_or_faceted_search,medium,"major_or_program,location",intent:filtered_search_pattern
location for Virginia Tech,parent,attribute_lookup,short_circuit,single attribute,typesense_plus_metadata,easy,school,
best computer science schools not Florida,college_student,filtered_search,medium,1–2 filters,semantic_or_faceted_search,medium,"major_or_program,location",
best pre-law schools not Florida,counselor_teacher,filtered_search,medium,1–2 filters,semantic_or_faceted_search,medium,"major_or_program,location",
University of Maryland admissions profile average sat and gpa,counselor_teacher,admissions_process,medium,1–2 filters; counselor framing,faq_or_guidance,medium,"school,admissions_or_attribute_signal",intent:admissions_profile_pattern
large business colleges near Chicago under 30k reach schools,parent,filtered_search,complex,multi-constraint,semantic_or_faceted_search,medium,"major_or_program,location",intent:filtered_search_pattern
Vanderbilt financial aid for out of state,parent,cost_financial_aid,medium,cost / aid,finance_guidance,medium,"school,cost_constraint",
Columbia vibe,advisor,campus_life_fit,llm_needed,subjective fit,llm_advisory,complex,"school,fit_or_culture_cue",
cheapest biology schools near Chicago,college_student,filtered_search,medium,cost / aid,semantic_or_faceted_search,medium,"major_or_program,location",intent:filtered_search_pattern
schools like UC Berkeley but cheaper,high_school_student,rewrite_needed,complex,needs recommendations,rewrite_then_route,complex,"school,rewrite_cue",intent:rewrite_pattern
University of Michigan,high_school_student,direct_lookup,short_circuit,simple entity,typesense_only,easy,school,persona:school_only_pattern
schools good for vibe,parent,campus_life_fit,llm_needed,subjective fit; parent framing,llm_advisory,complex,fit_or_culture_cue,
recommend large colleges near Chicago for psychology not too competitive,high_school_student,recommendation,complex,needs recommendations,recommendation_workflow,complex,"major_or_program,location",
Cornell but cheaper,advisor,rewrite_needed,complex,needs rewrite,rewrite_then_route,complex,"school,rewrite_cue",
recommend large colleges near a major tech hub for public health not too competitive,counselor_teacher,recommendation,complex,needs recommendations,recommendation_workflow,complex,,
schools like Vanderbilt but cheaper,college_student,rewrite_needed,complex,needs recommendations,rewrite_then_route,complex,"school,rewrite_cue",intent:rewrite_pattern
Rice University admissions profile average sat and gpa,counselor_teacher,admissions_process,medium,cost / aid; counselor framing,faq_or_guidance,medium,"school,admissions_or_attribute_signal",intent:admissions_profile_pattern
schools with strong first gen support,counselor_teacher,filtered_search,llm_needed,subjective fit; counselor framing,semantic_or_faceted_search,medium,,intent:first_gen_support_pattern
four year cost of Carnegie Mellon including housing,parent,cost_financial_aid,medium,outcomes; parent framing,finance_guidance,medium,"school,cost_constraint,admissions_or_attribute_signal",intent:four_year_cost_pattern
what essays does Virginia Tech require,college_student,admissions_process,medium,how-to / admissions,faq_or_guidance,medium,school,
does Northwestern have engineering,high_school_student,attribute_lookup,short_circuit,single attribute,typesense_plus_metadata,easy,"school,major_or_program",
schools in California with low student-to-faculty ratio,parent,filtered_search,medium,1–2 filters; parent framing,semantic_or_faceted_search,medium,location,
job placement for Georgia Tech,parent,career_outcomes,short_circuit,single attribute,outcomes_pipeline,medium,"school,career_outcome_cue",intent:career_pattern
University of Maryland vs University of Florida,counselor_teacher,comparison,complex,compare entities,compare_pipeline,complex,"school,comparison_target,location",
Stanford average ACT,advisor,attribute_lookup,short_circuit,single attribute,typesense_plus_metadata,easy,school,
internships for UC Berkeley,college_student,attribute_lookup,short_circuit,single attribute,typesense_plus_metadata,easy,school,
Northwestern vs University of Florida for data science,college_student,comparison,complex,compare entities,compare_pipeline,complex,"school,comparison_target,location",
best neuroscience schools near the beach,advisor,filtered_search,medium,1–2 filters,semantic_or_faceted_search,medium,"major_or_program,location",
Stanford housing guarantee,parent,attribute_lookup,complex,compare entities; parent framing,typesense_plus_metadata,easy,"school,admissions_or_attribute_signal",intent:housing_guarantee_pattern
schools like Rice University but cheaper,advisor,rewrite_needed,complex,needs recommendations,rewrite_then_route,complex,"school,rewrite_cue",intent:rewrite_pattern
MIT tuition vs University of Wisconsin tuition,high_school_student,comparison,complex,compare entities,compare_pipeline,complex,"school,comparison_target,cost_constraint",
Caltech vs Stanford,college_student,comparison,llm_needed,compare entities,compare_pipeline,complex,"school,comparison_target",
Virginia Tech scholarships,counselor_teacher,cost_financial_aid,medium,cost / aid,finance_guidance,medium,"school,cost_constraint",
affordable pre-law schools on the East Coast with good job placement,advisor,career_outcomes,complex,multi-constraint,outcomes_pipeline,medium,"major_or_program,location,career_outcome_cue",intent:career_pattern
schools with strong first gen support,counselor_teacher,filtered_search,medium,subjective fit; counselor framing,semantic_or_faceted_search,medium,,intent:first_gen_support_pattern
university of maryland,high_school_student,direct_lookup,short_circuit,simple entity,typesense_only,easy,school,persona:school_only_pattern
Boston University but cheaper,college_student,rewrite_needed,complex,needs rewrite,rewrite_then_route,complex,"school,rewrite_cue",
universities with strong pre-med,parent,filtered_search,medium,1–2 filters,semantic_or_faceted_search,medium,major_or_program,
schools like Carnegie Mellon but cheaper,parent,rewrite_needed,llm_needed,needs recommendations,rewrite_then_route,complex,"school,rewrite_cue",intent:rewrite_pattern
MIT vs Northwestern for computer science,high_school_student,comparison,complex,compare entities,compare_pipeline,complex,"school,comparison_target,major_or_program",
Boston University financial aid for out of state,college_student,cost_financial_aid,medium,cost / aid,finance_guidance,medium,"school,cost_constraint",
does University of Florida have chemistry,counselor_teacher,attribute_lookup,short_circuit,single attribute,typesense_plus_metadata,easy,"school,location",
best philosophy schools in Texas,high_school_student,filtered_search,medium,1–2 filters,semantic_or_faceted_search,medium,location,
colleges in warm states,counselor_teacher,filtered_search,medium,1–2 filters,semantic_or_faceted_search,medium,location,
Purdue scholarships,counselor_teacher,cost_financial_aid,complex,cost / aid,finance_guidance,medium,"school,cost_constraint",
create reach target safety list for economics on the East Coast under 20k,advisor,multi_constraint,short_circuit,simple entity; advisor framing,foundry_multi_agent,complex,"major_or_program,location",intent:advisor_list_pattern
colleges on the East Coast under 30k with strong research and internships,college_student,multi_constraint,complex,multi-constraint,foundry_multi_agent,complex,location,
what schools should i apply to for aerospace engineering not Florida under 20k,parent,filtered_search,complex,needs recommendations; parent framing,semantic_or_faceted_search,medium,"major_or_program,location",intent:filtered_search_pattern
Northeastern vs University of Michigan for pre-med,advisor,comparison,complex,compare entities,compare_pipeline,complex,"school,comparison_target,major_or_program",
Harvard vs Caltech,college_student,comparison,complex,compare entities,compare_pipeline,complex,"school,comparison_target",
schools with normal people,parent,campus_life_fit,llm_needed,subjective fit; parent framing,llm_advisory,complex,fit_or_culture_cue,
Caltech,parent,direct_lookup,short_circuit,simple entity,typesense_only,easy,,
colleges near the beach low tuition with strong research and internships,counselor_teacher,multi_constraint,complex,multi-constraint; counselor framing,foundry_multi_agent,complex,"location,cost_constraint",
medium-sized public health colleges near Chicago good financial aid target schools,college_student,multi_constraint,complex,multi-constraint,foundry_multi_agent,complex,"location,cost_constraint",
affordable economics schools not Florida with good job placement,college_student,career_outcomes,complex,multi-constraint,outcomes_pipeline,medium,"major_or_program,location,career_outcome_cue",intent:career_pattern
University of Wisconsin chill campus,parent,campus_life_fit,llm_needed,subjective fit,llm_advisory,complex,"school,fit_or_culture_cue",
request demo for our admissions team,college_b2b,b2b_partnership,complex,B2B,b2b_workflow,medium,"admissions_or_attribute_signal,b2b_request_type",persona:b2b_pattern
Northeastern,college_student,direct_lookup,short_circuit,simple entity,typesense_only,easy,,
do i need sat for Harvard,advisor,admissions_process,medium,how-to / admissions,faq_or_guidance,medium,"school,admissions_or_attribute_signal",
how do i apply to Northwestern,parent,admissions_process,medium,how-to / admissions; parent framing,faq_or_guidance,medium,school,
does Purdue have neuroscience,counselor_teacher,attribute_lookup,short_circuit,single attribute,typesense_plus_metadata,easy,"school,major_or_program",
Duke application deadlines,college_student,admissions_process,medium,how-to / admissions,faq_or_guidance,medium,"school,admissions_or_attribute_signal",
USC vs Boston University for pre-law,parent,comparison,complex,compare entities,compare_pipeline,complex,"school,comparison_target,major_or_program",
best pre-med schools in warm states,counselor_teacher,filtered_search,medium,1–2 filters,semantic_or_faceted_search,medium,"major_or_program,location",
mit,high_school_student,direct_lookup,medium,simple entity,typesense_only,easy,school,persona:school_only_pattern
schools near Chicago with low student-to-faculty ratio,college_student,filtered_search,medium,1–2 filters,semantic_or_faceted_search,medium,location,
nyu,high_school_student,direct_lookup,short_circuit,simple entity; counselor framing,typesense_only,easy,school,persona:school_only_pattern
Vanderbilt scholarships,advisor,cost_financial_aid,medium,cost / aid,finance_guidance,medium,"school,cost_constraint",
affordable pre-med schools near a major tech hub with good job placement,high_school_student,career_outcomes,complex,multi-constraint,outcomes_pipeline,medium,"major_or_program,career_outcome_cue",intent:career_pattern
purdue,high_school_student,direct_lookup,short_circuit,simple entity,typesense_only,easy,school,
University of Michigan vs UC Irvine,high_school_student,comparison,complex,compare entities,compare_pipeline,complex,"school,comparison_target",
University of Wisconsin housing guarantee,parent,attribute_lookup,complex,multi-constraint; parent framing,typesense_plus_metadata,easy,"school,admissions_or_attribute_signal",intent:housing_guarantee_pattern
Princeton vs Harvard for mechanical engineering,advisor,comparison,complex,compare entities,compare_pipeline,complex,"school,comparison_target,major_or_program",
clubs for Columbia,advisor,attribute_lookup,llm_needed,single attribute; advisor framing,typesense_plus_metadata,easy,school,
cheapest architecture schools near a major tech hub,high_school_student,filtered_search,medium,cost / aid,semantic_or_faceted_search,medium,major_or_program,intent:filtered_search_pattern
what essays does Georgia Tech require,counselor_teacher,admissions_process,medium,how-to / admissions,faq_or_guidance,medium,school,
Vanderbilt mental health counseling,high_school_student,attribute_lookup,short_circuit,single attribute,typesense_plus_metadata,easy,school,
large pre-med colleges near the beach low tuition not too competitive,college_student,multi_constraint,complex,multi-constraint,foundry_multi_agent,complex,"major_or_program,location,cost_constraint",
what schools should i apply to for economics in Texas under 20k,advisor,filtered_search,complex,needs recommendations; advisor framing,semantic_or_faceted_search,medium,"major_or_program,location",intent:filtered_search_pattern
create reach target safety list for business near the beach low tuition,advisor,multi_constraint,medium,cost / aid; advisor framing,foundry_multi_agent,complex,"major_or_program,location,cost_constraint",intent:advisor_list_pattern
create reach target safety list for nursing near the beach full ride options,advisor,multi_constraint,llm_needed,subjective fit; advisor framing,foundry_multi_agent,complex,"major_or_program,location,cost_constraint",intent:advisor_list_pattern
Columbia,high_school_student,direct_lookup,short_circuit,simple entity; advisor framing,typesense_only,easy,school,persona:school_only_pattern
University of Maryland tuition vs USC tuition,college_student,comparison,complex,compare entities,compare_pipeline,complex,"school,comparison_target,cost_constraint",
rankings for UCLA,counselor_teacher,attribute_lookup,short_circuit,single attribute,typesense_plus_metadata,easy,school,
colleges in California good financial aid with strong research and internships,high_school_student,multi_constraint,complex,multi-constraint,foundry_multi_agent,complex,"location,cost_constraint",
Northeastern,parent,direct_lookup,short_circuit,simple entity,typesense_only,easy,,
Penn State,high_school_student,direct_lookup,short_circuit,simple entity; counselor framing,typesense_only,easy,school,persona:school_only_pattern
University of Washington application deadlines,college_student,admissions_process,medium,how-to / admissions,faq_or_guidance,medium,"school,admissions_or_attribute_signal",
UT Austin sports culture,college_student,campus_life_fit,llm_needed,subjective fit,llm_advisory,complex,"school,fit_or_culture_cue",
affordable philosophy schools in the Midwest with good job placement,high_school_student,career_outcomes,complex,multi-constraint,outcomes_pipeline,medium,"location,career_outcome_cue",intent:career_pattern
Brown introverts,college_student,campus_life_fit,llm_needed,subjective fit,llm_advisory,complex,"school,fit_or_culture_cue",
Boston University non-competitive culture,college_student,campus_life_fit,short_circuit,subjective fit,llm_advisory,complex,"school,fit_or_culture_cue",
create reach target safety list for pre-med near a major tech hub good financial aid,advisor,multi_constraint,complex,needs recommendations; advisor framing,foundry_multi_agent,complex,"major_or_program,cost_constraint",intent:advisor_list_pattern
what schools should i apply to for aerospace engineering on the East Coast under 30k,college_student,filtered_search,complex,needs recommendations,semantic_or_faceted_search,medium,"major_or_program,location",intent:filtered_search_pattern
create reach target safety list for philosophy near Chicago full ride options,advisor,multi_constraint,short_circuit,simple entity; advisor framing,foundry_multi_agent,complex,"location,cost_constraint",intent:advisor_list_pattern
do i need sat for Princeton,advisor,admissions_process,short_circuit,how-to / admissions,faq_or_guidance,medium,"school,admissions_or_attribute_signal",
Columbia job placement for computer science,parent,career_outcomes,medium,outcomes,outcomes_pipeline,medium,"school,major_or_program,career_outcome_cue",
USC housing guarantee,parent,attribute_lookup,medium,cost / aid; parent framing,typesense_plus_metadata,easy,"school,admissions_or_attribute_signal",intent:housing_guarantee_pattern
arizona state,high_school_student,direct_lookup,short_circuit,simple entity,typesense_only,easy,school,persona:school_only_pattern
what essays does Vanderbilt require,high_school_student,admissions_process,medium,how-to / admissions,faq_or_guidance,medium,school,
University of Florida but cheaper,advisor,rewrite_needed,llm_needed,needs rewrite,rewrite_then_route,complex,"school,location,rewrite_cue",
what schools should i apply to for public health near Chicago under 20k,high_school_student,filtered_search,complex,needs recommendations,semantic_or_faceted_search,medium,location,intent:filtered_search_pattern
Harvard,high_school_student,direct_lookup,short_circuit,simple entity,typesense_only,easy,school,persona:school_only_pattern
Vanderbilt vs Princeton for philosophy,advisor,comparison,complex,compare entities,compare_pipeline,complex,"school,comparison_target",
MIT vs University of Wisconsin,college_student,comparison,complex,compare entities,compare_pipeline,complex,"school,comparison_target",
Virginia Tech admissions profile average sat and gpa,counselor_teacher,admissions_process,short_circuit,compare entities; counselor framing,faq_or_guidance,medium,"school,admissions_or_attribute_signal",intent:admissions_profile_pattern
mit,high_school_student,direct_lookup,short_circuit,simple entity,typesense_only,easy,school,persona:school_only_pattern
MIT,high_school_student,direct_lookup,short_circuit,simple entity; parent framing,typesense_only,easy,school,persona:school_only_pattern
best colleges for business job outcomes,college_student,career_outcomes,medium,outcomes,outcomes_pipeline,medium,"major_or_program,career_outcome_cue",
create reach target safety list for computer science near the beach under 40k,advisor,multi_constraint,medium,1–2 filters; advisor framing,foundry_multi_agent,complex,"major_or_program,location",intent:advisor_list_pattern
recommend large colleges not Florida for psychology reach schools,high_school_student,recommendation,complex,needs recommendations,recommendation_workflow,complex,"major_or_program,location",
scholarships for UC Berkeley,parent,cost_financial_aid,short_circuit,single attribute; parent framing,finance_guidance,medium,"school,cost_constraint",intent:cost_pattern
does Brown have public health,high_school_student,attribute_lookup,short_circuit,single attribute,typesense_plus_metadata,easy,school,
Rice University scholarships,advisor,cost_financial_aid,medium,cost / aid; advisor framing,finance_guidance,medium,"school,cost_constraint",
Columbia but cheaper,parent,rewrite_needed,short_circuit,needs rewrite,rewrite_then_route,complex,"school,rewrite_cue",
api access for college partners,college_b2b,b2b_partnership,short_circuit,B2B,b2b_workflow,medium,b2b_request_type,persona:b2b_pattern
Caltech rankings,advisor,attribute_lookup,short_circuit,single attribute,typesense_plus_metadata,easy,,
create reach target safety list for aerospace engineering near Chicago low tuition,advisor,multi_constraint,llm_needed,subjective fit; advisor framing,foundry_multi_agent,complex,"major_or_program,location,cost_constraint",intent:advisor_list_pattern
Northwestern housing,college_student,attribute_lookup,short_circuit,single attribute,typesense_plus_metadata,easy,"school,admissions_or_attribute_signal",
how do i apply to University of Maryland,college_student,admissions_process,medium,how-to / admissions,faq_or_guidance,medium,school,
create reach target safety list for philosophy in California full ride options,advisor,multi_constraint,short_circuit,subjective fit; advisor framing,foundry_multi_agent,complex,"location,cost_constraint",intent:advisor_list_pattern
colleges in Texas under 30k with strong research and internships,high_school_student,multi_constraint,complex,multi-constraint,foundry_multi_agent,complex,location,
rice university,high_school_student,direct_lookup,short_circuit,simple entity,typesense_only,easy,school,persona:school_only_pattern
affordable electrical engineering schools near Chicago with good job placement,college_student,career_outcomes,complex,multi-constraint,outcomes_pipeline,medium,"major_or_program,location,career_outcome_cue",intent:career_pattern
small pre-med colleges near a major tech hub under 40k target schools,counselor_teacher,multi_constraint,complex,multi-constraint,foundry_multi_agent,complex,major_or_program,
does University of Florida have nursing,high_school_student,attribute_lookup,short_circuit,single attribute,typesense_plus_metadata,easy,"school,major_or_program,location",
colleges near a major tech hub,counselor_teacher,filtered_search,medium,1–2 filters; counselor framing,semantic_or_faceted_search,medium,,
does UC San Diego have nursing,high_school_student,attribute_lookup,short_circuit,single attribute,typesense_plus_metadata,easy,major_or_program,
schools in warm states with low student-to-faculty ratio,advisor,filtered_search,medium,1–2 filters; advisor framing,semantic_or_faceted_search,medium,location,
best colleges for public health job outcomes,advisor,career_outcomes,medium,outcomes,outcomes_pipeline,medium,career_outcome_cue,
best film schools in the Midwest,parent,filtered_search,medium,1–2 filters,semantic_or_faceted_search,medium,"major_or_program,location",
four year cost of UC Berkeley including housing,parent,cost_financial_aid,complex,needs rewrite; parent framing,finance_guidance,medium,"school,cost_constraint,admissions_or_attribute_signal",intent:four_year_cost_pattern
Columbia,high_school_student,direct_lookup,short_circuit,simple entity,typesense_only,easy,school,persona:school_only_pattern
how do i apply to University of Washington,advisor,admissions_process,medium,how-to / admissions,faq_or_guidance,medium,school,
how do i apply to Boston University,parent,admissions_process,medium,how-to / admissions,faq_or_guidance,medium,school,
University of Michigan sports culture,college_student,campus_life_fit,llm_needed,subjective fit,llm_advisory,complex,"school,fit_or_culture_cue",
financial aid for University of Florida,parent,cost_financial_aid,short_circuit,single attribute; parent framing,finance_guidance,medium,"school,location,cost_constraint",intent:cost_pattern
what schools should i apply to for mechanical engineering in California good financial aid,high_school_student,recommendation,complex,needs recommendations,recommendation_workflow,complex,"major_or_program,location,cost_constraint",
UC Irvine admissions profile average sat and gpa,counselor_teacher,admissions_process,complex,compare entities; counselor framing,faq_or_guidance,medium,admissions_or_attribute_signal,intent:admissions_profile_pattern
four year cost of Stanford including housing,parent,cost_financial_aid,medium,B2B; parent framing,finance_guidance,medium,"school,cost_constraint,admissions_or_attribute_signal",intent:four_year_cost_pattern
universities with strong economics,college_student,filtered_search,medium,1–2 filters,semantic_or_faceted_search,medium,major_or_program,
UC San Diego housing guarantee,parent,attribute_lookup,medium,cost / aid; parent framing,typesense_plus_metadata,easy,admissions_or_attribute_signal,intent:housing_guarantee_pattern
University of Florida job placement for mechanical engineering,counselor_teacher,career_outcomes,medium,outcomes,outcomes_pipeline,medium,"school,major_or_program,location,career_outcome_cue",
colleges on the East Coast,parent,filtered_search,complex,1–2 filters,semantic_or_faceted_search,medium,location,
create reach target safety list for aerospace engineering in warm states good financial aid,advisor,multi_constraint,complex,multi-constraint; advisor framing,foundry_multi_agent,complex,"major_or_program,location,cost_constraint",
Brown but cheaper,parent,rewrite_needed,complex,needs rewrite,rewrite_then_route,complex,"school,rewrite_cue",
best business schools in Texas,high_school_student,filtered_search,medium,1–2 filters,semantic_or_faceted_search,medium,"major_or_program,location",
student-to-faculty ratio for Stanford,college_student,attribute_lookup,short_circuit,single attribute,typesense_plus_metadata,easy,school,
Arizona State but cheaper,advisor,rewrite_needed,complex,needs rewrite,rewrite_then_route,complex,"school,rewrite_cue",
create reach target safety list for nursing not Florida good financial aid,advisor,multi_constraint,medium,B2B; advisor framing,foundry_multi_agent,complex,"major_or_program,location,cost_constraint",intent:advisor_list_pattern
ucla vibe but not so expensive,advisor,rewrite_needed,medium,needs rewrite; advisor framing,rewrite_then_route,complex,"school,fit_or_culture_cue,rewrite_cue",
Stanford,high_school_student,direct_lookup,short_circuit,simple entity,typesense_only,easy,school,persona:school_only_pattern
rankings for Caltech,college_student,attribute_lookup,medium,single attribute,typesense_plus_metadata,easy,,
UT Austin but cheaper,parent,rewrite_needed,complex,needs rewrite,rewrite_then_route,complex,"school,rewrite_cue",
universities with strong chemistry,advisor,filtered_search,medium,1–2 filters,semantic_or_faceted_search,medium,,
affordable chemistry schools on the East Coast with good job placement,high_school_student,career_outcomes,complex,multi-constraint,outcomes_pipeline,medium,"location,career_outcome_cue",intent:career_pattern
University of Wisconsin financial aid,college_student,cost_financial_aid,short_circuit,single attribute,finance_guidance,medium,"school,cost_constraint",intent:cost_pattern
rankings for Penn State,parent,attribute_lookup,short_circuit,single attribute; parent framing,typesense_plus_metadata,easy,school,
UC Irvine vs USC,parent,comparison,complex,compare entities,compare_pipeline,complex,"school,comparison_target",
schools in California with low student-to-faculty ratio,counselor_teacher,filtered_search,medium,1–2 filters,semantic_or_faceted_search,medium,location,
UC San Diego job placement for mechanical engineering,counselor_teacher,career_outcomes,medium,outcomes,outcomes_pipeline,medium,"major_or_program,career_outcome_cue",
UC San Diego application deadlines,advisor,admissions_process,medium,how-to / admissions,faq_or_guidance,medium,admissions_or_attribute_signal,
university of maryland,high_school_student,direct_lookup,complex,simple entity,typesense_only,easy,school,persona:school_only_pattern
Purdue but cheaper,college_student,rewrite_needed,complex,needs rewrite,rewrite_then_route,complex,"school,rewrite_cue",
Vanderbilt tuition vs University of Michigan tuition,high_school_student,comparison,complex,compare entities,compare_pipeline,complex,"school,comparison_target,cost_constraint",
medium-sized public health colleges in Texas full ride options safety schools,high_school_student,multi_constraint,complex,multi-constraint,foundry_multi_agent,complex,"location,cost_constraint",
NYU application deadlines,parent,admissions_process,medium,how-to / admissions,faq_or_guidance,medium,"school,admissions_or_attribute_signal",
best colleges for architecture job outcomes,college_student,career_outcomes,medium,outcomes,outcomes_pipeline,medium,"major_or_program,career_outcome_cue",
cheapest data science schools in warm states,college_student,filtered_search,medium,cost / aid,semantic_or_faceted_search,medium,location,intent:filtered_search_pattern
Cornell scholarships,high_school_student,cost_financial_aid,medium,cost / aid,finance_guidance,medium,"school,cost_constraint",
Caltech scholarships,college_student,cost_financial_aid,medium,cost / aid,finance_guidance,medium,cost_constraint,
medium-sized architecture colleges in California under 40k reach schools,parent,filtered_search,complex,multi-constraint; parent framing,semantic_or_faceted_search,medium,"major_or_program,location",intent:filtered_search_pattern
University of Maryland normal people,advisor,campus_life_fit,complex,subjective fit,llm_advisory,complex,"school,fit_or_culture_cue",
University of Washington vs UT Austin for psychology,counselor_teacher,comparison,complex,compare entities,compare_pipeline,complex,"school,comparison_target,major_or_program",
best colleges for architecture job outcomes,advisor,career_outcomes,medium,outcomes,outcomes_pipeline,medium,"major_or_program,career_outcome_cue",
best colleges for chemistry job outcomes,parent,career_outcomes,medium,outcomes,outcomes_pipeline,medium,career_outcome_cue,
Arizona State,high_school_student,direct_lookup,short_circuit,simple entity,typesense_only,easy,school,persona:school_only_pattern
does Rice University have chemistry,college_student,attribute_lookup,llm_needed,single attribute,typesense_plus_metadata,easy,school,
Harvard job placement,counselor_teacher,career_outcomes,short_circuit,single attribute,outcomes_pipeline,medium,"school,career_outcome_cue",intent:career_pattern
schools near the beach with low student-to-faculty ratio,high_school_student,filtered_search,llm_needed,1–2 filters,semantic_or_faceted_search,medium,location,
Purdue location,college_student,attribute_lookup,short_circuit,single attribute,typesense_plus_metadata,easy,school,
schools in California with low student-to-faculty ratio,advisor,filtered_search,medium,1–2 filters; advisor framing,semantic_or_faceted_search,medium,location,
Caltech vs UC San Diego,counselor_teacher,comparison,complex,compare entities,compare_pipeline,complex,comparison_target,
colleges on the East Coast,advisor,filtered_search,medium,1–2 filters,semantic_or_faceted_search,medium,location,
universities with strong chemistry,counselor_teacher,filtered_search,medium,1–2 filters,semantic_or_faceted_search,medium,,
Rice University chill campus,high_school_student,campus_life_fit,llm_needed,subjective fit,llm_advisory,complex,"school,fit_or_culture_cue",
Penn State vibe,college_student,campus_life_fit,llm_needed,subjective fit,llm_advisory,complex,"school,fit_or_culture_cue",
create reach target safety list for computer science in the Midwest under 20k,advisor,multi_constraint,medium,how-to / admissions; advisor framing,foundry_multi_agent,complex,"major_or_program,location",intent:advisor_list_pattern
University of Michigan application deadlines,college_student,admissions_process,llm_needed,how-to / admissions,faq_or_guidance,medium,"school,admissions_or_attribute_signal",
University of Wisconsin job placement for psychology,high_school_student,career_outcomes,medium,outcomes,outcomes_pipeline,medium,"school,major_or_program,career_outcome_cue",
create reach target safety list for mechanical engineering in warm states full ride options,advisor,multi_constraint,medium,cost / aid; advisor framing,foundry_multi_agent,complex,"major_or_program,location,cost_constraint",intent:advisor_list_pattern
University of Wisconsin admissions profile average sat and gpa,counselor_teacher,admissions_process,complex,needs rewrite; counselor framing,faq_or_guidance,medium,"school,admissions_or_attribute_signal",intent:admissions_profile_pattern
four year cost of MIT including housing,parent,cost_financial_aid,medium,B2B; parent framing,finance_guidance,medium,"school,cost_constraint,admissions_or_attribute_signal",intent:four_year_cost_pattern
Northeastern scholarships,advisor,cost_financial_aid,medium,cost / aid,finance_guidance,medium,cost_constraint,
Rice University,high_school_student,direct_lookup,short_circuit,simple entity,typesense_only,easy,school,persona:school_only_pattern
harvard,high_school_student,direct_lookup,short_circuit,simple entity,typesense_only,easy,school,persona:school_only_pattern
UCLA application deadlines,advisor,admissions_process,medium,how-to / admissions; advisor framing,faq_or_guidance,medium,"school,admissions_or_attribute_signal",
Carnegie Mellon vs University of Washington,college_student,comparison,complex,compare entities,compare_pipeline,complex,"school,comparison_target",
create reach target safety list for engineering in California full ride options,advisor,multi_constraint,llm_needed,subjective fit; advisor framing,foundry_multi_agent,complex,"major_or_program,location,cost_constraint",intent:advisor_list_pattern
Boston University vs University of Michigan,high_school_student,comparison,complex,compare entities,compare_pipeline,complex,"school,comparison_target",
Vanderbilt vs University of Maryland,counselor_teacher,comparison,complex,compare entities,compare_pipeline,complex,"school,comparison_target",
schools good for introverts,parent,campus_life_fit,llm_needed,subjective fit,llm_advisory,complex,fit_or_culture_cue,
create reach target safety list for economics in the Midwest under 30k,advisor,multi_constraint,llm_needed,subjective fit; advisor framing,foundry_multi_agent,complex,"major_or_program,location",intent:advisor_list_pattern
create reach target safety list for public health in California good financial aid,advisor,multi_constraint,medium,B2B; advisor framing,foundry_multi_agent,complex,"location,cost_constraint",intent:advisor_list_pattern
Georgia Tech vs NYU,parent,comparison,complex,compare entities,compare_pipeline,complex,"school,comparison_target",
small data science colleges near Chicago under 20k target schools,advisor,multi_constraint,medium,multi-constraint; advisor framing,foundry_multi_agent,complex,location,
University of Michigan financial aid for out of state,high_school_student,cost_financial_aid,medium,cost / aid,finance_guidance,medium,"school,cost_constraint",
schools like Caltech but cheaper,high_school_student,rewrite_needed,complex,needs recommendations,rewrite_then_route,complex,rewrite_cue,intent:rewrite_pattern
University of Michigan vs Harvard for business,college_student,comparison,complex,compare entities,compare_pipeline,complex,"school,comparison_target,major_or_program",
colleges near Chicago under 30k with strong research and internships,advisor,multi_constraint,complex,multi-constraint; advisor framing,foundry_multi_agent,complex,location,
MIT financial aid for out of state,advisor,cost_financial_aid,medium,cost / aid,finance_guidance,medium,"school,cost_constraint",
cheapest nursing schools near the beach,advisor,filtered_search,complex,cost / aid; advisor framing,semantic_or_faceted_search,medium,"major_or_program,location",intent:filtered_search_pattern
University of Michigan admissions profile average sat and gpa,counselor_teacher,admissions_process,complex,needs rewrite; counselor framing,faq_or_guidance,medium,"school,admissions_or_attribute_signal",intent:admissions_profile_pattern
what schools should i apply to for data science in the Midwest good financial aid,parent,recommendation,complex,needs recommendations,recommendation_workflow,complex,"location,cost_constraint",
do i need sat for Virginia Tech,parent,admissions_process,medium,how-to / admissions,faq_or_guidance,medium,"school,admissions_or_attribute_signal",
boston university,high_school_student,direct_lookup,short_circuit,simple entity; counselor framing,typesense_only,easy,school,persona:school_only_pattern
affordable pre-med schools near Chicago with good job placement,high_school_student,career_outcomes,complex,multi-constraint,outcomes_pipeline,medium,"major_or_program,location,career_outcome_cue",intent:career_pattern
small political science colleges in the Midwest under 30k not too competitive,counselor_teacher,multi_constraint,complex,multi-constraint,foundry_multi_agent,complex,location,
large public health colleges not Florida under 20k reach schools,counselor_teacher,filtered_search,complex,multi-constraint,semantic_or_faceted_search,medium,location,intent:filtered_search_pattern
create reach target safety list for film in Texas good financial aid,advisor,multi_constraint,complex,needs rewrite; advisor framing,foundry_multi_agent,complex,"major_or_program,location,cost_constraint",intent:advisor_list_pattern
mit without the suffering,college_student,rewrite_needed,medium,needs rewrite,rewrite_then_route,complex,"school,rewrite_cue",
University of Washington scholarships,advisor,cost_financial_aid,medium,cost / aid; advisor framing,finance_guidance,medium,"school,cost_constraint",
UC Irvine financial aid for out of state,high_school_student,cost_financial_aid,medium,cost / aid,finance_guidance,medium,cost_constraint,
boston university,high_school_student,direct_lookup,llm_needed,simple entity,typesense_only,easy,school,persona:school_only_pattern
UC San Diego scholarships,advisor,cost_financial_aid,medium,cost / aid,finance_guidance,medium,cost_constraint,
what essays does University of Washington require,advisor,admissions_process,medium,how-to / admissions; advisor framing,faq_or_guidance,medium,school,
Cornell job placement for nursing,college_student,career_outcomes,medium,outcomes,outcomes_pipeline,medium,"school,major_or_program,career_outcome_cue",
Cornell vs Northwestern for business,parent,comparison,complex,compare entities,compare_pipeline,complex,"school,comparison_target,major_or_program",
clubs for Duke,advisor,attribute_lookup,short_circuit,single attribute,typesense_plus_metadata,easy,school,
what schools should i apply to for neuroscience in California under 40k,counselor_teacher,filtered_search,complex,needs recommendations,semantic_or_faceted_search,medium,"major_or_program,location",intent:filtered_search_pattern
colleges near Chicago,college_student,filtered_search,short_circuit,1–2 filters,semantic_or_faceted_search,medium,location,
Duke tuition vs University of Michigan tuition,high_school_student,comparison,complex,compare entities,compare_pipeline,complex,"school,comparison_target,cost_constraint",
best philosophy schools near a major tech hub,college_student,filtered_search,medium,1–2 filters,semantic_or_faceted_search,medium,,
colleges on the East Coast low tuition with strong research and internships,advisor,multi_constraint,complex,multi-constraint,foundry_multi_agent,complex,"location,cost_constraint",
schools like Harvard but cheaper,advisor,rewrite_needed,complex,needs recommendations,rewrite_then_route,complex,"school,rewrite_cue",intent:rewrite_pattern
University of Maryland vs UCLA,parent,comparison,complex,compare entities,compare_pipeline,complex,"school,comparison_target",
mit without the suffering,high_school_student,rewrite_needed,short_circuit,needs rewrite,rewrite_then_route,complex,"school,rewrite_cue",
recommend medium-sized colleges in Texas for chemistry reach schools,high_school_student,recommendation,complex,needs recommendations,recommendation_workflow,complex,location,
USC,high_school_student,direct_lookup,short_circuit,simple entity,typesense_only,easy,school,
universities with strong engineering,counselor_teacher,filtered_search,medium,1–2 filters,semantic_or_faceted_search,medium,major_or_program,
four year cost of Caltech including housing,parent,cost_financial_aid,medium,simple entity; parent framing,finance_guidance,medium,"cost_constraint,admissions_or_attribute_signal",intent:four_year_cost_pattern
Virginia Tech tuition vs USC tuition,counselor_teacher,comparison,complex,compare entities,compare_pipeline,complex,"school,comparison_target,cost_constraint",
Cornell job placement for engineering,college_student,career_outcomes,medium,outcomes,outcomes_pipeline,medium,"school,major_or_program,career_outcome_cue",
create reach target safety list for public health near Chicago good financial aid,advisor,multi_constraint,medium,B2B; advisor framing,foundry_multi_agent,complex,"location,cost_constraint",intent:advisor_list_pattern
cheapest aerospace engineering schools in California,parent,filtered_search,medium,cost / aid,semantic_or_faceted_search,medium,"major_or_program,location",intent:filtered_search_pattern
Arizona State job placement for business,parent,career_outcomes,medium,outcomes,outcomes_pipeline,medium,"school,major_or_program,career_outcome_cue",
Brown financial aid for out of state,advisor,cost_financial_aid,medium,cost / aid,finance_guidance,medium,"school,cost_constraint",
does University of Florida have engineering,counselor_teacher,attribute_lookup,short_circuit,single attribute,typesense_plus_metadata,easy,"school,major_or_program,location",
USC,high_school_student,direct_lookup,short_circuit,simple entity; advisor framing,typesense_only,easy,school,persona:school_only_pattern
Princeton tuition vs Rice University tuition,counselor_teacher,comparison,complex,compare entities,compare_pipeline,complex,"school,comparison_target,cost_constraint",
University of Florida housing guarantee,parent,attribute_lookup,medium,outcomes; parent framing,typesense_plus_metadata,easy,"school,location,admissions_or_attribute_signal",intent:housing_guarantee_pattern
what schools should i apply to for business in the Midwest low tuition,high_school_student,recommendation,complex,needs recommendations,recommendation_workflow,complex,"major_or_program,location,cost_constraint",
create reach target safety list for pre-med on the East Coast good financial aid,advisor,multi_constraint,medium,1–2 filters; advisor framing,foundry_multi_agent,complex,"major_or_program,location,cost_constraint",intent:advisor_list_pattern
affordable architecture schools near a major tech hub with good job placement,high_school_student,career_outcomes,complex,multi-constraint,outcomes_pipeline,medium,"major_or_program,career_outcome_cue",intent:career_pattern
universities with strong psychology,counselor_teacher,filtered_search,medium,1–2 filters,semantic_or_faceted_search,medium,major_or_program,
Columbia financial aid for out of state,high_school_student,cost_financial_aid,medium,cost / aid,finance_guidance,medium,"school,cost_constraint",
UCLA housing guarantee,parent,attribute_lookup,short_circuit,single attribute; parent framing,typesense_plus_metadata,easy,"school,admissions_or_attribute_signal",
recommend large colleges not Florida for psychology target schools,advisor,recommendation,medium,needs recommendations; advisor framing,recommendation_workflow,complex,"major_or_program,location",
do i need sat for USC,parent,admissions_process,medium,how-to / admissions,faq_or_guidance,medium,"school,admissions_or_attribute_signal",
best data science schools near a major tech hub,advisor,filtered_search,medium,1–2 filters,semantic_or_faceted_search,medium,,
UC San Diego job placement for neuroscience,college_student,career_outcomes,medium,outcomes,outcomes_pipeline,medium,"major_or_program,career_outcome_cue",
USC,high_school_student,direct_lookup,short_circuit,simple entity,typesense_only,easy,school,persona:school_only_pattern
scholarships for Purdue,college_student,cost_financial_aid,short_circuit,single attribute,finance_guidance,medium,"school,cost_constraint",intent:cost_pattern
schools like Rice University but cheaper,college_student,rewrite_needed,short_circuit,needs recommendations,rewrite_then_route,complex,"school,rewrite_cue",intent:rewrite_pattern
University of Florida job placement for biology,college_student,career_outcomes,medium,outcomes,outcomes_pipeline,medium,"school,major_or_program,location,career_outcome_cue",
do i need sat for Boston University,college_student,admissions_process,medium,how-to / admissions,faq_or_guidance,medium,"school,admissions_or_attribute_signal",
what schools should i apply to for psychology in California under 30k,counselor_teacher,filtered_search,complex,needs recommendations,semantic_or_faceted_search,medium,"major_or_program,location",intent:filtered_search_pattern
University of Michigan tuition vs Purdue tuition,college_student,comparison,complex,compare entities,compare_pipeline,complex,"school,comparison_target,cost_constraint",
universities with strong economics,high_school_student,filtered_search,medium,1–2 filters,semantic_or_faceted_search,medium,major_or_program,
Northwestern tuition vs USC tuition,college_student,comparison,complex,compare entities,compare_pipeline,complex,"school,comparison_target,cost_constraint",
schools like UT Austin but cheaper,college_student,rewrite_needed,short_circuit,needs recommendations,rewrite_then_route,complex,"school,rewrite_cue",intent:rewrite_pattern
create reach target safety list for business in California under 30k,advisor,multi_constraint,medium,1–2 filters; advisor framing,foundry_multi_agent,complex,"major_or_program,location",intent:advisor_list_pattern
best pre-law schools in the Midwest,college_student,filtered_search,medium,1–2 filters,semantic_or_faceted_search,medium,"major_or_program,location",
USC job placement for finance,parent,career_outcomes,medium,outcomes,outcomes_pipeline,medium,"school,career_outcome_cue",
schools near a major tech hub with low student-to-faculty ratio,counselor_teacher,filtered_search,medium,1–2 filters,semantic_or_faceted_search,medium,,
what schools should i apply to for biology in warm states under 20k,advisor,filtered_search,complex,needs recommendations,semantic_or_faceted_search,medium,"major_or_program,location",intent:filtered_search_pattern
what schools should i apply to for data science on the East Coast under 40k,counselor_teacher,filtered_search,complex,needs recommendations,semantic_or_faceted_search,medium,location,intent:filtered_search_pattern
colleges near a major tech hub,high_school_student,filtered_search,medium,1–2 filters,semantic_or_faceted_search,medium,,
affordable computer science schools in the Midwest with good job placement,counselor_teacher,career_outcomes,llm_needed,multi-constraint,outcomes_pipeline,medium,"major_or_program,location,career_outcome_cue",intent:career_pattern
schools in the Midwest with low student-to-faculty ratio,college_student,filtered_search,medium,1–2 filters,semantic_or_faceted_search,medium,location,
cheapest engineering schools in Texas,advisor,filtered_search,medium,cost / aid,semantic_or_faceted_search,medium,"major_or_program,location",intent:filtered_search_pattern
recommend large colleges in the Midwest for pre-law reach schools,college_student,recommendation,complex,needs recommendations,recommendation_workflow,complex,"major_or_program,location",
Cornell chill campus,parent,campus_life_fit,llm_needed,subjective fit,llm_advisory,complex,"school,fit_or_culture_cue",
do i need sat for USC,counselor_teacher,admissions_process,medium,how-to / admissions,faq_or_guidance,medium,"school,admissions_or_attribute_signal",
Rice University vs MIT,college_student,comparison,complex,compare entities,compare_pipeline,complex,"school,comparison_target",
Virginia Tech housing guarantee,parent,attribute_lookup,medium,outcomes; parent framing,typesense_plus_metadata,easy,"school,admissions_or_attribute_signal",intent:housing_guarantee_pattern
create reach target safety list for pre-med in the Midwest good financial aid,advisor,multi_constraint,complex,needs rewrite; advisor framing,foundry_multi_agent,complex,"major_or_program,location,cost_constraint",intent:advisor_list_pattern
Cornell scholarships,counselor_teacher,cost_financial_aid,medium,cost / aid,finance_guidance,medium,"school,cost_constraint",
how to lower college costs,high_school_student,cost_financial_aid,complex,cost / aid,finance_guidance,medium,,
Harvard housing guarantee,parent,attribute_lookup,medium,B2B; parent framing,typesense_plus_metadata,easy,"school,admissions_or_attribute_signal",intent:housing_guarantee_pattern
ucla vibe but not so expensive,high_school_student,rewrite_needed,llm_needed,needs rewrite,rewrite_then_route,complex,"school,fit_or_culture_cue,rewrite_cue",
Columbia application deadlines,high_school_student,admissions_process,medium,how-to / admissions,faq_or_guidance,medium,"school,admissions_or_attribute_signal",
colleges on the East Coast,advisor,filtered_search,medium,1–2 filters; advisor framing,semantic_or_faceted_search,medium,location,
what schools should i apply to for nursing not Florida under 40k,high_school_student,filtered_search,complex,needs recommendations,semantic_or_faceted_search,medium,"major_or_program,location",intent:filtered_search_pattern
USC vs Boston University for aerospace engineering,high_school_student,comparison,complex,compare entities,compare_pipeline,complex,"school,comparison_target,major_or_program",
colleges not Florida,high_school_student,filtered_search,medium,1–2 filters,semantic_or_faceted_search,medium,location,
schools like USC but cheaper,college_student,rewrite_needed,complex,needs recommendations,rewrite_then_route,complex,"school,rewrite_cue",intent:rewrite_pattern
how do i apply to Cornell,college_student,admissions_process,medium,how-to / admissions,faq_or_guidance,medium,school,
Cornell housing guarantee,parent,attribute_lookup,medium,how-to / admissions; parent framing,typesense_plus_metadata,easy,"school,admissions_or_attribute_signal",intent:housing_guarantee_pattern
create reach target safety list for aerospace engineering near Chicago under 40k,advisor,multi_constraint,short_circuit,simple entity; advisor framing,foundry_multi_agent,complex,"major_or_program,location",intent:advisor_list_pattern
Georgia Tech vs Arizona State for pre-law,college_student,comparison,complex,compare entities,compare_pipeline,complex,"school,comparison_target,major_or_program",
affordable electrical engineering schools near a major tech hub with good job placement,college_student,career_outcomes,complex,multi-constraint,outcomes_pipeline,medium,"major_or_program,career_outcome_cue",intent:career_pattern
schools like University of Maryland but cheaper,college_student,rewrite_needed,complex,needs recommendations,rewrite_then_route,complex,"school,rewrite_cue",intent:rewrite_pattern
cheapest finance schools in the Midwest,college_student,filtered_search,medium,cost / aid,semantic_or_faceted_search,medium,location,intent:filtered_search_pattern
best colleges for neuroscience job outcomes,college_student,career_outcomes,medium,outcomes,outcomes_pipeline,medium,"major_or_program,career_outcome_cue",
colleges in California,counselor_teacher,filtered_search,complex,1–2 filters,semantic_or_faceted_search,medium,location,
does USC have mechanical engineering,college_student,attribute_lookup,short_circuit,single attribute,typesense_plus_metadata,easy,"school,major_or_program",
what schools should i apply to for mechanical engineering near a major tech hub under 40k,counselor_teacher,filtered_search,complex,needs recommendations,semantic_or_faceted_search,medium,major_or_program,intent:filtered_search_pattern
schools like Boston University but cheaper,parent,rewrite_needed,complex,needs recommendations,rewrite_then_route,complex,"school,rewrite_cue",intent:rewrite_pattern
Rice University housing guarantee,parent,attribute_lookup,complex,needs rewrite; parent framing,typesense_plus_metadata,easy,"school,admissions_or_attribute_signal",intent:housing_guarantee_pattern
api access for college partners,college_b2b,b2b_partnership,complex,B2B,b2b_workflow,medium,b2b_request_type,persona:b2b_pattern
recommend small colleges not Florida for economics safety schools,counselor_teacher,recommendation,complex,needs recommendations; counselor framing,recommendation_workflow,complex,"major_or_program,location",
schools good for introverts,counselor_teacher,campus_life_fit,llm_needed,subjective fit,llm_advisory,complex,fit_or_culture_cue,
best computer science schools in Texas,high_school_student,filtered_search,medium,1–2 filters,semantic_or_faceted_search,medium,"major_or_program,location",
universities with strong computer science,advisor,filtered_search,medium,1–2 filters,semantic_or_faceted_search,medium,major_or_program,
affordable pre-med schools in the Midwest with good job placement,parent,career_outcomes,complex,multi-constraint,outcomes_pipeline,medium,"major_or_program,location,career_outcome_cue",intent:career_pattern
create reach target safety list for engineering in warm states good financial aid,advisor,multi_constraint,complex,multi-constraint; advisor framing,foundry_multi_agent,complex,"major_or_program,location,cost_constraint",
northeastern,parent,direct_lookup,complex,simple entity,typesense_only,easy,,
Columbia job placement for electrical engineering,college_student,career_outcomes,medium,outcomes,outcomes_pipeline,medium,"school,major_or_program,career_outcome_cue",
UC San Diego job placement for engineering,advisor,career_outcomes,medium,outcomes,outcomes_pipeline,medium,"major_or_program,career_outcome_cue",
does MIT have chemistry,high_school_student,attribute_lookup,short_circuit,single attribute,typesense_plus_metadata,easy,school,
Brown vs UCLA,counselor_teacher,comparison,complex,compare entities,compare_pipeline,complex,"school,comparison_target",
create reach target safety list for economics in California full ride options,advisor,multi_constraint,llm_needed,subjective fit; advisor framing,foundry_multi_agent,complex,"major_or_program,location,cost_constraint",intent:advisor_list_pattern
Cornell vs Arizona State for psychology,advisor,comparison,short_circuit,compare entities,compare_pipeline,complex,"school,comparison_target,major_or_program",
University of Florida chill campus,college_student,campus_life_fit,llm_needed,subjective fit,llm_advisory,complex,"school,location,fit_or_culture_cue",
best business schools not Florida,counselor_teacher,filtered_search,medium,1–2 filters,semantic_or_faceted_search,medium,"major_or_program,location",
ut austin,high_school_student,direct_lookup,short_circuit,simple entity,typesense_only,easy,school,persona:school_only_pattern
create reach target safety list for neuroscience near Chicago full ride options,advisor,multi_constraint,complex,needs rewrite; advisor framing,foundry_multi_agent,complex,"major_or_program,location,cost_constraint",intent:advisor_list_pattern
api access for college partners,college_b2b,b2b_partnership,llm_needed,B2B; counselor framing,b2b_workflow,medium,b2b_request_type,persona:b2b_pattern
harvard,high_school_student,direct_lookup,short_circuit,simple entity,typesense_only,easy,school,persona:school_only_pattern
create reach target safety list for film near Chicago under 20k,advisor,multi_constraint,short_circuit,single attribute; advisor framing,foundry_multi_agent,complex,"major_or_program,location",intent:advisor_list_pattern
best aerospace engineering schools in warm states,college_student,filtered_search,medium,1–2 filters,semantic_or_faceted_search,medium,"major_or_program,location",
colleges in California,parent,filtered_search,medium,1–2 filters,semantic_or_faceted_search,medium,location,
UT Austin vs University of Washington,parent,comparison,complex,compare entities,compare_pipeline,complex,"school,comparison_target",
UC San Diego sports culture,college_student,campus_life_fit,llm_needed,subjective fit,llm_advisory,complex,fit_or_culture_cue,
schools good for non-competitive culture,counselor_teacher,campus_life_fit,short_circuit,subjective fit,llm_advisory,complex,fit_or_culture_cue,
colleges in the Midwest under 20k with strong research and internships,college_student,multi_constraint,complex,multi-constraint,foundry_multi_agent,complex,location,
best colleges for engineering job outcomes,counselor_teacher,career_outcomes,medium,outcomes,outcomes_pipeline,medium,"major_or_program,career_outcome_cue",
colleges near a major tech hub under 20k with strong research and internships,advisor,multi_constraint,complex,multi-constraint,foundry_multi_agent,complex,,
what schools should i apply to for political science near a major tech hub full ride options,college_student,recommendation,llm_needed,needs recommendations,recommendation_workflow,complex,cost_constraint,
what essays does UC Berkeley require,advisor,admissions_process,medium,how-to / admissions; advisor framing,faq_or_guidance,medium,school,
schools like USC but cheaper,counselor_teacher,rewrite_needed,complex,needs recommendations,rewrite_then_route,complex,"school,rewrite_cue",intent:rewrite_pattern
NYU housing guarantee,parent,attribute_lookup,medium,B2B; parent framing,typesense_plus_metadata,easy,"school,admissions_or_attribute_signal",intent:housing_guarantee_pattern
UT Austin scholarships,advisor,cost_financial_aid,medium,cost / aid,finance_guidance,medium,"school,cost_constraint",
princeton,high_school_student,direct_lookup,short_circuit,simple entity,typesense_only,easy,school,persona:school_only_pattern
best colleges for chemistry job outcomes,college_student,career_outcomes,medium,outcomes,outcomes_pipeline,medium,career_outcome_cue,
Columbia vs UC Irvine,counselor_teacher,comparison,complex,compare entities,compare_pipeline,complex,"school,comparison_target",
UCLA job placement for film,counselor_teacher,career_outcomes,medium,outcomes,outcomes_pipeline,medium,"school,major_or_program,career_outcome_cue",
Columbia tuition vs Penn State tuition,counselor_teacher,comparison,complex,compare entities,compare_pipeline,complex,"school,comparison_target,cost_constraint",
University of Wisconsin job placement for mechanical engineering,advisor,career_outcomes,medium,outcomes,outcomes_pipeline,medium,"school,major_or_program,career_outcome_cue",
small pre-law colleges in California full ride options not too competitive,college_student,multi_constraint,complex,multi-constraint,foundry_multi_agent,complex,"major_or_program,location,cost_constraint",
Cornell but cheaper,parent,rewrite_needed,complex,needs rewrite,rewrite_then_route,complex,"school,rewrite_cue",
four year cost of UT Austin including housing,parent,cost_financial_aid,medium,cost / aid; parent framing,finance_guidance,medium,"school,cost_constraint,admissions_or_attribute_signal",
do i need sat for UT Austin,parent,admissions_process,medium,how-to / admissions; parent framing,faq_or_guidance,medium,"school,admissions_or_attribute_signal",
schools like Brown but cheaper,college_student,rewrite_needed,complex,needs recommendations,rewrite_then_route,complex,"school,rewrite_cue",intent:rewrite_pattern
what schools should i apply to for film near a major tech hub good financial aid,college_student,recommendation,complex,needs recommendations,recommendation_workflow,complex,"major_or_program,cost_constraint",
does UC Berkeley have computer science,college_student,attribute_lookup,short_circuit,single attribute,typesense_plus_metadata,easy,"school,major_or_program",
Carnegie Mellon financial aid for out of state,counselor_teacher,cost_financial_aid,medium,cost / aid; counselor framing,finance_guidance,medium,"school,cost_constraint",
usc,high_school_student,direct_lookup,short_circuit,simple entity,typesense_only,easy,school,persona:school_only_pattern
best pre-med schools near Chicago,advisor,filtered_search,medium,1–2 filters,semantic_or_faceted_search,medium,"major_or_program,location",
Boston University housing guarantee,parent,attribute_lookup,llm_needed,subjective fit; parent framing,typesense_plus_metadata,easy,"school,admissions_or_attribute_signal",intent:housing_guarantee_pattern
Cornell,high_school_student,direct_lookup,short_circuit,simple entity,typesense_only,easy,school,persona:school_only_pattern
NYU housing guarantee,parent,attribute_lookup,llm_needed,subjective fit; parent framing,typesense_plus_metadata,easy,"school,admissions_or_attribute_signal",intent:housing_guarantee_pattern
schools like Duke but cheaper,parent,rewrite_needed,complex,needs recommendations,rewrite_then_route,complex,"school,rewrite_cue",intent:rewrite_pattern
colleges in Texas low tuition with strong research and internships,high_school_student,multi_constraint,complex,multi-constraint,foundry_multi_agent,complex,"location,cost_constraint",
university of florida,high_school_student,direct_lookup,short_circuit,simple entity; parent framing,typesense_only,easy,"school,location",persona:school_only_pattern
what essays does University of Washington require,college_student,admissions_process,medium,how-to / admissions,faq_or_guidance,medium,school,
four year cost of UC Berkeley including housing,parent,cost_financial_aid,short_circuit,simple entity; parent framing,finance_guidance,medium,"school,cost_constraint,admissions_or_attribute_signal",intent:four_year_cost_pattern
University of Florida housing guarantee,parent,attribute_lookup,complex,compare entities; parent framing,typesense_plus_metadata,easy,"school,location,admissions_or_attribute_signal",intent:housing_guarantee_pattern
colleges on the East Coast,counselor_teacher,filtered_search,medium,1–2 filters,semantic_or_faceted_search,medium,location,
what essays does Cornell require,parent,admissions_process,llm_needed,how-to / admissions,faq_or_guidance,medium,school,
acceptance rate for Penn State,counselor_teacher,attribute_lookup,short_circuit,single attribute,typesense_plus_metadata,easy,"school,admissions_or_attribute_signal",
affordable pre-med schools near Chicago with good job placement,high_school_student,career_outcomes,medium,multi-constraint,outcomes_pipeline,medium,"major_or_program,location,career_outcome_cue",intent:career_pattern
colleges on the East Coast under 40k with strong research and internships,high_school_student,multi_constraint,complex,multi-constraint,foundry_multi_agent,complex,location,
UT Austin vs Brown,high_school_student,comparison,complex,compare entities,compare_pipeline,complex,"school,comparison_target",
University of Washington location,advisor,attribute_lookup,short_circuit,single attribute,typesense_plus_metadata,easy,school,
job placement for University of Maryland,counselor_teacher,career_outcomes,short_circuit,single attribute,outcomes_pipeline,medium,"school,career_outcome_cue",intent:career_pattern
colleges on the East Coast under 40k with strong research and internships,advisor,multi_constraint,complex,multi-constraint,foundry_multi_agent,complex,location,
University of Michigan vs Duke,advisor,comparison,short_circuit,compare entities,compare_pipeline,complex,"school,comparison_target",
Penn State but cheaper,high_school_student,rewrite_needed,complex,needs rewrite,rewrite_then_route,complex,"school,rewrite_cue",
UC San Diego scholarships,high_school_student,cost_financial_aid,medium,cost / aid,finance_guidance,medium,cost_constraint,
four year cost of Virginia Tech including housing,parent,cost_financial_aid,complex,needs rewrite; parent framing,finance_guidance,medium,"school,cost_constraint,admissions_or_attribute_signal",intent:four_year_cost_pattern
affordable political science schools in California with good job placement,advisor,career_outcomes,complex,multi-constraint,outcomes_pipeline,medium,"location,career_outcome_cue",intent:career_pattern
create reach target safety list for chemistry not Florida full ride options,advisor,multi_constraint,medium,1–2 filters; advisor framing,foundry_multi_agent,complex,"location,cost_constraint",intent:advisor_list_pattern
uc san diego,high_school_student,direct_lookup,short_circuit,simple entity,typesense_only,easy,,
cheapest psychology schools near the beach,advisor,filtered_search,medium,cost / aid,semantic_or_faceted_search,medium,"major_or_program,location",intent:filtered_search_pattern
best colleges for film job outcomes,counselor_teacher,career_outcomes,medium,outcomes,outcomes_pipeline,medium,"major_or_program,career_outcome_cue",
University of Wisconsin tuition vs Carnegie Mellon tuition,high_school_student,comparison,complex,compare entities,compare_pipeline,complex,"school,comparison_target,cost_constraint",
what essays does Cornell require,counselor_teacher,admissions_process,medium,how-to / admissions,faq_or_guidance,medium,school,
what schools should i apply to for engineering near the beach good financial aid,parent,recommendation,complex,needs recommendations,recommendation_workflow,complex,"major_or_program,location,cost_constraint",
Stanford application deadlines,college_student,admissions_process,medium,how-to / admissions,faq_or_guidance,medium,"school,admissions_or_attribute_signal",
Harvard chill campus,advisor,campus_life_fit,medium,subjective fit; advisor framing,llm_advisory,complex,"school,fit_or_culture_cue",
housing for Georgia Tech,college_student,attribute_lookup,short_circuit,single attribute,typesense_plus_metadata,easy,"school,admissions_or_attribute_signal",
how do i apply to Harvard,counselor_teacher,admissions_process,medium,how-to / admissions,faq_or_guidance,medium,school,
cheapest philosophy schools near a major tech hub,parent,filtered_search,medium,cost / aid,semantic_or_faceted_search,medium,,intent:filtered_search_pattern
recommend large colleges on the East Coast for public health safety schools,high_school_student,recommendation,complex,needs recommendations,recommendation_workflow,complex,location,
what essays does USC require,high_school_student,admissions_process,medium,how-to / admissions,faq_or_guidance,medium,school,
UCLA vibe,counselor_teacher,campus_life_fit,llm_needed,subjective fit,llm_advisory,complex,"school,fit_or_culture_cue",
University of Maryland job placement for philosophy,high_school_student,career_outcomes,medium,outcomes,outcomes_pipeline,medium,"school,career_outcome_cue",
virginia tech,high_school_student,direct_lookup,short_circuit,simple entity,typesense_only,easy,school,
caltech,college_student,direct_lookup,short_circuit,simple entity,typesense_only,easy,,
create reach target safety list for computer science near Chicago full ride options,advisor,multi_constraint,medium,outcomes; advisor framing,foundry_multi_agent,complex,"major_or_program,location,cost_constraint",intent:advisor_list_pattern
what schools should i apply to for engineering in Texas good financial aid,high_school_student,recommendation,short_circuit,needs recommendations,recommendation_workflow,complex,"major_or_program,location,cost_constraint",
what schools should i apply to for political science in California low tuition,college_student,recommendation,complex,needs recommendations,recommendation_workflow,complex,"location,cost_constraint",
affordable finance schools near a major tech hub with good job placement,advisor,career_outcomes,complex,multi-constraint,outcomes_pipeline,medium,career_outcome_cue,intent:career_pattern
schools like University of Michigan but cheaper,counselor_teacher,rewrite_needed,complex,needs recommendations,rewrite_then_route,complex,"school,rewrite_cue",intent:rewrite_pattern
recommend small colleges near Chicago for pre-law target schools,high_school_student,recommendation,complex,needs recommendations,recommendation_workflow,complex,"major_or_program,location",
create reach target safety list for film in warm states under 40k,advisor,multi_constraint,medium,B2B; advisor framing,foundry_multi_agent,complex,"major_or_program,location",intent:advisor_list_pattern
Virginia Tech rankings,parent,attribute_lookup,short_circuit,single attribute,typesense_plus_metadata,easy,school,
medium-sized electrical engineering colleges in California under 20k reach schools,counselor_teacher,filtered_search,complex,multi-constraint,semantic_or_faceted_search,medium,"major_or_program,location",intent:filtered_search_pattern
create reach target safety list for philosophy in Texas good financial aid,advisor,multi_constraint,llm_needed,subjective fit; advisor framing,foundry_multi_agent,complex,"location,cost_constraint",intent:advisor_list_pattern
Virginia Tech scholarships,high_school_student,cost_financial_aid,medium,cost / aid,finance_guidance,medium,"school,cost_constraint",
colleges in California,counselor_teacher,filtered_search,llm_needed,1–2 filters,semantic_or_faceted_search,medium,location,
UC Irvine,advisor,direct_lookup,short_circuit,simple entity,typesense_only,easy,,
UC Irvine job placement for psychology,college_student,career_outcomes,medium,outcomes,outcomes_pipeline,medium,"major_or_program,career_outcome_cue",
MIT vs University of Washington for neuroscience,counselor_teacher,comparison,complex,compare entities,compare_pipeline,complex,"school,comparison_target,major_or_program",
MIT vs Vanderbilt,college_student,comparison,complex,compare entities,compare_pipeline,complex,"school,comparison_target",
UCLA housing guarantee,parent,attribute_lookup,medium,how-to / admissions; parent framing,typesense_plus_metadata,easy,"school,admissions_or_attribute_signal",intent:housing_guarantee_pattern
request demo for our admissions team,college_b2b,b2b_partnership,llm_needed,B2B,b2b_workflow,medium,"admissions_or_attribute_signal,b2b_request_type",persona:b2b_pattern
virginia tech,high_school_student,direct_lookup,short_circuit,simple entity,typesense_only,easy,school,persona:school_only_pattern
cheapest data science schools near Chicago,college_student,filtered_search,medium,cost / aid,semantic_or_faceted_search,medium,location,intent:filtered_search_pattern
University of Washington tuition vs MIT tuition,college_student,comparison,complex,compare entities,compare_pipeline,complex,"school,comparison_target,cost_constraint",
best architecture schools near Chicago,advisor,filtered_search,medium,1–2 filters,semantic_or_faceted_search,medium,"major_or_program,location",
does Duke have chemistry,counselor_teacher,attribute_lookup,short_circuit,single attribute,typesense_plus_metadata,easy,school,
Brown non-competitive culture,high_school_student,campus_life_fit,complex,subjective fit,llm_advisory,complex,"school,fit_or_culture_cue",
does Purdue have engineering,parent,attribute_lookup,short_circuit,single attribute,typesense_plus_metadata,easy,"school,major_or_program",
Georgia Tech job placement for philosophy,college_student,career_outcomes,medium,outcomes,outcomes_pipeline,medium,"school,career_outcome_cue",
Rice University housing guarantee,parent,attribute_lookup,short_circuit,cost / aid; parent framing,typesense_plus_metadata,easy,"school,admissions_or_attribute_signal",intent:housing_guarantee_pattern
schools like Northeastern but cheaper,college_student,rewrite_needed,short_circuit,needs recommendations,rewrite_then_route,complex,rewrite_cue,intent:rewrite_pattern
University of Wisconsin,high_school_student,direct_lookup,short_circuit,simple entity,typesense_only,easy,school,persona:school_only_pattern
nyu,high_school_student,direct_lookup,complex,simple entity; advisor framing,typesense_only,easy,school,persona:school_only_pattern
cheapest neuroscience schools near the beach,counselor_teacher,filtered_search,medium,cost / aid,semantic_or_faceted_search,medium,"major_or_program,location",intent:filtered_search_pattern
Arizona State campus culture,advisor,campus_life_fit,llm_needed,fit question,llm_advisory,complex,"school,fit_or_culture_cue",
colleges with low stress environment,college_student,filtered_search,llm_needed,fit question,semantic_or_faceted_search,medium,,intent:filtered_search_pattern
best colleges for psychology job outcomes,parent,career_outcomes,medium,career outcomes,outcomes_pipeline,medium,"major_or_program,career_outcome_cue",
mit without the suffering,parent,rewrite_needed,complex,rewrite needed,rewrite_then_route,complex,"school,rewrite_cue",
schools with collaborative culture,advisor,campus_life_fit,llm_needed,fit question,llm_advisory,complex,fit_or_culture_cue,
Northwestern housing,college_student,attribute_lookup,medium,single attribute,typesense_plus_metadata,easy,"school,admissions_or_attribute_signal",
mit without the suffering,college_student,rewrite_needed,complex,rewrite needed,rewrite_then_route,complex,"school,rewrite_cue",
job placement for Northwestern,advisor,career_outcomes,medium,single attribute,outcomes_pipeline,medium,"school,career_outcome_cue",intent:career_pattern
cheapest business schools near the beach,advisor,filtered_search,medium,cost aid,semantic_or_faceted_search,medium,"major_or_program,location",intent:filtered_search_pattern
how do i apply to Cornell,parent,admissions_process,medium,admissions,faq_or_guidance,medium,school,
request demo for admissions office,college_b2b,b2b_partnership,llm_needed,B2B,b2b_workflow,medium,"admissions_or_attribute_signal,b2b_request_type",
best aerospace engineering schools in the Midwest,college_student,filtered_search,medium,filter search,semantic_or_faceted_search,medium,"major_or_program,location",
does USC have electrical engineering,advisor,attribute_lookup,medium,single attribute,typesense_plus_metadata,easy,"school,major_or_program",
recommend small colleges near the beach for mechanical engineering,counselor_teacher,recommendation,complex,recommendation,recommendation_workflow,complex,"major_or_program,location",
harvard but less stressful,parent,rewrite_needed,complex,rewrite needed,rewrite_then_route,complex,"school,rewrite_cue",
carnegie mellon,high_school_student,direct_lookup,short_circuit,simple entity,typesense_only,easy,school,persona:school_only_pattern
how can our university join the platform,college_b2b,b2b_partnership,llm_needed,B2B,b2b_workflow,medium,b2b_request_type,
large mechanical engineering colleges near Chicago good financial aid,advisor,multi_constraint,complex,multi constraint,foundry_multi_agent,complex,"major_or_program,location,cost_constraint",
schools like Harvard but cheaper,college_student,rewrite_needed,complex,recommendation,rewrite_then_route,complex,"school,rewrite_cue",intent:rewrite_pattern
does University of Florida have biology,advisor,attribute_lookup,medium,single attribute,typesense_plus_metadata,easy,"school,major_or_program,location",
request demo for admissions office,college_b2b,b2b_partnership,llm_needed,B2B,b2b_workflow,medium,"admissions_or_attribute_signal,b2b_request_type",persona:b2b_pattern
does Rice University have architecture,advisor,attribute_lookup,medium,single attribute,typesense_plus_metadata,easy,"school,major_or_program",
Northwestern application deadlines,advisor,admissions_process,medium,admissions,faq_or_guidance,medium,"school,admissions_or_attribute_signal",
how do i apply to University of Florida,counselor_teacher,admissions_process,medium,admissions,faq_or_guidance,medium,"school,location",
USC campus culture,advisor,campus_life_fit,llm_needed,fit question,llm_advisory,complex,"school,fit_or_culture_cue",
harvard but less stressful,counselor_teacher,rewrite_needed,complex,rewrite needed,rewrite_then_route,complex,"school,rewrite_cue",
small electrical engineering colleges near Chicago under 30k,advisor,multi_constraint,complex,multi constraint,foundry_multi_agent,complex,"major_or_program,location",
recommend small colleges in the Midwest for engineering,advisor,recommendation,complex,recommendation,recommendation_workflow,complex,"major_or_program,location",
NYU vs UC Berkeley for chemistry,advisor,comparison,complex,comparison,compare_pipeline,complex,"school,comparison_target",
pricing for partner universities,college_b2b,b2b_partnership,llm_needed,B2B,b2b_workflow,medium,b2b_request_type,
does Cornell have data science,advisor,attribute_lookup,medium,single attribute,typesense_plus_metadata,easy,school,
colleges in California low tuition with strong research,parent,multi_constraint,complex,multi constraint,foundry_multi_agent,complex,"location,cost_constraint",
universities with strong nursing,college_student,filtered_search,medium,filter search,semantic_or_faceted_search,medium,major_or_program,
how do i apply to Virginia Tech,parent,admissions_process,medium,admissions,faq_or_guidance,medium,school,
affordable chemistry schools in warm states with good internships,advisor,multi_constraint,complex,multi constraint,foundry_multi_agent,complex,location,
NYU but cheaper,counselor_teacher,rewrite_needed,complex,rewrite needed,rewrite_then_route,complex,"school,rewrite_cue",
does Penn State have nursing,advisor,attribute_lookup,medium,single attribute,typesense_plus_metadata,easy,"school,major_or_program",
UC Berkeley,high_school_student,direct_lookup,short_circuit,simple entity,typesense_only,easy,school,persona:school_only_pattern
Rice University research opportunities,parent,attribute_lookup,medium,single attribute,typesense_plus_metadata,easy,school,
MIT campus culture,advisor,campus_life_fit,llm_needed,fit question,llm_advisory,complex,"school,fit_or_culture_cue",
how do i apply to University of Michigan,advisor,admissions_process,medium,admissions,faq_or_guidance,medium,school,
affordable computer science schools near Chicago with good internships,college_student,multi_constraint,complex,multi constraint,foundry_multi_agent,complex,"major_or_program,location",
how can our university join the platform,college_b2b,b2b_partnership,llm_needed,B2B,b2b_workflow,medium,b2b_request_type,persona:b2b_pattern
large engineering colleges in Texas under 30k,parent,filtered_search,complex,multi constraint,semantic_or_faceted_search,medium,"major_or_program,location",intent:filtered_search_pattern
how do i apply to MIT,counselor_teacher,admissions_process,medium,admissions,faq_or_guidance,medium,school,
does NYU have data science,college_student,attribute_lookup,medium,single attribute,typesense_plus_metadata,easy,school,
NYU average SAT,parent,admissions_process,medium,single attribute,faq_or_guidance,medium,"school,admissions_or_attribute_signal",intent:admissions_pattern
UT Austin scholarships,advisor,cost_financial_aid,medium,cost aid,finance_guidance,medium,"school,cost_constraint",
University of Washington campus culture,counselor_teacher,campus_life_fit,llm_needed,fit question,llm_advisory,complex,"school,fit_or_culture_cue",
does Virginia Tech have aerospace engineering,parent,attribute_lookup,medium,single attribute,typesense_plus_metadata,easy,"school,major_or_program",
schools with high internship placement rates,advisor,career_outcomes,medium,career outcomes,outcomes_pipeline,medium,career_outcome_cue,
Purdue vs Northwestern,counselor_teacher,comparison,complex,comparison,compare_pipeline,complex,"school,comparison_target",
USC but cheaper,advisor,rewrite_needed,complex,rewrite needed,rewrite_then_route,complex,"school,rewrite_cue",
Princeton financial aid,advisor,cost_financial_aid,medium,cost aid,finance_guidance,medium,"school,cost_constraint",
Carnegie Mellon vs Caltech for economics,advisor,comparison,complex,comparison,compare_pipeline,complex,"school,comparison_target,major_or_program",
Penn State campus culture,counselor_teacher,campus_life_fit,llm_needed,fit question,llm_advisory,complex,"school,fit_or_culture_cue",
University of Florida job placement for engineering,college_student,career_outcomes,medium,career outcomes,outcomes_pipeline,medium,"school,major_or_program,location,career_outcome_cue",
Brown,high_school_student,direct_lookup,short_circuit,simple entity,typesense_only,easy,school,persona:school_only_pattern
what schools should i apply to for data science,college_student,filtered_search,complex,recommendation,semantic_or_faceted_search,medium,,intent:filtered_search_pattern
MIT financial aid,parent,cost_financial_aid,medium,cost aid,finance_guidance,medium,"school,cost_constraint",
UCLA but cheaper,college_student,rewrite_needed,complex,rewrite needed,rewrite_then_route,complex,"school,rewrite_cue",
large engineering colleges near a tech hub under 30k,college_student,filtered_search,complex,multi constraint,semantic_or_faceted_search,medium,major_or_program,intent:filtered_search_pattern
UC San Diego scholarships,counselor_teacher,cost_financial_aid,medium,cost aid,finance_guidance,medium,cost_constraint,
average ACT for UC Berkeley,college_student,attribute_lookup,medium,single attribute,typesense_plus_metadata,easy,school,
universities with strong data science,advisor,filtered_search,medium,filter search,semantic_or_faceted_search,medium,,
do i need sat for Cornell,parent,admissions_process,medium,admissions,faq_or_guidance,medium,"school,admissions_or_attribute_signal",
Northwestern application deadlines,college_student,admissions_process,medium,admissions,faq_or_guidance,medium,"school,admissions_or_attribute_signal",
colleges near Chicago low tuition with strong research,counselor_teacher,multi_constraint,complex,multi constraint,foundry_multi_agent,complex,"location,cost_constraint",
Harvard vs University of Michigan,counselor_teacher,comparison,complex,comparison,compare_pipeline,complex,"school,comparison_target",
pricing for partner universities,college_b2b,b2b_partnership,llm_needed,B2B,b2b_workflow,medium,b2b_request_type,persona:b2b_pattern
recommend medium-sized colleges in Texas for philosophy,advisor,recommendation,complex,recommendation,recommendation_workflow,complex,location,
what schools should i apply to for economics,college_student,filtered_search,complex,recommendation,semantic_or_faceted_search,medium,major_or_program,intent:filtered_search_pattern
Duke application deadlines,counselor_teacher,admissions_process,medium,admissions,faq_or_guidance,medium,"school,admissions_or_attribute_signal",
Virginia Tech tuition vs Stanford tuition,advisor,comparison,complex,comparison,compare_pipeline,complex,"school,comparison_target,cost_constraint",
does University of Michigan have engineering,counselor_teacher,attribute_lookup,medium,single attribute,typesense_plus_metadata,easy,"school,major_or_program",
does University of Florida have chemistry,parent,attribute_lookup,medium,single attribute,typesense_plus_metadata,easy,"school,location",
Caltech financial aid,counselor_teacher,cost_financial_aid,medium,cost aid,finance_guidance,medium,cost_constraint,
Duke financial aid,college_student,cost_financial_aid,medium,cost aid,finance_guidance,medium,"school,cost_constraint",
colleges near the beach,advisor,filtered_search,medium,filter search,semantic_or_faceted_search,medium,location,
Carnegie Mellon application deadlines,advisor,admissions_process,medium,admissions,faq_or_guidance,medium,"school,admissions_or_attribute_signal",
Purdue,high_school_student,direct_lookup,short_circuit,simple entity,typesense_only,easy,school,persona:school_only_pattern
harvard but less stressful,college_student,rewrite_needed,complex,rewrite needed,rewrite_then_route,complex,"school,rewrite_cue",
Princeton job placement for mechanical engineering,advisor,career_outcomes,medium,career outcomes,outcomes_pipeline,medium,"school,major_or_program,career_outcome_cue",
best aerospace engineering schools near a tech hub,parent,filtered_search,medium,filter search,semantic_or_faceted_search,medium,major_or_program,
research opportunities for University of Florida,advisor,attribute_lookup,medium,single attribute,typesense_plus_metadata,easy,"school,location",
Purdue tuition vs Penn State tuition,parent,comparison,complex,comparison,compare_pipeline,complex,"school,comparison_target,cost_constraint",
recommend large colleges near a tech hub for mechanical engineering,college_student,recommendation,complex,recommendation,recommendation_workflow,complex,major_or_program,
University of Florida campus culture,advisor,campus_life_fit,llm_needed,fit question,llm_advisory,complex,"school,location,fit_or_culture_cue",
do i need sat for University of Florida,parent,admissions_process,medium,admissions,faq_or_guidance,medium,"school,location,admissions_or_attribute_signal",
cheapest engineering schools in warm states,counselor_teacher,filtered_search,medium,cost aid,semantic_or_faceted_search,medium,"major_or_program,location",intent:filtered_search_pattern
colleges in warm states,parent,filtered_search,medium,filter search,semantic_or_faceted_search,medium,location,
colleges near Chicago,college_student,filtered_search,medium,filter search,semantic_or_faceted_search,medium,location,
universities with strong psychology,parent,filtered_search,medium,filter search,semantic_or_faceted_search,medium,major_or_program,
University of Washington job placement for nursing,advisor,career_outcomes,medium,career outcomes,outcomes_pipeline,medium,"school,major_or_program,career_outcome_cue",
recommend large colleges near the beach for aerospace engineering,counselor_teacher,recommendation,complex,recommendation,recommendation_workflow,complex,"major_or_program,location",
colleges with low stress environment,parent,filtered_search,llm_needed,fit question,semantic_or_faceted_search,medium,,intent:filtered_search_pattern
colleges with low stress environment,counselor_teacher,filtered_search,llm_needed,fit question,semantic_or_faceted_search,medium,,intent:filtered_search_pattern
Harvard internships,parent,attribute_lookup,medium,single attribute,typesense_plus_metadata,easy,school,
UC Berkeley tuition vs MIT tuition,counselor_teacher,comparison,complex,comparison,compare_pipeline,complex,"school,comparison_target,cost_constraint",
Penn State,high_school_student,direct_lookup,short_circuit,simple entity,typesense_only,easy,school,persona:school_only_pattern
Duke job placement for psychology,parent,career_outcomes,medium,career outcomes,outcomes_pipeline,medium,"school,major_or_program,career_outcome_cue",
University of Florida but cheaper,counselor_teacher,rewrite_needed,complex,rewrite needed,rewrite_then_route,complex,"school,location,rewrite_cue",
UCLA scholarships,advisor,cost_financial_aid,medium,cost aid,finance_guidance,medium,"school,cost_constraint",
Harvard campus culture,counselor_teacher,campus_life_fit,llm_needed,fit question,llm_advisory,complex,"school,fit_or_culture_cue",
do i need sat for UC San Diego,parent,admissions_process,medium,admissions,faq_or_guidance,medium,admissions_or_attribute_signal,
University of Florida vs Brown for chemistry,college_student,comparison,complex,comparison,compare_pipeline,complex,"school,comparison_target,location",
request demo for admissions office,college_b2b,b2b_partnership,llm_needed,B2B,b2b_workflow,medium,"admissions_or_attribute_signal,b2b_request_type",persona:b2b_pattern
Rice University campus culture,counselor_teacher,campus_life_fit,llm_needed,fit question,llm_advisory,complex,"school,fit_or_culture_cue",
research opportunities for Carnegie Mellon,college_student,attribute_lookup,medium,single attribute,typesense_plus_metadata,easy,school,
how can our university join the platform,college_b2b,b2b_partnership,llm_needed,B2B,b2b_workflow,medium,b2b_request_type,persona:b2b_pattern
recommend medium-sized colleges near Chicago for electrical engineering,parent,recommendation,complex,recommendation,recommendation_workflow,complex,"major_or_program,location",
what schools should i apply to for nursing,counselor_teacher,filtered_search,complex,recommendation,semantic_or_faceted_search,medium,major_or_program,intent:filtered_search_pattern
colleges in Texas good financial aid with strong research,college_student,multi_constraint,complex,multi constraint,foundry_multi_agent,complex,"location,cost_constraint",
affordable engineering schools near a tech hub with good internships,parent,multi_constraint,complex,multi constraint,foundry_multi_agent,complex,major_or_program,
recommend small colleges in California for psychology,parent,recommendation,complex,recommendation,recommendation_workflow,complex,"major_or_program,location",
pricing for partner universities,college_b2b,b2b_partnership,llm_needed,B2B,b2b_workflow,medium,b2b_request_type,persona:b2b_pattern
recommend small colleges in warm states for business,counselor_teacher,recommendation,complex,recommendation,recommendation_workflow,complex,"major_or_program,location",
Georgia Tech but cheaper,parent,rewrite_needed,complex,rewrite needed,rewrite_then_route,complex,"school,rewrite_cue",
colleges with low stress environment,advisor,filtered_search,llm_needed,fit question,semantic_or_faceted_search,medium,,intent:filtered_search_pattern
Virginia Tech application deadlines,counselor_teacher,admissions_process,medium,admissions,faq_or_guidance,medium,"school,admissions_or_attribute_signal",
cheapest engineering schools in the Midwest,college_student,filtered_search,medium,cost aid,semantic_or_faceted_search,medium,"major_or_program,location",intent:filtered_search_pattern
Carnegie Mellon,high_school_student,direct_lookup,short_circuit,simple entity,typesense_only,easy,school,persona:school_only_pattern
UC San Diego vs Northwestern,parent,comparison,complex,comparison,compare_pipeline,complex,"school,comparison_target",
University of Washington job placement for economics,parent,career_outcomes,medium,career outcomes,outcomes_pipeline,medium,"school,major_or_program,career_outcome_cue",
MIT job placement,college_student,career_outcomes,medium,single attribute,outcomes_pipeline,medium,"school,career_outcome_cue",intent:career_pattern
University of Washington financial aid,parent,cost_financial_aid,medium,cost aid,finance_guidance,medium,"school,cost_constraint",
cheapest electrical engineering schools in California,advisor,filtered_search,medium,cost aid,semantic_or_faceted_search,medium,"major_or_program,location",intent:filtered_search_pattern
best business schools in California,parent,filtered_search,medium,filter search,semantic_or_faceted_search,medium,"major_or_program,location",
affordable biology schools in Texas with good internships,college_student,multi_constraint,complex,multi constraint,foundry_multi_agent,complex,"major_or_program,location",
medium-sized nursing colleges in Texas low tuition,advisor,multi_constraint,complex,multi constraint,foundry_multi_agent,complex,"major_or_program,location,cost_constraint",
schools with collaborative culture,parent,campus_life_fit,llm_needed,fit question,llm_advisory,complex,fit_or_culture_cue,
cheapest data science schools in Texas,counselor_teacher,filtered_search,medium,cost aid,semantic_or_faceted_search,medium,location,intent:filtered_search_pattern
USC application deadlines,advisor,admissions_process,medium,admissions,faq_or_guidance,medium,"school,admissions_or_attribute_signal",
what schools should i apply to for engineering,college_student,filtered_search,complex,recommendation,semantic_or_faceted_search,medium,major_or_program,intent:filtered_search_pattern
Caltech tuition vs Cornell tuition,college_student,comparison,complex,comparison,compare_pipeline,complex,"school,comparison_target,cost_constraint",
what schools should i apply to for electrical engineering,counselor_teacher,filtered_search,complex,recommendation,semantic_or_faceted_search,medium,major_or_program,intent:filtered_search_pattern
best colleges for philosophy job outcomes,advisor,career_outcomes,medium,career outcomes,outcomes_pipeline,medium,career_outcome_cue,
mit without the suffering,counselor_teacher,rewrite_needed,complex,rewrite needed,rewrite_then_route,complex,"school,rewrite_cue",
do i need sat for UC San Diego,college_student,admissions_process,medium,admissions,faq_or_guidance,medium,admissions_or_attribute_signal,
colleges in the Midwest under 30k with strong research,counselor_teacher,multi_constraint,complex,multi constraint,foundry_multi_agent,complex,location,
UCLA vs Rice University for psychology,advisor,comparison,complex,comparison,compare_pipeline,complex,"school,comparison_target,major_or_program",
location for Stanford,counselor_teacher,attribute_lookup,medium,single attribute,typesense_plus_metadata,easy,school,
Cornell research opportunities,parent,attribute_lookup,medium,single attribute,typesense_plus_metadata,easy,school,
does UC Berkeley have chemistry,counselor_teacher,attribute_lookup,medium,single attribute,typesense_plus_metadata,easy,school,
UC San Diego vs UT Austin for psychology,counselor_teacher,comparison,complex,comparison,compare_pipeline,complex,"school,comparison_target,major_or_program",
Columbia vs Georgia Tech,parent,comparison,complex,comparison,compare_pipeline,complex,"school,comparison_target",
UT Austin vs MIT for computer science,counselor_teacher,comparison,complex,comparison,compare_pipeline,complex,"school,comparison_target,major_or_program",
affordable biology schools near a tech hub with good internships,parent,multi_constraint,complex,multi constraint,foundry_multi_agent,complex,major_or_program,
do i need sat for Penn State,counselor_teacher,admissions_process,medium,admissions,faq_or_guidance,medium,"school,admissions_or_attribute_signal",
schools like Purdue but cheaper,parent,rewrite_needed,complex,recommendation,rewrite_then_route,complex,"school,rewrite_cue",intent:rewrite_pattern
api access for college partners,college_b2b,b2b_partnership,llm_needed,B2B,b2b_workflow,medium,b2b_request_type,persona:b2b_pattern
best colleges for chemistry job outcomes,parent,career_outcomes,medium,career outcomes,outcomes_pipeline,medium,career_outcome_cue,
universities with strong chemistry,counselor_teacher,filtered_search,medium,filter search,semantic_or_faceted_search,medium,,
Columbia application deadlines,advisor,admissions_process,medium,admissions,faq_or_guidance,medium,"school,admissions_or_attribute_signal",
best aerospace engineering schools in the Midwest,advisor,filtered_search,medium,filter search,semantic_or_faceted_search,medium,"major_or_program,location",
Princeton scholarships,parent,cost_financial_aid,medium,cost aid,finance_guidance,medium,"school,cost_constraint",
university of michigan,high_school_student,direct_lookup,short_circuit,simple entity,typesense_only,easy,school,persona:school_only_pattern
UC San Diego research opportunities,parent,attribute_lookup,medium,single attribute,typesense_plus_metadata,easy,,
colleges near Chicago good financial aid with strong research,parent,multi_constraint,complex,multi constraint,foundry_multi_agent,complex,"location,cost_constraint",
affordable data science schools near Chicago with good internships,college_student,multi_constraint,complex,multi constraint,foundry_multi_agent,complex,location,
cheapest computer science schools in the Midwest,parent,filtered_search,medium,cost aid,semantic_or_faceted_search,medium,"major_or_program,location",intent:filtered_search_pattern
USC but cheaper,college_student,rewrite_needed,complex,rewrite needed,rewrite_then_route,complex,"school,rewrite_cue",
how do i apply to Penn State,advisor,admissions_process,medium,admissions,faq_or_guidance,medium,school,
Brown vs Stanford for computer science,advisor,comparison,complex,comparison,compare_pipeline,complex,"school,comparison_target,major_or_program",
schools with collaborative culture,counselor_teacher,campus_life_fit,llm_needed,fit question,llm_advisory,complex,fit_or_culture_cue,
does Cornell have economics,counselor_teacher,attribute_lookup,medium,single attribute,typesense_plus_metadata,easy,"school,major_or_program",
affordable mechanical engineering schools near Chicago with good internships,parent,multi_constraint,complex,multi constraint,foundry_multi_agent,complex,"major_or_program,location",
best biology schools near the beach,college_student,filtered_search,medium,filter search,semantic_or_faceted_search,medium,"major_or_program,location",
Arizona State internships,counselor_teacher,attribute_lookup,medium,single attribute,typesense_plus_metadata,easy,school,
Arizona State application deadlines,advisor,admissions_process,medium,admissions,faq_or_guidance,medium,"school,admissions_or_attribute_signal",
Stanford campus culture,counselor_teacher,campus_life_fit,llm_needed,fit question,llm_advisory,complex,"school,fit_or_culture_cue",
student-to-faculty ratio for University of Florida,college_student,attribute_lookup,medium,single attribute,typesense_plus_metadata,easy,"school,location",
Northwestern vs UCLA for economics,advisor,comparison,complex,comparison,compare_pipeline,complex,"school,comparison_target,major_or_program",
University of Florida vs Brown for biology,counselor_teacher,comparison,complex,comparison,compare_pipeline,complex,"school,comparison_target,major_or_program,location",
colleges in Texas,college_student,filtered_search,medium,filter search,semantic_or_faceted_search,medium,location,
colleges in Texas low tuition with strong research,advisor,multi_constraint,complex,multi constraint,foundry_multi_agent,complex,"location,cost_constraint",
MIT student-to-faculty ratio,parent,attribute_lookup,medium,single attribute,typesense_plus_metadata,easy,school,
colleges in warm states low tuition with strong research,counselor_teacher,multi_constraint,complex,multi constraint,foundry_multi_agent,complex,"location,cost_constraint",
affordable philosophy schools near a tech hub with good internships,counselor_teacher,multi_constraint,complex,multi constraint,foundry_multi_agent,complex,,
best aerospace engineering schools near Chicago,parent,filtered_search,medium,filter search,semantic_or_faceted_search,medium,"major_or_program,location",
best engineering schools in warm states,advisor,filtered_search,medium,filter search,semantic_or_faceted_search,medium,"major_or_program,location",
cheapest philosophy schools in warm states,parent,filtered_search,medium,cost aid,semantic_or_faceted_search,medium,location,intent:filtered_search_pattern
what schools should i apply to for aerospace engineering,college_student,filtered_search,complex,recommendation,semantic_or_faceted_search,medium,major_or_program,intent:filtered_search_pattern
University of Michigan application deadlines,advisor,admissions_process,medium,admissions,faq_or_guidance,medium,"school,admissions_or_attribute_signal",
colleges in California good financial aid with strong research,advisor,multi_constraint,complex,multi constraint,foundry_multi_agent,complex,"location,cost_constraint",
columbia,high_school_student,direct_lookup,short_circuit,simple entity,typesense_only,easy,school,persona:school_only_pattern
colleges in California under 20k with strong research,advisor,multi_constraint,complex,multi constraint,foundry_multi_agent,complex,location,
harvard but less stressful,advisor,rewrite_needed,complex,rewrite needed,rewrite_then_route,complex,"school,rewrite_cue",
average SAT for University of Florida,advisor,admissions_process,medium,single attribute,faq_or_guidance,medium,"school,location,admissions_or_attribute_signal",intent:admissions_pattern
Rice University tuition,advisor,cost_financial_aid,medium,single attribute,finance_guidance,medium,"school,cost_constraint",intent:cost_pattern
do i need sat for Duke,counselor_teacher,admissions_process,medium,admissions,faq_or_guidance,medium,"school,admissions_or_attribute_signal",
schools like Arizona State but cheaper,counselor_teacher,rewrite_needed,complex,recommendation,rewrite_then_route,complex,"school,rewrite_cue",intent:rewrite_pattern
Carnegie Mellon job placement for chemistry,parent,career_outcomes,medium,career outcomes,outcomes_pipeline,medium,"school,career_outcome_cue",
best philosophy schools near a tech hub,parent,filtered_search,medium,filter search,semantic_or_faceted_search,medium,,
acceptance rate for NYU,counselor_teacher,attribute_lookup,medium,single attribute,typesense_plus_metadata,easy,"school,admissions_or_attribute_signal",
Rice University but cheaper,counselor_teacher,rewrite_needed,complex,rewrite needed,rewrite_then_route,complex,"school,rewrite_cue",
Caltech campus culture,parent,campus_life_fit,llm_needed,fit question,llm_advisory,complex,fit_or_culture_cue,
how do i apply to Northwestern,counselor_teacher,admissions_process,medium,admissions,faq_or_guidance,medium,school,
schools with collaborative culture,college_student,campus_life_fit,llm_needed,fit question,llm_advisory,complex,fit_or_culture_cue,
how do i apply to Georgia Tech,college_student,admissions_process,medium,admissions,faq_or_guidance,medium,school,
Arizona State,high_school_student,direct_lookup,short_circuit,simple entity,typesense_only,easy,school,persona:school_only_pattern
request demo for admissions office,college_b2b,b2b_partnership,llm_needed,B2B,b2b_workflow,medium,"admissions_or_attribute_signal,b2b_request_type",persona:b2b_pattern
mit without the suffering,advisor,rewrite_needed,complex,rewrite needed,rewrite_then_route,complex,"school,rewrite_cue",
how do i apply to Penn State,college_student,admissions_process,medium,admissions,faq_or_guidance,medium,school,
affordable psychology schools near the beach with good internships,advisor,multi_constraint,complex,multi constraint,foundry_multi_agent,complex,"major_or_program,location",
affordable biology schools near the beach with good internships,advisor,multi_constraint,complex,multi constraint,foundry_multi_agent,complex,"major_or_program,location",
Caltech tuition vs Georgia Tech tuition,college_student,comparison,complex,comparison,compare_pipeline,complex,"school,comparison_target,cost_constraint",
do i need sat for Carnegie Mellon,parent,admissions_process,medium,admissions,faq_or_guidance,medium,"school,admissions_or_attribute_signal",
Penn State but cheaper,college_student,rewrite_needed,complex,rewrite needed,rewrite_then_route,complex,"school,rewrite_cue",
colleges near a tech hub,parent,filtered_search,medium,filter search,semantic_or_faceted_search,medium,,
colleges near Chicago under 40k with strong research,parent,multi_constraint,complex,multi constraint,foundry_multi_agent,complex,location,
best colleges for engineering job outcomes,counselor_teacher,career_outcomes,medium,career outcomes,outcomes_pipeline,medium,"major_or_program,career_outcome_cue",
Penn State but cheaper,counselor_teacher,rewrite_needed,complex,rewrite needed,rewrite_then_route,complex,"school,rewrite_cue",
Penn State,high_school_student,direct_lookup,short_circuit,simple entity,typesense_only,easy,school,persona:school_only_pattern
rice university,high_school_student,direct_lookup,short_circuit,simple entity,typesense_only,easy,school,persona:school_only_pattern
medium-sized engineering colleges near a tech hub under 20k,counselor_teacher,filtered_search,complex,multi constraint,semantic_or_faceted_search,medium,major_or_program,intent:filtered_search_pattern
best colleges for biology job outcomes,college_student,career_outcomes,medium,career outcomes,outcomes_pipeline,medium,"major_or_program,career_outcome_cue",
colleges near a tech hub,college_student,filtered_search,medium,filter search,semantic_or_faceted_search,medium,,
best architecture schools in the Midwest,counselor_teacher,filtered_search,medium,filter search,semantic_or_faceted_search,medium,"major_or_program,location",
Stanford tuition vs UC Berkeley tuition,counselor_teacher,comparison,complex,comparison,compare_pipeline,complex,"school,comparison_target,cost_constraint",
affordable computer science schools near Chicago with good internships,counselor_teacher,multi_constraint,complex,multi constraint,foundry_multi_agent,complex,"major_or_program,location",
colleges in Texas,parent,filtered_search,medium,filter search,semantic_or_faceted_search,medium,location,
Penn State financial aid,parent,cost_financial_aid,medium,single attribute,finance_guidance,medium,"school,cost_constraint",intent:cost_pattern
USC campus culture,parent,campus_life_fit,llm_needed,fit question,llm_advisory,complex,"school,fit_or_culture_cue",
Harvard campus culture,advisor,campus_life_fit,llm_needed,fit question,llm_advisory,complex,"school,fit_or_culture_cue",
Stanford scholarships,college_student,cost_financial_aid,medium,cost aid,finance_guidance,medium,"school,cost_constraint",
NYU average ACT,parent,attribute_lookup,medium,single attribute,typesense_plus_metadata,easy,school,
what schools should i apply to for aerospace engineering,counselor_teacher,filtered_search,complex,recommendation,semantic_or_faceted_search,medium,major_or_program,intent:filtered_search_pattern
UC Berkeley job placement for economics,advisor,career_outcomes,medium,career outcomes,outcomes_pipeline,medium,"school,major_or_program,career_outcome_cue",
princeton,high_school_student,direct_lookup,short_circuit,simple entity,typesense_only,easy,school,persona:school_only_pattern
Cornell job placement for psychology,advisor,career_outcomes,medium,career outcomes,outcomes_pipeline,medium,"school,major_or_program,career_outcome_cue",
purdue,high_school_student,direct_lookup,short_circuit,simple entity,typesense_only,easy,school,persona:school_only_pattern
best colleges for mechanical engineering job outcomes,counselor_teacher,career_outcomes,medium,career outcomes,outcomes_pipeline,medium,"major_or_program,career_outcome_cue",
do i need sat for Duke,advisor,admissions_process,medium,admissions,faq_or_guidance,medium,"school,admissions_or_attribute_signal",
Northwestern campus culture,parent,campus_life_fit,llm_needed,fit question,llm_advisory,complex,"school,fit_or_culture_cue",
recommend large colleges near a tech hub for engineering,college_student,recommendation,complex,recommendation,recommendation_workflow,complex,major_or_program,
UC San Diego but cheaper,college_student,rewrite_needed,complex,rewrite needed,rewrite_then_route,complex,rewrite_cue,
recommend small colleges near a tech hub for psychology,college_student,recommendation,complex,recommendation,recommendation_workflow,complex,major_or_program,
small engineering colleges near Chicago good financial aid,counselor_teacher,multi_constraint,complex,multi constraint,foundry_multi_agent,complex,"major_or_program,location,cost_constraint",
Harvard scholarships,advisor,cost_financial_aid,medium,cost aid,finance_guidance,medium,"school,cost_constraint",
pricing for partner universities,college_b2b,b2b_partnership,llm_needed,B2B,b2b_workflow,medium,b2b_request_type,persona:b2b_pattern
universities with strong aerospace engineering,counselor_teacher,filtered_search,medium,filter search,semantic_or_faceted_search,medium,major_or_program,
Virginia Tech scholarships,counselor_teacher,cost_financial_aid,medium,cost aid,finance_guidance,medium,"school,cost_constraint",
Penn State vs Rice University for aerospace engineering,college_student,comparison,complex,comparison,compare_pipeline,complex,"school,comparison_target,major_or_program",
Virginia Tech scholarships,parent,cost_financial_aid,medium,cost aid,finance_guidance,medium,"school,cost_constraint",
recommend large colleges in warm states for computer science,college_student,recommendation,complex,recommendation,recommendation_workflow,complex,"major_or_program,location",
Cornell campus culture,counselor_teacher,campus_life_fit,llm_needed,fit question,llm_advisory,complex,"school,fit_or_culture_cue",
do i need sat for Rice University,college_student,admissions_process,medium,admissions,faq_or_guidance,medium,"school,admissions_or_attribute_signal",
Duke job placement for computer science,counselor_teacher,career_outcomes,medium,career outcomes,outcomes_pipeline,medium,"school,major_or_program,career_outcome_cue",
cheapest engineering schools in Texas,college_student,filtered_search,medium,cost aid,semantic_or_faceted_search,medium,"major_or_program,location",intent:filtered_search_pattern
University of Florida student-to-faculty ratio,advisor,attribute_lookup,medium,single attribute,typesense_plus_metadata,easy,"school,location",
best colleges for engineering job outcomes,advisor,career_outcomes,medium,career outcomes,outcomes_pipeline,medium,"major_or_program,career_outcome_cue",
medium-sized chemistry colleges near the beach low tuition,advisor,multi_constraint,complex,multi constraint,foundry_multi_agent,complex,"location,cost_constraint",
Carnegie Mellon but cheaper,advisor,rewrite_needed,complex,rewrite needed,rewrite_then_route,complex,"school,rewrite_cue",
Penn State application deadlines,parent,admissions_process,medium,admissions,faq_or_guidance,medium,"school,admissions_or_attribute_signal",
best economics schools in the Midwest,college_student,filtered_search,medium,filter search,semantic_or_faceted_search,medium,"major_or_program,location",
do i need sat for Columbia,counselor_teacher,admissions_process,medium,admissions,faq_or_guidance,medium,"school,admissions_or_attribute_signal",
best business schools in California,counselor_teacher,filtered_search,medium,filter search,semantic_or_faceted_search,medium,"major_or_program,location",
colleges in Texas,advisor,filtered_search,medium,filter search,semantic_or_faceted_search,medium,location,
Cornell average ACT,college_student,attribute_lookup,medium,single attribute,typesense_plus_metadata,easy,school,
recommend small colleges near a tech hub for architecture,counselor_teacher,recommendation,complex,recommendation,recommendation_workflow,complex,major_or_program,
UT Austin financial aid,parent,cost_financial_aid,medium,cost aid,finance_guidance,medium,"school,cost_constraint",
Georgia Tech,high_school_student,direct_lookup,short_circuit,simple entity,typesense_only,easy,school,persona:school_only_pattern
schools like UCLA but cheaper,college_student,rewrite_needed,complex,recommendation,rewrite_then_route,complex,"school,rewrite_cue",intent:rewrite_pattern
do i need sat for Stanford,college_student,admissions_process,medium,admissions,faq_or_guidance,medium,"school,admissions_or_attribute_signal",
request demo for admissions office,college_b2b,b2b_partnership,llm_needed,B2B,b2b_workflow,medium,"admissions_or_attribute_signal,b2b_request_type",persona:b2b_pattern
small electrical engineering colleges near Chicago under 40k,counselor_teacher,multi_constraint,complex,multi constraint,foundry_multi_agent,complex,"major_or_program,location",
Rice University vs Brown,counselor_teacher,comparison,complex,comparison,compare_pipeline,complex,"school,comparison_target",
penn state,high_school_student,direct_lookup,short_circuit,simple entity,typesense_only,easy,school,persona:school_only_pattern
Caltech average ACT,advisor,attribute_lookup,medium,single attribute,typesense_plus_metadata,easy,,
does UC Berkeley have electrical engineering,parent,attribute_lookup,medium,single attribute,typesense_plus_metadata,easy,"school,major_or_program",
NYU tuition vs Arizona State tuition,parent,comparison,complex,comparison,compare_pipeline,complex,"school,comparison_target,cost_constraint",
colleges near the beach under 40k with strong research,parent,multi_constraint,complex,multi constraint,foundry_multi_agent,complex,location,
recommend large colleges near a tech hub for economics,parent,recommendation,complex,recommendation,recommendation_workflow,complex,major_or_program,
affordable aerospace engineering schools near a tech hub with good internships,college_student,multi_constraint,complex,multi constraint,foundry_multi_agent,complex,major_or_program,
cheapest chemistry schools in warm states,counselor_teacher,filtered_search,medium,cost aid,semantic_or_faceted_search,medium,location,intent:filtered_search_pattern
best colleges for mechanical engineering job outcomes,parent,career_outcomes,medium,career outcomes,outcomes_pipeline,medium,"major_or_program,career_outcome_cue",
large electrical engineering colleges in warm states low tuition,parent,multi_constraint,complex,multi constraint,foundry_multi_agent,complex,"major_or_program,location,cost_constraint",
affordable mechanical engineering schools near a tech hub with good internships,college_student,multi_constraint,complex,multi constraint,foundry_multi_agent,complex,major_or_program,
affordable business schools in California with good internships,advisor,multi_constraint,complex,multi constraint,foundry_multi_agent,complex,"major_or_program,location",
best philosophy schools in California,advisor,filtered_search,medium,filter search,semantic_or_faceted_search,medium,location,
brown,high_school_student,direct_lookup,short_circuit,simple entity,typesense_only,easy,school,persona:school_only_pattern
Penn State tuition vs Purdue tuition,college_student,comparison,complex,comparison,compare_pipeline,complex,"school,comparison_target,cost_constraint",
UT Austin but cheaper,advisor,rewrite_needed,complex,rewrite needed,rewrite_then_route,complex,"school,rewrite_cue",
University of Michigan but cheaper,advisor,rewrite_needed,complex,rewrite needed,rewrite_then_route,complex,"school,rewrite_cue",
colleges near Chicago under 30k with strong research,advisor,multi_constraint,complex,multi constraint,foundry_multi_agent,complex,location,
do i need sat for University of Washington,college_student,admissions_process,medium,admissions,faq_or_guidance,medium,"school,admissions_or_attribute_signal",
Purdue tuition vs Northwestern tuition,advisor,comparison,complex,comparison,compare_pipeline,complex,"school,comparison_target,cost_constraint",
Princeton application deadlines,advisor,admissions_process,medium,admissions,faq_or_guidance,medium,"school,admissions_or_attribute_signal",
job placement for UCLA,counselor_teacher,career_outcomes,medium,single attribute,outcomes_pipeline,medium,"school,career_outcome_cue",intent:career_pattern
Northwestern,high_school_student,direct_lookup,short_circuit,simple entity,typesense_only,easy,school,persona:school_only_pattern
best colleges for engineering job outcomes,college_student,career_outcomes,medium,career outcomes,outcomes_pipeline,medium,"major_or_program,career_outcome_cue",
large psychology colleges near the beach good financial aid,advisor,multi_constraint,complex,multi constraint,foundry_multi_agent,complex,"major_or_program,location,cost_constraint",
does UC Berkeley have business,counselor_teacher,attribute_lookup,medium,single attribute,typesense_plus_metadata,easy,"school,major_or_program",
do i need sat for Columbia,advisor,admissions_process,medium,admissions,faq_or_guidance,medium,"school,admissions_or_attribute_signal",
api access for college partners,college_b2b,b2b_partnership,llm_needed,B2B,b2b_workflow,medium,b2b_request_type,persona:b2b_pattern
how can our university join the platform,college_b2b,b2b_partnership,llm_needed,B2B,b2b_workflow,medium,b2b_request_type,persona:b2b_pattern
UCLA job placement for computer science,parent,career_outcomes,medium,career outcomes,outcomes_pipeline,medium,"school,major_or_program,career_outcome_cue",
UC San Diego scholarships,parent,cost_financial_aid,medium,cost aid,finance_guidance,medium,cost_constraint,
Princeton job placement for computer science,advisor,career_outcomes,medium,career outcomes,outcomes_pipeline,medium,"school,major_or_program,career_outcome_cue",
USC financial aid,parent,cost_financial_aid,medium,cost aid,finance_guidance,medium,"school,cost_constraint",
affordable chemistry schools in California with good internships,advisor,multi_constraint,complex,multi constraint,foundry_multi_agent,complex,location,
Caltech tuition vs Purdue tuition,college_student,comparison,complex,comparison,compare_pipeline,complex,"school,comparison_target,cost_constraint",
University of Florida vs UC San Diego for computer science,counselor_teacher,comparison,complex,comparison,compare_pipeline,complex,"school,comparison_target,major_or_program,location",
MIT,high_school_student,direct_lookup,short_circuit,simple entity,typesense_only,easy,school,persona:school_only_pattern
UC Berkeley financial aid,parent,cost_financial_aid,medium,cost aid,finance_guidance,medium,"school,cost_constraint",
schools like University of Michigan but cheaper,advisor,rewrite_needed,complex,recommendation,rewrite_then_route,complex,"school,rewrite_cue",intent:rewrite_pattern
USC but cheaper,counselor_teacher,rewrite_needed,complex,rewrite needed,rewrite_then_route,complex,"school,rewrite_cue",
cheapest biology schools in California,college_student,filtered_search,medium,cost aid,semantic_or_faceted_search,medium,"major_or_program,location",intent:filtered_search_pattern
universities with strong engineering,college_student,filtered_search,medium,filter search,semantic_or_faceted_search,medium,major_or_program,
colleges near the beach low tuition with strong research,college_student,multi_constraint,complex,multi constraint,foundry_multi_agent,complex,"location,cost_constraint",
NYU job placement for engineering,advisor,career_outcomes,medium,career outcomes,outcomes_pipeline,medium,"school,major_or_program,career_outcome_cue",
Harvard financial aid,college_student,cost_financial_aid,medium,cost aid,finance_guidance,medium,"school,cost_constraint",
carnegie mellon,high_school_student,direct_lookup,short_circuit,simple entity,typesense_only,easy,school,persona:school_only_pattern
schools like Stanford but cheaper,parent,rewrite_needed,complex,recommendation,rewrite_then_route,complex,"school,rewrite_cue",intent:rewrite_pattern
schools with high internship placement rates,college_student,career_outcomes,medium,career outcomes,outcomes_pipeline,medium,career_outcome_cue,
Arizona State scholarships,college_student,cost_financial_aid,medium,cost aid,finance_guidance,medium,"school,cost_constraint",
what schools should i apply to for engineering,advisor,filtered_search,complex,recommendation,semantic_or_faceted_search,medium,major_or_program,intent:filtered_search_pattern
penn state,high_school_student,direct_lookup,short_circuit,simple entity,typesense_only,easy,school,persona:school_only_pattern
UCLA job placement for aerospace engineering,counselor_teacher,career_outcomes,medium,career outcomes,outcomes_pipeline,medium,"school,major_or_program,career_outcome_cue",
best colleges for computer science job outcomes,advisor,career_outcomes,medium,career outcomes,outcomes_pipeline,medium,"major_or_program,career_outcome_cue",
Carnegie Mellon vs Caltech for nursing,advisor,comparison,complex,comparison,compare_pipeline,complex,"school,comparison_target,major_or_program",
acceptance rate for Northwestern,parent,attribute_lookup,medium,single attribute,typesense_plus_metadata,easy,"school,admissions_or_attribute_signal",
schools with high internship placement rates,parent,career_outcomes,medium,career outcomes,outcomes_pipeline,medium,career_outcome_cue,
University of Washington job placement for data science,advisor,career_outcomes,medium,career outcomes,outcomes_pipeline,medium,"school,career_outcome_cue",
best engineering schools near a tech hub,parent,filtered_search,medium,filter search,semantic_or_faceted_search,medium,major_or_program,
UC Berkeley scholarships,parent,cost_financial_aid,medium,cost aid,finance_guidance,medium,"school,cost_constraint",
colleges in the Midwest good financial aid with strong research,advisor,multi_constraint,complex,multi constraint,foundry_multi_agent,complex,"location,cost_constraint",
what schools should i apply to for biology,college_student,filtered_search,complex,recommendation,semantic_or_faceted_search,medium,major_or_program,intent:filtered_search_pattern
best colleges for architecture job outcomes,advisor,career_outcomes,medium,career outcomes,outcomes_pipeline,medium,"major_or_program,career_outcome_cue",
Purdue campus culture,college_student,campus_life_fit,llm_needed,fit question,llm_advisory,complex,"school,fit_or_culture_cue",
best colleges for chemistry job outcomes,college_student,career_outcomes,medium,career outcomes,outcomes_pipeline,medium,career_outcome_cue,
what schools should i apply to for biology,advisor,filtered_search,complex,recommendation,semantic_or_faceted_search,medium,major_or_program,intent:filtered_search_pattern
affordable business schools near the beach with good internships,counselor_teacher,multi_constraint,complex,multi constraint,foundry_multi_agent,complex,"major_or_program,location",
api access for college partners,college_b2b,b2b_partnership,llm_needed,B2B,b2b_workflow,medium,b2b_request_type,persona:b2b_pattern
Caltech scholarships,college_student,cost_financial_aid,medium,cost aid,finance_guidance,medium,cost_constraint,
UC Berkeley tuition vs Cornell tuition,parent,comparison,complex,comparison,compare_pipeline,complex,"school,comparison_target,cost_constraint",
what schools should i apply to for economics,counselor_teacher,filtered_search,complex,recommendation,semantic_or_faceted_search,medium,major_or_program,intent:filtered_search_pattern
colleges in California under 30k with strong research,parent,multi_constraint,complex,multi constraint,foundry_multi_agent,complex,location,
cheapest psychology schools near Chicago,advisor,filtered_search,medium,cost aid,semantic_or_faceted_search,medium,"major_or_program,location",intent:filtered_search_pattern
cheapest biology schools in Texas,college_student,filtered_search,medium,cost aid,semantic_or_faceted_search,medium,"major_or_program,location",intent:filtered_search_pattern
Arizona State average ACT,counselor_teacher,attribute_lookup,medium,single attribute,typesense_plus_metadata,easy,school,
Georgia Tech vs USC for electrical engineering,counselor_teacher,comparison,complex,comparison,compare_pipeline,complex,"school,comparison_target,major_or_program",
medium-sized architecture colleges in Texas under 30k,parent,filtered_search,complex,multi constraint,semantic_or_faceted_search,medium,"major_or_program,location",intent:filtered_search_pattern
Columbia vs UCLA,parent,comparison,complex,comparison,compare_pipeline,complex,"school,comparison_target",
do i need sat for Georgia Tech,parent,admissions_process,medium,admissions,faq_or_guidance,medium,"school,admissions_or_attribute_signal",
colleges in California,advisor,filtered_search,medium,filter search,semantic_or_faceted_search,medium,location,
rankings for Cornell,advisor,attribute_lookup,medium,single attribute,typesense_plus_metadata,easy,school,
Virginia Tech but cheaper,parent,rewrite_needed,complex,rewrite needed,rewrite_then_route,complex,"school,rewrite_cue",
recommend small colleges near the beach for psychology,counselor_teacher,recommendation,complex,recommendation,recommendation_workflow,complex,"major_or_program,location",
do i need sat for Arizona State,counselor_teacher,admissions_process,medium,admissions,faq_or_guidance,medium,"school,admissions_or_attribute_signal",
USC scholarships,counselor_teacher,cost_financial_aid,medium,cost aid,finance_guidance,medium,"school,cost_constraint",
cheapest nursing schools in the Midwest,advisor,filtered_search,medium,cost aid,semantic_or_faceted_search,medium,"major_or_program,location",intent:filtered_search_pattern
does Harvard have architecture,advisor,attribute_lookup,medium,single attribute,typesense_plus_metadata,easy,"school,major_or_program",
Brown vs Northwestern,parent,comparison,complex,comparison,compare_pipeline,complex,"school,comparison_target",
recommend small colleges in Texas for architecture,parent,recommendation,complex,recommendation,recommendation_workflow,complex,"major_or_program,location",
nyu,high_school_student,direct_lookup,short_circuit,simple entity,typesense_only,easy,school,persona:school_only_pattern
colleges in the Midwest low tuition with strong research,parent,multi_constraint,complex,multi constraint,foundry_multi_agent,complex,"location,cost_constraint",
what schools should i apply to for electrical engineering,college_student,filtered_search,complex,recommendation,semantic_or_faceted_search,medium,major_or_program,intent:filtered_search_pattern
Brown job placement for electrical engineering,college_student,career_outcomes,medium,career outcomes,outcomes_pipeline,medium,"school,major_or_program,career_outcome_cue",
NYU tuition vs Caltech tuition,advisor,comparison,complex,comparison,compare_pipeline,complex,"school,comparison_target,cost_constraint",
best colleges for economics job outcomes,parent,career_outcomes,medium,career outcomes,outcomes_pipeline,medium,"major_or_program,career_outcome_cue",
large architecture colleges near a tech hub under 30k,counselor_teacher,filtered_search,complex,multi constraint,semantic_or_faceted_search,medium,major_or_program,intent:filtered_search_pattern
what schools should i apply to for mechanical engineering,parent,filtered_search,complex,recommendation,semantic_or_faceted_search,medium,major_or_program,intent:filtered_search_pattern
Princeton but cheaper,college_student,rewrite_needed,complex,rewrite needed,rewrite_then_route,complex,"school,rewrite_cue",
recommend small colleges near a tech hub for psychology,counselor_teacher,recommendation,complex,recommendation,recommendation_workflow,complex,major_or_program,
UC San Diego campus culture,parent,campus_life_fit,llm_needed,fit question,llm_advisory,complex,fit_or_culture_cue,
Cornell job placement for business,advisor,career_outcomes,medium,career outcomes,outcomes_pipeline,medium,"school,major_or_program,career_outcome_cue",
universities with strong mechanical engineering,counselor_teacher,filtered_search,medium,filter search,semantic_or_faceted_search,medium,major_or_program,
USC vs Columbia for architecture,parent,comparison,complex,comparison,compare_pipeline,complex,"school,comparison_target,major_or_program",
Virginia Tech but cheaper,college_student,rewrite_needed,complex,rewrite needed,rewrite_then_route,complex,"school,rewrite_cue",
Princeton financial aid,counselor_teacher,cost_financial_aid,medium,cost aid,finance_guidance,medium,"school,cost_constraint",
Rice University tuition vs University of Florida tuition,counselor_teacher,comparison,complex,comparison,compare_pipeline,complex,"school,comparison_target,location,cost_constraint",
do i need sat for UC Berkeley,counselor_teacher,admissions_process,medium,admissions,faq_or_guidance,medium,"school,admissions_or_attribute_signal",
Georgia Tech campus culture,advisor,campus_life_fit,llm_needed,fit question,llm_advisory,complex,"school,fit_or_culture_cue",
what schools should i apply to for computer science,parent,filtered_search,complex,recommendation,semantic_or_faceted_search,medium,major_or_program,intent:filtered_search_pattern
how can our university join the platform,college_b2b,b2b_partnership,llm_needed,B2B,b2b_workflow,medium,b2b_request_type,persona:b2b_pattern
Georgia Tech vs Brown,advisor,comparison,complex,comparison,compare_pipeline,complex,"school,comparison_target",
Caltech campus culture,counselor_teacher,campus_life_fit,llm_needed,fit question,llm_advisory,complex,fit_or_culture_cue,
medium-sized electrical engineering colleges near a tech hub under 30k,counselor_teacher,filtered_search,complex,multi constraint,semantic_or_faceted_search,medium,major_or_program,intent:filtered_search_pattern
mit,high_school_student,direct_lookup,short_circuit,simple entity,typesense_only,easy,school,persona:school_only_pattern
universities with strong architecture,counselor_teacher,filtered_search,medium,filter search,semantic_or_faceted_search,medium,major_or_program,
best electrical engineering schools in warm states,college_student,filtered_search,medium,filter search,semantic_or_faceted_search,medium,"major_or_program,location",
recommend medium-sized colleges near Chicago for data science,college_student,recommendation,complex,recommendation,recommendation_workflow,complex,location,
Caltech location,counselor_teacher,attribute_lookup,medium,single attribute,typesense_plus_metadata,easy,,
do i need sat for Brown,counselor_teacher,admissions_process,medium,admissions,faq_or_guidance,medium,"school,admissions_or_attribute_signal",
how do i apply to Cornell,advisor,admissions_process,medium,admissions,faq_or_guidance,medium,school,
how do i apply to Georgia Tech,counselor_teacher,admissions_process,medium,admissions,faq_or_guidance,medium,school,
Georgia Tech application deadlines,counselor_teacher,admissions_process,medium,admissions,faq_or_guidance,medium,"school,admissions_or_attribute_signal",
Harvard but cheaper,college_student,rewrite_needed,complex,rewrite needed,rewrite_then_route,complex,"school,rewrite_cue",
Arizona State vs UCLA for economics,advisor,comparison,complex,comparison,compare_pipeline,complex,"school,comparison_target,major_or_program",
best colleges for biology job outcomes,parent,career_outcomes,medium,career outcomes,outcomes_pipeline,medium,"major_or_program,career_outcome_cue",
affordable chemistry schools in California with good internships,parent,multi_constraint,complex,multi constraint,foundry_multi_agent,complex,location,
schools like Caltech but cheaper,advisor,rewrite_needed,complex,recommendation,rewrite_then_route,complex,rewrite_cue,intent:rewrite_pattern
ut austin,high_school_student,direct_lookup,short_circuit,simple entity,typesense_only,easy,school,persona:school_only_pattern
affordable mechanical engineering schools in warm states with good internships,counselor_teacher,multi_constraint,complex,multi constraint,foundry_multi_agent,complex,"major_or_program,location",
Rice University vs Duke for business,parent,comparison,complex,comparison,compare_pipeline,complex,"school,comparison_target,major_or_program",
University of Michigan scholarships,college_student,cost_financial_aid,medium,cost aid,finance_guidance,medium,"school,cost_constraint",
Princeton student-to-faculty ratio,advisor,attribute_lookup,medium,single attribute,typesense_plus_metadata,easy,school,
schools with high internship placement rates,counselor_teacher,career_outcomes,medium,career outcomes,outcomes_pipeline,medium,career_outcome_cue,
Duke tuition vs UCLA tuition,advisor,comparison,complex,comparison,compare_pipeline,complex,"school,comparison_target,cost_constraint",
job placement for Cornell,advisor,career_outcomes,medium,single attribute,outcomes_pipeline,medium,"school,career_outcome_cue",intent:career_pattern
affordable philosophy schools near a tech hub with good internships,advisor,multi_constraint,complex,multi constraint,foundry_multi_agent,complex,,
university of washington,high_school_student,direct_lookup,short_circuit,simple entity,typesense_only,easy,school,persona:school_only_pattern
recommend large colleges in the Midwest for business,parent,recommendation,complex,recommendation,recommendation_workflow,complex,"major_or_program,location",
MIT scholarships,parent,cost_financial_aid,medium,cost aid,finance_guidance,medium,"school,cost_constraint",
UC San Diego vs Princeton,advisor,comparison,complex,comparison,compare_pipeline,complex,"school,comparison_target",
University of Florida tuition vs Columbia tuition,parent,comparison,complex,comparison,compare_pipeline,complex,"school,comparison_target,location,cost_constraint",
recommend medium-sized colleges near a tech hub for economics,college_student,recommendation,complex,recommendation,recommendation_workflow,complex,major_or_program,
Cornell but cheaper,college_student,rewrite_needed,complex,rewrite needed,rewrite_then_route,complex,"school,rewrite_cue",
cheapest biology schools near a tech hub,advisor,filtered_search,medium,cost aid,semantic_or_faceted_search,medium,major_or_program,intent:filtered_search_pattern
University of Michigan scholarships,parent,cost_financial_aid,medium,cost aid,finance_guidance,medium,"school,cost_constraint",
Rice University financial aid,college_student,cost_financial_aid,medium,cost aid,finance_guidance,medium,"school,cost_constraint",
UC Berkeley tuition vs Carnegie Mellon tuition,parent,comparison,complex,comparison,compare_pipeline,complex,"school,comparison_target,cost_constraint",
medium-sized philosophy colleges in warm states under 20k,advisor,filtered_search,complex,multi constraint,semantic_or_faceted_search,medium,location,intent:filtered_search_pattern
does Cornell have psychology,parent,attribute_lookup,medium,single attribute,typesense_plus_metadata,easy,"school,major_or_program",
what schools should i apply to for computer science,college_student,filtered_search,complex,recommendation,semantic_or_faceted_search,medium,major_or_program,intent:filtered_search_pattern
what schools should i apply to for mechanical engineering,counselor_teacher,filtered_search,complex,recommendation,semantic_or_faceted_search,medium,major_or_program,intent:filtered_search_pattern
recommend medium-sized colleges in California for computer science,advisor,recommendation,complex,recommendation,recommendation_workflow,complex,"major_or_program,location",
cheapest aerospace engineering schools near Chicago,counselor_teacher,filtered_search,medium,cost aid,semantic_or_faceted_search,medium,"major_or_program,location",intent:filtered_search_pattern
research opportunities for Penn State,counselor_teacher,attribute_lookup,medium,single attribute,typesense_plus_metadata,easy,school,
medium-sized economics colleges near the beach under 30k,parent,filtered_search,complex,multi constraint,semantic_or_faceted_search,medium,"major_or_program,location",intent:filtered_search_pattern
best colleges for electrical engineering job outcomes,college_student,career_outcomes,medium,career outcomes,outcomes_pipeline,medium,"major_or_program,career_outcome_cue",
universities with strong data science,parent,filtered_search,medium,filter search,semantic_or_faceted_search,medium,,
does Cornell have mechanical engineering,advisor,attribute_lookup,medium,single attribute,typesense_plus_metadata,easy,"school,major_or_program",
Cornell but cheaper,counselor_teacher,rewrite_needed,complex,rewrite needed,rewrite_then_route,complex,"school,rewrite_cue",
how do i apply to Rice University,advisor,admissions_process,medium,admissions,faq_or_guidance,medium,school,
uc berkeley,high_school_student,direct_lookup,short_circuit,simple entity,typesense_only,easy,school,persona:school_only_pattern
schools like Arizona State but cheaper,advisor,rewrite_needed,complex,recommendation,rewrite_then_route,complex,"school,rewrite_cue",intent:rewrite_pattern
best engineering schools near a tech hub,counselor_teacher,filtered_search,medium,filter search,semantic_or_faceted_search,medium,major_or_program,
affordable economics schools in Texas with good internships,parent,multi_constraint,complex,multi constraint,foundry_multi_agent,complex,"major_or_program,location",
schools like NYU but cheaper,college_student,rewrite_needed,complex,recommendation,rewrite_then_route,complex,"school,rewrite_cue",intent:rewrite_pattern
what schools should i apply to for economics,advisor,filtered_search,complex,recommendation,semantic_or_faceted_search,medium,major_or_program,intent:filtered_search_pattern
Northwestern application deadlines,parent,admissions_process,medium,admissions,faq_or_guidance,medium,"school,admissions_or_attribute_signal",
Carnegie Mellon scholarships,parent,cost_financial_aid,medium,cost aid,finance_guidance,medium,"school,cost_constraint",
Purdue job placement for philosophy,college_student,career_outcomes,medium,career outcomes,outcomes_pipeline,medium,"school,career_outcome_cue",
Brown campus culture,parent,campus_life_fit,llm_needed,fit question,llm_advisory,complex,"school,fit_or_culture_cue",
affordable engineering schools in Texas with good internships,parent,multi_constraint,complex,multi constraint,foundry_multi_agent,complex,"major_or_program,location",
UC Berkeley vs Duke for business,college_student,comparison,complex,comparison,compare_pipeline,complex,"school,comparison_target,major_or_program",
UC San Diego application deadlines,counselor_teacher,admissions_process,medium,admissions,faq_or_guidance,medium,admissions_or_attribute_signal,
Stanford vs UT Austin,college_student,comparison,complex,comparison,compare_pipeline,complex,"school,comparison_target",
small mechanical engineering colleges near a tech hub under 20k,parent,multi_constraint,complex,multi constraint,foundry_multi_agent,complex,major_or_program,
Purdue,high_school_student,direct_lookup,short_circuit,simple entity,typesense_only,easy,school,persona:school_only_pattern
NYU job placement for biology,college_student,career_outcomes,medium,career outcomes,outcomes_pipeline,medium,"school,major_or_program,career_outcome_cue",
Purdue financial aid,counselor_teacher,cost_financial_aid,medium,cost aid,finance_guidance,medium,"school,cost_constraint",
does Northwestern have nursing,counselor_teacher,attribute_lookup,medium,single attribute,typesense_plus_metadata,easy,"school,major_or_program",
cheapest data science schools in Texas,college_student,filtered_search,medium,cost aid,semantic_or_faceted_search,medium,location,intent:filtered_search_pattern
what schools should i apply to for business,counselor_teacher,filtered_search,complex,recommendation,semantic_or_faceted_search,medium,major_or_program,intent:filtered_search_pattern
Brown application deadlines,college_student,admissions_process,medium,admissions,faq_or_guidance,medium,"school,admissions_or_attribute_signal",
how do i apply to Rice University,college_student,admissions_process,medium,admissions,faq_or_guidance,medium,school,
University of Michigan scholarships,advisor,cost_financial_aid,medium,cost aid,finance_guidance,medium,"school,cost_constraint",
best colleges for psychology job outcomes,counselor_teacher,career_outcomes,medium,career outcomes,outcomes_pipeline,medium,"major_or_program,career_outcome_cue",
affordable engineering schools in the Midwest with good internships,counselor_teacher,multi_constraint,complex,multi constraint,foundry_multi_agent,complex,"major_or_program,location",
cheapest chemistry schools near Chicago,college_student,filtered_search,medium,cost aid,semantic_or_faceted_search,medium,location,intent:filtered_search_pattern
best electrical engineering schools in California,college_student,filtered_search,medium,filter search,semantic_or_faceted_search,medium,"major_or_program,location",
does Cornell have chemistry,counselor_teacher,attribute_lookup,medium,single attribute,typesense_plus_metadata,easy,school,
what schools should i apply to for business,parent,filtered_search,complex,recommendation,semantic_or_faceted_search,medium,major_or_program,intent:filtered_search_pattern
University of Florida job placement for data science,advisor,career_outcomes,medium,career outcomes,outcomes_pipeline,medium,"school,location,career_outcome_cue",
large data science colleges near a tech hub under 40k,college_student,filtered_search,complex,multi constraint,semantic_or_faceted_search,medium,,intent:filtered_search_pattern
colleges in Texas low tuition with strong research,college_student,multi_constraint,complex,multi constraint,foundry_multi_agent,complex,"location,cost_constraint",
schools like Harvard but cheaper,parent,rewrite_needed,complex,recommendation,rewrite_then_route,complex,"school,rewrite_cue",intent:rewrite_pattern
UC San Diego student-to-faculty ratio,counselor_teacher,attribute_lookup,medium,single attribute,typesense_plus_metadata,easy,,
small computer science colleges in the Midwest good financial aid,advisor,multi_constraint,complex,multi constraint,foundry_multi_agent,complex,"major_or_program,location,cost_constraint",
UCLA student-to-faculty ratio,advisor,attribute_lookup,medium,single attribute,typesense_plus_metadata,easy,school,
Stanford average SAT,college_student,admissions_process,medium,single attribute,faq_or_guidance,medium,"school,admissions_or_attribute_signal",intent:admissions_pattern
medium-sized architecture colleges near the beach under 20k,advisor,filtered_search,complex,multi constraint,semantic_or_faceted_search,medium,"major_or_program,location",intent:filtered_search_pattern
MIT,high_school_student,direct_lookup,short_circuit,simple entity,typesense_only,easy,school,persona:school_only_pattern
colleges in warm states,counselor_teacher,filtered_search,medium,filter search,semantic_or_faceted_search,medium,location,
Stanford but cheaper,advisor,rewrite_needed,complex,rewrite needed,rewrite_then_route,complex,"school,rewrite_cue",
Rice University but cheaper,advisor,rewrite_needed,complex,rewrite needed,rewrite_then_route,complex,"school,rewrite_cue",
UC San Diego campus culture,college_student,campus_life_fit,llm_needed,fit question,llm_advisory,complex,fit_or_culture_cue,
job placement for UC San Diego,college_student,career_outcomes,medium,single attribute,outcomes_pipeline,medium,career_outcome_cue,intent:career_pattern
how do i apply to Carnegie Mellon,counselor_teacher,admissions_process,medium,admissions,faq_or_guidance,medium,school,
university of michigan,high_school_student,direct_lookup,short_circuit,simple entity,typesense_only,easy,school,persona:school_only_pattern
recommend medium-sized colleges in Texas for mechanical engineering,advisor,recommendation,complex,recommendation,recommendation_workflow,complex,"major_or_program,location",
best colleges for philosophy job outcomes,counselor_teacher,career_outcomes,medium,career outcomes,outcomes_pipeline,medium,career_outcome_cue,
does Northwestern have psychology,parent,attribute_lookup,medium,single attribute,typesense_plus_metadata,easy,"school,major_or_program",
Stanford vs Northwestern for business,college_student,comparison,complex,comparison,compare_pipeline,complex,"school,comparison_target,major_or_program",
schools like Duke but cheaper,advisor,rewrite_needed,complex,recommendation,rewrite_then_route,complex,"school,rewrite_cue",intent:rewrite_pattern
University of Florida campus culture,counselor_teacher,campus_life_fit,llm_needed,fit question,llm_advisory,complex,"school,location,fit_or_culture_cue",
best biology schools in warm states,counselor_teacher,filtered_search,medium,filter search,semantic_or_faceted_search,medium,"major_or_program,location",
how do i apply to University of Washington,advisor,admissions_process,medium,admissions,faq_or_guidance,medium,school,
do i need sat for USC,advisor,admissions_process,medium,admissions,faq_or_guidance,medium,"school,admissions_or_attribute_signal",
how do i apply to Cornell,counselor_teacher,admissions_process,medium,admissions,faq_or_guidance,medium,school,
do i need sat for Virginia Tech,advisor,admissions_process,medium,admissions,faq_or_guidance,medium,"school,admissions_or_attribute_signal",
colleges near Chicago,counselor_teacher,filtered_search,medium,filter search,semantic_or_faceted_search,medium,location,
does UC San Diego have engineering,counselor_teacher,attribute_lookup,medium,single attribute,typesense_plus_metadata,easy,major_or_program,
recommend medium-sized colleges in the Midwest for data science,parent,recommendation,complex,recommendation,recommendation_workflow,complex,location,
medium-sized aerospace engineering colleges near Chicago good financial aid,counselor_teacher,multi_constraint,complex,multi constraint,foundry_multi_agent,complex,"major_or_program,location,cost_constraint",
MIT financial aid,college_student,cost_financial_aid,medium,cost aid,finance_guidance,medium,"school,cost_constraint",
small aerospace engineering colleges in California good financial aid,parent,multi_constraint,complex,multi constraint,foundry_multi_agent,complex,"major_or_program,location,cost_constraint",
medium-sized economics colleges near the beach under 20k,advisor,filtered_search,complex,multi constraint,semantic_or_faceted_search,medium,"major_or_program,location",intent:filtered_search_pattern
what schools should i apply to for psychology,counselor_teacher,filtered_search,complex,recommendation,semantic_or_faceted_search,medium,major_or_program,intent:filtered_search_pattern
api access for college partners,college_b2b,b2b_partnership,llm_needed,B2B,b2b_workflow,medium,b2b_request_type,persona:b2b_pattern
Carnegie Mellon vs MIT for nursing,advisor,comparison,complex,comparison,compare_pipeline,complex,"school,comparison_target,major_or_program",
medium-sized philosophy colleges near Chicago good financial aid,college_student,multi_constraint,complex,multi constraint,foundry_multi_agent,complex,"location,cost_constraint",
colleges in the Midwest under 40k with strong research,college_student,multi_constraint,complex,multi constraint,foundry_multi_agent,complex,location,
Penn State tuition vs Virginia Tech tuition,counselor_teacher,comparison,complex,comparison,compare_pipeline,complex,"school,comparison_target,cost_constraint",
does Harvard have philosophy,college_student,attribute_lookup,medium,single attribute,typesense_plus_metadata,easy,school,
Northwestern tuition vs Virginia Tech tuition,advisor,comparison,complex,comparison,compare_pipeline,complex,"school,comparison_target,cost_constraint",
University of Michigan,high_school_student,direct_lookup,short_circuit,simple entity,typesense_only,easy,school,persona:school_only_pattern
rankings for Northwestern,advisor,attribute_lookup,medium,single attribute,typesense_plus_metadata,easy,school,
UC San Diego vs Northwestern,college_student,comparison,complex,comparison,compare_pipeline,complex,"school,comparison_target",
Georgia Tech but cheaper,counselor_teacher,rewrite_needed,complex,rewrite needed,rewrite_then_route,complex,"school,rewrite_cue",
cheapest chemistry schools near the beach,college_student,filtered_search,medium,cost aid,semantic_or_faceted_search,medium,location,intent:filtered_search_pattern
universities with strong philosophy,advisor,filtered_search,medium,filter search,semantic_or_faceted_search,medium,,
best economics schools in warm states,advisor,filtered_search,medium,filter search,semantic_or_faceted_search,medium,"major_or_program,location",
colleges in warm states,advisor,filtered_search,medium,filter search,semantic_or_faceted_search,medium,location,
cheapest psychology schools in Texas,parent,filtered_search,medium,cost aid,semantic_or_faceted_search,medium,"major_or_program,location",intent:filtered_search_pattern
Caltech application deadlines,counselor_teacher,admissions_process,medium,admissions,faq_or_guidance,medium,admissions_or_attribute_signal,
how do i apply to UCLA,advisor,admissions_process,medium,admissions,faq_or_guidance,medium,school,
universities with strong biology,parent,filtered_search,medium,filter search,semantic_or_faceted_search,medium,major_or_program,
UC Berkeley vs Virginia Tech for chemistry,college_student,comparison,complex,comparison,compare_pipeline,complex,"school,comparison_target",
affordable philosophy schools near Chicago with good internships,counselor_teacher,multi_constraint,complex,multi constraint,foundry_multi_agent,complex,location,
pricing for partner universities,college_b2b,b2b_partnership,llm_needed,B2B,b2b_workflow,medium,b2b_request_type,persona:b2b_pattern
do i need sat for University of Florida,advisor,admissions_process,medium,admissions,faq_or_guidance,medium,"school,location,admissions_or_attribute_signal",
University of Washington job placement for economics,counselor_teacher,career_outcomes,medium,career outcomes,outcomes_pipeline,medium,"school,major_or_program,career_outcome_cue",
affordable computer science schools near Chicago with good internships,advisor,multi_constraint,complex,multi constraint,foundry_multi_agent,complex,"major_or_program,location",
Princeton,high_school_student,direct_lookup,short_circuit,simple entity,typesense_only,easy,school,persona:school_only_pattern
Caltech financial aid,parent,attribute_lookup,medium,single attribute,typesense_plus_metadata,easy,cost_constraint,
University of Michigan job placement,counselor_teacher,career_outcomes,medium,single attribute,outcomes_pipeline,medium,"school,career_outcome_cue",intent:career_pattern
best colleges for electrical engineering job outcomes,counselor_teacher,career_outcomes,medium,career outcomes,outcomes_pipeline,medium,"major_or_program,career_outcome_cue",
what schools should i apply to for nursing,parent,filtered_search,complex,recommendation,semantic_or_faceted_search,medium,major_or_program,intent:filtered_search_pattern
what schools should i apply to for data science,counselor_teacher,filtered_search,complex,recommendation,semantic_or_faceted_search,medium,,intent:filtered_search_pattern
best colleges for business job outcomes,advisor,career_outcomes,medium,career outcomes,outcomes_pipeline,medium,"major_or_program,career_outcome_cue",
Purdue tuition vs Rice University tuition,counselor_teacher,comparison,complex,comparison,compare_pipeline,complex,"school,comparison_target,cost_constraint",
schools like USC but cheaper,advisor,rewrite_needed,complex,recommendation,rewrite_then_route,complex,"school,rewrite_cue",intent:rewrite_pattern
Cornell scholarships,advisor,cost_financial_aid,medium,cost aid,finance_guidance,medium,"school,cost_constraint",
schools like Duke but cheaper,college_student,rewrite_needed,complex,recommendation,rewrite_then_route,complex,"school,rewrite_cue",intent:rewrite_pattern
best chemistry schools near the beach,college_student,filtered_search,medium,filter search,semantic_or_faceted_search,medium,location,
small philosophy colleges near Chicago good financial aid,parent,multi_constraint,complex,multi constraint,foundry_multi_agent,complex,"location,cost_constraint",
does USC have mechanical engineering,college_student,attribute_lookup,medium,single attribute,typesense_plus_metadata,easy,"school,major_or_program",
universities with strong architecture,parent,filtered_search,medium,filter search,semantic_or_faceted_search,medium,major_or_program,
universities with strong data science,counselor_teacher,filtered_search,medium,filter search,semantic_or_faceted_search,medium,,
Purdue application deadlines,counselor_teacher,admissions_process,medium,admissions,faq_or_guidance,medium,"school,admissions_or_attribute_signal",
best philosophy schools in Texas,counselor_teacher,filtered_search,medium,filter search,semantic_or_faceted_search,medium,location,
best data science schools in warm states,college_student,filtered_search,medium,filter search,semantic_or_faceted_search,medium,location,
recommend small colleges in warm states for architecture,college_student,recommendation,complex,recommendation,recommendation_workflow,complex,"major_or_program,location",
Cornell average SAT,counselor_teacher,admissions_process,medium,single attribute,faq_or_guidance,medium,"school,admissions_or_attribute_signal",intent:admissions_pattern
Duke job placement for engineering,parent,career_outcomes,medium,career outcomes,outcomes_pipeline,medium,"school,major_or_program,career_outcome_cue",
Caltech rankings,college_student,attribute_lookup,medium,single attribute,typesense_plus_metadata,easy,,
Purdue job placement for electrical engineering,college_student,career_outcomes,medium,career outcomes,outcomes_pipeline,medium,"school,major_or_program,career_outcome_cue",
does Duke have psychology,advisor,attribute_lookup,medium,single attribute,typesense_plus_metadata,easy,"school,major_or_program",
best economics schools in Texas,advisor,filtered_search,medium,filter search,semantic_or_faceted_search,medium,"major_or_program,location",
Caltech but cheaper,college_student,rewrite_needed,complex,rewrite needed,rewrite_then_route,complex,rewrite_cue,
Rice University student-to-faculty ratio,parent,attribute_lookup,medium,single attribute,typesense_plus_metadata,easy,school,
University of Washington vs UCLA for business,counselor_teacher,comparison,complex,comparison,compare_pipeline,complex,"school,comparison_target,major_or_program",
how do i apply to Georgia Tech,parent,admissions_process,medium,admissions,faq_or_guidance,medium,school,
recommend small colleges near Chicago for psychology,parent,recommendation,complex,recommendation,recommendation_workflow,complex,"major_or_program,location",
colleges near Chicago under 40k with strong research,college_student,multi_constraint,complex,multi constraint,foundry_multi_agent,complex,location,
Purdue campus culture,counselor_teacher,campus_life_fit,llm_needed,fit question,llm_advisory,complex,"school,fit_or_culture_cue",
best colleges for nursing job outcomes,counselor_teacher,career_outcomes,medium,career outcomes,outcomes_pipeline,medium,"major_or_program,career_outcome_cue",
what schools should i apply to for data science,parent,filtered_search,complex,recommendation,semantic_or_faceted_search,medium,,intent:filtered_search_pattern
Georgia Tech financial aid,parent,cost_financial_aid,medium,cost aid,finance_guidance,medium,"school,cost_constraint",
NYU vs Arizona State,college_student,comparison,complex,comparison,compare_pipeline,complex,"school,comparison_target",
average ACT for Stanford,college_student,attribute_lookup,medium,single attribute,typesense_plus_metadata,easy,school,
NYU campus culture,parent,campus_life_fit,llm_needed,fit question,llm_advisory,complex,"school,fit_or_culture_cue",
Cornell scholarships,parent,cost_financial_aid,medium,cost aid,finance_guidance,medium,"school,cost_constraint",
columbia,high_school_student,direct_lookup,short_circuit,simple entity,typesense_only,easy,school,persona:school_only_pattern
University of Washington campus culture,parent,campus_life_fit,llm_needed,fit question,llm_advisory,complex,"school,fit_or_culture_cue",
how do i apply to University of Michigan,college_student,admissions_process,medium,admissions,faq_or_guidance,medium,school,
Cornell student-to-faculty ratio,parent,attribute_lookup,medium,single attribute,typesense_plus_metadata,easy,school,
recommend small colleges in Texas for chemistry,parent,recommendation,complex,recommendation,recommendation_workflow,complex,location,
Harvard vs UC San Diego,parent,comparison,complex,comparison,compare_pipeline,complex,"school,comparison_target",
UCLA vs Northwestern,advisor,comparison,complex,comparison,compare_pipeline,complex,"school,comparison_target",
average SAT for University of Florida,parent,admissions_process,medium,single attribute,faq_or_guidance,medium,"school,location,admissions_or_attribute_signal",intent:admissions_pattern
how do i apply to Virginia Tech,college_student,admissions_process,medium,admissions,faq_or_guidance,medium,school,
University of Washington rankings,advisor,attribute_lookup,medium,single attribute,typesense_plus_metadata,easy,school,
NYU scholarships,counselor_teacher,cost_financial_aid,medium,cost aid,finance_guidance,medium,"school,cost_constraint",
Penn State campus culture,college_student,campus_life_fit,llm_needed,fit question,llm_advisory,complex,"school,fit_or_culture_cue",
UT Austin financial aid,college_student,cost_financial_aid,medium,cost aid,finance_guidance,medium,"school,cost_constraint",
colleges near the beach,counselor_teacher,filtered_search,medium,filter search,semantic_or_faceted_search,medium,location,
Penn State vs Brown for computer science,counselor_teacher,comparison,complex,comparison,compare_pipeline,complex,"school,comparison_target,major_or_program",
best colleges for chemistry job outcomes,counselor_teacher,career_outcomes,medium,career outcomes,outcomes_pipeline,medium,career_outcome_cue,
Georgia Tech campus culture,counselor_teacher,campus_life_fit,llm_needed,fit question,llm_advisory,complex,"school,fit_or_culture_cue",
Duke vs Harvard for biology,college_student,comparison,complex,comparison,compare_pipeline,complex,"school,comparison_target,major_or_program",
Princeton campus culture,college_student,campus_life_fit,llm_needed,fit question,llm_advisory,complex,"school,fit_or_culture_cue",
recommend medium-sized colleges near a tech hub for psychology,advisor,recommendation,complex,recommendation,recommendation_workflow,complex,major_or_program,
Cornell vs Stanford for computer science,advisor,comparison,complex,comparison,compare_pipeline,complex,"school,comparison_target,major_or_program",
best chemistry schools in California,counselor_teacher,filtered_search,medium,filter search,semantic_or_faceted_search,medium,location,
how do i apply to Caltech,parent,admissions_process,medium,admissions,faq_or_guidance,medium,,
does USC have business,advisor,attribute_lookup,medium,single attribute,typesense_plus_metadata,easy,"school,major_or_program",
Columbia but cheaper,counselor_teacher,rewrite_needed,complex,rewrite needed,rewrite_then_route,complex,"school,rewrite_cue",
Cornell but cheaper,advisor,rewrite_needed,complex,rewrite needed,rewrite_then_route,complex,"school,rewrite_cue",
Brown but cheaper,advisor,rewrite_needed,complex,rewrite needed,rewrite_then_route,complex,"school,rewrite_cue",
University of Washington campus culture,college_student,campus_life_fit,llm_needed,fit question,llm_advisory,complex,"school,fit_or_culture_cue",
University of Michigan campus culture,parent,campus_life_fit,llm_needed,fit question,llm_advisory,complex,"school,fit_or_culture_cue",
what schools should i apply to for psychology,advisor,filtered_search,complex,recommendation,semantic_or_faceted_search,medium,major_or_program,intent:filtered_search_pattern
Virginia Tech job placement for chemistry,advisor,career_outcomes,medium,career outcomes,outcomes_pipeline,medium,"school,career_outcome_cue",
does Cornell have electrical engineering,college_student,attribute_lookup,medium,single attribute,typesense_plus_metadata,easy,"school,major_or_program",
what schools should i apply to for data science,advisor,filtered_search,complex,recommendation,semantic_or_faceted_search,medium,,intent:filtered_search_pattern
princeton,high_school_student,direct_lookup,short_circuit,simple entity,typesense_only,easy,school,persona:school_only_pattern
UCLA,high_school_student,direct_lookup,short_circuit,simple entity,typesense_only,easy,school,persona:school_only_pattern
UC San Diego job placement,college_student,career_outcomes,medium,single attribute,outcomes_pipeline,medium,career_outcome_cue,intent:career_pattern
Stanford tuition vs University of Washington tuition,advisor,comparison,complex,comparison,compare_pipeline,complex,"school,comparison_target,cost_constraint",
Penn State vs MIT,counselor_teacher,comparison,complex,comparison,compare_pipeline,complex,"school,comparison_target",
best psychology schools in the Midwest,parent,filtered_search,medium,filter search,semantic_or_faceted_search,medium,"major_or_program,location",
what schools should i apply to for chemistry,college_student,filtered_search,complex,recommendation,semantic_or_faceted_search,medium,,intent:filtered_search_pattern
University of Florida job placement for economics,parent,career_outcomes,medium,career outcomes,outcomes_pipeline,medium,"school,major_or_program,location,career_outcome_cue",
best colleges for data science job outcomes,counselor_teacher,career_outcomes,medium,career outcomes,outcomes_pipeline,medium,career_outcome_cue,
Cornell application deadlines,college_student,admissions_process,medium,admissions,faq_or_guidance,medium,"school,admissions_or_attribute_signal",
Harvard job placement for philosophy,parent,career_outcomes,medium,career outcomes,outcomes_pipeline,medium,"school,career_outcome_cue",
cheapest psychology schools in the Midwest,college_student,filtered_search,medium,cost aid,semantic_or_faceted_search,medium,"major_or_program,location",intent:filtered_search_pattern
financial aid for Virginia Tech,parent,cost_financial_aid,medium,single attribute,finance_guidance,medium,"school,cost_constraint",intent:cost_pattern
best nursing schools near Chicago,college_student,filtered_search,medium,filter search,semantic_or_faceted_search,medium,"major_or_program,location",
how do i apply to Northwestern,college_student,admissions_process,medium,admissions,faq_or_guidance,medium,school,
colleges near Chicago under 20k with strong research,college_student,multi_constraint,complex,multi constraint,foundry_multi_agent,complex,location,
affordable architecture schools in Texas with good internships,parent,multi_constraint,complex,multi constraint,foundry_multi_agent,complex,"major_or_program,location",
purdue,high_school_student,direct_lookup,short_circuit,simple entity,typesense_only,easy,school,persona:school_only_pattern
small biology colleges in California low tuition,college_student,multi_constraint,complex,multi constraint,foundry_multi_agent,complex,"major_or_program,location,cost_constraint",
schools like Penn State but cheaper,college_student,rewrite_needed,complex,recommendation,rewrite_then_route,complex,"school,rewrite_cue",intent:rewrite_pattern
rankings for Carnegie Mellon,advisor,attribute_lookup,medium,single attribute,typesense_plus_metadata,easy,school,
ut austin,high_school_student,direct_lookup,short_circuit,simple entity,typesense_only,easy,school,persona:school_only_pattern
colleges near a tech hub good financial aid with strong research,college_student,multi_constraint,complex,multi constraint,foundry_multi_agent,complex,cost_constraint,
brown,high_school_student,direct_lookup,short_circuit,simple entity,typesense_only,easy,school,persona:school_only_pattern
large architecture colleges in the Midwest good financial aid,college_student,multi_constraint,complex,multi constraint,foundry_multi_agent,complex,"major_or_program,location,cost_constraint",
affordable architecture schools in the Midwest with good internships,advisor,multi_constraint,complex,multi constraint,foundry_multi_agent,complex,"major_or_program,location",
schools like University of Florida but cheaper,counselor_teacher,rewrite_needed,complex,recommendation,rewrite_then_route,complex,"school,location,rewrite_cue",intent:rewrite_pattern
how do i apply to Northwestern,advisor,admissions_process,medium,admissions,faq_or_guidance,medium,school,
recommend small colleges in Texas for chemistry,advisor,recommendation,complex,recommendation,recommendation_workflow,complex,location,
how do i apply to Rice University,parent,admissions_process,medium,admissions,faq_or_guidance,medium,school,
small mechanical engineering colleges in warm states under 20k,parent,multi_constraint,complex,multi constraint,foundry_multi_agent,complex,"major_or_program,location",
USC,high_school_student,direct_lookup,short_circuit,simple entity,typesense_only,easy,school,persona:school_only_pattern
large philosophy colleges in warm states low tuition,parent,multi_constraint,complex,multi constraint,foundry_multi_agent,complex,"location,cost_constraint",
University of Florida tuition vs Arizona State tuition,counselor_teacher,comparison,complex,comparison,compare_pipeline,complex,"school,comparison_target,location,cost_constraint",
schools like Arizona State but cheaper,parent,rewrite_needed,complex,recommendation,rewrite_then_route,complex,"school,rewrite_cue",intent:rewrite_pattern
NYU vs Duke for engineering,parent,comparison,complex,comparison,compare_pipeline,complex,"school,comparison_target,major_or_program",
Harvard financial aid,counselor_teacher,cost_financial_aid,medium,cost aid,finance_guidance,medium,"school,cost_constraint",
recommend medium-sized colleges near Chicago for chemistry,counselor_teacher,recommendation,complex,recommendation,recommendation_workflow,complex,location,
Duke but cheaper,counselor_teacher,rewrite_needed,complex,rewrite needed,rewrite_then_route,complex,"school,rewrite_cue",
Columbia student-to-faculty ratio,counselor_teacher,attribute_lookup,medium,single attribute,typesense_plus_metadata,easy,school,
Columbia,high_school_student,direct_lookup,short_circuit,simple entity,typesense_only,easy,school,persona:school_only_pattern
do i need sat for USC,counselor_teacher,admissions_process,medium,admissions,faq_or_guidance,medium,"school,admissions_or_attribute_signal",
how do i apply to UT Austin,counselor_teacher,admissions_process,medium,admissions,faq_or_guidance,medium,school,
financial aid for University of Michigan,counselor_teacher,cost_financial_aid,medium,single attribute,finance_guidance,medium,"school,cost_constraint",intent:cost_pattern
Arizona State campus culture,college_student,campus_life_fit,llm_needed,fit question,llm_advisory,complex,"school,fit_or_culture_cue",
how do i apply to Columbia,parent,admissions_process,medium,admissions,faq_or_guidance,medium,school,
does Arizona State have aerospace engineering,advisor,attribute_lookup,medium,single attribute,typesense_plus_metadata,easy,"school,major_or_program",
job placement for University of Florida,advisor,career_outcomes,medium,single attribute,outcomes_pipeline,medium,"school,location,career_outcome_cue",intent:career_pattern
NYU application deadlines,parent,admissions_process,medium,admissions,faq_or_guidance,medium,"school,admissions_or_attribute_signal",
large aerospace engineering colleges in California under 30k,advisor,filtered_search,complex,multi constraint,semantic_or_faceted_search,medium,"major_or_program,location",intent:filtered_search_pattern
Arizona State vs Harvard for biology,counselor_teacher,comparison,complex,comparison,compare_pipeline,complex,"school,comparison_target,major_or_program",
universities with strong business,counselor_teacher,filtered_search,medium,filter search,semantic_or_faceted_search,medium,major_or_program,
NYU financial aid,advisor,cost_financial_aid,medium,cost aid,finance_guidance,medium,"school,cost_constraint",
University of Washington job placement for philosophy,advisor,career_outcomes,medium,career outcomes,outcomes_pipeline,medium,"school,career_outcome_cue",
do i need sat for Cornell,college_student,admissions_process,medium,admissions,faq_or_guidance,medium,"school,admissions_or_attribute_signal",
small psychology colleges in warm states under 40k,counselor_teacher,multi_constraint,complex,multi constraint,foundry_multi_agent,complex,"major_or_program,location",
affordable chemistry schools near Chicago with good internships,parent,multi_constraint,complex,multi constraint,foundry_multi_agent,complex,location,
Harvard financial aid,advisor,cost_financial_aid,medium,cost aid,finance_guidance,medium,"school,cost_constraint",
affordable data science schools in warm states with good internships,college_student,multi_constraint,complex,multi constraint,foundry_multi_agent,complex,location,
colleges near the beach low tuition with strong research,advisor,multi_constraint,complex,multi constraint,foundry_multi_agent,complex,"location,cost_constraint",
Columbia rankings,college_student,attribute_lookup,medium,single attribute,typesense_plus_metadata,easy,school,
schools like MIT but cheaper,counselor_teacher,rewrite_needed,complex,recommendation,rewrite_then_route,complex,"school,rewrite_cue",intent:rewrite_pattern
affordable aerospace engineering schools in Texas with good internships,counselor_teacher,multi_constraint,complex,multi constraint,foundry_multi_agent,complex,"major_or_program,location",
small nursing colleges in warm states good financial aid,advisor,multi_constraint,complex,multi constraint,foundry_multi_agent,complex,"major_or_program,location,cost_constraint",
Cornell job placement for mechanical engineering,parent,career_outcomes,medium,career outcomes,outcomes_pipeline,medium,"school,major_or_program,career_outcome_cue",
UC San Diego vs Rice University for engineering,counselor_teacher,comparison,complex,comparison,compare_pipeline,complex,"school,comparison_target,major_or_program",
does Columbia have biology,parent,attribute_lookup,medium,single attribute,typesense_plus_metadata,easy,"school,major_or_program",
colleges near the beach,parent,filtered_search,medium,filter search,semantic_or_faceted_search,medium,location,
does Caltech have economics,parent,attribute_lookup,medium,single attribute,typesense_plus_metadata,easy,major_or_program,
colleges near the beach good financial aid with strong research,counselor_teacher,multi_constraint,complex,multi constraint,foundry_multi_agent,complex,"location,cost_constraint",
USC location,college_student,attribute_lookup,medium,single attribute,typesense_plus_metadata,easy,school,
University of Florida internships,counselor_teacher,attribute_lookup,medium,single attribute,typesense_plus_metadata,easy,"school,location",
colleges near the beach under 20k with strong research,counselor_teacher,multi_constraint,complex,multi constraint,foundry_multi_agent,complex,location,
affordable aerospace engineering schools in the Midwest with good internships,parent,multi_constraint,complex,multi constraint,foundry_multi_agent,complex,"major_or_program,location",
cheapest psychology schools near the beach,advisor,filtered_search,medium,cost aid,semantic_or_faceted_search,medium,"major_or_program,location",intent:filtered_search_pattern
Georgia Tech vs Duke,advisor,comparison,complex,comparison,compare_pipeline,complex,"school,comparison_target",
Harvard financial aid,parent,cost_financial_aid,medium,cost aid,finance_guidance,medium,"school,cost_constraint",
cheapest engineering schools near a tech hub,college_student,filtered_search,medium,cost aid,semantic_or_faceted_search,medium,major_or_program,intent:filtered_search_pattern
UT Austin but cheaper,counselor_teacher,rewrite_needed,complex,rewrite needed,rewrite_then_route,complex,"school,rewrite_cue",
does Cornell have data science,counselor_teacher,attribute_lookup,medium,single attribute,typesense_plus_metadata,easy,school,
small psychology colleges near the beach under 40k,advisor,multi_constraint,complex,multi constraint,foundry_multi_agent,complex,"major_or_program,location",
best colleges for nursing job outcomes,advisor,career_outcomes,medium,career outcomes,outcomes_pipeline,medium,"major_or_program,career_outcome_cue",
large nursing colleges near a tech hub low tuition,parent,multi_constraint,complex,multi constraint,foundry_multi_agent,complex,"major_or_program,cost_constraint",
cheapest psychology schools near a tech hub,parent,filtered_search,medium,cost aid,semantic_or_faceted_search,medium,major_or_program,intent:filtered_search_pattern
how do i apply to Columbia,college_student,admissions_process,medium,admissions,faq_or_guidance,medium,school,
recommend medium-sized colleges near the beach for computer science,advisor,recommendation,complex,recommendation,recommendation_workflow,complex,"major_or_program,location",
Rice University scholarships,advisor,cost_financial_aid,medium,cost aid,finance_guidance,medium,"school,cost_constraint",
internships for UC Berkeley,parent,attribute_lookup,medium,single attribute,typesense_plus_metadata,easy,school,
best aerospace engineering schools in Texas,counselor_teacher,filtered_search,medium,filter search,semantic_or_faceted_search,medium,"major_or_program,location",
Rice University vs Columbia for economics,parent,comparison,complex,comparison,compare_pipeline,complex,"school,comparison_target,major_or_program",
Columbia scholarships,parent,cost_financial_aid,medium,cost aid,finance_guidance,medium,"school,cost_constraint",
medium-sized economics colleges near the beach low tuition,advisor,multi_constraint,complex,multi constraint,foundry_multi_agent,complex,"major_or_program,location,cost_constraint",
rankings for Duke,parent,attribute_lookup,medium,single attribute,typesense_plus_metadata,easy,school,
affordable electrical engineering schools in warm states with good internships,parent,multi_constraint,complex,multi constraint,foundry_multi_agent,complex,"major_or_program,location",
MIT campus culture,counselor_teacher,campus_life_fit,llm_needed,fit question,llm_advisory,complex,"school,fit_or_culture_cue",
duke,high_school_student,direct_lookup,short_circuit,simple entity,typesense_only,easy,school,persona:school_only_pattern
colleges near Chicago under 30k with strong research,college_student,multi_constraint,complex,multi constraint,foundry_multi_agent,complex,location,
affordable computer science schools in the Midwest with good internships,advisor,multi_constraint,complex,multi constraint,foundry_multi_agent,complex,"major_or_program,location",
small business colleges near Chicago good financial aid,counselor_teacher,multi_constraint,complex,multi constraint,foundry_multi_agent,complex,"major_or_program,location,cost_constraint",
Duke application deadlines,parent,admissions_process,medium,admissions,faq_or_guidance,medium,"school,admissions_or_attribute_signal",
University of Florida application deadlines,counselor_teacher,admissions_process,medium,admissions,faq_or_guidance,medium,"school,location,admissions_or_attribute_signal",
harvard,high_school_student,direct_lookup,short_circuit,simple entity,typesense_only,easy,school,persona:school_only_pattern
best chemistry schools in Texas,parent,filtered_search,medium,filter search,semantic_or_faceted_search,medium,location,
Arizona State scholarships,advisor,cost_financial_aid,medium,cost aid,finance_guidance,medium,"school,cost_constraint",
large nursing colleges in warm states low tuition,college_student,multi_constraint,complex,multi constraint,foundry_multi_agent,complex,"major_or_program,location,cost_constraint",
Princeton but cheaper,parent,rewrite_needed,complex,rewrite needed,rewrite_then_route,complex,"school,rewrite_cue",
NYU job placement for mechanical engineering,counselor_teacher,career_outcomes,medium,career outcomes,outcomes_pipeline,medium,"school,major_or_program,career_outcome_cue",
NYU campus culture,advisor,campus_life_fit,llm_needed,fit question,llm_advisory,complex,"school,fit_or_culture_cue",
UCLA vs Duke,advisor,comparison,complex,comparison,compare_pipeline,complex,"school,comparison_target",
Northwestern job placement for aerospace engineering,counselor_teacher,career_outcomes,medium,career outcomes,outcomes_pipeline,medium,"school,major_or_program,career_outcome_cue",
affordable chemistry schools in warm states with good internships,counselor_teacher,multi_constraint,complex,multi constraint,foundry_multi_agent,complex,location,
University of Michigan application deadlines,college_student,admissions_process,medium,admissions,faq_or_guidance,medium,"school,admissions_or_attribute_signal",
UT Austin scholarships,parent,cost_financial_aid,medium,cost aid,finance_guidance,medium,"school,cost_constraint",
Harvard vs Carnegie Mellon for philosophy,parent,comparison,complex,comparison,compare_pipeline,complex,"school,comparison_target",
best aerospace engineering schools near a tech hub,counselor_teacher,filtered_search,medium,filter search,semantic_or_faceted_search,medium,major_or_program,
NYU vs Penn State,college_student,comparison,complex,comparison,compare_pipeline,complex,"school,comparison_target",
does Harvard have business,counselor_teacher,attribute_lookup,medium,single attribute,typesense_plus_metadata,easy,"school,major_or_program",
Georgia Tech job placement for aerospace engineering,advisor,career_outcomes,medium,career outcomes,outcomes_pipeline,medium,"school,major_or_program,career_outcome_cue",
universities with strong engineering,counselor_teacher,filtered_search,medium,filter search,semantic_or_faceted_search,medium,major_or_program,
USC vs Rice University for architecture,parent,comparison,complex,comparison,compare_pipeline,complex,"school,comparison_target,major_or_program",
cheapest psychology schools in the Midwest,parent,filtered_search,medium,cost aid,semantic_or_faceted_search,medium,"major_or_program,location",intent:filtered_search_pattern
Arizona State campus culture,counselor_teacher,campus_life_fit,llm_needed,fit question,llm_advisory,complex,"school,fit_or_culture_cue",
Purdue application deadlines,parent,admissions_process,medium,admissions,faq_or_guidance,medium,"school,admissions_or_attribute_signal",
recommend small colleges in California for engineering,advisor,recommendation,complex,recommendation,recommendation_workflow,complex,"major_or_program,location",
MIT tuition,parent,cost_financial_aid,medium,single attribute,finance_guidance,medium,"school,cost_constraint",intent:cost_pattern
Brown vs Harvard,college_student,comparison,complex,comparison,compare_pipeline,complex,"school,comparison_target",
recommend small colleges in Texas for data science,college_student,recommendation,complex,recommendation,recommendation_workflow,complex,location,
affordable nursing schools in warm states with good internships,advisor,multi_constraint,complex,multi constraint,foundry_multi_agent,complex,"major_or_program,location",
affordable biology schools near the beach with good internships,counselor_teacher,multi_constraint,complex,multi constraint,foundry_multi_agent,complex,"major_or_program,location",
cheapest computer science schools in warm states,counselor_teacher,filtered_search,medium,cost aid,semantic_or_faceted_search,medium,"major_or_program,location",intent:filtered_search_pattern
Duke job placement for biology,parent,career_outcomes,medium,career outcomes,outcomes_pipeline,medium,"school,major_or_program,career_outcome_cue",
cheapest nursing schools near the beach,college_student,filtered_search,medium,cost aid,semantic_or_faceted_search,medium,"major_or_program,location",intent:filtered_search_pattern
do i need sat for UC Berkeley,college_student,admissions_process,medium,admissions,faq_or_guidance,medium,"school,admissions_or_attribute_signal",
Brown financial aid,advisor,cost_financial_aid,medium,cost aid,finance_guidance,medium,"school,cost_constraint",
Rice University vs Purdue,college_student,comparison,complex,comparison,compare_pipeline,complex,"school,comparison_target",
recommend medium-sized colleges in the Midwest for biology,counselor_teacher,recommendation,complex,recommendation,recommendation_workflow,complex,"major_or_program,location",
colleges near a tech hub good financial aid with strong research,parent,multi_constraint,complex,multi constraint,foundry_multi_agent,complex,cost_constraint,
universities with strong biology,counselor_teacher,filtered_search,medium,filter search,semantic_or_faceted_search,medium,major_or_program,
what schools should i apply to for philosophy,advisor,filtered_search,complex,recommendation,semantic_or_faceted_search,medium,,intent:filtered_search_pattern
universities with strong business,college_student,filtered_search,medium,filter search,semantic_or_faceted_search,medium,major_or_program,
UC San Diego vs Virginia Tech,college_student,comparison,complex,comparison,compare_pipeline,complex,"school,comparison_target",
UT Austin but cheaper,parent,rewrite_needed,complex,rewrite needed,rewrite_then_route,complex,"school,rewrite_cue",
medium-sized business colleges near a tech hub low tuition,advisor,multi_constraint,complex,multi constraint,foundry_multi_agent,complex,"major_or_program,cost_constraint",
Cornell,high_school_student,direct_lookup,short_circuit,simple entity,typesense_only,easy,school,persona:school_only_pattern
NYU job placement,advisor,career_outcomes,medium,single attribute,outcomes_pipeline,medium,"school,career_outcome_cue",intent:career_pattern
Northwestern,high_school_student,direct_lookup,short_circuit,simple entity,typesense_only,easy,school,persona:school_only_pattern
schools like Rice University but cheaper,advisor,rewrite_needed,complex,recommendation,rewrite_then_route,complex,"school,rewrite_cue",intent:rewrite_pattern
cheapest architecture schools in California,counselor_teacher,filtered_search,medium,cost aid,semantic_or_faceted_search,medium,"major_or_program,location",intent:filtered_search_pattern
affordable philosophy schools near the beach with good internships,advisor,multi_constraint,complex,multi constraint,foundry_multi_agent,complex,location,
colleges in warm states under 40k with strong research,advisor,multi_constraint,complex,multi constraint,foundry_multi_agent,complex,location,
does Virginia Tech have engineering,college_student,attribute_lookup,medium,single attribute,typesense_plus_metadata,easy,"school,major_or_program",
affordable aerospace engineering schools in California with good internships,college_student,multi_constraint,complex,multi constraint,foundry_multi_agent,complex,"major_or_program,location",
Princeton job placement for biology,counselor_teacher,career_outcomes,medium,career outcomes,outcomes_pipeline,medium,"school,major_or_program,career_outcome_cue",
schools like Brown but cheaper,advisor,rewrite_needed,complex,recommendation,rewrite_then_route,complex,"school,rewrite_cue",intent:rewrite_pattern
large aerospace engineering colleges in warm states under 30k,parent,filtered_search,complex,multi constraint,semantic_or_faceted_search,medium,"major_or_program,location",intent:filtered_search_pattern
MIT tuition,college_student,cost_financial_aid,medium,single attribute,finance_guidance,medium,"school,cost_constraint",intent:cost_pattern
Georgia Tech but cheaper,advisor,rewrite_needed,complex,rewrite needed,rewrite_then_route,complex,"school,rewrite_cue",
small aerospace engineering colleges in Texas under 40k,parent,multi_constraint,complex,multi constraint,foundry_multi_agent,complex,"major_or_program,location",
cheapest philosophy schools in Texas,college_student,filtered_search,medium,cost aid,semantic_or_faceted_search,medium,location,intent:filtered_search_pattern
Purdue vs Rice University for biology,college_student,comparison,complex,comparison,compare_pipeline,complex,"school,comparison_target,major_or_program",
Duke scholarships,parent,cost_financial_aid,medium,cost aid,finance_guidance,medium,"school,cost_constraint",
affordable philosophy schools in warm states with good internships,counselor_teacher,multi_constraint,complex,multi constraint,foundry_multi_agent,complex,location,
USC scholarships,college_student,cost_financial_aid,medium,cost aid,finance_guidance,medium,"school,cost_constraint",
schools like University of Michigan but cheaper,counselor_teacher,rewrite_needed,complex,recommendation,rewrite_then_route,complex,"school,rewrite_cue",intent:rewrite_pattern
Georgia Tech tuition,parent,cost_financial_aid,medium,single attribute,finance_guidance,medium,"school,cost_constraint",intent:cost_pattern
Carnegie Mellon vs University of Michigan,advisor,comparison,complex,comparison,compare_pipeline,complex,"school,comparison_target",
Princeton campus culture,parent,campus_life_fit,llm_needed,fit question,llm_advisory,complex,"school,fit_or_culture_cue",
do i need sat for Purdue,counselor_teacher,admissions_process,medium,admissions,faq_or_guidance,medium,"school,admissions_or_attribute_signal",
average ACT for Penn State,advisor,attribute_lookup,medium,single attribute,typesense_plus_metadata,easy,school,
recommend large colleges in warm states for economics,counselor_teacher,recommendation,complex,recommendation,recommendation_workflow,complex,"major_or_program,location",
recommend small colleges in warm states for biology,counselor_teacher,recommendation,complex,recommendation,recommendation_workflow,complex,"major_or_program,location",
UC Berkeley vs Penn State for business,parent,comparison,complex,comparison,compare_pipeline,complex,"school,comparison_target,major_or_program",
colleges near a tech hub,advisor,filtered_search,medium,filter search,semantic_or_faceted_search,medium,,
University of Washington tuition vs USC tuition,advisor,comparison,complex,comparison,compare_pipeline,complex,"school,comparison_target,cost_constraint",
Arizona State vs Caltech for psychology,parent,comparison,complex,comparison,compare_pipeline,complex,"school,comparison_target,major_or_program",
universities with strong biology,college_student,filtered_search,medium,filter search,semantic_or_faceted_search,medium,major_or_program,
schools like USC but cheaper,counselor_teacher,rewrite_needed,complex,recommendation,rewrite_then_route,complex,"school,rewrite_cue",intent:rewrite_pattern
do i need sat for NYU,college_student,admissions_process,medium,admissions,faq_or_guidance,medium,"school,admissions_or_attribute_signal",
Caltech vs Carnegie Mellon for electrical engineering,counselor_teacher,comparison,complex,comparison,compare_pipeline,complex,"school,comparison_target,major_or_program",
colleges in Texas under 40k with strong research,college_student,multi_constraint,complex,multi constraint,foundry_multi_agent,complex,location,
cheapest business schools in Texas,college_student,filtered_search,medium,cost aid,semantic_or_faceted_search,medium,"major_or_program,location",intent:filtered_search_pattern
Duke campus culture,advisor,campus_life_fit,llm_needed,fit question,llm_advisory,complex,"school,fit_or_culture_cue",
recommend small colleges in warm states for mechanical engineering,parent,recommendation,complex,recommendation,recommendation_workflow,complex,"major_or_program,location",
Columbia campus culture,parent,campus_life_fit,llm_needed,fit question,llm_advisory,complex,"school,fit_or_culture_cue",
what schools should i apply to for biology,counselor_teacher,filtered_search,complex,recommendation,semantic_or_faceted_search,medium,major_or_program,intent:filtered_search_pattern
UCLA but cheaper,parent,rewrite_needed,complex,rewrite needed,rewrite_then_route,complex,"school,rewrite_cue",
Brown vs Virginia Tech for mechanical engineering,parent,comparison,complex,comparison,compare_pipeline,complex,"school,comparison_target,major_or_program",
Penn State,high_school_student,direct_lookup,short_circuit,simple entity,typesense_only,easy,school,persona:school_only_pattern
schools like Stanford but cheaper,college_student,rewrite_needed,complex,recommendation,rewrite_then_route,complex,"school,rewrite_cue",intent:rewrite_pattern
what schools should i apply to for psychology,parent,filtered_search,complex,recommendation,semantic_or_faceted_search,medium,major_or_program,intent:filtered_search_pattern
northwestern,high_school_student,direct_lookup,short_circuit,simple entity,typesense_only,easy,school,persona:school_only_pattern
schools like Carnegie Mellon but cheaper,parent,rewrite_needed,complex,recommendation,rewrite_then_route,complex,"school,rewrite_cue",intent:rewrite_pattern
Brown but cheaper,counselor_teacher,rewrite_needed,complex,rewrite needed,rewrite_then_route,complex,"school,rewrite_cue",
does Duke have data science,advisor,attribute_lookup,medium,single attribute,typesense_plus_metadata,easy,school,
schools like Northwestern but cheaper,counselor_teacher,rewrite_needed,complex,recommendation,rewrite_then_route,complex,"school,rewrite_cue",intent:rewrite_pattern
University of Michigan application deadlines,counselor_teacher,admissions_process,medium,admissions,faq_or_guidance,medium,"school,admissions_or_attribute_signal",
colleges in California,counselor_teacher,filtered_search,medium,filter search,semantic_or_faceted_search,medium,location,
best colleges for philosophy job outcomes,college_student,career_outcomes,medium,career outcomes,outcomes_pipeline,medium,career_outcome_cue,
student-to-faculty ratio for University of Michigan,counselor_teacher,attribute_lookup,medium,single attribute,typesense_plus_metadata,easy,school,
MIT,high_school_student,direct_lookup,short_circuit,simple entity,typesense_only,easy,school,persona:school_only_pattern
UC Berkeley job placement for computer science,advisor,career_outcomes,medium,career outcomes,outcomes_pipeline,medium,"school,major_or_program,career_outcome_cue",
do i need sat for MIT,college_student,admissions_process,medium,admissions,faq_or_guidance,medium,"school,admissions_or_attribute_signal",
best psychology schools in Texas,college_student,filtered_search,medium,filter search,semantic_or_faceted_search,medium,"major_or_program,location",
Virginia Tech tuition vs Stanford tuition,counselor_teacher,comparison,complex,comparison,compare_pipeline,complex,"school,comparison_target,cost_constraint",
princeton,high_school_student,direct_lookup,short_circuit,simple entity,typesense_only,easy,school,persona:school_only_pattern
best business schools near a tech hub,advisor,filtered_search,medium,filter search,semantic_or_faceted_search,medium,major_or_program,
colleges near Chicago,parent,filtered_search,medium,filter search,semantic_or_faceted_search,medium,location,
schools like Caltech but cheaper,parent,rewrite_needed,complex,recommendation,rewrite_then_route,complex,rewrite_cue,intent:rewrite_pattern
Caltech application deadlines,parent,admissions_process,medium,admissions,faq_or_guidance,medium,admissions_or_attribute_signal,
medium-sized business colleges in the Midwest under 20k,college_student,filtered_search,complex,multi constraint,semantic_or_faceted_search,medium,"major_or_program,location",intent:filtered_search_pattern
UCLA research opportunities,college_student,attribute_lookup,medium,single attribute,typesense_plus_metadata,easy,school,
Virginia Tech financial aid,advisor,cost_financial_aid,medium,cost aid,finance_guidance,medium,"school,cost_constraint",
affordable philosophy schools in warm states with good internships,advisor,multi_constraint,complex,multi constraint,foundry_multi_agent,complex,location,
arizona state,high_school_student,direct_lookup,short_circuit,simple entity,typesense_only,easy,school,persona:school_only_pattern
do i need sat for Caltech,college_student,admissions_process,medium,admissions,faq_or_guidance,medium,admissions_or_attribute_signal,
how do i apply to UC San Diego,parent,admissions_process,medium,admissions,faq_or_guidance,medium,,
acceptance rate for Rice University,college_student,attribute_lookup,medium,single attribute,typesense_plus_metadata,easy,"school,admissions_or_attribute_signal",
Caltech tuition vs Harvard tuition,parent,comparison,complex,comparison,compare_pipeline,complex,"school,comparison_target,cost_constraint",
georgia tech,high_school_student,direct_lookup,short_circuit,simple entity,typesense_only,easy,school,persona:school_only_pattern
best biology schools in Texas,advisor,filtered_search,medium,filter search,semantic_or_faceted_search,medium,"major_or_program,location",
what schools should i apply to for chemistry,parent,filtered_search,complex,recommendation,semantic_or_faceted_search,medium,,intent:filtered_search_pattern
does Northwestern have psychology,advisor,attribute_lookup,medium,single attribute,typesense_plus_metadata,easy,"school,major_or_program",
Penn State student-to-faculty ratio,parent,attribute_lookup,medium,single attribute,typesense_plus_metadata,easy,school,
Duke vs UCLA,college_student,comparison,complex,comparison,compare_pipeline,complex,"school,comparison_target",
affordable engineering schools in California with good internships,advisor,multi_constraint,complex,multi constraint,foundry_multi_agent,complex,"major_or_program,location",
do i need sat for NYU,parent,admissions_process,medium,admissions,faq_or_guidance,medium,"school,admissions_or_attribute_signal",
does UCLA have nursing,parent,attribute_lookup,medium,single attribute,typesense_plus_metadata,easy,"school,major_or_program",
Purdue scholarships,college_student,cost_financial_aid,medium,cost aid,finance_guidance,medium,"school,cost_constraint",
University of Washington,high_school_student,direct_lookup,short_circuit,simple entity,typesense_only,easy,school,persona:school_only_pattern
Harvard average SAT,college_student,admissions_process,medium,single attribute,faq_or_guidance,medium,"school,admissions_or_attribute_signal",intent:admissions_pattern
Rice University financial aid,advisor,cost_financial_aid,medium,cost aid,finance_guidance,medium,"school,cost_constraint",
Cornell tuition vs UCLA tuition,parent,comparison,complex,comparison,compare_pipeline,complex,"school,comparison_target,cost_constraint",
small electrical engineering colleges in warm states low tuition,parent,multi_constraint,complex,multi constraint,foundry_multi_agent,complex,"major_or_program,location,cost_constraint",
affordable nursing schools in the Midwest with good internships,advisor,multi_constraint,complex,multi constraint,foundry_multi_agent,complex,"major_or_program,location",
Columbia vs NYU,advisor,comparison,complex,comparison,compare_pipeline,complex,"school,comparison_target",
do i need sat for UT Austin,advisor,admissions_process,medium,admissions,faq_or_guidance,medium,"school,admissions_or_attribute_signal",
University of Michigan tuition vs Purdue tuition,counselor_teacher,comparison,complex,comparison,compare_pipeline,complex,"school,comparison_target,cost_constraint",
Columbia vs UCLA,college_student,comparison,complex,comparison,compare_pipeline,complex,"school,comparison_target",
University of Michigan vs Purdue for nursing,parent,comparison,complex,comparison,compare_pipeline,complex,"school,comparison_target,major_or_program",
universities with strong psychology,advisor,filtered_search,medium,filter search,semantic_or_faceted_search,medium,major_or_program,
best engineering schools in California,parent,filtered_search,medium,filter search,semantic_or_faceted_search,medium,"major_or_program,location",
Cornell application deadlines,counselor_teacher,admissions_process,medium,admissions,faq_or_guidance,medium,"school,admissions_or_attribute_signal",
best computer science schools in warm states,college_student,filtered_search,medium,filter search,semantic_or_faceted_search,medium,"major_or_program,location",
University of Florida scholarships,college_student,cost_financial_aid,medium,cost aid,finance_guidance,medium,"school,location,cost_constraint",
Cornell vs Caltech for economics,advisor,comparison,complex,comparison,compare_pipeline,complex,"school,comparison_target,major_or_program",
do i need sat for MIT,advisor,admissions_process,medium,admissions,faq_or_guidance,medium,"school,admissions_or_attribute_signal",
affordable biology schools in the Midwest with good internships,advisor,multi_constraint,complex,multi constraint,foundry_multi_agent,complex,"major_or_program,location",
Harvard location,parent,attribute_lookup,medium,single attribute,typesense_plus_metadata,easy,school,
Columbia tuition,counselor_teacher,cost_financial_aid,medium,single attribute,finance_guidance,medium,"school,cost_constraint",intent:cost_pattern
affordable electrical engineering schools near the beach with good internships,advisor,multi_constraint,complex,multi constraint,foundry_multi_agent,complex,"major_or_program,location",
schools like Harvard but cheaper,advisor,rewrite_needed,complex,recommendation,rewrite_then_route,complex,"school,rewrite_cue",intent:rewrite_pattern
Rice University tuition vs Arizona State tuition,counselor_teacher,comparison,complex,comparison,compare_pipeline,complex,"school,comparison_target,cost_constraint",
medium-sized chemistry colleges near the beach low tuition,counselor_teacher,multi_constraint,complex,multi constraint,foundry_multi_agent,complex,"location,cost_constraint",
best nursing schools in Texas,advisor,filtered_search,medium,filter search,semantic_or_faceted_search,medium,"major_or_program,location",
Stanford application deadlines,advisor,admissions_process,medium,admissions,faq_or_guidance,medium,"school,admissions_or_attribute_signal",
MIT tuition vs USC tuition,parent,comparison,complex,comparison,compare_pipeline,complex,"school,comparison_target,cost_constraint",
schools like Carnegie Mellon but cheaper,counselor_teacher,rewrite_needed,complex,recommendation,rewrite_then_route,complex,"school,rewrite_cue",intent:rewrite_pattern
job placement for Rice University,advisor,career_outcomes,medium,single attribute,outcomes_pipeline,medium,"school,career_outcome_cue",intent:career_pattern
affordable psychology schools in California with good internships,college_student,multi_constraint,complex,multi constraint,foundry_multi_agent,complex,"major_or_program,location",
do i need sat for UC Berkeley,advisor,admissions_process,medium,admissions,faq_or_guidance,medium,"school,admissions_or_attribute_signal",
UC Berkeley tuition vs University of Florida tuition,parent,comparison,complex,comparison,compare_pipeline,complex,"school,comparison_target,location,cost_constraint",
University of Michigan average ACT,advisor,attribute_lookup,medium,single attribute,typesense_plus_metadata,easy,school,
what schools should i apply to for electrical engineering,parent,filtered_search,complex,recommendation,semantic_or_faceted_search,medium,major_or_program,intent:filtered_search_pattern
Brown vs Rice University,advisor,comparison,complex,comparison,compare_pipeline,complex,"school,comparison_target",
do i need sat for UT Austin,parent,admissions_process,medium,admissions,faq_or_guidance,medium,"school,admissions_or_attribute_signal",
how do i apply to UC Berkeley,advisor,admissions_process,medium,admissions,faq_or_guidance,medium,school,
colleges in the Midwest,counselor_teacher,filtered_search,medium,filter search,semantic_or_faceted_search,medium,location,
Brown job placement for business,parent,career_outcomes,medium,career outcomes,outcomes_pipeline,medium,"school,major_or_program,career_outcome_cue",
Harvard application deadlines,parent,admissions_process,medium,admissions,faq_or_guidance,medium,"school,admissions_or_attribute_signal",
recommend large colleges near Chicago for electrical engineering,advisor,recommendation,complex,recommendation,recommendation_workflow,complex,"major_or_program,location",
Penn State application deadlines,college_student,admissions_process,medium,admissions,faq_or_guidance,medium,"school,admissions_or_attribute_signal",
cheapest mechanical engineering schools near a tech hub,parent,filtered_search,medium,cost aid,semantic_or_faceted_search,medium,major_or_program,intent:filtered_search_pattern
cheapest philosophy schools near a tech hub,advisor,filtered_search,medium,cost aid,semantic_or_faceted_search,medium,,intent:filtered_search_pattern
universities with strong architecture,college_student,filtered_search,medium,filter search,semantic_or_faceted_search,medium,major_or_program,
Purdue but cheaper,advisor,rewrite_needed,complex,rewrite needed,rewrite_then_route,complex,"school,rewrite_cue",
cheapest mechanical engineering schools near Chicago,parent,filtered_search,medium,cost aid,semantic_or_faceted_search,medium,"major_or_program,location",intent:filtered_search_pattern
USC application deadlines,college_student,admissions_process,medium,admissions,faq_or_guidance,medium,"school,admissions_or_attribute_signal",
USC vs University of Michigan for mechanical engineering,college_student,comparison,complex,comparison,compare_pipeline,complex,"school,comparison_target,major_or_program",
colleges in California under 40k with strong research,college_student,multi_constraint,complex,multi constraint,foundry_multi_agent,complex,location,
NYU application deadlines,counselor_teacher,admissions_process,medium,admissions,faq_or_guidance,medium,"school,admissions_or_attribute_signal",
cheapest aerospace engineering schools near the beach,counselor_teacher,filtered_search,medium,cost aid,semantic_or_faceted_search,medium,"major_or_program,location",intent:filtered_search_pattern
affordable computer science schools near the beach with good internships,counselor_teacher,multi_constraint,complex,multi constraint,foundry_multi_agent,complex,"major_or_program,location",
universities with strong nursing,counselor_teacher,filtered_search,medium,filter search,semantic_or_faceted_search,medium,major_or_program,
best data science schools near a tech hub,advisor,filtered_search,medium,filter search,semantic_or_faceted_search,medium,,
best colleges for computer science job outcomes,counselor_teacher,career_outcomes,medium,career outcomes,outcomes_pipeline,medium,"major_or_program,career_outcome_cue",
recommend medium-sized colleges in warm states for economics,counselor_teacher,recommendation,complex,recommendation,recommendation_workflow,complex,"major_or_program,location",
mit,high_school_student,direct_lookup,short_circuit,simple entity,typesense_only,easy,school,persona:school_only_pattern
Rice University average SAT,college_student,admissions_process,medium,single attribute,faq_or_guidance,medium,"school,admissions_or_attribute_signal",intent:admissions_pattern
Arizona State application deadlines,counselor_teacher,admissions_process,medium,admissions,faq_or_guidance,medium,"school,admissions_or_attribute_signal",
cheapest architecture schools in California,parent,filtered_search,medium,cost aid,semantic_or_faceted_search,medium,"major_or_program,location",intent:filtered_search_pattern
MIT but cheaper,counselor_teacher,rewrite_needed,complex,rewrite needed,rewrite_then_route,complex,"school,rewrite_cue",
Arizona State vs Brown for engineering,college_student,comparison,complex,comparison,compare_pipeline,complex,"school,comparison_target,major_or_program",
affordable psychology schools in California with good internships,parent,multi_constraint,complex,multi constraint,foundry_multi_agent,complex,"major_or_program,location",
Brown acceptance rate,counselor_teacher,attribute_lookup,medium,single attribute,typesense_plus_metadata,easy,"school,admissions_or_attribute_signal",
University of Michigan financial aid,college_student,cost_financial_aid,medium,cost aid,finance_guidance,medium,"school,cost_constraint",
Stanford,high_school_student,direct_lookup,short_circuit,simple entity,typesense_only,easy,school,persona:school_only_pattern
what schools should i apply to for engineering,counselor_teacher,filtered_search,complex,recommendation,semantic_or_faceted_search,medium,major_or_program,intent:filtered_search_pattern
University of Michigan,high_school_student,direct_lookup,short_circuit,simple entity,typesense_only,easy,school,persona:school_only_pattern
medium-sized business colleges in warm states under 40k,counselor_teacher,filtered_search,complex,multi constraint,semantic_or_faceted_search,medium,"major_or_program,location",intent:filtered_search_pattern
universities with strong electrical engineering,college_student,filtered_search,medium,filter search,semantic_or_faceted_search,medium,major_or_program,
recommend small colleges in warm states for architecture,parent,recommendation,complex,recommendation,recommendation_workflow,complex,"major_or_program,location",
colleges near the beach good financial aid with strong research,college_student,multi_constraint,complex,multi constraint,foundry_multi_agent,complex,"location,cost_constraint",
colleges in California under 20k with strong research,college_student,multi_constraint,complex,multi constraint,foundry_multi_agent,complex,location,
NYU financial aid,college_student,cost_financial_aid,medium,cost aid,finance_guidance,medium,"school,cost_constraint",
research opportunities for UC Berkeley,counselor_teacher,attribute_lookup,medium,single attribute,typesense_plus_metadata,easy,school,
colleges near a tech hub under 30k with strong research,counselor_teacher,multi_constraint,complex,multi constraint,foundry_multi_agent,complex,,
universities with strong economics,advisor,filtered_search,medium,filter search,semantic_or_faceted_search,medium,major_or_program,
schools like Purdue but cheaper,advisor,rewrite_needed,complex,recommendation,rewrite_then_route,complex,"school,rewrite_cue",intent:rewrite_pattern
Arizona State job placement for psychology,counselor_teacher,career_outcomes,medium,career outcomes,outcomes_pipeline,medium,"school,major_or_program,career_outcome_cue",
research opportunities for Cornell,counselor_teacher,attribute_lookup,medium,single attribute,typesense_plus_metadata,easy,school,
cheapest psychology schools in Texas,advisor,filtered_search,medium,cost aid,semantic_or_faceted_search,medium,"major_or_program,location",intent:filtered_search_pattern
affordable nursing schools near a tech hub with good internships,college_student,multi_constraint,complex,multi constraint,foundry_multi_agent,complex,major_or_program,
schools like Georgia Tech but cheaper,counselor_teacher,rewrite_needed,complex,recommendation,rewrite_then_route,complex,"school,rewrite_cue",intent:rewrite_pattern
University of Washington tuition vs MIT tuition,parent,comparison,complex,comparison,compare_pipeline,complex,"school,comparison_target,cost_constraint",
do i need sat for Princeton,counselor_teacher,admissions_process,medium,admissions,faq_or_guidance,medium,"school,admissions_or_attribute_signal",
Arizona State scholarships,counselor_teacher,cost_financial_aid,medium,cost aid,finance_guidance,medium,"school,cost_constraint",
do i need sat for Brown,parent,admissions_process,medium,admissions,faq_or_guidance,medium,"school,admissions_or_attribute_signal",
affordable philosophy schools in California with good internships,counselor_teacher,multi_constraint,complex,multi constraint,foundry_multi_agent,complex,location,
caltech,advisor,direct_lookup,short_circuit,simple entity,typesense_only,easy,,
what schools should i apply to for biology,parent,filtered_search,complex,recommendation,semantic_or_faceted_search,medium,major_or_program,intent:filtered_search_pattern
research opportunities for Harvard,advisor,attribute_lookup,medium,single attribute,typesense_plus_metadata,easy,school,
UT Austin vs Harvard,counselor_teacher,comparison,complex,comparison,compare_pipeline,complex,"school,comparison_target",
how do i apply to University of Washington,counselor_teacher,admissions_process,medium,admissions,faq_or_guidance,medium,school,
Penn State application deadlines,advisor,admissions_process,medium,admissions,faq_or_guidance,medium,"school,admissions_or_attribute_signal",
best colleges for architecture job outcomes,college_student,career_outcomes,medium,career outcomes,outcomes_pipeline,medium,"major_or_program,career_outcome_cue",
how do i apply to Harvard,parent,admissions_process,medium,admissions,faq_or_guidance,medium,school,
affordable electrical engineering schools near Chicago with good internships,counselor_teacher,multi_constraint,complex,multi constraint,foundry_multi_agent,complex,"major_or_program,location",
best philosophy schools in warm states,parent,filtered_search,medium,filter search,semantic_or_faceted_search,medium,location,
does Arizona State have electrical engineering,counselor_teacher,attribute_lookup,medium,single attribute,typesense_plus_metadata,easy,"school,major_or_program",
best colleges for aerospace engineering job outcomes,parent,career_outcomes,medium,career outcomes,outcomes_pipeline,medium,"major_or_program,career_outcome_cue",
University of Michigan scholarships,counselor_teacher,cost_financial_aid,medium,cost aid,finance_guidance,medium,"school,cost_constraint",
recommend medium-sized colleges in Texas for nursing,advisor,recommendation,complex,recommendation,recommendation_workflow,complex,"major_or_program,location",
universities with strong nursing,advisor,filtered_search,medium,filter search,semantic_or_faceted_search,medium,major_or_program,
Caltech rankings,counselor_teacher,attribute_lookup,medium,single attribute,typesense_plus_metadata,easy,,
Penn State but cheaper,parent,rewrite_needed,complex,rewrite needed,rewrite_then_route,complex,"school,rewrite_cue",
USC campus culture,college_student,campus_life_fit,llm_needed,fit question,llm_advisory,complex,"school,fit_or_culture_cue",
Harvard vs Northwestern,advisor,comparison,complex,comparison,compare_pipeline,complex,"school,comparison_target",
colleges near a tech hub under 20k with strong research,counselor_teacher,multi_constraint,complex,multi constraint,foundry_multi_agent,complex,,
universities with strong data science,college_student,filtered_search,medium,filter search,semantic_or_faceted_search,medium,,
affordable electrical engineering schools near the beach with good internships,counselor_teacher,multi_constraint,complex,multi constraint,foundry_multi_agent,complex,"major_or_program,location",
Carnegie Mellon financial aid,college_student,cost_financial_aid,medium,cost aid,finance_guidance,medium,"school,cost_constraint",
do i need sat for Duke,college_student,admissions_process,medium,admissions,faq_or_guidance,medium,"school,admissions_or_attribute_signal",
how do i apply to Purdue,college_student,admissions_process,medium,admissions,faq_or_guidance,medium,school,
recommend medium-sized colleges near Chicago for mechanical engineering,parent,recommendation,complex,recommendation,recommendation_workflow,complex,"major_or_program,location",
UT Austin tuition vs Brown tuition,college_student,comparison,complex,comparison,compare_pipeline,complex,"school,comparison_target,cost_constraint",
brown,high_school_student,direct_lookup,short_circuit,simple entity,typesense_only,easy,school,persona:school_only_pattern
Virginia Tech application deadlines,college_student,admissions_process,medium,admissions,faq_or_guidance,medium,"school,admissions_or_attribute_signal",
schools like UT Austin but cheaper,college_student,rewrite_needed,complex,recommendation,rewrite_then_route,complex,"school,rewrite_cue",intent:rewrite_pattern
do i need sat for UCLA,counselor_teacher,admissions_process,medium,admissions,faq_or_guidance,medium,"school,admissions_or_attribute_signal",
Cornell internships,advisor,attribute_lookup,medium,single attribute,typesense_plus_metadata,easy,school,
Carnegie Mellon vs Arizona State,counselor_teacher,comparison,complex,comparison,compare_pipeline,complex,"school,comparison_target",
Rice University tuition vs UT Austin tuition,counselor_teacher,comparison,complex,comparison,compare_pipeline,complex,"school,comparison_target,cost_constraint",
best philosophy schools near Chicago,parent,filtered_search,medium,filter search,semantic_or_faceted_search,medium,location,
UC Berkeley,high_school_student,direct_lookup,short_circuit,simple entity,typesense_only,easy,school,persona:school_only_pattern
UT Austin tuition,counselor_teacher,cost_financial_aid,medium,single attribute,finance_guidance,medium,"school,cost_constraint",intent:cost_pattern
best colleges for mechanical engineering job outcomes,advisor,career_outcomes,medium,career outcomes,outcomes_pipeline,medium,"major_or_program,career_outcome_cue",
schools like UC Berkeley but cheaper,college_student,rewrite_needed,complex,recommendation,rewrite_then_route,complex,"school,rewrite_cue",intent:rewrite_pattern
recommend large colleges in the Midwest for chemistry,parent,recommendation,complex,recommendation,recommendation_workflow,complex,location,
large economics colleges near Chicago under 30k,parent,filtered_search,complex,multi constraint,semantic_or_faceted_search,medium,"major_or_program,location",intent:filtered_search_pattern
does Arizona State have electrical engineering,parent,attribute_lookup,medium,single attribute,typesense_plus_metadata,easy,"school,major_or_program",
small philosophy colleges near a tech hub low tuition,college_student,multi_constraint,complex,multi constraint,foundry_multi_agent,complex,cost_constraint,
affordable aerospace engineering schools near the beach with good internships,counselor_teacher,multi_constraint,complex,multi constraint,foundry_multi_agent,complex,"major_or_program,location",
internships for Stanford,college_student,attribute_lookup,medium,single attribute,typesense_plus_metadata,easy,school,
schools like Caltech but cheaper,counselor_teacher,rewrite_needed,complex,recommendation,rewrite_then_route,complex,rewrite_cue,intent:rewrite_pattern
best nursing schools in California,college_student,filtered_search,medium,filter search,semantic_or_faceted_search,medium,"major_or_program,location",
best biology schools in Texas,parent,filtered_search,medium,filter search,semantic_or_faceted_search,medium,"major_or_program,location",
universities with strong economics,counselor_teacher,filtered_search,medium,filter search,semantic_or_faceted_search,medium,major_or_program,
affordable biology schools in Texas with good internships,advisor,multi_constraint,complex,multi constraint,foundry_multi_agent,complex,"major_or_program,location",
best colleges for psychology job outcomes,advisor,career_outcomes,medium,career outcomes,outcomes_pipeline,medium,"major_or_program,career_outcome_cue",
colleges in warm states under 40k with strong research,counselor_teacher,multi_constraint,complex,multi constraint,foundry_multi_agent,complex,location,
universities with strong computer science,advisor,filtered_search,medium,filter search,semantic_or_faceted_search,medium,major_or_program,
Northwestern tuition vs Columbia tuition,parent,comparison,complex,comparison,compare_pipeline,complex,"school,comparison_target,cost_constraint",
schools like Duke but cheaper,counselor_teacher,rewrite_needed,complex,recommendation,rewrite_then_route,complex,"school,rewrite_cue",intent:rewrite_pattern
UT Austin,high_school_student,direct_lookup,short_circuit,simple entity,typesense_only,easy,school,persona:school_only_pattern
large economics colleges near the beach under 30k,advisor,filtered_search,complex,multi constraint,semantic_or_faceted_search,medium,"major_or_program,location",intent:filtered_search_pattern
Harvard housing,counselor_teacher,attribute_lookup,medium,single attribute,typesense_plus_metadata,easy,"school,admissions_or_attribute_signal",
usc,high_school_student,direct_lookup,short_circuit,simple entity,typesense_only,easy,school,persona:school_only_pattern
Duke job placement for psychology,college_student,career_outcomes,medium,career outcomes,outcomes_pipeline,medium,"school,major_or_program,career_outcome_cue",
schools like MIT but cheaper,college_student,rewrite_needed,complex,recommendation,rewrite_then_route,complex,"school,rewrite_cue",intent:rewrite_pattern
does Princeton have economics,advisor,attribute_lookup,medium,single attribute,typesense_plus_metadata,easy,"school,major_or_program",
UT Austin application deadlines,college_student,admissions_process,medium,admissions,faq_or_guidance,medium,"school,admissions_or_attribute_signal",
Purdue financial aid,advisor,cost_financial_aid,medium,single attribute,finance_guidance,medium,"school,cost_constraint",intent:cost_pattern
Princeton application deadlines,parent,admissions_process,medium,admissions,faq_or_guidance,medium,"school,admissions_or_attribute_signal",
affordable psychology schools in California with good internships,advisor,multi_constraint,complex,multi constraint,foundry_multi_agent,complex,"major_or_program,location",
small mechanical engineering colleges near Chicago low tuition,counselor_teacher,multi_constraint,complex,multi constraint,foundry_multi_agent,complex,"major_or_program,location,cost_constraint",
Virginia Tech financial aid,counselor_teacher,cost_financial_aid,medium,cost aid,finance_guidance,medium,"school,cost_constraint",
how do i apply to UCLA,parent,admissions_process,medium,admissions,faq_or_guidance,medium,school,
UC San Diego campus culture,counselor_teacher,campus_life_fit,llm_needed,fit question,llm_advisory,complex,fit_or_culture_cue,
affordable computer science schools near a tech hub with good internships,counselor_teacher,multi_constraint,complex,multi constraint,foundry_multi_agent,complex,major_or_program,
universities with strong chemistry,college_student,filtered_search,medium,filter search,semantic_or_faceted_search,medium,,
Harvard tuition vs Cornell tuition,college_student,comparison,complex,comparison,compare_pipeline,complex,"school,comparison_target,cost_constraint",
internships for Caltech,counselor_teacher,attribute_lookup,medium,single attribute,typesense_plus_metadata,easy,,
Harvard acceptance rate,counselor_teacher,attribute_lookup,medium,single attribute,typesense_plus_metadata,easy,"school,admissions_or_attribute_signal",
how do i apply to Carnegie Mellon,advisor,admissions_process,medium,admissions,faq_or_guidance,medium,school,
small mechanical engineering colleges near the beach under 20k,college_student,multi_constraint,complex,multi constraint,foundry_multi_agent,complex,"major_or_program,location",
research opportunities for University of Michigan,advisor,attribute_lookup,medium,single attribute,typesense_plus_metadata,easy,school,
Caltech vs Rice University for electrical engineering,parent,comparison,complex,comparison,compare_pipeline,complex,"school,comparison_target,major_or_program",
how do i apply to University of Florida,college_student,admissions_process,medium,admissions,faq_or_guidance,medium,"school,location",
University of Florida but cheaper,advisor,rewrite_needed,complex,rewrite needed,rewrite_then_route,complex,"school,location,rewrite_cue",
does MIT have biology,college_student,attribute_lookup,medium,single attribute,typesense_plus_metadata,easy,"school,major_or_program",
colleges in the Midwest under 40k with strong research,parent,multi_constraint,complex,multi constraint,foundry_multi_agent,complex,location,
cheapest architecture schools in California,advisor,filtered_search,medium,cost aid,semantic_or_faceted_search,medium,"major_or_program,location",intent:filtered_search_pattern
UT Austin application deadlines,advisor,admissions_process,medium,admissions,faq_or_guidance,medium,"school,admissions_or_attribute_signal",
University of Florida vs Princeton for business,counselor_teacher,comparison,complex,comparison,compare_pipeline,complex,"school,comparison_target,major_or_program,location",
colleges in warm states,college_student,filtered_search,medium,filter search,semantic_or_faceted_search,medium,location,
cheapest philosophy schools near Chicago,advisor,filtered_search,medium,cost aid,semantic_or_faceted_search,medium,location,intent:filtered_search_pattern
does Duke have data science,college_student,attribute_lookup,medium,single attribute,typesense_plus_metadata,easy,school,
recommend small colleges in Texas for computer science,counselor_teacher,recommendation,complex,recommendation,recommendation_workflow,complex,"major_or_program,location",
cheapest architecture schools near a tech hub,counselor_teacher,filtered_search,medium,cost aid,semantic_or_faceted_search,medium,major_or_program,intent:filtered_search_pattern
does UC Berkeley have biology,parent,attribute_lookup,medium,single attribute,typesense_plus_metadata,easy,"school,major_or_program",
recommend large colleges in California for computer science,advisor,recommendation,complex,recommendation,recommendation_workflow,complex,"major_or_program,location",
Harvard job placement for computer science,counselor_teacher,career_outcomes,medium,career outcomes,outcomes_pipeline,medium,"school,major_or_program,career_outcome_cue",
Brown scholarships,advisor,cost_financial_aid,medium,cost aid,finance_guidance,medium,"school,cost_constraint",
UCLA,high_school_student,direct_lookup,short_circuit,simple entity,typesense_only,easy,school,persona:school_only_pattern
schools like Princeton but cheaper,counselor_teacher,rewrite_needed,complex,recommendation,rewrite_then_route,complex,"school,rewrite_cue",intent:rewrite_pattern
Duke vs USC,college_student,comparison,complex,comparison,compare_pipeline,complex,"school,comparison_target",
how do i apply to Northwestern,parent,admissions_process,medium,admissions,faq_or_guidance,medium,school,
Harvard tuition vs Brown tuition,parent,comparison,complex,comparison,compare_pipeline,complex,"school,comparison_target,cost_constraint",
UC San Diego scholarships,college_student,cost_financial_aid,medium,cost aid,finance_guidance,medium,cost_constraint,
Caltech but cheaper,advisor,rewrite_needed,complex,rewrite needed,rewrite_then_route,complex,rewrite_cue,
rice university,high_school_student,direct_lookup,short_circuit,simple entity,typesense_only,easy,school,persona:school_only_pattern
housing for University of Michigan,counselor_teacher,attribute_lookup,medium,single attribute,typesense_plus_metadata,easy,"school,admissions_or_attribute_signal",
Purdue job placement for electrical engineering,parent,career_outcomes,medium,career outcomes,outcomes_pipeline,medium,"school,major_or_program,career_outcome_cue",
Caltech tuition vs Georgia Tech tuition,counselor_teacher,comparison,complex,comparison,compare_pipeline,complex,"school,comparison_target,cost_constraint",
Caltech vs Penn State,parent,comparison,complex,comparison,compare_pipeline,complex,"school,comparison_target",
affordable psychology schools in the Midwest with good internships,advisor,multi_constraint,complex,multi constraint,foundry_multi_agent,complex,"major_or_program,location",
arizona state,high_school_student,direct_lookup,short_circuit,simple entity,typesense_only,easy,school,persona:school_only_pattern
Caltech vs USC for chemistry,college_student,comparison,complex,comparison,compare_pipeline,complex,"school,comparison_target",
small philosophy colleges in California low tuition,counselor_teacher,multi_constraint,complex,multi constraint,foundry_multi_agent,complex,"location,cost_constraint",
job placement for Columbia,counselor_teacher,career_outcomes,medium,single attribute,outcomes_pipeline,medium,"school,career_outcome_cue",intent:career_pattern
Columbia tuition vs Harvard tuition,parent,comparison,complex,comparison,compare_pipeline,complex,"school,comparison_target,cost_constraint",
location for Purdue,counselor_teacher,attribute_lookup,medium,single attribute,typesense_plus_metadata,easy,school,
how do i apply to Stanford,college_student,admissions_process,medium,admissions,faq_or_guidance,medium,school,
universities with strong aerospace engineering,college_student,filtered_search,medium,filter search,semantic_or_faceted_search,medium,major_or_program,
Columbia vs Carnegie Mellon,advisor,comparison,complex,comparison,compare_pipeline,complex,"school,comparison_target",
recommend large colleges near a tech hub for aerospace engineering,advisor,recommendation,complex,recommendation,recommendation_workflow,complex,major_or_program,
Carnegie Mellon job placement for computer science,college_student,career_outcomes,medium,career outcomes,outcomes_pipeline,medium,"school,major_or_program,career_outcome_cue",
what schools should i apply to for business,college_student,filtered_search,complex,recommendation,semantic_or_faceted_search,medium,major_or_program,intent:filtered_search_pattern
recommend large colleges in California for business,college_student,recommendation,complex,recommendation,recommendation_workflow,complex,"major_or_program,location",
Stanford application deadlines,college_student,admissions_process,medium,admissions,faq_or_guidance,medium,"school,admissions_or_attribute_signal",
Princeton but cheaper,counselor_teacher,rewrite_needed,complex,rewrite needed,rewrite_then_route,complex,"school,rewrite_cue",
Cornell vs Caltech,parent,comparison,complex,comparison,compare_pipeline,complex,"school,comparison_target",
job placement for University of Florida,parent,career_outcomes,medium,single attribute,outcomes_pipeline,medium,"school,location,career_outcome_cue",intent:career_pattern
Columbia campus culture,college_student,campus_life_fit,llm_needed,fit question,llm_advisory,complex,"school,fit_or_culture_cue",
schools like Princeton but cheaper,parent,rewrite_needed,complex,recommendation,rewrite_then_route,complex,"school,rewrite_cue",intent:rewrite_pattern
UC Berkeley scholarships,counselor_teacher,cost_financial_aid,medium,cost aid,finance_guidance,medium,"school,cost_constraint",
housing for Rice University,parent,attribute_lookup,medium,single attribute,typesense_plus_metadata,easy,"school,admissions_or_attribute_signal",
Duke vs UC San Diego for economics,advisor,comparison,complex,comparison,compare_pipeline,complex,"school,comparison_target,major_or_program",
cheapest data science schools in California,college_student,filtered_search,medium,cost aid,semantic_or_faceted_search,medium,location,intent:filtered_search_pattern
Penn State tuition vs Cornell tuition,parent,comparison,complex,comparison,compare_pipeline,complex,"school,comparison_target,cost_constraint",
best colleges for electrical engineering job outcomes,parent,career_outcomes,medium,career outcomes,outcomes_pipeline,medium,"major_or_program,career_outcome_cue",
how do i apply to NYU,parent,admissions_process,medium,admissions,faq_or_guidance,medium,school,
UCLA vs University of Michigan,college_student,comparison,complex,comparison,compare_pipeline,complex,"school,comparison_target",
colleges in California under 20k with strong research,parent,multi_constraint,complex,multi constraint,foundry_multi_agent,complex,location,
how do i apply to UCLA,college_student,admissions_process,medium,admissions,faq_or_guidance,medium,school,
NYU job placement for economics,parent,career_outcomes,medium,career outcomes,outcomes_pipeline,medium,"school,major_or_program,career_outcome_cue",
Columbia vs Brown,advisor,comparison,complex,comparison,compare_pipeline,complex,"school,comparison_target",
University of Washington tuition vs USC tuition,counselor_teacher,comparison,complex,comparison,compare_pipeline,complex,"school,comparison_target,cost_constraint",
Columbia internships,counselor_teacher,attribute_lookup,medium,single attribute,typesense_plus_metadata,easy,school,
UT Austin campus culture,parent,campus_life_fit,llm_needed,fit question,llm_advisory,complex,"school,fit_or_culture_cue",
best colleges for economics job outcomes,advisor,career_outcomes,medium,career outcomes,outcomes_pipeline,medium,"major_or_program,career_outcome_cue",
UC Berkeley but cheaper,advisor,rewrite_needed,complex,rewrite needed,rewrite_then_route,complex,"school,rewrite_cue",
University of Washington,high_school_student,direct_lookup,short_circuit,simple entity,typesense_only,easy,school,persona:school_only_pattern
universities with strong computer science,parent,filtered_search,medium,filter search,semantic_or_faceted_search,medium,major_or_program,
UC San Diego but cheaper,advisor,rewrite_needed,complex,rewrite needed,rewrite_then_route,complex,rewrite_cue,
USC financial aid,advisor,cost_financial_aid,medium,cost aid,finance_guidance,medium,"school,cost_constraint",
location for Cornell,advisor,attribute_lookup,medium,single attribute,typesense_plus_metadata,easy,school,
housing for Purdue,college_student,attribute_lookup,medium,single attribute,typesense_plus_metadata,easy,"school,admissions_or_attribute_signal",
does UC San Diego have psychology,college_student,attribute_lookup,medium,single attribute,typesense_plus_metadata,easy,major_or_program,
small electrical engineering colleges in the Midwest low tuition,parent,multi_constraint,complex,multi constraint,foundry_multi_agent,complex,"major_or_program,location,cost_constraint",
best economics schools near a tech hub,parent,filtered_search,medium,filter search,semantic_or_faceted_search,medium,major_or_program,
colleges in the Midwest under 20k with strong research,counselor_teacher,multi_constraint,complex,multi constraint,foundry_multi_agent,complex,location,
Georgia Tech job placement for economics,counselor_teacher,career_outcomes,medium,career outcomes,outcomes_pipeline,medium,"school,major_or_program,career_outcome_cue",
affordable engineering schools in warm states with good internships,advisor,multi_constraint,complex,multi constraint,foundry_multi_agent,complex,"major_or_program,location",
recommend large colleges in Texas for economics,college_student,recommendation,complex,recommendation,recommendation_workflow,complex,"major_or_program,location",
what schools should i apply to for architecture,counselor_teacher,filtered_search,complex,recommendation,semantic_or_faceted_search,medium,major_or_program,intent:filtered_search_pattern
Rice University application deadlines,counselor_teacher,admissions_process,medium,admissions,faq_or_guidance,medium,"school,admissions_or_attribute_signal",
Columbia but cheaper,college_student,rewrite_needed,complex,rewrite needed,rewrite_then_route,complex,"school,rewrite_cue",
colleges near Chicago,advisor,filtered_search,medium,filter search,semantic_or_faceted_search,medium,location,
best aerospace engineering schools near Chicago,counselor_teacher,filtered_search,medium,filter search,semantic_or_faceted_search,medium,"major_or_program,location",
medium-sized nursing colleges near the beach under 30k,parent,filtered_search,complex,multi constraint,semantic_or_faceted_search,medium,"major_or_program,location",intent:filtered_search_pattern
schools like UT Austin but cheaper,parent,rewrite_needed,complex,recommendation,rewrite_then_route,complex,"school,rewrite_cue",intent:rewrite_pattern
recommend medium-sized colleges in Texas for architecture,college_student,recommendation,complex,recommendation,recommendation_workflow,complex,"major_or_program,location",
UC San Diego acceptance rate,college_student,attribute_lookup,medium,single attribute,typesense_plus_metadata,easy,admissions_or_attribute_signal,
api access for college partners,college_b2b,b2b_partnership,medium,B2B inquiry,b2b_workflow,medium,b2b_request_type,
recommend medium-sized colleges in warm states for architecture reach schools,college_student,recommendation,complex,needs recommendation/ranking,recommendation_workflow,complex,"major_or_program,location",
does Duke have nursing,parent,attribute_lookup,short_circuit,single attribute lookup,typesense_plus_metadata,easy,"school,major_or_program",
Harvard application deadlines,parent,admissions_process,medium,admissions/how-to,faq_or_guidance,medium,"school,admissions_or_attribute_signal",
cheapest finance schools in Texas,college_student,filtered_search,medium,cost and aid,semantic_or_faceted_search,medium,location,intent:filtered_search_pattern
what is the introvert-friendly culture at Cornell,high_school_student,campus_life_fit,llm_needed,subjective fit; likely needs LLM,llm_advisory,complex,"school,fit_or_culture_cue",
what is the food quality at UC San Diego,college_student,campus_life_fit,llm_needed,subjective fit; likely needs LLM,llm_advisory,complex,,
pricing for partner colleges,college_b2b,b2b_partnership,medium,B2B inquiry,b2b_workflow,medium,b2b_request_type,
Arizona State diversity vs Columbia diversity,parent,comparison,complex,comparison between entities,compare_pipeline,complex,"school,comparison_target",
what schools should i apply to for data science in Texas under 20k,parent,filtered_search,complex,needs recommendation/ranking,semantic_or_faceted_search,medium,location,intent:filtered_search_pattern
schools near Chicago with low student-to-faculty ratio,college_student,filtered_search,medium,faceted search: 1–2 filters,semantic_or_faceted_search,medium,location,
four year cost of Rice University including housing,parent,cost_financial_aid,short_circuit,simple entity lookup,finance_guidance,medium,"school,cost_constraint,admissions_or_attribute_signal",intent:four_year_cost_pattern
recommend small colleges in California for neuroscience safety schools,college_student,recommendation,complex,needs recommendation/ranking,recommendation_workflow,complex,"major_or_program,location",
schools with strong support for first generation students,counselor_teacher,filtered_search,medium,admissions/how-to,semantic_or_faceted_search,medium,,intent:first_gen_support_pattern
schools with strong support for first generation students,counselor_teacher,filtered_search,medium,faceted search: 1–2 filters,semantic_or_faceted_search,medium,,
schools like Penn State but cheaper,advisor,rewrite_needed,complex,needs recommendation/ranking,rewrite_then_route,complex,"school,rewrite_cue",intent:rewrite_pattern
NYU,high_school_student,direct_lookup,short_circuit,simple entity lookup,typesense_only,easy,school,
how do we update our school profile data,college_b2b,b2b_partnership,medium,B2B inquiry,b2b_workflow,medium,b2b_request_type,
request demo for our admissions team,college_b2b,b2b_partnership,medium,B2B inquiry,b2b_workflow,medium,"admissions_or_attribute_signal,b2b_request_type",
northwestern,high_school_student,direct_lookup,short_circuit,simple entity lookup,typesense_only,easy,school,persona:school_only_pattern
schools not Florida with low student-to-faculty ratio,advisor,filtered_search,medium,faceted search: 1–2 filters,semantic_or_faceted_search,medium,location,
do i need sat for Carnegie Mellon,parent,admissions_process,medium,admissions/how-to,faq_or_guidance,medium,"school,admissions_or_attribute_signal",
schools near the beach with low student-to-faculty ratio,high_school_student,filtered_search,medium,faceted search: 1–2 filters,semantic_or_faceted_search,medium,location,
affordable philosophy schools in Texas with good job placement,high_school_student,career_outcomes,complex,multi-constraint: requires multi-step filtering,outcomes_pipeline,medium,"location,career_outcome_cue",intent:career_pattern
Arizona State financial aid,counselor_teacher,cost_financial_aid,short_circuit,single attribute lookup,finance_guidance,medium,"school,cost_constraint",intent:cost_pattern
affordable architecture schools in Texas with good job placement,high_school_student,career_outcomes,complex,multi-constraint: requires multi-step filtering,outcomes_pipeline,medium,"major_or_program,location,career_outcome_cue",intent:career_pattern
Columbia housing guarantee beyond freshman year,parent,attribute_lookup,medium,cost and aid,typesense_plus_metadata,easy,"school,admissions_or_attribute_signal",intent:housing_guarantee_pattern
what schools should i apply to for public health near the beach full ride options,advisor,recommendation,complex,needs recommendation/ranking,recommendation_workflow,complex,"location,cost_constraint",
Columbia scholarships for international,parent,cost_financial_aid,medium,cost and aid,finance_guidance,medium,"school,cost_constraint",
do i need sat for UC Berkeley,high_school_student,admissions_process,medium,admissions/how-to,faq_or_guidance,medium,"school,admissions_or_attribute_signal",
does UCLA have nursing,parent,attribute_lookup,short_circuit,single attribute lookup,typesense_plus_metadata,easy,"school,major_or_program",
Harvard application deadlines,counselor_teacher,admissions_process,medium,admissions/how-to,faq_or_guidance,medium,"school,admissions_or_attribute_signal",
colleges where people dont care about football,college_student,filtered_search,llm_needed,subjective fit; likely needs LLM,semantic_or_faceted_search,medium,,intent:filtered_search_pattern
universities with strong neuroscience,high_school_student,filtered_search,medium,faceted search: 1–2 filters,semantic_or_faceted_search,medium,major_or_program,
average ACT for UT Austin,college_student,attribute_lookup,short_circuit,single attribute lookup,typesense_plus_metadata,easy,school,
small computer science colleges in California under 40k target schools,college_student,multi_constraint,complex,multi-constraint: requires multi-step filtering,foundry_multi_agent,complex,"major_or_program,location",
University of Florida vs Columbia,parent,comparison,llm_needed,comparison between entities,compare_pipeline,complex,"school,comparison_target,location",
financial aid for UC Berkeley,parent,cost_financial_aid,short_circuit,single attribute lookup,finance_guidance,medium,"school,cost_constraint",intent:cost_pattern
how do i apply to University of Wisconsin,counselor_teacher,admissions_process,medium,admissions/how-to,faq_or_guidance,medium,school,
colleges in Texas,advisor,filtered_search,medium,faceted search: 1–2 filters,semantic_or_faceted_search,medium,location,
create a balanced list: reach target safety for finance near Chicago full ride options,advisor,recommendation,complex,needs recommendation/ranking,recommendation_workflow,complex,"location,cost_constraint",
UC Irvine application deadlines,advisor,admissions_process,medium,admissions/how-to,faq_or_guidance,medium,admissions_or_attribute_signal,
does northwestern have study abroad,high_school_student,attribute_lookup,short_circuit,single attribute lookup,typesense_plus_metadata,easy,school,
Boston University scholarships for merit,college_student,cost_financial_aid,medium,cost and aid,finance_guidance,medium,"school,cost_constraint",
universities not Florida with business and philosophy good financial aid,advisor,multi_constraint,complex,multi-constraint: requires multi-step filtering,foundry_multi_agent,complex,"major_or_program,location,cost_constraint",
schools with normal people,advisor,campus_life_fit,complex,requires query rewrite to explicit constraints,llm_advisory,complex,fit_or_culture_cue,intent:campus_fit_pattern
Cornell application deadlines,parent,admissions_process,medium,admissions/how-to,faq_or_guidance,medium,"school,admissions_or_attribute_signal",
Northeastern scholarships for low income,parent,cost_financial_aid,medium,cost and aid,finance_guidance,medium,cost_constraint,
top pre-law schools near a major tech hub,college_student,filtered_search,medium,faceted search: 1–2 filters,semantic_or_faceted_search,medium,major_or_program,
how do i apply to University of Washington,parent,admissions_process,medium,admissions/how-to,faq_or_guidance,medium,school,
Northwestern scholarships,college_student,cost_financial_aid,short_circuit,single attribute lookup,finance_guidance,medium,"school,cost_constraint",intent:cost_pattern
universities near the beach with computer science and philosophy under 20k,advisor,multi_constraint,complex,multi-constraint: requires multi-step filtering,foundry_multi_agent,complex,"major_or_program,location",
best colleges for finance job outcomes,advisor,career_outcomes,medium,career outcomes,outcomes_pipeline,medium,career_outcome_cue,
rankings for UC Berkeley,counselor_teacher,attribute_lookup,short_circuit,single attribute lookup,typesense_plus_metadata,easy,school,
UC Berkeley vs UCLA for data science,college_student,comparison,complex,comparison between entities,compare_pipeline,complex,"school,comparison_target",
schools good for introverts,college_student,campus_life_fit,llm_needed,subjective fit; likely needs LLM,llm_advisory,complex,fit_or_culture_cue,
affordable psychology schools near the beach with good job placement,advisor,career_outcomes,complex,multi-constraint: requires multi-step filtering,outcomes_pipeline,medium,"major_or_program,location,career_outcome_cue",intent:career_pattern
cheapest pre-law schools near a major tech hub,high_school_student,filtered_search,medium,cost and aid,semantic_or_faceted_search,medium,major_or_program,intent:filtered_search_pattern
does University of Michigan have computer science,advisor,attribute_lookup,short_circuit,single attribute lookup,typesense_plus_metadata,easy,"school,major_or_program",
colleges near the beach under 40k with good dorms and strong internships,college_student,multi_constraint,complex,multi-constraint: requires multi-step filtering,foundry_multi_agent,complex,location,
affordable aerospace engineering schools in warm states with good job placement,high_school_student,career_outcomes,complex,multi-constraint: requires multi-step filtering,outcomes_pipeline,medium,"major_or_program,location,career_outcome_cue",intent:career_pattern
affordable aerospace engineering schools near Chicago with good job placement,parent,career_outcomes,complex,multi-constraint: requires multi-step filtering,outcomes_pipeline,medium,"major_or_program,location,career_outcome_cue",intent:career_pattern
best economics schools near a major tech hub,college_student,filtered_search,medium,faceted search: 1–2 filters,semantic_or_faceted_search,medium,major_or_program,
Penn State vs Harvard,counselor_teacher,comparison,llm_needed,comparison between entities,compare_pipeline,complex,"school,comparison_target",
recommend medium-sized colleges near Chicago for psychology not too competitive,counselor_teacher,recommendation,complex,needs recommendation/ranking,recommendation_workflow,complex,"major_or_program,location",
student-to-faculty ratio for Caltech,advisor,attribute_lookup,short_circuit,single attribute lookup,typesense_plus_metadata,easy,,
best colleges for pre-med job outcomes,counselor_teacher,career_outcomes,medium,career outcomes,outcomes_pipeline,medium,"major_or_program,career_outcome_cue",
schools with normal people,high_school_student,campus_life_fit,complex,requires query rewrite to explicit constraints,llm_advisory,complex,fit_or_culture_cue,intent:campus_fit_pattern
colleges in warm states under 20k with good dorms and strong internships,college_student,multi_constraint,complex,multi-constraint: requires multi-step filtering,foundry_multi_agent,complex,location,
University of Maryland housing guarantee beyond freshman year,parent,attribute_lookup,medium,single attribute lookup,typesense_plus_metadata,easy,"school,admissions_or_attribute_signal",
colleges in California,high_school_student,filtered_search,medium,faceted search: 1–2 filters,semantic_or_faceted_search,medium,location,
Carnegie Mellon application deadlines,advisor,admissions_process,medium,admissions/how-to,faq_or_guidance,medium,"school,admissions_or_attribute_signal",
best business schools near a major tech hub,high_school_student,filtered_search,medium,faceted search: 1–2 filters,semantic_or_faceted_search,medium,major_or_program,
Duke but cheaper,college_student,rewrite_needed,complex,requires query rewrite to explicit constraints,rewrite_then_route,complex,"school,rewrite_cue",
does Purdue have computer science,counselor_teacher,attribute_lookup,short_circuit,single attribute lookup,typesense_plus_metadata,easy,"school,major_or_program",
medium-sized pre-law colleges in warm states good financial aid reach schools,college_student,multi_constraint,complex,multi-constraint: requires multi-step filtering,foundry_multi_agent,complex,"major_or_program,location,cost_constraint",
recommend small colleges near a major tech hub for film target schools,parent,recommendation,complex,needs recommendation/ranking,recommendation_workflow,complex,major_or_program,
Columbia housing guarantee beyond freshman year,parent,attribute_lookup,medium,career outcomes,typesense_plus_metadata,easy,"school,admissions_or_attribute_signal",intent:housing_guarantee_pattern
good aerospace engineering schools in California,high_school_student,filtered_search,medium,faceted search: 1–2 filters,semantic_or_faceted_search,medium,"major_or_program,location",
UC Berkeley housing guarantee beyond freshman year,parent,attribute_lookup,medium,single attribute lookup,typesense_plus_metadata,easy,"school,admissions_or_attribute_signal",
Vanderbilt scholarships for international,parent,cost_financial_aid,medium,cost and aid,finance_guidance,medium,"school,cost_constraint",
schools near Chicago with low student-to-faculty ratio,counselor_teacher,filtered_search,medium,faceted search: 1–2 filters,semantic_or_faceted_search,medium,location,
do i need sat for Northwestern,counselor_teacher,admissions_process,medium,admissions/how-to,faq_or_guidance,medium,"school,admissions_or_attribute_signal",
how do i apply to cornell,high_school_student,admissions_process,medium,admissions/how-to,faq_or_guidance,medium,school,
Maryland,high_school_student,direct_lookup,short_circuit,simple entity lookup,typesense_only,easy,school,persona:school_only_pattern
colleges not Florida under 40k with good dorms and strong internships,high_school_student,multi_constraint,complex,multi-constraint: requires multi-step filtering,foundry_multi_agent,complex,location,
colleges with normal people,college_student,campus_life_fit,llm_needed,subjective fit; likely needs LLM,llm_advisory,complex,fit_or_culture_cue,
MIT party scene vs University of Wisconsin party scene,counselor_teacher,comparison,complex,comparison between entities,compare_pipeline,complex,"school,comparison_target",
does Boston University have pre-med advising,parent,attribute_lookup,short_circuit,single attribute lookup,typesense_plus_metadata,easy,"school,major_or_program",
MIT campus safety,college_student,attribute_lookup,short_circuit,single attribute lookup,typesense_plus_metadata,easy,school,
Cornell,high_school_student,direct_lookup,short_circuit,simple entity lookup,typesense_only,easy,school,persona:school_only_pattern
UC San Diego admissions profile average sat and gpa,counselor_teacher,admissions_process,short_circuit,single attribute lookup,faq_or_guidance,medium,admissions_or_attribute_signal,intent:admissions_profile_pattern
schools with strong support for first generation students,counselor_teacher,filtered_search,complex,multi-constraint: requires multi-step filtering,semantic_or_faceted_search,medium,,intent:first_gen_support_pattern
does Carnegie Mellon have computer science,advisor,attribute_lookup,short_circuit,single attribute lookup,typesense_plus_metadata,easy,"school,major_or_program",
UCLA admissions profile average sat and gpa,counselor_teacher,admissions_process,complex,needs recommendation/ranking,faq_or_guidance,medium,"school,admissions_or_attribute_signal",intent:admissions_profile_pattern
best colleges for chemistry job outcomes,advisor,career_outcomes,medium,career outcomes,outcomes_pipeline,medium,career_outcome_cue,
harvard but less stressful,parent,rewrite_needed,complex,requires query rewrite to explicit constraints,rewrite_then_route,complex,"school,rewrite_cue",
recommend medium-sized colleges not Florida for business target schools,parent,recommendation,complex,needs recommendation/ranking,recommendation_workflow,complex,"major_or_program,location",
best mechanical engineering schools near Chicago,college_student,filtered_search,medium,faceted search: 1–2 filters,semantic_or_faceted_search,medium,"major_or_program,location",
UC Berkeley scholarships for first gen,advisor,cost_financial_aid,medium,cost and aid,finance_guidance,medium,"school,cost_constraint",
harvard but less stressful,advisor,rewrite_needed,complex,requires query rewrite to explicit constraints,rewrite_then_route,complex,"school,rewrite_cue",
Purdue job placement for engineering,counselor_teacher,career_outcomes,medium,career outcomes,outcomes_pipeline,medium,"school,major_or_program,career_outcome_cue",
harvard but less stressful,college_student,rewrite_needed,complex,requires query rewrite to explicit constraints,rewrite_then_route,complex,"school,rewrite_cue",
Arizona State vs Brown,college_student,comparison,complex,comparison between entities,compare_pipeline,complex,"school,comparison_target",
does UT Austin have nursing,advisor,attribute_lookup,short_circuit,single attribute lookup,typesense_plus_metadata,easy,"school,major_or_program",
MIT vs University of Maryland,advisor,comparison,complex,comparison between entities,compare_pipeline,complex,"school,comparison_target",
do i need sat for University of Michigan,high_school_student,admissions_process,medium,admissions/how-to,faq_or_guidance,medium,"school,admissions_or_attribute_signal",
UCLA scholarships for first gen,advisor,cost_financial_aid,medium,cost and aid,finance_guidance,medium,"school,cost_constraint",
universities in Texas with engineering and philosophy full ride options,college_student,multi_constraint,llm_needed,multi-constraint: requires multi-step filtering,foundry_multi_agent,complex,"major_or_program,location,cost_constraint",
financial aid for Brown,counselor_teacher,cost_financial_aid,short_circuit,single attribute lookup,finance_guidance,medium,"school,cost_constraint",intent:cost_pattern
study abroad for Princeton,parent,attribute_lookup,short_circuit,single attribute lookup,typesense_plus_metadata,easy,school,
Duke job placement for business,college_student,career_outcomes,medium,career outcomes,outcomes_pipeline,medium,"school,major_or_program,career_outcome_cue",
cheapest pre-law schools near Chicago,parent,filtered_search,medium,cost and aid,semantic_or_faceted_search,medium,"major_or_program,location",intent:filtered_search_pattern
Rice University housing guarantee beyond freshman year,parent,attribute_lookup,complex,multi-constraint: requires multi-step filtering,typesense_plus_metadata,easy,"school,admissions_or_attribute_signal",intent:housing_guarantee_pattern
Virginia Tech job placement for pre-law,counselor_teacher,career_outcomes,medium,career outcomes,outcomes_pipeline,medium,"school,major_or_program,career_outcome_cue",
affordable mechanical engineering schools in warm states with good job placement,high_school_student,career_outcomes,complex,multi-constraint: requires multi-step filtering,outcomes_pipeline,medium,"major_or_program,location,career_outcome_cue",intent:career_pattern
create a balanced list: reach target safety for computer science near Chicago good financial aid,advisor,recommendation,complex,needs recommendation/ranking,recommendation_workflow,complex,"major_or_program,location,cost_constraint",
how to lower college costs without loans,parent,cost_financial_aid,medium,cost and aid,finance_guidance,medium,,
affordable engineering schools near the beach with good job placement,counselor_teacher,career_outcomes,complex,multi-constraint: requires multi-step filtering,outcomes_pipeline,medium,"major_or_program,location,career_outcome_cue",intent:career_pattern
best colleges for architecture job outcomes,high_school_student,career_outcomes,medium,career outcomes,outcomes_pipeline,medium,"major_or_program,career_outcome_cue",
schools like Brown but cheaper,college_student,rewrite_needed,complex,needs recommendation/ranking,rewrite_then_route,complex,"school,rewrite_cue",intent:rewrite_pattern
cheapest mechanical engineering schools in California,college_student,filtered_search,medium,cost and aid,semantic_or_faceted_search,medium,"major_or_program,location",intent:filtered_search_pattern
boston university,high_school_student,direct_lookup,short_circuit,simple entity lookup,typesense_only,easy,school,
schools like Carnegie Mellon but cheaper,parent,rewrite_needed,complex,needs recommendation/ranking,rewrite_then_route,complex,"school,rewrite_cue",intent:rewrite_pattern
four year cost of Harvard including housing,parent,cost_financial_aid,complex,needs recommendation/ranking,finance_guidance,medium,"school,cost_constraint,admissions_or_attribute_signal",intent:four_year_cost_pattern
universities with strong economics,college_student,filtered_search,medium,faceted search: 1–2 filters,semantic_or_faceted_search,medium,major_or_program,
affordable public health schools near a major tech hub with good job placement,high_school_student,career_outcomes,complex,multi-constraint: requires multi-step filtering,outcomes_pipeline,medium,career_outcome_cue,intent:career_pattern
USC scholarships for international,college_student,cost_financial_aid,medium,cost and aid,finance_guidance,medium,"school,cost_constraint",
University of Maryland admissions profile average sat and gpa,counselor_teacher,admissions_process,medium,cost and aid,faq_or_guidance,medium,"school,admissions_or_attribute_signal",intent:admissions_profile_pattern
affordable pre-law schools near Chicago with good job placement,counselor_teacher,career_outcomes,complex,multi-constraint: requires multi-step filtering,outcomes_pipeline,medium,"major_or_program,location,career_outcome_cue",intent:career_pattern
universities in Texas with pre-law and philosophy full ride options,college_student,multi_constraint,llm_needed,multi-constraint: requires multi-step filtering,foundry_multi_agent,complex,"major_or_program,location,cost_constraint",
cheapest psychology schools near a major tech hub,high_school_student,filtered_search,medium,cost and aid,semantic_or_faceted_search,medium,major_or_program,intent:filtered_search_pattern
study abroad for georgia tech,high_school_student,attribute_lookup,short_circuit,single attribute lookup,typesense_plus_metadata,easy,school,
does University of Florida have computer science,college_student,attribute_lookup,short_circuit,single attribute lookup,typesense_plus_metadata,easy,"school,major_or_program,location",
schools like Virginia Tech but cheaper,counselor_teacher,rewrite_needed,llm_needed,needs recommendation/ranking,rewrite_then_route,complex,"school,rewrite_cue",intent:rewrite_pattern
Stanford admissions profile average sat and gpa,counselor_teacher,admissions_process,medium,faceted search: 1–2 filters,faq_or_guidance,medium,"school,admissions_or_attribute_signal",intent:admissions_profile_pattern
affordable public health schools near a major tech hub with good job placement,parent,career_outcomes,complex,multi-constraint: requires multi-step filtering,outcomes_pipeline,medium,career_outcome_cue,intent:career_pattern
Washington,counselor_teacher,direct_lookup,short_circuit,simple entity lookup,typesense_only,easy,,
universities in warm states with political science and philosophy good financial aid,college_student,multi_constraint,complex,multi-constraint: requires multi-step filtering,foundry_multi_agent,complex,"location,cost_constraint",
do i need sat for UC Berkeley,parent,admissions_process,medium,admissions/how-to,faq_or_guidance,medium,"school,admissions_or_attribute_signal",
good film schools in Texas,high_school_student,filtered_search,medium,faceted search: 1–2 filters,semantic_or_faceted_search,medium,"major_or_program,location",
schools not Florida with low student-to-faculty ratio,parent,filtered_search,medium,faceted search: 1–2 filters,semantic_or_faceted_search,medium,location,
Caltech sports culture vs University of Maryland sports culture,high_school_student,comparison,complex,comparison between entities,compare_pipeline,complex,"school,comparison_target,fit_or_culture_cue",
location for MIT,counselor_teacher,attribute_lookup,short_circuit,single attribute lookup,typesense_plus_metadata,easy,school,
Penn State,high_school_student,direct_lookup,medium,simple entity lookup,typesense_only,easy,school,persona:school_only_pattern
University of Maryland housing guarantee beyond freshman year,parent,attribute_lookup,complex,multi-constraint: requires multi-step filtering,typesense_plus_metadata,easy,"school,admissions_or_attribute_signal",intent:housing_guarantee_pattern
housing policy for MIT,parent,attribute_lookup,short_circuit,single attribute lookup,typesense_plus_metadata,easy,"school,admissions_or_attribute_signal",
UC Berkeley scholarships for low income,parent,cost_financial_aid,medium,cost and aid,finance_guidance,medium,"school,cost_constraint",
Brown,high_school_student,direct_lookup,short_circuit,simple entity lookup,typesense_only,easy,school,persona:school_only_pattern
Northwestern food quality vs USC food quality,advisor,comparison,complex,comparison between entities,compare_pipeline,complex,"school,comparison_target",
Cornell job placement for economics,parent,career_outcomes,medium,career outcomes,outcomes_pipeline,medium,"school,major_or_program,career_outcome_cue",
Columbia vs University of Michigan,counselor_teacher,comparison,complex,comparison between entities,compare_pipeline,complex,"school,comparison_target",
cheapest philosophy schools near Chicago,high_school_student,filtered_search,medium,cost and aid,semantic_or_faceted_search,medium,location,intent:filtered_search_pattern
MIT rankings,college_student,attribute_lookup,medium,single attribute lookup,typesense_plus_metadata,easy,school,
best colleges for electrical engineering job outcomes,high_school_student,career_outcomes,medium,career outcomes,outcomes_pipeline,medium,"major_or_program,career_outcome_cue",
universities with strong psychology,parent,filtered_search,medium,faceted search: 1–2 filters,semantic_or_faceted_search,medium,major_or_program,
does UT Austin have computer science,counselor_teacher,attribute_lookup,short_circuit,single attribute lookup,typesense_plus_metadata,easy,"school,major_or_program",
Carnegie Mellon housing policy,parent,attribute_lookup,short_circuit,single attribute lookup,typesense_plus_metadata,easy,"school,admissions_or_attribute_signal",
does Carnegie Mellon have computer science,college_student,attribute_lookup,short_circuit,single attribute lookup,typesense_plus_metadata,easy,"school,major_or_program",
UCLA application deadlines,college_student,admissions_process,medium,admissions/how-to,faq_or_guidance,medium,"school,admissions_or_attribute_signal",
schools like University of Maryland but cheaper,college_student,rewrite_needed,complex,needs recommendation/ranking,rewrite_then_route,complex,"school,rewrite_cue",intent:rewrite_pattern
does Stanford have pre-med advising,college_student,attribute_lookup,short_circuit,single attribute lookup,typesense_plus_metadata,easy,"school,major_or_program",
affordable biology schools not Florida with good job placement,college_student,career_outcomes,complex,multi-constraint: requires multi-step filtering,outcomes_pipeline,medium,"major_or_program,location,career_outcome_cue",intent:career_pattern
how to lower college costs without loans,high_school_student,cost_financial_aid,medium,cost and aid,finance_guidance,medium,,
cheapest business schools in california,high_school_student,filtered_search,medium,cost and aid,semantic_or_faceted_search,medium,"major_or_program,location",intent:filtered_search_pattern
create a balanced list: reach target safety for pre-med in Texas low tuition,advisor,career_outcomes,medium,career outcomes,outcomes_pipeline,medium,"major_or_program,location,cost_constraint",
Cornell financial aid,college_student,cost_financial_aid,short_circuit,single attribute lookup,finance_guidance,medium,"school,cost_constraint",intent:cost_pattern
does Northeastern have computer science,college_student,attribute_lookup,short_circuit,single attribute lookup,typesense_plus_metadata,easy,major_or_program,
does USC have pre-med advising,parent,attribute_lookup,short_circuit,single attribute lookup,typesense_plus_metadata,easy,"school,major_or_program",
what is the food quality at Columbia,high_school_student,campus_life_fit,llm_needed,subjective fit; likely needs LLM,llm_advisory,complex,school,
mit without the suffering,college_student,rewrite_needed,complex,requires query rewrite to explicit constraints,rewrite_then_route,complex,"school,rewrite_cue",
affordable architecture schools near the beach with good job placement,high_school_student,career_outcomes,complex,multi-constraint: requires multi-step filtering,outcomes_pipeline,medium,"major_or_program,location,career_outcome_cue",intent:career_pattern
Columbia job placement for psychology,advisor,career_outcomes,medium,career outcomes,outcomes_pipeline,medium,"school,major_or_program,career_outcome_cue",
cheapest nursing schools near Chicago,parent,filtered_search,medium,cost and aid,semantic_or_faceted_search,medium,"major_or_program,location",intent:filtered_search_pattern
create a balanced list: reach target safety for business near a major tech hub under 30k,advisor,campus_life_fit,llm_needed,subjective fit; likely needs LLM,llm_advisory,complex,major_or_program,
best colleges for psychology job outcomes,high_school_student,career_outcomes,medium,career outcomes,outcomes_pipeline,medium,"major_or_program,career_outcome_cue",
schools with strong support for first generation students,counselor_teacher,filtered_search,complex,needs recommendation/ranking,semantic_or_faceted_search,medium,,intent:first_gen_support_pattern
UCLA housing guarantee beyond freshman year,parent,attribute_lookup,medium,admissions/how-to,typesense_plus_metadata,easy,"school,admissions_or_attribute_signal",intent:housing_guarantee_pattern
universities with strong business,counselor_teacher,filtered_search,medium,faceted search: 1–2 filters,semantic_or_faceted_search,medium,major_or_program,
best political science schools not Florida,high_school_student,filtered_search,medium,faceted search: 1–2 filters,semantic_or_faceted_search,medium,location,
schools with normal people,college_student,campus_life_fit,complex,requires query rewrite to explicit constraints,llm_advisory,complex,fit_or_culture_cue,intent:campus_fit_pattern
Georgia Tech vs UC San Diego,parent,comparison,complex,comparison between entities,compare_pipeline,complex,"school,comparison_target",
clubs for UT Austin,college_student,attribute_lookup,short_circuit,single attribute lookup,typesense_plus_metadata,easy,school,
schools in Texas with low student-to-faculty ratio,counselor_teacher,filtered_search,medium,faceted search: 1–2 filters,semantic_or_faceted_search,medium,location,
top computer science schools in California,advisor,filtered_search,medium,faceted search: 1–2 filters,semantic_or_faceted_search,medium,"major_or_program,location",
recommend large colleges near the beach for mechanical engineering target schools,advisor,recommendation,complex,needs recommendation/ranking,recommendation_workflow,complex,"major_or_program,location",
top chemistry schools not Florida,advisor,filtered_search,medium,faceted search: 1–2 filters,semantic_or_faceted_search,medium,location,
UT Austin vs Princeton,high_school_student,comparison,complex,comparison between entities,compare_pipeline,complex,"school,comparison_target",
do i need sat for Georgia Tech,high_school_student,admissions_process,medium,admissions/how-to,faq_or_guidance,medium,"school,admissions_or_attribute_signal",
four year cost of NYU including housing,parent,cost_financial_aid,llm_needed,comparison between entities,finance_guidance,medium,"school,cost_constraint,admissions_or_attribute_signal",intent:four_year_cost_pattern
UC Irvine admissions profile average sat and gpa,counselor_teacher,admissions_process,medium,career outcomes,faq_or_guidance,medium,admissions_or_attribute_signal,intent:admissions_profile_pattern
how to lower college costs without loans,college_student,cost_financial_aid,medium,cost and aid,finance_guidance,medium,,
Georgia Tech job placement for pre-med,counselor_teacher,career_outcomes,medium,career outcomes,outcomes_pipeline,medium,"school,major_or_program,career_outcome_cue",
Duke admissions profile average sat and gpa,counselor_teacher,admissions_process,medium,faceted search: 1–2 filters,faq_or_guidance,medium,"school,admissions_or_attribute_signal",intent:admissions_profile_pattern
does Virginia Tech have nursing,parent,attribute_lookup,short_circuit,single attribute lookup,typesense_plus_metadata,easy,"school,major_or_program",
what is the food quality at arizona state,high_school_student,campus_life_fit,llm_needed,subjective fit; likely needs LLM,llm_advisory,complex,school,
colleges not Florida,advisor,filtered_search,medium,faceted search: 1–2 filters,semantic_or_faceted_search,medium,location,
does Virginia Tech have pre-med advising,advisor,attribute_lookup,short_circuit,single attribute lookup,typesense_plus_metadata,easy,"school,major_or_program",
Brown job placement for pre-med,advisor,career_outcomes,medium,career outcomes,outcomes_pipeline,medium,"school,major_or_program,career_outcome_cue",
cheapest aerospace engineering schools not Florida,advisor,filtered_search,medium,cost and aid,semantic_or_faceted_search,medium,"major_or_program,location",intent:filtered_search_pattern
create a balanced list: reach target safety for aerospace engineering in Texas under 20k,advisor,attribute_lookup,short_circuit,single attribute lookup,typesense_plus_metadata,easy,"major_or_program,location",
financial aid for Rice University,counselor_teacher,cost_financial_aid,short_circuit,single attribute lookup,finance_guidance,medium,"school,cost_constraint",intent:cost_pattern
cheapest neuroscience schools not Florida,college_student,filtered_search,medium,cost and aid,semantic_or_faceted_search,medium,"major_or_program,location",intent:filtered_search_pattern
top architecture schools near Chicago,parent,filtered_search,medium,faceted search: 1–2 filters,semantic_or_faceted_search,medium,"major_or_program,location",
recommend large colleges near a major tech hub for computer science safety schools,parent,recommendation,complex,needs recommendation/ranking,recommendation_workflow,complex,major_or_program,
Harvard,high_school_student,direct_lookup,short_circuit,simple entity lookup,typesense_only,easy,school,persona:school_only_pattern
do i need sat for USC,counselor_teacher,admissions_process,medium,admissions/how-to,faq_or_guidance,medium,"school,admissions_or_attribute_signal",
affordable business schools near a major tech hub with good job placement,advisor,career_outcomes,complex,multi-constraint: requires multi-step filtering,outcomes_pipeline,medium,"major_or_program,career_outcome_cue",intent:career_pattern
affordable biology schools near a major tech hub with good job placement,college_student,career_outcomes,complex,multi-constraint: requires multi-step filtering,outcomes_pipeline,medium,"major_or_program,career_outcome_cue",intent:career_pattern
schools with strong support for first generation students,counselor_teacher,filtered_search,complex,comparison between entities,semantic_or_faceted_search,medium,,intent:first_gen_support_pattern
top mechanical engineering schools in California,college_student,filtered_search,medium,faceted search: 1–2 filters,semantic_or_faceted_search,medium,"major_or_program,location",
affordable aerospace engineering schools in California with good job placement,parent,career_outcomes,complex,multi-constraint: requires multi-step filtering,outcomes_pipeline,medium,"major_or_program,location,career_outcome_cue",intent:career_pattern
what schools should i apply to for nursing near a major tech hub under 30k,college_student,filtered_search,complex,needs recommendation/ranking,semantic_or_faceted_search,medium,major_or_program,intent:filtered_search_pattern
colleges in California under 40k with good dorms and strong internships,parent,multi_constraint,complex,multi-constraint: requires multi-step filtering,foundry_multi_agent,complex,location,
Rice University vs Princeton for mechanical engineering,college_student,comparison,complex,comparison between entities,compare_pipeline,complex,"school,comparison_target,major_or_program",
best colleges for neuroscience job outcomes,counselor_teacher,career_outcomes,medium,career outcomes,outcomes_pipeline,medium,"major_or_program,career_outcome_cue",
how do i apply to Rice University,advisor,admissions_process,medium,admissions/how-to,faq_or_guidance,medium,school,
cheapest nursing schools near a major tech hub,advisor,filtered_search,medium,cost and aid,semantic_or_faceted_search,medium,major_or_program,intent:filtered_search_pattern
NYU application deadlines,parent,admissions_process,medium,admissions/how-to,faq_or_guidance,medium,"school,admissions_or_attribute_signal",
do i need sat for UC San Diego,counselor_teacher,admissions_process,medium,admissions/how-to,faq_or_guidance,medium,admissions_or_attribute_signal,
do i need sat for University of Wisconsin,parent,admissions_process,medium,admissions/how-to,faq_or_guidance,medium,"school,admissions_or_attribute_signal",
financial aid for Cornell,high_school_student,cost_financial_aid,medium,single attribute lookup,finance_guidance,medium,"school,cost_constraint",intent:cost_pattern
does UC San Diego have computer science,counselor_teacher,attribute_lookup,short_circuit,single attribute lookup,typesense_plus_metadata,easy,major_or_program,
does northeastern have pre-med advising,high_school_student,attribute_lookup,short_circuit,single attribute lookup,typesense_plus_metadata,easy,major_or_program,
affordable philosophy schools not Florida with good job placement,counselor_teacher,career_outcomes,complex,multi-constraint: requires multi-step filtering,outcomes_pipeline,medium,"location,career_outcome_cue",intent:career_pattern
Arizona State but cheaper,advisor,rewrite_needed,complex,requires query rewrite to explicit constraints,rewrite_then_route,complex,"school,rewrite_cue",
colleges near a major tech hub,advisor,filtered_search,medium,faceted search: 1–2 filters,semantic_or_faceted_search,medium,,
schools like Purdue but cheaper,high_school_student,rewrite_needed,complex,needs recommendation/ranking,rewrite_then_route,complex,"school,rewrite_cue",intent:rewrite_pattern
does UT Austin have nursing,parent,attribute_lookup,short_circuit,single attribute lookup,typesense_plus_metadata,easy,"school,major_or_program",
recommend large colleges in California for philosophy safety schools,parent,recommendation,llm_needed,needs recommendation/ranking,recommendation_workflow,complex,location,
Arizona State application deadlines,high_school_student,admissions_process,medium,admissions/how-to,faq_or_guidance,medium,"school,admissions_or_attribute_signal",
four year cost of Duke including housing,parent,cost_financial_aid,complex,comparison between entities,finance_guidance,medium,"school,cost_constraint,admissions_or_attribute_signal",intent:four_year_cost_pattern
Brown vs Caltech for chemistry,advisor,comparison,complex,comparison between entities,compare_pipeline,complex,"school,comparison_target",
MIT application deadlines,high_school_student,admissions_process,medium,admissions/how-to,faq_or_guidance,medium,"school,admissions_or_attribute_signal",
schools near Chicago with low student-to-faculty ratio,high_school_student,filtered_search,medium,faceted search: 1–2 filters,semantic_or_faceted_search,medium,location,
cheapest pre-med schools in Texas,college_student,filtered_search,medium,cost and aid,semantic_or_faceted_search,medium,"major_or_program,location",intent:filtered_search_pattern
Northwestern admissions profile average sat and gpa,counselor_teacher,admissions_process,medium,cost and aid,faq_or_guidance,medium,"school,admissions_or_attribute_signal",intent:admissions_profile_pattern
university of wisconsin,high_school_student,direct_lookup,short_circuit,simple entity lookup,typesense_only,easy,school,
research opportunities for Purdue,counselor_teacher,attribute_lookup,short_circuit,single attribute lookup,typesense_plus_metadata,easy,school,
colleges near Chicago,counselor_teacher,filtered_search,medium,faceted search: 1–2 filters,semantic_or_faceted_search,medium,location,
Rice University scholarships for merit,counselor_teacher,cost_financial_aid,medium,cost and aid,finance_guidance,medium,"school,cost_constraint",
universities not florida with film and philosophy full ride options,high_school_student,multi_constraint,llm_needed,multi-constraint: requires multi-step filtering,foundry_multi_agent,complex,"major_or_program,location,cost_constraint",
create a balanced list: reach target safety for chemistry in California under 30k,advisor,comparison,complex,comparison between entities,compare_pipeline,complex,location,
Duke vs Penn State,high_school_student,comparison,complex,comparison between entities,compare_pipeline,complex,"school,comparison_target",
recommend large colleges near a major tech hub for psychology reach schools,advisor,recommendation,complex,needs recommendation/ranking,recommendation_workflow,complex,major_or_program,
do i need sat for Caltech,advisor,admissions_process,medium,admissions/how-to,faq_or_guidance,medium,admissions_or_attribute_signal,
medium-sized chemistry colleges near the beach full ride options not too competitive,college_student,multi_constraint,complex,multi-constraint: requires multi-step filtering,foundry_multi_agent,complex,"location,cost_constraint",
what schools should i apply to for finance in Texas under 20k,high_school_student,filtered_search,complex,needs recommendation/ranking,semantic_or_faceted_search,medium,location,intent:filtered_search_pattern
UC Berkeley housing guarantee beyond freshman year,parent,attribute_lookup,medium,cost and aid,typesense_plus_metadata,easy,"school,admissions_or_attribute_signal",intent:housing_guarantee_pattern
harvard vs georgia tech,high_school_student,comparison,complex,comparison between entities,compare_pipeline,complex,"school,comparison_target",
colleges near a major tech hub,parent,filtered_search,medium,faceted search: 1–2 filters,semantic_or_faceted_search,medium,,
schools like Harvard but cheaper,parent,rewrite_needed,complex,needs recommendation/ranking,rewrite_then_route,complex,"school,rewrite_cue",intent:rewrite_pattern
what is the sports culture at Columbia,parent,campus_life_fit,llm_needed,subjective fit; likely needs LLM,llm_advisory,complex,"school,fit_or_culture_cue",
USC admissions profile average sat and gpa,counselor_teacher,admissions_process,medium,simple entity lookup,faq_or_guidance,medium,"school,admissions_or_attribute_signal",intent:admissions_profile_pattern
affordable psychology schools in Texas with good job placement,counselor_teacher,career_outcomes,complex,multi-constraint: requires multi-step filtering,outcomes_pipeline,medium,"major_or_program,location,career_outcome_cue",intent:career_pattern
NYU vs USC,college_student,comparison,complex,comparison between entities,compare_pipeline,complex,"school,comparison_target",
schools good for introverts,high_school_student,campus_life_fit,llm_needed,subjective fit; likely needs LLM,llm_advisory,complex,fit_or_culture_cue,
schools near the beach with low student-to-faculty ratio,counselor_teacher,filtered_search,medium,faceted search: 1–2 filters,semantic_or_faceted_search,medium,location,
Carnegie Mellon scholarships for international,parent,cost_financial_aid,medium,cost and aid,finance_guidance,medium,"school,cost_constraint",
create a balanced list: reach target safety for computer science near the beach under 40k,advisor,career_outcomes,medium,career outcomes,outcomes_pipeline,medium,"major_or_program,location",
large data science colleges near a major tech hub under 40k safety schools,high_school_student,filtered_search,complex,multi-constraint: requires multi-step filtering,semantic_or_faceted_search,medium,,intent:filtered_search_pattern
research opportunities for UT Austin,advisor,attribute_lookup,short_circuit,single attribute lookup,typesense_plus_metadata,easy,school,
UT Austin scholarships for international,advisor,cost_financial_aid,medium,cost and aid,finance_guidance,medium,"school,cost_constraint",
UC Irvine scholarships for international,high_school_student,cost_financial_aid,medium,cost and aid,finance_guidance,medium,cost_constraint,
Virginia Tech job placement for nursing,college_student,career_outcomes,medium,career outcomes,outcomes_pipeline,medium,"school,major_or_program,career_outcome_cue",
University of Florida,high_school_student,direct_lookup,short_circuit,simple entity lookup,typesense_only,easy,"school,location",persona:school_only_pattern
Boston University party scene vs Northwestern party scene,parent,comparison,complex,comparison between entities,compare_pipeline,complex,"school,comparison_target",
large engineering colleges in Texas under 30k target schools,advisor,filtered_search,complex,multi-constraint: requires multi-step filtering,semantic_or_faceted_search,medium,"major_or_program,location",intent:filtered_search_pattern
affordable mechanical engineering schools near Chicago with good job placement,parent,career_outcomes,complex,multi-constraint: requires multi-step filtering,outcomes_pipeline,medium,"major_or_program,location,career_outcome_cue",intent:career_pattern
Princeton internship placement,high_school_student,career_outcomes,short_circuit,single attribute lookup,outcomes_pipeline,medium,"school,career_outcome_cue",intent:career_pattern
cheapest computer science schools not Florida,college_student,filtered_search,medium,cost and aid,semantic_or_faceted_search,medium,"major_or_program,location",intent:filtered_search_pattern
best colleges for pre-med job outcomes,advisor,career_outcomes,medium,career outcomes,outcomes_pipeline,medium,"major_or_program,career_outcome_cue",
colleges near a major tech hub,college_student,filtered_search,medium,faceted search: 1–2 filters,semantic_or_faceted_search,medium,,
research opportunities for UC Berkeley,counselor_teacher,attribute_lookup,short_circuit,single attribute lookup,typesense_plus_metadata,easy,school,
colleges in Texas,college_student,filtered_search,medium,faceted search: 1–2 filters,semantic_or_faceted_search,medium,location,
harvard but less stressful,high_school_student,rewrite_needed,complex,requires query rewrite to explicit constraints,rewrite_then_route,complex,"school,rewrite_cue",
colleges in warm states,high_school_student,filtered_search,medium,faceted search: 1–2 filters,semantic_or_faceted_search,medium,location,
UC Berkeley collaborative culture vs University of Washington collaborative culture,advisor,comparison,complex,comparison between entities,compare_pipeline,complex,"school,comparison_target,fit_or_culture_cue",
best mechanical engineering schools near a major tech hub,counselor_teacher,filtered_search,medium,faceted search: 1–2 filters,semantic_or_faceted_search,medium,major_or_program,
Carnegie Mellon scholarships for merit,college_student,cost_financial_aid,medium,cost and aid,finance_guidance,medium,"school,cost_constraint",
Vanderbilt,high_school_student,direct_lookup,short_circuit,simple entity lookup,typesense_only,easy,school,
schools with strong support for first generation students,counselor_teacher,filtered_search,short_circuit,single attribute lookup,semantic_or_faceted_search,medium,,intent:first_gen_support_pattern
cheapest pre-law schools near the beach,college_student,filtered_search,medium,cost and aid,semantic_or_faceted_search,medium,"major_or_program,location",intent:filtered_search_pattern
Virginia Tech,high_school_student,direct_lookup,short_circuit,simple entity lookup,typesense_only,easy,school,persona:school_only_pattern
what is the campus culture at UC Irvine,college_student,campus_life_fit,llm_needed,subjective fit; likely needs LLM,llm_advisory,complex,fit_or_culture_cue,
colleges where people dont care about football,advisor,filtered_search,llm_needed,subjective fit; likely needs LLM,semantic_or_faceted_search,medium,,intent:filtered_search_pattern
does harvard have nursing,high_school_student,attribute_lookup,short_circuit,single attribute lookup,typesense_plus_metadata,easy,"school,major_or_program",
Rice University admissions profile average sat and gpa,counselor_teacher,admissions_process,medium,admissions/how-to,faq_or_guidance,medium,"school,admissions_or_attribute_signal",
do i need sat for University of Washington,advisor,admissions_process,medium,admissions/how-to,faq_or_guidance,medium,"school,admissions_or_attribute_signal",
Purdue scholarships for merit,parent,cost_financial_aid,medium,cost and aid,finance_guidance,medium,"school,cost_constraint",
UCLA average SAT,parent,admissions_process,short_circuit,single attribute lookup,faq_or_guidance,medium,"school,admissions_or_attribute_signal",intent:admissions_pattern
Harvard vs University of Maryland,parent,comparison,complex,comparison between entities,compare_pipeline,complex,"school,comparison_target",
schools in texas with low student-to-faculty ratio,high_school_student,filtered_search,medium,faceted search: 1–2 filters,semantic_or_faceted_search,medium,location,
tuition for Duke,parent,cost_financial_aid,short_circuit,single attribute lookup,finance_guidance,medium,"school,cost_constraint",intent:cost_pattern
how to lower college costs without loans,counselor_teacher,cost_financial_aid,medium,cost and aid,finance_guidance,medium,,
best electrical engineering schools near a major tech hub,advisor,filtered_search,medium,faceted search: 1–2 filters,semantic_or_faceted_search,medium,major_or_program,
Caltech location,advisor,attribute_lookup,short_circuit,single attribute lookup,typesense_plus_metadata,easy,,
does UC Irvine have pre-med advising,college_student,attribute_lookup,short_circuit,single attribute lookup,typesense_plus_metadata,easy,major_or_program,
recommend large colleges near Chicago for electrical engineering reach schools,high_school_student,recommendation,complex,needs recommendation/ranking,recommendation_workflow,complex,"major_or_program,location",
University of Wisconsin scholarships for international,college_student,cost_financial_aid,medium,cost and aid,finance_guidance,medium,"school,cost_constraint",
MIT,high_school_student,direct_lookup,short_circuit,simple entity lookup,typesense_only,easy,school,persona:school_only_pattern
schools with strong support for first generation students,counselor_teacher,filtered_search,medium,single attribute lookup,semantic_or_faceted_search,medium,,intent:first_gen_support_pattern
Penn State Greek life presence vs Boston University Greek life presence,counselor_teacher,comparison,llm_needed,comparison between entities,compare_pipeline,complex,"school,comparison_target",
Washington,parent,direct_lookup,short_circuit,simple entity lookup,typesense_only,easy,,
universities in Texas with nursing and philosophy low tuition,high_school_student,multi_constraint,complex,multi-constraint: requires multi-step filtering,foundry_multi_agent,complex,"major_or_program,location,cost_constraint",
how do i apply to Penn State,counselor_teacher,admissions_process,medium,admissions/how-to,faq_or_guidance,medium,school,
Duke admissions profile average sat and gpa,counselor_teacher,admissions_process,medium,career outcomes,faq_or_guidance,medium,"school,admissions_or_attribute_signal",intent:admissions_profile_pattern
USC admissions profile average sat and gpa,counselor_teacher,admissions_process,complex,multi-constraint: requires multi-step filtering,faq_or_guidance,medium,"school,admissions_or_attribute_signal",intent:admissions_profile_pattern
universities in California with film and philosophy under 20k,parent,multi_constraint,complex,multi-constraint: requires multi-step filtering,foundry_multi_agent,complex,"major_or_program,location",
affordable chemistry schools near the beach with good job placement,advisor,career_outcomes,complex,multi-constraint: requires multi-step filtering,outcomes_pipeline,medium,"location,career_outcome_cue",intent:career_pattern
what is the competitive culture at Rice University,high_school_student,campus_life_fit,llm_needed,subjective fit; likely needs LLM,llm_advisory,complex,"school,fit_or_culture_cue",
Boston University job placement for biology,college_student,career_outcomes,medium,career outcomes,outcomes_pipeline,medium,"school,major_or_program,career_outcome_cue",
Northeastern job placement for biology,advisor,career_outcomes,medium,career outcomes,outcomes_pipeline,medium,"major_or_program,career_outcome_cue",
UT Austin,high_school_student,direct_lookup,short_circuit,simple entity lookup,typesense_only,easy,school,persona:school_only_pattern
MIT application deadlines,parent,admissions_process,medium,admissions/how-to,faq_or_guidance,medium,"school,admissions_or_attribute_signal",
Duke vs Caltech,parent,comparison,complex,comparison between entities,compare_pipeline,complex,"school,comparison_target",
what schools should i apply to for business not Florida good financial aid,parent,recommendation,complex,needs recommendation/ranking,recommendation_workflow,complex,"major_or_program,location,cost_constraint",
does UC Berkeley have computer science,counselor_teacher,attribute_lookup,short_circuit,single attribute lookup,typesense_plus_metadata,easy,"school,major_or_program",
Northwestern housing guarantee beyond freshman year,parent,attribute_lookup,medium,cost and aid,typesense_plus_metadata,easy,"school,admissions_or_attribute_signal",intent:housing_guarantee_pattern
financial aid for Rice University,college_student,cost_financial_aid,short_circuit,single attribute lookup,finance_guidance,medium,"school,cost_constraint",intent:cost_pattern
four year cost of Northwestern including housing,parent,cost_financial_aid,medium,faceted search: 1–2 filters,finance_guidance,medium,"school,cost_constraint,admissions_or_attribute_signal",intent:four_year_cost_pattern
University of Michigan clubs,parent,attribute_lookup,short_circuit,single attribute lookup,typesense_plus_metadata,easy,school,
Stanford,high_school_student,direct_lookup,short_circuit,simple entity lookup,typesense_only,easy,school,
colleges with normal people,advisor,campus_life_fit,llm_needed,subjective fit; likely needs LLM,llm_advisory,complex,fit_or_culture_cue,
university of michigan vs purdue for nursing,high_school_student,comparison,complex,comparison between entities,compare_pipeline,complex,"school,comparison_target,major_or_program",
affordable biology schools near Chicago with good job placement,college_student,career_outcomes,complex,multi-constraint: requires multi-step filtering,outcomes_pipeline,medium,"major_or_program,location,career_outcome_cue",intent:career_pattern
medium-sized data science colleges near the beach good financial aid target schools,advisor,multi_constraint,complex,multi-constraint: requires multi-step filtering,foundry_multi_agent,complex,"location,cost_constraint",
does Harvard have computer science,advisor,attribute_lookup,short_circuit,single attribute lookup,typesense_plus_metadata,easy,"school,major_or_program",
Brown admissions profile average sat and gpa,counselor_teacher,admissions_process,complex,comparison between entities,faq_or_guidance,medium,"school,admissions_or_attribute_signal",intent:admissions_profile_pattern
usc,high_school_student,direct_lookup,short_circuit,simple entity lookup,typesense_only,easy,school,
University of Washington housing guarantee beyond freshman year,parent,attribute_lookup,short_circuit,simple entity lookup,typesense_plus_metadata,easy,"school,admissions_or_attribute_signal",intent:housing_guarantee_pattern
Caltech application deadlines,high_school_student,admissions_process,medium,admissions/how-to,faq_or_guidance,medium,admissions_or_attribute_signal,
universities with strong business,college_student,filtered_search,medium,faceted search: 1–2 filters,semantic_or_faceted_search,medium,major_or_program,
large political science colleges near the beach under 40k target schools,college_student,filtered_search,complex,multi-constraint: requires multi-step filtering,semantic_or_faceted_search,medium,location,intent:filtered_search_pattern
clubs for University of Maryland,counselor_teacher,attribute_lookup,short_circuit,single attribute lookup,typesense_plus_metadata,easy,school,
ucla internship placement,high_school_student,career_outcomes,short_circuit,single attribute lookup,outcomes_pipeline,medium,"school,career_outcome_cue",intent:career_pattern
recommend small colleges in California for film not too competitive,high_school_student,recommendation,complex,needs recommendation/ranking,recommendation_workflow,complex,"major_or_program,location",
does Caltech have computer science,college_student,attribute_lookup,short_circuit,single attribute lookup,typesense_plus_metadata,easy,major_or_program,
does Columbia have pre-med advising,advisor,attribute_lookup,short_circuit,single attribute lookup,typesense_plus_metadata,easy,"school,major_or_program",
do i need sat for Georgia Tech,parent,admissions_process,medium,admissions/how-to,faq_or_guidance,medium,"school,admissions_or_attribute_signal",
four year cost of Carnegie Mellon including housing,parent,cost_financial_aid,short_circuit,single attribute lookup,finance_guidance,medium,"school,cost_constraint,admissions_or_attribute_signal",intent:four_year_cost_pattern
cheapest engineering schools in warm states,parent,filtered_search,medium,cost and aid,semantic_or_faceted_search,medium,"major_or_program,location",intent:filtered_search_pattern
Carnegie Mellon vs USC,high_school_student,comparison,llm_needed,comparison between entities,compare_pipeline,complex,"school,comparison_target",
what schools should i apply to for pre-law not Florida under 40k,college_student,filtered_search,complex,needs recommendation/ranking,semantic_or_faceted_search,medium,"major_or_program,location",intent:filtered_search_pattern
cheapest business schools in warm states,parent,filtered_search,medium,cost and aid,semantic_or_faceted_search,medium,"major_or_program,location",intent:filtered_search_pattern
Rice University acceptance rate,college_student,attribute_lookup,short_circuit,single attribute lookup,typesense_plus_metadata,easy,"school,admissions_or_attribute_signal",
UC Berkeley admissions profile average sat and gpa,counselor_teacher,admissions_process,medium,faceted search: 1–2 filters,faq_or_guidance,medium,"school,admissions_or_attribute_signal",intent:admissions_profile_pattern
University of Washington diversity vs Carnegie Mellon diversity,college_student,comparison,complex,comparison between entities,compare_pipeline,complex,"school,comparison_target",
how do i apply to UC San Diego,counselor_teacher,admissions_process,medium,admissions/how-to,faq_or_guidance,medium,,
boston university,high_school_student,direct_lookup,medium,simple entity lookup,typesense_only,easy,school,
Georgia Tech,high_school_student,direct_lookup,short_circuit,simple entity lookup,typesense_only,easy,school,
student-to-faculty ratio for University of Michigan,parent,attribute_lookup,short_circuit,single attribute lookup,typesense_plus_metadata,easy,school,
University of Washington admissions profile average sat and gpa,counselor_teacher,admissions_process,short_circuit,single attribute lookup,faq_or_guidance,medium,"school,admissions_or_attribute_signal",intent:admissions_profile_pattern
University of Washington,high_school_student,direct_lookup,short_circuit,simple entity lookup,typesense_only,easy,school,persona:school_only_pattern
universities near the beach with architecture and philosophy full ride options,high_school_student,multi_constraint,complex,multi-constraint: requires multi-step filtering,foundry_multi_agent,complex,"major_or_program,location,cost_constraint",
University of Wisconsin scholarships for merit,parent,cost_financial_aid,medium,cost and aid,finance_guidance,medium,"school,cost_constraint",
cheapest mechanical engineering schools in Texas,college_student,filtered_search,medium,cost and aid,semantic_or_faceted_search,medium,"major_or_program,location",intent:filtered_search_pattern
UCLA,high_school_student,direct_lookup,short_circuit,simple entity lookup,typesense_only,easy,school,persona:school_only_pattern
Vanderbilt but cheaper,parent,rewrite_needed,complex,requires query rewrite to explicit constraints,rewrite_then_route,complex,"school,rewrite_cue",
how do i apply to NYU,advisor,admissions_process,medium,admissions/how-to,faq_or_guidance,medium,school,
NYU application deadlines,counselor_teacher,admissions_process,medium,admissions/how-to,faq_or_guidance,medium,"school,admissions_or_attribute_signal",
what schools should i apply to for psychology not Florida under 40k,parent,filtered_search,complex,needs recommendation/ranking,semantic_or_faceted_search,medium,"major_or_program,location",intent:filtered_search_pattern
Northwestern admissions profile average sat and gpa,counselor_teacher,admissions_process,medium,career outcomes,faq_or_guidance,medium,"school,admissions_or_attribute_signal",intent:admissions_profile_pattern
University of Maryland application deadlines,high_school_student,admissions_process,medium,admissions/how-to,faq_or_guidance,medium,"school,admissions_or_attribute_signal",
best colleges for philosophy job outcomes,parent,career_outcomes,medium,career outcomes,outcomes_pipeline,medium,career_outcome_cue,
Brown vs UC San Diego for aerospace engineering,high_school_student,comparison,complex,comparison between entities,compare_pipeline,complex,"school,comparison_target,major_or_program",
create a balanced list: reach target safety for pre-law near the beach full ride options,advisor,recommendation,complex,needs recommendation/ranking,recommendation_workflow,complex,"major_or_program,location,cost_constraint",
schools like Cornell but cheaper,counselor_teacher,rewrite_needed,complex,needs recommendation/ranking,rewrite_then_route,complex,"school,rewrite_cue",intent:rewrite_pattern
Georgia Tech but cheaper,college_student,rewrite_needed,complex,requires query rewrite to explicit constraints,rewrite_then_route,complex,"school,rewrite_cue",
affordable electrical engineering schools near Chicago with good job placement,advisor,career_outcomes,complex,multi-constraint: requires multi-step filtering,outcomes_pipeline,medium,"major_or_program,location,career_outcome_cue",intent:career_pattern
does Virginia Tech have computer science,college_student,attribute_lookup,short_circuit,single attribute lookup,typesense_plus_metadata,easy,"school,major_or_program",
Duke job placement for architecture,college_student,career_outcomes,medium,career outcomes,outcomes_pipeline,medium,"school,major_or_program,career_outcome_cue",
MIT scholarships,high_school_student,cost_financial_aid,short_circuit,single attribute lookup,finance_guidance,medium,"school,cost_constraint",intent:cost_pattern
create a balanced list: reach target safety for economics in California low tuition,advisor,direct_lookup,short_circuit,simple entity lookup,typesense_only,easy,"major_or_program,location,cost_constraint",
University of Maryland scholarships for low income,parent,cost_financial_aid,medium,cost and aid,finance_guidance,medium,"school,cost_constraint",
universities in Texas with psychology and philosophy under 20k,college_student,multi_constraint,complex,multi-constraint: requires multi-step filtering,foundry_multi_agent,complex,"major_or_program,location",
Columbia vibe vs University of Michigan vibe,parent,comparison,complex,comparison between entities,compare_pipeline,complex,"school,comparison_target,fit_or_culture_cue",
Caltech diversity vs Virginia Tech diversity,counselor_teacher,comparison,llm_needed,comparison between entities,compare_pipeline,complex,"school,comparison_target",
does Princeton have pre-med advising,advisor,attribute_lookup,short_circuit,single attribute lookup,typesense_plus_metadata,easy,"school,major_or_program",
schools like Virginia Tech but cheaper,counselor_teacher,rewrite_needed,complex,needs recommendation/ranking,rewrite_then_route,complex,"school,rewrite_cue",intent:rewrite_pattern
what schools should i apply to for architecture in warm states full ride options,advisor,recommendation,complex,needs recommendation/ranking,recommendation_workflow,complex,"major_or_program,location,cost_constraint",
schools not Florida with low student-to-faculty ratio,counselor_teacher,filtered_search,medium,faceted search: 1–2 filters,semantic_or_faceted_search,medium,location,
UCLA clubs,parent,attribute_lookup,short_circuit,single attribute lookup,typesense_plus_metadata,easy,school,
MIT campus safety,advisor,attribute_lookup,short_circuit,single attribute lookup,typesense_plus_metadata,easy,school,
schools in Texas with low student-to-faculty ratio,high_school_student,filtered_search,medium,faceted search: 1–2 filters,semantic_or_faceted_search,medium,location,
UT Austin vibe vs Arizona State vibe,counselor_teacher,comparison,complex,comparison between entities,compare_pipeline,complex,"school,comparison_target,fit_or_culture_cue",
does USC have study abroad,college_student,attribute_lookup,short_circuit,single attribute lookup,typesense_plus_metadata,easy,school,
small computer science colleges not Florida full ride options not too competitive,advisor,multi_constraint,complex,multi-constraint: requires multi-step filtering,foundry_multi_agent,complex,"major_or_program,location,cost_constraint",
does USC have computer science,college_student,attribute_lookup,short_circuit,single attribute lookup,typesense_plus_metadata,easy,"school,major_or_program",
tuition for Stanford,counselor_teacher,cost_financial_aid,short_circuit,single attribute lookup,finance_guidance,medium,"school,cost_constraint",intent:cost_pattern
best psychology schools in Texas,college_student,filtered_search,medium,faceted search: 1–2 filters,semantic_or_faceted_search,medium,"major_or_program,location",
do i need sat for Georgia Tech,counselor_teacher,admissions_process,medium,admissions/how-to,faq_or_guidance,medium,"school,admissions_or_attribute_signal",
uc irvine,college_student,direct_lookup,short_circuit,simple entity lookup,typesense_only,easy,,
Arizona State housing guarantee beyond freshman year,parent,attribute_lookup,complex,needs recommendation/ranking,typesense_plus_metadata,easy,"school,admissions_or_attribute_signal",intent:housing_guarantee_pattern
universities near the beach with pre-law and philosophy under 40k,advisor,multi_constraint,complex,multi-constraint: requires multi-step filtering,foundry_multi_agent,complex,"major_or_program,location",
UC San Diego vs Columbia for political science,college_student,comparison,complex,comparison between entities,compare_pipeline,complex,"school,comparison_target",
what schools should i apply to for chemistry not Florida under 40k,high_school_student,filtered_search,complex,needs recommendation/ranking,semantic_or_faceted_search,medium,location,intent:filtered_search_pattern
Cornell scholarships for low income,parent,cost_financial_aid,medium,cost and aid,finance_guidance,medium,"school,cost_constraint",
what is the campus culture at Arizona State,advisor,campus_life_fit,llm_needed,subjective fit; likely needs LLM,llm_advisory,complex,"school,fit_or_culture_cue",
universities with strong nursing,college_student,filtered_search,medium,faceted search: 1–2 filters,semantic_or_faceted_search,medium,major_or_program,
do i need sat for Boston University,counselor_teacher,admissions_process,medium,admissions/how-to,faq_or_guidance,medium,"school,admissions_or_attribute_signal",
recommend small colleges near a major tech hub for mechanical engineering target schools,college_student,recommendation,complex,needs recommendation/ranking,recommendation_workflow,complex,major_or_program,
schools like Arizona State but cheaper,college_student,rewrite_needed,complex,needs recommendation/ranking,rewrite_then_route,complex,"school,rewrite_cue",intent:rewrite_pattern
princeton,high_school_student,direct_lookup,short_circuit,simple entity lookup,typesense_only,easy,school,persona:school_only_pattern
Arizona State scholarships for low income,advisor,cost_financial_aid,medium,cost and aid,finance_guidance,medium,"school,cost_constraint",
Northwestern average ACT,advisor,attribute_lookup,short_circuit,single attribute lookup,typesense_plus_metadata,easy,school,
what schools should i apply to for pre-law near a major tech hub under 40k,high_school_student,filtered_search,complex,needs recommendation/ranking,semantic_or_faceted_search,medium,major_or_program,intent:filtered_search_pattern
schools with strong support for first generation students,counselor_teacher,filtered_search,medium,simple entity lookup,semantic_or_faceted_search,medium,,intent:first_gen_support_pattern
schools like NYU but cheaper,advisor,rewrite_needed,complex,needs recommendation/ranking,rewrite_then_route,complex,"school,rewrite_cue",intent:rewrite_pattern
best colleges for economics job outcomes,college_student,career_outcomes,medium,career outcomes,outcomes_pipeline,medium,"major_or_program,career_outcome_cue",
MIT housing guarantee beyond freshman year,parent,attribute_lookup,medium,faceted search: 1–2 filters,typesense_plus_metadata,easy,"school,admissions_or_attribute_signal",intent:housing_guarantee_pattern
financial aid for Purdue,college_student,cost_financial_aid,short_circuit,single attribute lookup,finance_guidance,medium,"school,cost_constraint",intent:cost_pattern
schools near Chicago with low student-to-faculty ratio,advisor,filtered_search,medium,faceted search: 1–2 filters,semantic_or_faceted_search,medium,location,
how to lower college costs without loans,advisor,cost_financial_aid,medium,cost and aid,finance_guidance,medium,,
colleges near the beach,counselor_teacher,filtered_search,medium,faceted search: 1–2 filters,semantic_or_faceted_search,medium,location,
Northwestern job placement for philosophy,counselor_teacher,career_outcomes,medium,career outcomes,outcomes_pipeline,medium,"school,career_outcome_cue",
best colleges for film job outcomes,counselor_teacher,career_outcomes,medium,career outcomes,outcomes_pipeline,medium,"major_or_program,career_outcome_cue",
best colleges for political science job outcomes,high_school_student,career_outcomes,medium,career outcomes,outcomes_pipeline,medium,career_outcome_cue,
Brown application deadlines,high_school_student,admissions_process,medium,admissions/how-to,faq_or_guidance,medium,"school,admissions_or_attribute_signal",
how do i apply to Vanderbilt,high_school_student,admissions_process,medium,admissions/how-to,faq_or_guidance,medium,school,
universities in Texas with biology and philosophy full ride options,high_school_student,multi_constraint,complex,multi-constraint: requires multi-step filtering,foundry_multi_agent,complex,"major_or_program,location,cost_constraint",
affordable mechanical engineering schools in texas with good job placement,high_school_student,career_outcomes,complex,multi-constraint: requires multi-step filtering,outcomes_pipeline,medium,"major_or_program,location,career_outcome_cue",intent:career_pattern
University of Wisconsin dorm quality vs Stanford dorm quality,parent,comparison,llm_needed,comparison between entities,compare_pipeline,complex,"school,comparison_target",
colleges with normal people,parent,campus_life_fit,llm_needed,subjective fit; likely needs LLM,llm_advisory,complex,fit_or_culture_cue,
Carnegie Mellon but cheaper,college_student,rewrite_needed,complex,requires query rewrite to explicit constraints,rewrite_then_route,complex,"school,rewrite_cue",
does Princeton have computer science,parent,attribute_lookup,short_circuit,single attribute lookup,typesense_plus_metadata,easy,"school,major_or_program",
University of Michigan scholarships for international,parent,cost_financial_aid,medium,cost and aid,finance_guidance,medium,"school,cost_constraint",
do i need sat for University of Maryland,college_student,admissions_process,medium,admissions/how-to,faq_or_guidance,medium,"school,admissions_or_attribute_signal",
recommend small colleges near the beach for pre-med target schools,high_school_student,recommendation,complex,needs recommendation/ranking,recommendation_workflow,complex,"major_or_program,location",
duke clubs,high_school_student,attribute_lookup,short_circuit,single attribute lookup,typesense_plus_metadata,easy,school,
best political science schools in Texas,advisor,filtered_search,medium,faceted search: 1–2 filters,semantic_or_faceted_search,medium,location,
good mechanical engineering schools in California,advisor,filtered_search,medium,faceted search: 1–2 filters,semantic_or_faceted_search,medium,"major_or_program,location",
university of maryland,high_school_student,direct_lookup,short_circuit,simple entity lookup,typesense_only,easy,school,persona:school_only_pattern
do i need sat for Penn State,counselor_teacher,admissions_process,medium,admissions/how-to,faq_or_guidance,medium,"school,admissions_or_attribute_signal",
Princeton job placement rate,counselor_teacher,career_outcomes,short_circuit,single attribute lookup,outcomes_pipeline,medium,"school,career_outcome_cue",intent:career_pattern
create a balanced list: reach target safety for public health near Chicago good financial aid,advisor,cost_financial_aid,medium,cost and aid,finance_guidance,medium,"location,cost_constraint",
Princeton scholarships for first gen,counselor_teacher,cost_financial_aid,medium,cost and aid,finance_guidance,medium,"school,cost_constraint",
colleges near Chicago under 20k with good dorms and strong internships,college_student,multi_constraint,complex,multi-constraint: requires multi-step filtering,foundry_multi_agent,complex,location,
Purdue job placement for philosophy,parent,career_outcomes,medium,career outcomes,outcomes_pipeline,medium,"school,career_outcome_cue",
does UC San Diego have pre-med advising,high_school_student,attribute_lookup,short_circuit,single attribute lookup,typesense_plus_metadata,easy,major_or_program,
cheapest data science schools near Chicago,parent,filtered_search,medium,cost and aid,semantic_or_faceted_search,medium,location,intent:filtered_search_pattern
universities with strong pre-med,parent,filtered_search,medium,faceted search: 1–2 filters,semantic_or_faceted_search,medium,major_or_program,
NYU admissions profile average sat and gpa,counselor_teacher,admissions_process,medium,admissions/how-to,faq_or_guidance,medium,"school,admissions_or_attribute_signal",
UT Austin admissions profile average sat and gpa,counselor_teacher,admissions_process,medium,simple entity lookup,faq_or_guidance,medium,"school,admissions_or_attribute_signal",intent:admissions_profile_pattern
affordable pre-med schools in Texas with good job placement,parent,career_outcomes,complex,multi-constraint: requires multi-step filtering,outcomes_pipeline,medium,"major_or_program,location,career_outcome_cue",intent:career_pattern
small nursing colleges in California under 40k not too competitive,high_school_student,multi_constraint,complex,multi-constraint: requires multi-step filtering,foundry_multi_agent,complex,"major_or_program,location",
schools like Princeton but cheaper,college_student,rewrite_needed,complex,needs recommendation/ranking,rewrite_then_route,complex,"school,rewrite_cue",intent:rewrite_pattern
mit without the suffering,high_school_student,rewrite_needed,complex,requires query rewrite to explicit constraints,rewrite_then_route,complex,"school,rewrite_cue",
cheapest philosophy schools near a major tech hub,high_school_student,filtered_search,medium,cost and aid,semantic_or_faceted_search,medium,,intent:filtered_search_pattern
student-to-faculty ratio for Stanford,parent,attribute_lookup,short_circuit,single attribute lookup,typesense_plus_metadata,easy,school,
Northeastern vs University of Washington,high_school_student,comparison,llm_needed,comparison between entities,compare_pipeline,complex,"school,comparison_target",
nyu vs university of washington for philosophy,high_school_student,comparison,complex,comparison between entities,compare_pipeline,complex,"school,comparison_target",
schools in california with low student-to-faculty ratio,high_school_student,filtered_search,medium,faceted search: 1–2 filters,semantic_or_faceted_search,medium,location,
Stanford,high_school_student,direct_lookup,short_circuit,simple entity lookup,typesense_only,easy,school,persona:school_only_pattern
does University of Florida have study abroad,college_student,attribute_lookup,short_circuit,single attribute lookup,typesense_plus_metadata,easy,"school,location",
tuition for Columbia,parent,cost_financial_aid,short_circuit,single attribute lookup,finance_guidance,medium,"school,cost_constraint",intent:cost_pattern
does northeastern have nursing,high_school_student,attribute_lookup,short_circuit,single attribute lookup,typesense_plus_metadata,easy,major_or_program,
affordable mechanical engineering schools not Florida with good job placement,college_student,career_outcomes,complex,multi-constraint: requires multi-step filtering,outcomes_pipeline,medium,"major_or_program,location,career_outcome_cue",intent:career_pattern
schools like University of Wisconsin but cheaper,parent,rewrite_needed,complex,needs recommendation/ranking,rewrite_then_route,complex,"school,rewrite_cue",intent:rewrite_pattern
four year cost of University of Michigan including housing,parent,cost_financial_aid,llm_needed,subjective fit; likely needs LLM,finance_guidance,medium,"school,cost_constraint,admissions_or_attribute_signal",intent:four_year_cost_pattern
location for Columbia,college_student,attribute_lookup,short_circuit,single attribute lookup,typesense_plus_metadata,easy,school,
USC,high_school_student,direct_lookup,short_circuit,simple entity lookup,typesense_only,easy,school,persona:school_only_pattern
four year cost of Cornell including housing,parent,cost_financial_aid,medium,admissions/how-to,finance_guidance,medium,"school,cost_constraint,admissions_or_attribute_signal",intent:four_year_cost_pattern
does NYU have pre-med advising,parent,attribute_lookup,short_circuit,single attribute lookup,typesense_plus_metadata,easy,"school,major_or_program",
universities with strong computer science,high_school_student,filtered_search,medium,faceted search: 1–2 filters,semantic_or_faceted_search,medium,major_or_program,
University of Maryland vs Princeton,high_school_student,comparison,llm_needed,comparison between entities,compare_pipeline,complex,"school,comparison_target",
University of Maryland alumni network,advisor,attribute_lookup,short_circuit,single attribute lookup,typesense_plus_metadata,easy,school,
medium-sized mechanical engineering colleges near the beach under 40k safety schools,advisor,filtered_search,complex,multi-constraint: requires multi-step filtering,semantic_or_faceted_search,medium,"major_or_program,location",intent:filtered_search_pattern
universities near Chicago with pre-law and philosophy good financial aid,counselor_teacher,multi_constraint,complex,multi-constraint: requires multi-step filtering,foundry_multi_agent,complex,"major_or_program,location,cost_constraint",
campus safety for NYU,high_school_student,attribute_lookup,short_circuit,single attribute lookup,typesense_plus_metadata,easy,school,
what is the competitive culture at Cornell,college_student,campus_life_fit,llm_needed,subjective fit; likely needs LLM,llm_advisory,complex,"school,fit_or_culture_cue",
Maryland,high_school_student,direct_lookup,medium,simple entity lookup,typesense_only,easy,school,persona:school_only_pattern
mental health counseling for UCLA,high_school_student,attribute_lookup,short_circuit,single attribute lookup,typesense_plus_metadata,easy,school,
Carnegie Mellon vs Virginia Tech,college_student,comparison,complex,comparison between entities,compare_pipeline,complex,"school,comparison_target",
Penn State application deadlines,counselor_teacher,admissions_process,medium,admissions/how-to,faq_or_guidance,medium,"school,admissions_or_attribute_signal",
do i need sat for Arizona State,high_school_student,admissions_process,medium,admissions/how-to,faq_or_guidance,medium,"school,admissions_or_attribute_signal",
colleges near a major tech hub under 40k with good dorms and strong internships,counselor_teacher,multi_constraint,complex,multi-constraint: requires multi-step filtering,foundry_multi_agent,complex,,
schools like Georgia Tech but cheaper,counselor_teacher,rewrite_needed,complex,needs recommendation/ranking,rewrite_then_route,complex,"school,rewrite_cue",intent:rewrite_pattern
UC San Diego housing guarantee beyond freshman year,parent,attribute_lookup,medium,faceted search: 1–2 filters,typesense_plus_metadata,easy,admissions_or_attribute_signal,intent:housing_guarantee_pattern
top chemistry schools near the beach,counselor_teacher,filtered_search,medium,faceted search: 1–2 filters,semantic_or_faceted_search,medium,location,
cheapest film schools near a major tech hub,high_school_student,filtered_search,medium,cost and aid,semantic_or_faceted_search,medium,major_or_program,intent:filtered_search_pattern
does UC Berkeley have nursing,parent,attribute_lookup,short_circuit,single attribute lookup,typesense_plus_metadata,easy,"school,major_or_program",
schools near a major tech hub with low student-to-faculty ratio,college_student,filtered_search,medium,faceted search: 1–2 filters,semantic_or_faceted_search,medium,,
four year cost of University of Wisconsin including housing,parent,cost_financial_aid,complex,requires query rewrite to explicit constraints,finance_guidance,medium,"school,cost_constraint,admissions_or_attribute_signal",intent:four_year_cost_pattern
schools with high internship placement rates,high_school_student,career_outcomes,medium,career outcomes,outcomes_pipeline,medium,career_outcome_cue,
Virginia Tech but cheaper,college_student,rewrite_needed,complex,requires query rewrite to explicit constraints,rewrite_then_route,complex,"school,rewrite_cue",
colleges near Chicago good financial aid with good dorms and strong internships,parent,multi_constraint,complex,multi-constraint: requires multi-step filtering,foundry_multi_agent,complex,"location,cost_constraint",
cheapest chemistry schools in Texas,parent,filtered_search,medium,cost and aid,semantic_or_faceted_search,medium,location,intent:filtered_search_pattern
affordable public health schools in California with good job placement,high_school_student,career_outcomes,complex,multi-constraint: requires multi-step filtering,outcomes_pipeline,medium,"location,career_outcome_cue",intent:career_pattern
Arizona State housing guarantee beyond freshman year,parent,attribute_lookup,medium,cost and aid,typesense_plus_metadata,easy,"school,admissions_or_attribute_signal",intent:housing_guarantee_pattern
recommend small colleges near the beach for nursing not too competitive,advisor,recommendation,complex,needs recommendation/ranking,recommendation_workflow,complex,"major_or_program,location",
NYU scholarships for merit,college_student,cost_financial_aid,medium,cost and aid,finance_guidance,medium,"school,cost_constraint",
universities in Texas with architecture and philosophy low tuition,counselor_teacher,multi_constraint,llm_needed,multi-constraint: requires multi-step filtering,foundry_multi_agent,complex,"major_or_program,location,cost_constraint",
does MIT have pre-med advising,high_school_student,attribute_lookup,short_circuit,single attribute lookup,typesense_plus_metadata,easy,"school,major_or_program",
tuition for Arizona State,college_student,cost_financial_aid,short_circuit,single attribute lookup,finance_guidance,medium,"school,cost_constraint",intent:cost_pattern
UC Berkeley,high_school_student,direct_lookup,short_circuit,simple entity lookup,typesense_only,easy,school,persona:school_only_pattern
UC Irvine admissions profile average sat and gpa,counselor_teacher,admissions_process,complex,needs recommendation/ranking,faq_or_guidance,medium,admissions_or_attribute_signal,intent:admissions_profile_pattern
alumni network for georgia tech,high_school_student,attribute_lookup,short_circuit,single attribute lookup,typesense_plus_metadata,easy,school,
small economics colleges near Chicago under 30k safety schools,advisor,multi_constraint,llm_needed,multi-constraint: requires multi-step filtering,foundry_multi_agent,complex,"major_or_program,location",
scholarships for University of Florida,high_school_student,cost_financial_aid,short_circuit,single attribute lookup,finance_guidance,medium,"school,location,cost_constraint",intent:cost_pattern
how do i apply to Boston University,college_student,admissions_process,medium,admissions/how-to,faq_or_guidance,medium,school,
Arizona State admissions profile average sat and gpa,counselor_teacher,admissions_process,medium,cost and aid,faq_or_guidance,medium,"school,admissions_or_attribute_signal",intent:admissions_profile_pattern
UT Austin admissions profile average sat and gpa,counselor_teacher,admissions_process,medium,admissions/how-to,faq_or_guidance,medium,"school,admissions_or_attribute_signal",
colleges near a major tech hub,high_school_student,filtered_search,medium,faceted search: 1–2 filters,semantic_or_faceted_search,medium,,
recommend small colleges not Florida for nursing safety schools,college_student,recommendation,complex,needs recommendation/ranking,recommendation_workflow,complex,"major_or_program,location",
University of Maryland scholarships for international,counselor_teacher,cost_financial_aid,medium,cost and aid,finance_guidance,medium,"school,cost_constraint",
do i need sat for Duke,parent,admissions_process,medium,admissions/how-to,faq_or_guidance,medium,"school,admissions_or_attribute_signal",
UC Berkeley scholarships for first gen,parent,cost_financial_aid,medium,cost and aid,finance_guidance,medium,"school,cost_constraint",
colleges in warm states,college_student,filtered_search,medium,faceted search: 1–2 filters,semantic_or_faceted_search,medium,location,
what schools should i apply to for economics not Florida full ride options,advisor,recommendation,complex,needs recommendation/ranking,recommendation_workflow,complex,"major_or_program,location,cost_constraint",
Harvard job placement for pre-law,advisor,career_outcomes,medium,career outcomes,outcomes_pipeline,medium,"school,major_or_program,career_outcome_cue",
Duke,high_school_student,direct_lookup,short_circuit,simple entity lookup,typesense_only,easy,school,persona:school_only_pattern
colleges in California,advisor,filtered_search,medium,faceted search: 1–2 filters,semantic_or_faceted_search,medium,location,
cheapest engineering schools not Florida,parent,filtered_search,medium,cost and aid,semantic_or_faceted_search,medium,"major_or_program,location",intent:filtered_search_pattern
recommend medium-sized colleges near the beach for computer science reach schools,college_student,recommendation,complex,needs recommendation/ranking,recommendation_workflow,complex,"major_or_program,location",
Northwestern but cheaper,advisor,rewrite_needed,complex,requires query rewrite to explicit constraints,rewrite_then_route,complex,"school,rewrite_cue",
Georgia Tech vs Arizona State,advisor,comparison,complex,comparison between entities,compare_pipeline,complex,"school,comparison_target",
best engineering schools in warm states,parent,filtered_search,medium,faceted search: 1–2 filters,semantic_or_faceted_search,medium,"major_or_program,location",
cheapest engineering schools near a major tech hub,parent,filtered_search,medium,cost and aid,semantic_or_faceted_search,medium,major_or_program,intent:filtered_search_pattern
Brown,high_school_student,direct_lookup,short_circuit,simple entity lookup,typesense_only,easy,school,
recommend small colleges in Texas for biology not too competitive,advisor,recommendation,complex,needs recommendation/ranking,recommendation_workflow,complex,"major_or_program,location",
UC Irvine vs MIT for data science,advisor,comparison,complex,comparison between entities,compare_pipeline,complex,"school,comparison_target",
universities near a major tech hub with engineering and philosophy full ride options,high_school_student,multi_constraint,complex,multi-constraint: requires multi-step filtering,foundry_multi_agent,complex,"major_or_program,cost_constraint",
colleges not Florida,college_student,filtered_search,medium,faceted search: 1–2 filters,semantic_or_faceted_search,medium,location,
Northeastern application deadlines,high_school_student,admissions_process,medium,admissions/how-to,faq_or_guidance,medium,admissions_or_attribute_signal,
does USC have study abroad,high_school_student,attribute_lookup,short_circuit,single attribute lookup,typesense_plus_metadata,easy,school,
do i need sat for University of Maryland,high_school_student,admissions_process,medium,admissions/how-to,faq_or_guidance,medium,"school,admissions_or_attribute_signal",
does Northeastern have nursing,parent,attribute_lookup,short_circuit,single attribute lookup,typesense_plus_metadata,easy,major_or_program,
schools like Northwestern but cheaper,advisor,rewrite_needed,complex,needs recommendation/ranking,rewrite_then_route,complex,"school,rewrite_cue",intent:rewrite_pattern
does UC San Diego have nursing,college_student,attribute_lookup,short_circuit,single attribute lookup,typesense_plus_metadata,easy,major_or_program,
UC Berkeley average ACT,parent,attribute_lookup,short_circuit,single attribute lookup,typesense_plus_metadata,easy,school,
four year cost of University of Michigan including housing,parent,cost_financial_aid,medium,cost and aid,finance_guidance,medium,"school,cost_constraint,admissions_or_attribute_signal",
affordable business schools near a major tech hub with good job placement,counselor_teacher,career_outcomes,complex,multi-constraint: requires multi-step filtering,outcomes_pipeline,medium,"major_or_program,career_outcome_cue",intent:career_pattern
medium-sized business colleges near Chicago under 40k safety schools,advisor,filtered_search,complex,multi-constraint: requires multi-step filtering,semantic_or_faceted_search,medium,"major_or_program,location",intent:filtered_search_pattern
Penn State acceptance rate,college_student,attribute_lookup,short_circuit,single attribute lookup,typesense_plus_metadata,easy,"school,admissions_or_attribute_signal",
Northeastern job placement for electrical engineering,college_student,career_outcomes,medium,career outcomes,outcomes_pipeline,medium,"major_or_program,career_outcome_cue",
tuition for USC,parent,cost_financial_aid,short_circuit,single attribute lookup,finance_guidance,medium,"school,cost_constraint",intent:cost_pattern
Princeton scholarships for low income,college_student,cost_financial_aid,medium,cost and aid,finance_guidance,medium,"school,cost_constraint",
research opportunities for Northeastern,high_school_student,attribute_lookup,short_circuit,single attribute lookup,typesense_plus_metadata,easy,,
schools like UC Berkeley but cheaper,counselor_teacher,rewrite_needed,complex,needs recommendation/ranking,rewrite_then_route,complex,"school,rewrite_cue",intent:rewrite_pattern
universities not Florida with psychology and philosophy under 40k,counselor_teacher,filtered_search,complex,multi-constraint: requires multi-step filtering,semantic_or_faceted_search,medium,"major_or_program,location",intent:filtered_search_pattern
affordable computer science schools near Chicago with good job placement,advisor,career_outcomes,complex,multi-constraint: requires multi-step filtering,outcomes_pipeline,medium,"major_or_program,location,career_outcome_cue",intent:career_pattern
Northwestern scholarships for first gen,parent,cost_financial_aid,medium,cost and aid,finance_guidance,medium,"school,cost_constraint",
schools not Florida with low student-to-faculty ratio,college_student,filtered_search,medium,faceted search: 1–2 filters,semantic_or_faceted_search,medium,location,
Columbia diversity vs NYU diversity,high_school_student,comparison,complex,comparison between entities,compare_pipeline,complex,"school,comparison_target",
universities with strong political science,counselor_teacher,filtered_search,medium,faceted search: 1–2 filters,semantic_or_faceted_search,medium,,
do i need sat for duke,high_school_student,admissions_process,medium,admissions/how-to,faq_or_guidance,medium,"school,admissions_or_attribute_signal",
scholarships for Stanford,counselor_teacher,cost_financial_aid,short_circuit,single attribute lookup,finance_guidance,medium,"school,cost_constraint",intent:cost_pattern
universities with strong business,high_school_student,filtered_search,medium,faceted search: 1–2 filters,semantic_or_faceted_search,medium,major_or_program,
cheapest economics schools near the beach,college_student,filtered_search,medium,cost and aid,semantic_or_faceted_search,medium,"major_or_program,location",intent:filtered_search_pattern
four year cost of University of Washington including housing,parent,cost_financial_aid,medium,faceted search: 1–2 filters,finance_guidance,medium,"school,cost_constraint,admissions_or_attribute_signal",intent:four_year_cost_pattern
do i need sat for University of Michigan,parent,admissions_process,medium,admissions/how-to,faq_or_guidance,medium,"school,admissions_or_attribute_signal",
Princeton but cheaper,college_student,rewrite_needed,complex,requires query rewrite to explicit constraints,rewrite_then_route,complex,"school,rewrite_cue",
best colleges for biology job outcomes,high_school_student,career_outcomes,medium,career outcomes,outcomes_pipeline,medium,"major_or_program,career_outcome_cue",
colleges where people dont care about football,high_school_student,filtered_search,llm_needed,subjective fit; likely needs LLM,semantic_or_faceted_search,medium,,intent:filtered_search_pattern
universities with strong economics,advisor,filtered_search,medium,faceted search: 1–2 filters,semantic_or_faceted_search,medium,major_or_program,
Georgia Tech research opportunities,college_student,attribute_lookup,short_circuit,single attribute lookup,typesense_plus_metadata,easy,school,
Northwestern scholarships for first gen,advisor,cost_financial_aid,medium,cost and aid,finance_guidance,medium,"school,cost_constraint",
ut austin,high_school_student,direct_lookup,short_circuit,simple entity lookup,typesense_only,easy,school,persona:school_only_pattern
purdue job placement for mechanical engineering,high_school_student,career_outcomes,medium,career outcomes,outcomes_pipeline,medium,"school,major_or_program,career_outcome_cue",
UT Austin housing guarantee beyond freshman year,parent,attribute_lookup,llm_needed,subjective fit; likely needs LLM,typesense_plus_metadata,easy,"school,admissions_or_attribute_signal",intent:housing_guarantee_pattern
does Northeastern have study abroad,college_student,attribute_lookup,short_circuit,single attribute lookup,typesense_plus_metadata,easy,,
what schools should i apply to for data science not Florida under 40k,advisor,filtered_search,complex,needs recommendation/ranking,semantic_or_faceted_search,medium,location,intent:filtered_search_pattern
Purdue collaborative culture vs Vanderbilt collaborative culture,high_school_student,comparison,complex,comparison between entities,compare_pipeline,complex,"school,comparison_target,fit_or_culture_cue",
Duke vs UC Irvine,counselor_teacher,comparison,complex,comparison between entities,compare_pipeline,complex,"school,comparison_target",
colleges near the beach,college_student,filtered_search,medium,faceted search: 1–2 filters,semantic_or_faceted_search,medium,location,
schools like Penn State but cheaper,counselor_teacher,rewrite_needed,complex,needs recommendation/ranking,rewrite_then_route,complex,"school,rewrite_cue",intent:rewrite_pattern
cheapest nursing schools in Texas,advisor,filtered_search,medium,cost and aid,semantic_or_faceted_search,medium,"major_or_program,location",intent:filtered_search_pattern
Stanford housing guarantee beyond freshman year,parent,attribute_lookup,complex,needs recommendation/ranking,typesense_plus_metadata,easy,"school,admissions_or_attribute_signal",intent:housing_guarantee_pattern
Georgia Tech diversity vs University of Florida diversity,parent,comparison,complex,comparison between entities,compare_pipeline,complex,"school,comparison_target,location",
UC San Diego,college_student,direct_lookup,short_circuit,simple entity lookup,typesense_only,easy,,
Northwestern housing guarantee beyond freshman year,parent,attribute_lookup,medium,simple entity lookup,typesense_plus_metadata,easy,"school,admissions_or_attribute_signal",intent:housing_guarantee_pattern
best architecture schools in California,high_school_student,filtered_search,medium,faceted search: 1–2 filters,semantic_or_faceted_search,medium,"major_or_program,location",
uc san diego,counselor_teacher,direct_lookup,short_circuit,simple entity lookup,typesense_only,easy,,
University of Washington admissions profile average sat and gpa,counselor_teacher,admissions_process,medium,faceted search: 1–2 filters,faq_or_guidance,medium,"school,admissions_or_attribute_signal",intent:admissions_profile_pattern
universities with strong electrical engineering,parent,filtered_search,medium,faceted search: 1–2 filters,semantic_or_faceted_search,medium,major_or_program,
Stanford sports culture vs UC Berkeley sports culture,counselor_teacher,comparison,complex,comparison between entities,compare_pipeline,complex,"school,comparison_target,fit_or_culture_cue",
Princeton application deadlines,high_school_student,admissions_process,medium,admissions/how-to,faq_or_guidance,medium,"school,admissions_or_attribute_signal",
Penn State scholarships for merit,college_student,cost_financial_aid,medium,cost and aid,finance_guidance,medium,"school,cost_constraint",
Caltech,high_school_student,direct_lookup,short_circuit,simple entity lookup,typesense_only,easy,,
UCLA scholarships for international,advisor,cost_financial_aid,medium,cost and aid,finance_guidance,medium,"school,cost_constraint",
cheapest architecture schools in warm states,high_school_student,filtered_search,medium,cost and aid,semantic_or_faceted_search,medium,"major_or_program,location",intent:filtered_search_pattern
medium-sized pre-med colleges near a major tech hub under 30k not too competitive,parent,filtered_search,complex,multi-constraint: requires multi-step filtering,semantic_or_faceted_search,medium,major_or_program,intent:filtered_search_pattern
alumni network for Harvard,parent,attribute_lookup,short_circuit,single attribute lookup,typesense_plus_metadata,easy,school,
northwestern,high_school_student,direct_lookup,short_circuit,simple entity lookup,typesense_only,easy,school,persona:school_only_pattern
schools good for introverts,parent,campus_life_fit,llm_needed,subjective fit; likely needs LLM,llm_advisory,complex,fit_or_culture_cue,
top neuroscience schools near a major tech hub,parent,filtered_search,medium,faceted search: 1–2 filters,semantic_or_faceted_search,medium,major_or_program,
how do i apply to Cornell,parent,admissions_process,medium,admissions/how-to,faq_or_guidance,medium,school,
Rice University housing guarantee beyond freshman year,parent,attribute_lookup,short_circuit,simple entity lookup,typesense_plus_metadata,easy,"school,admissions_or_attribute_signal",intent:housing_guarantee_pattern
schools like Virginia Tech but cheaper,advisor,rewrite_needed,complex,needs recommendation/ranking,rewrite_then_route,complex,"school,rewrite_cue",intent:rewrite_pattern
Carnegie Mellon vs Vanderbilt for film,college_student,comparison,llm_needed,comparison between entities,compare_pipeline,complex,"school,comparison_target,major_or_program",
Duke job placement rate,parent,career_outcomes,short_circuit,single attribute lookup,outcomes_pipeline,medium,"school,career_outcome_cue",intent:career_pattern
ut austin,high_school_student,direct_lookup,short_circuit,simple entity lookup,typesense_only,easy,school,persona:school_only_pattern
universities with strong nursing,high_school_student,filtered_search,medium,faceted search: 1–2 filters,semantic_or_faceted_search,medium,major_or_program,
do i need sat for Princeton,parent,admissions_process,medium,admissions/how-to,faq_or_guidance,medium,"school,admissions_or_attribute_signal",
how do i apply to UCLA,parent,admissions_process,medium,admissions/how-to,faq_or_guidance,medium,school,
Carnegie Mellon but cheaper,counselor_teacher,rewrite_needed,complex,requires query rewrite to explicit constraints,rewrite_then_route,complex,"school,rewrite_cue",
Rice University job placement for chemistry,parent,career_outcomes,medium,career outcomes,outcomes_pipeline,medium,"school,career_outcome_cue",
caltech,counselor_teacher,direct_lookup,short_circuit,simple entity lookup,typesense_only,easy,,
Cornell scholarships for international,counselor_teacher,cost_financial_aid,medium,cost and aid,finance_guidance,medium,"school,cost_constraint",
Carnegie Mellon scholarships for low income,parent,cost_financial_aid,medium,cost and aid,finance_guidance,medium,"school,cost_constraint",
Penn State application deadlines,parent,admissions_process,medium,admissions/how-to,faq_or_guidance,medium,"school,admissions_or_attribute_signal",
best psychology schools near Chicago,college_student,filtered_search,medium,faceted search: 1–2 filters,semantic_or_faceted_search,medium,"major_or_program,location",
alumni network for Stanford,counselor_teacher,attribute_lookup,short_circuit,single attribute lookup,typesense_plus_metadata,easy,school,
cheapest public health schools near Chicago,parent,filtered_search,medium,cost and aid,semantic_or_faceted_search,medium,location,intent:filtered_search_pattern
usc,high_school_student,direct_lookup,short_circuit,simple entity lookup,typesense_only,easy,school,persona:school_only_pattern
University of Florida admissions profile average sat and gpa,counselor_teacher,admissions_process,medium,admissions/how-to,faq_or_guidance,medium,"school,location,admissions_or_attribute_signal",
Northwestern,high_school_student,direct_lookup,short_circuit,simple entity lookup,typesense_only,easy,school,persona:school_only_pattern
Princeton but cheaper,advisor,rewrite_needed,complex,requires query rewrite to explicit constraints,rewrite_then_route,complex,"school,rewrite_cue",
universities with strong nursing,counselor_teacher,filtered_search,medium,faceted search: 1–2 filters,semantic_or_faceted_search,medium,major_or_program,
University of Wisconsin housing policy,counselor_teacher,attribute_lookup,medium,single attribute lookup,typesense_plus_metadata,easy,"school,admissions_or_attribute_signal",
schools like Rice University but cheaper,college_student,rewrite_needed,complex,needs recommendation/ranking,rewrite_then_route,complex,"school,rewrite_cue",intent:rewrite_pattern
recommend large colleges near Chicago for public health safety schools,high_school_student,recommendation,llm_needed,needs recommendation/ranking,recommendation_workflow,complex,location,
universities near a major tech hub with data science and philosophy low tuition,parent,multi_constraint,complex,multi-constraint: requires multi-step filtering,foundry_multi_agent,complex,cost_constraint,
cheapest nursing schools in warm states,parent,filtered_search,medium,cost and aid,semantic_or_faceted_search,medium,"major_or_program,location",intent:filtered_search_pattern
how do i apply to Brown,counselor_teacher,admissions_process,medium,admissions/how-to,faq_or_guidance,medium,school,
large architecture colleges in warm states low tuition not too competitive,advisor,multi_constraint,complex,multi-constraint: requires multi-step filtering,foundry_multi_agent,complex,"major_or_program,location,cost_constraint",
best colleges for business job outcomes,college_student,career_outcomes,medium,career outcomes,outcomes_pipeline,medium,"major_or_program,career_outcome_cue",
Rice University job placement for neuroscience,college_student,career_outcomes,medium,career outcomes,outcomes_pipeline,medium,"school,major_or_program,career_outcome_cue",
what is the food quality at Columbia,counselor_teacher,campus_life_fit,llm_needed,subjective fit; likely needs LLM,llm_advisory,complex,school,
does Rice University have computer science,parent,attribute_lookup,short_circuit,single attribute lookup,typesense_plus_metadata,easy,"school,major_or_program",
MIT admissions profile average sat and gpa,counselor_teacher,admissions_process,complex,needs recommendation/ranking,faq_or_guidance,medium,"school,admissions_or_attribute_signal",intent:admissions_profile_pattern
does Columbia have nursing,advisor,attribute_lookup,short_circuit,single attribute lookup,typesense_plus_metadata,easy,"school,major_or_program",
cheapest pre-med schools near a major tech hub,advisor,filtered_search,medium,cost and aid,semantic_or_faceted_search,medium,major_or_program,intent:filtered_search_pattern
universities with strong neuroscience,college_student,filtered_search,medium,faceted search: 1–2 filters,semantic_or_faceted_search,medium,major_or_program,
stanford job placement rate,high_school_student,career_outcomes,short_circuit,single attribute lookup,outcomes_pipeline,medium,"school,career_outcome_cue",intent:career_pattern
scholarships for Purdue,parent,cost_financial_aid,short_circuit,single attribute lookup,finance_guidance,medium,"school,cost_constraint",intent:cost_pattern
recommend medium-sized colleges in Texas for architecture reach schools,advisor,recommendation,complex,needs recommendation/ranking,recommendation_workflow,complex,"major_or_program,location",
Carnegie Mellon food quality vs Cornell food quality,high_school_student,comparison,complex,comparison between entities,compare_pipeline,complex,"school,comparison_target",
Purdue scholarships for merit,advisor,cost_financial_aid,medium,cost and aid,finance_guidance,medium,"school,cost_constraint",
four year cost of USC including housing,parent,cost_financial_aid,medium,cost and aid,finance_guidance,medium,"school,cost_constraint,admissions_or_attribute_signal",
what schools should i apply to for psychology near Chicago good financial aid,college_student,recommendation,complex,needs recommendation/ranking,recommendation_workflow,complex,"major_or_program,location,cost_constraint",
colleges in Texas,counselor_teacher,filtered_search,medium,faceted search: 1–2 filters,semantic_or_faceted_search,medium,location,
four year cost of University of Maryland including housing,parent,cost_financial_aid,complex,comparison between entities,finance_guidance,medium,"school,cost_constraint,admissions_or_attribute_signal",intent:four_year_cost_pattern
best philosophy schools in warm states,counselor_teacher,filtered_search,medium,faceted search: 1–2 filters,semantic_or_faceted_search,medium,location,
do i need sat for Northeastern,college_student,admissions_process,medium,admissions/how-to,faq_or_guidance,medium,admissions_or_attribute_signal,
good nursing schools near Chicago,advisor,filtered_search,medium,faceted search: 1–2 filters,semantic_or_faceted_search,medium,"major_or_program,location",
best colleges for pre-law job outcomes,counselor_teacher,career_outcomes,medium,career outcomes,outcomes_pipeline,medium,"major_or_program,career_outcome_cue",
good pre-law schools not Florida,advisor,filtered_search,medium,faceted search: 1–2 filters,semantic_or_faceted_search,medium,"major_or_program,location",
good philosophy schools near the beach,college_student,filtered_search,medium,faceted search: 1–2 filters,semantic_or_faceted_search,medium,location,
Carnegie Mellon housing policy,college_student,attribute_lookup,short_circuit,single attribute lookup,typesense_plus_metadata,easy,"school,admissions_or_attribute_signal",
schools in warm states with low student-to-faculty ratio,parent,filtered_search,medium,faceted search: 1–2 filters,semantic_or_faceted_search,medium,location,
campus safety for USC,counselor_teacher,attribute_lookup,short_circuit,single attribute lookup,typesense_plus_metadata,easy,school,
Harvard job placement for biology,high_school_student,career_outcomes,medium,career outcomes,outcomes_pipeline,medium,"school,major_or_program,career_outcome_cue",
do i need sat for Virginia Tech,parent,admissions_process,medium,admissions/how-to,faq_or_guidance,medium,"school,admissions_or_attribute_signal",
do i need sat for boston university,high_school_student,admissions_process,medium,admissions/how-to,faq_or_guidance,medium,"school,admissions_or_attribute_signal",
schools not Florida with low student-to-faculty ratio,high_school_student,filtered_search,medium,faceted search: 1–2 filters,semantic_or_faceted_search,medium,location,
does harvard have study abroad,high_school_student,attribute_lookup,short_circuit,single attribute lookup,typesense_plus_metadata,easy,school,
university of michigan,high_school_student,direct_lookup,short_circuit,simple entity lookup,typesense_only,easy,school,
Northeastern application deadlines,counselor_teacher,admissions_process,medium,admissions/how-to,faq_or_guidance,medium,admissions_or_attribute_signal,
Harvard,high_school_student,direct_lookup,short_circuit,simple entity lookup,typesense_only,easy,school,persona:school_only_pattern
universities with strong neuroscience,counselor_teacher,filtered_search,medium,faceted search: 1–2 filters,semantic_or_faceted_search,medium,major_or_program,
tuition for Brown,college_student,cost_financial_aid,medium,single attribute lookup,finance_guidance,medium,"school,cost_constraint",intent:cost_pattern
University of Wisconsin,high_school_student,direct_lookup,short_circuit,simple entity lookup,typesense_only,easy,school,
cheapest pre-med schools in California,advisor,filtered_search,medium,cost and aid,semantic_or_faceted_search,medium,"major_or_program,location",intent:filtered_search_pattern
schools with strong support for first generation students,counselor_teacher,filtered_search,medium,cost and aid,semantic_or_faceted_search,medium,,intent:first_gen_support_pattern
University of Wisconsin application deadlines,parent,admissions_process,medium,admissions/how-to,faq_or_guidance,medium,"school,admissions_or_attribute_signal",
how do i apply to Duke,parent,admissions_process,medium,admissions/how-to,faq_or_guidance,medium,school,
affordable finance schools near the beach with good job placement,high_school_student,career_outcomes,complex,multi-constraint: requires multi-step filtering,outcomes_pipeline,medium,"location,career_outcome_cue",intent:career_pattern
schools in warm states with low student-to-faculty ratio,counselor_teacher,filtered_search,medium,faceted search: 1–2 filters,semantic_or_faceted_search,medium,location,
Columbia housing guarantee beyond freshman year,parent,attribute_lookup,short_circuit,simple entity lookup,typesense_plus_metadata,easy,"school,admissions_or_attribute_signal",intent:housing_guarantee_pattern
cheapest business schools near Chicago,college_student,filtered_search,medium,cost and aid,semantic_or_faceted_search,medium,"major_or_program,location",intent:filtered_search_pattern
University of Michigan scholarships for low income,high_school_student,cost_financial_aid,medium,cost and aid,finance_guidance,medium,"school,cost_constraint",
four year cost of MIT including housing,parent,cost_financial_aid,medium,faceted search: 1–2 filters,finance_guidance,medium,"school,cost_constraint,admissions_or_attribute_signal",intent:four_year_cost_pattern
cheapest film schools in Texas,parent,filtered_search,medium,cost and aid,semantic_or_faceted_search,medium,"major_or_program,location",intent:filtered_search_pattern
universities near Chicago with psychology and philosophy full ride options,parent,multi_constraint,complex,multi-constraint: requires multi-step filtering,foundry_multi_agent,complex,"major_or_program,location,cost_constraint",
colleges not Florida full ride options with good dorms and strong internships,high_school_student,multi_constraint,llm_needed,multi-constraint: requires multi-step filtering,foundry_multi_agent,complex,"location,cost_constraint",
colleges in warm states under 20k with good dorms and strong internships,advisor,multi_constraint,complex,multi-constraint: requires multi-step filtering,foundry_multi_agent,complex,location,
colleges near the beach,parent,filtered_search,medium,faceted search: 1–2 filters,semantic_or_faceted_search,medium,location,
does UCLA have computer science,college_student,attribute_lookup,short_circuit,single attribute lookup,typesense_plus_metadata,easy,"school,major_or_program",
average SAT for University of Maryland,counselor_teacher,admissions_process,short_circuit,single attribute lookup,faq_or_guidance,medium,"school,admissions_or_attribute_signal",intent:admissions_pattern
Vanderbilt location,advisor,attribute_lookup,short_circuit,single attribute lookup,typesense_plus_metadata,easy,school,
what schools should i apply to for economics near the beach low tuition,high_school_student,recommendation,complex,needs recommendation/ranking,recommendation_workflow,complex,"major_or_program,location,cost_constraint",
Caltech but cheaper,college_student,rewrite_needed,complex,requires query rewrite to explicit constraints,rewrite_then_route,complex,rewrite_cue,
Arizona State scholarships for low income,college_student,cost_financial_aid,medium,cost and aid,finance_guidance,medium,"school,cost_constraint",
what schools should i apply to for chemistry near Chicago under 20k,college_student,filtered_search,complex,needs recommendation/ranking,semantic_or_faceted_search,medium,location,intent:filtered_search_pattern
medium-sized philosophy colleges near Chicago under 40k target schools,high_school_student,filtered_search,complex,multi-constraint: requires multi-step filtering,semantic_or_faceted_search,medium,location,intent:filtered_search_pattern
universities with strong psychology,counselor_teacher,filtered_search,medium,faceted search: 1–2 filters,semantic_or_faceted_search,medium,major_or_program,
cheapest nursing schools in California,counselor_teacher,filtered_search,medium,cost and aid,semantic_or_faceted_search,medium,"major_or_program,location",intent:filtered_search_pattern
schools like University of Florida but cheaper,parent,rewrite_needed,complex,needs recommendation/ranking,rewrite_then_route,complex,"school,location,rewrite_cue",intent:rewrite_pattern
harvard application deadlines,high_school_student,admissions_process,medium,admissions/how-to,faq_or_guidance,medium,"school,admissions_or_attribute_signal",
affordable psychology schools near the beach with good job placement,high_school_student,career_outcomes,complex,multi-constraint: requires multi-step filtering,outcomes_pipeline,medium,"major_or_program,location,career_outcome_cue",intent:career_pattern
NYU diversity vs Harvard diversity,counselor_teacher,comparison,complex,comparison between entities,compare_pipeline,complex,"school,comparison_target",
universities with strong political science,college_student,filtered_search,medium,faceted search: 1–2 filters,semantic_or_faceted_search,medium,,
Rice University food quality vs Georgia Tech food quality,counselor_teacher,comparison,complex,comparison between entities,compare_pipeline,complex,"school,comparison_target",
schools like University of Maryland but cheaper,high_school_student,rewrite_needed,complex,needs recommendation/ranking,rewrite_then_route,complex,"school,rewrite_cue",intent:rewrite_pattern
recommend medium-sized colleges near the beach for nursing not too competitive,advisor,recommendation,complex,needs recommendation/ranking,recommendation_workflow,complex,"major_or_program,location",
recommend medium-sized colleges not Florida for business target schools,college_student,recommendation,complex,needs recommendation/ranking,recommendation_workflow,complex,"major_or_program,location",
colleges in Texas,parent,filtered_search,medium,faceted search: 1–2 filters,semantic_or_faceted_search,medium,location,
Arizona State job placement for architecture,parent,career_outcomes,medium,career outcomes,outcomes_pipeline,medium,"school,major_or_program,career_outcome_cue",
Duke,high_school_student,direct_lookup,short_circuit,simple entity lookup,typesense_only,easy,school,
what schools should i apply to for biology in warm states good financial aid,advisor,recommendation,complex,needs recommendation/ranking,recommendation_workflow,complex,"major_or_program,location,cost_constraint",
best colleges for pre-law job outcomes,advisor,career_outcomes,medium,career outcomes,outcomes_pipeline,medium,"major_or_program,career_outcome_cue",
cheapest nursing schools near Chicago,advisor,filtered_search,medium,cost and aid,semantic_or_faceted_search,medium,"major_or_program,location",intent:filtered_search_pattern
UC Berkeley admissions profile average sat and gpa,counselor_teacher,admissions_process,medium,career outcomes,faq_or_guidance,medium,"school,admissions_or_attribute_signal",intent:admissions_profile_pattern
UC San Diego housing policy,counselor_teacher,attribute_lookup,short_circuit,single attribute lookup,typesense_plus_metadata,easy,admissions_or_attribute_signal,
colleges in warm states,counselor_teacher,filtered_search,medium,faceted search: 1–2 filters,semantic_or_faceted_search,medium,location,
universities with strong finance,college_student,filtered_search,medium,faceted search: 1–2 filters,semantic_or_faceted_search,medium,,
best psychology schools in warm states,high_school_student,filtered_search,medium,faceted search: 1–2 filters,semantic_or_faceted_search,medium,"major_or_program,location",
how do i apply to UC Irvine,parent,admissions_process,medium,admissions/how-to,faq_or_guidance,medium,,
universities with strong philosophy,high_school_student,filtered_search,medium,faceted search: 1–2 filters,semantic_or_faceted_search,medium,,
top computer science schools near a major tech hub,high_school_student,filtered_search,medium,faceted search: 1–2 filters,semantic_or_faceted_search,medium,major_or_program,
University of Florida job placement for psychology,high_school_student,career_outcomes,medium,career outcomes,outcomes_pipeline,medium,"school,major_or_program,location,career_outcome_cue",
cheapest data science schools in California,parent,filtered_search,medium,cost and aid,semantic_or_faceted_search,medium,location,intent:filtered_search_pattern
do i need sat for University of Florida,parent,admissions_process,medium,admissions/how-to,faq_or_guidance,medium,"school,location,admissions_or_attribute_signal",
Michigan,parent,direct_lookup,short_circuit,simple entity lookup,typesense_only,easy,,
schools like Duke but cheaper,advisor,rewrite_needed,complex,needs recommendation/ranking,rewrite_then_route,complex,"school,rewrite_cue",intent:rewrite_pattern
Boston University job placement for nursing,parent,career_outcomes,medium,career outcomes,outcomes_pipeline,medium,"school,major_or_program,career_outcome_cue",
how do i apply to northwestern,high_school_student,admissions_process,medium,admissions/how-to,faq_or_guidance,medium,school,
University of Washington admissions profile average sat and gpa,counselor_teacher,admissions_process,complex,multi-constraint: requires multi-step filtering,faq_or_guidance,medium,"school,admissions_or_attribute_signal",intent:admissions_profile_pattern
Princeton vs Harvard for political science,counselor_teacher,comparison,complex,comparison between entities,compare_pipeline,complex,"school,comparison_target",
universities in California with public health and philosophy good financial aid,parent,multi_constraint,complex,multi-constraint: requires multi-step filtering,foundry_multi_agent,complex,"location,cost_constraint",
Arizona State housing guarantee beyond freshman year,parent,attribute_lookup,medium,single attribute lookup,typesense_plus_metadata,easy,"school,admissions_or_attribute_signal",
four year cost of Boston University including housing,parent,cost_financial_aid,medium,career outcomes,finance_guidance,medium,"school,cost_constraint,admissions_or_attribute_signal",intent:four_year_cost_pattern
Boston University job placement for chemistry,high_school_student,career_outcomes,medium,career outcomes,outcomes_pipeline,medium,"school,career_outcome_cue",
colleges in Texas under 30k with good dorms and strong internships,parent,multi_constraint,complex,multi-constraint: requires multi-step filtering,foundry_multi_agent,complex,location,
small nursing colleges in warm states good financial aid target schools,high_school_student,multi_constraint,complex,multi-constraint: requires multi-step filtering,foundry_multi_agent,complex,"major_or_program,location,cost_constraint",
Rice University,high_school_student,direct_lookup,short_circuit,simple entity lookup,typesense_only,easy,school,persona:school_only_pattern
how do i apply to Stanford,advisor,admissions_process,medium,admissions/how-to,faq_or_guidance,medium,school,
Caltech job placement for biology,college_student,career_outcomes,medium,career outcomes,outcomes_pipeline,medium,"major_or_program,career_outcome_cue",
cheapest biology schools in California,high_school_student,filtered_search,medium,cost and aid,semantic_or_faceted_search,medium,"major_or_program,location",intent:filtered_search_pattern
UT Austin mental health counseling,parent,attribute_lookup,short_circuit,single attribute lookup,typesense_plus_metadata,easy,school,
how do i apply to UT Austin,parent,admissions_process,medium,admissions/how-to,faq_or_guidance,medium,school,
Northwestern but cheaper,high_school_student,rewrite_needed,complex,requires query rewrite to explicit constraints,rewrite_then_route,complex,"school,rewrite_cue",
create a balanced list: reach target safety for data science near a major tech hub under 40k,advisor,admissions_process,medium,admissions/how-to,faq_or_guidance,medium,,
what is the Greek life presence at Princeton,parent,campus_life_fit,llm_needed,subjective fit; likely needs LLM,llm_advisory,complex,school,
colleges not Florida,high_school_student,filtered_search,medium,faceted search: 1–2 filters,semantic_or_faceted_search,medium,location,
how do i apply to UC Irvine,high_school_student,admissions_process,medium,admissions/how-to,faq_or_guidance,medium,,
colleges in warm states under 30k with good dorms and strong internships,college_student,multi_constraint,complex,multi-constraint: requires multi-step filtering,foundry_multi_agent,complex,location,
create a balanced list: reach target safety for aerospace engineering in California good financial aid,advisor,filtered_search,medium,faceted search: 1–2 filters,semantic_or_faceted_search,medium,"major_or_program,location,cost_constraint",
what is the competitive culture at Georgia Tech,college_student,campus_life_fit,llm_needed,subjective fit; likely needs LLM,llm_advisory,complex,"school,fit_or_culture_cue",
four year cost of UC Berkeley including housing,parent,cost_financial_aid,short_circuit,single attribute lookup,finance_guidance,medium,"school,cost_constraint,admissions_or_attribute_signal",intent:four_year_cost_pattern
four year cost of UC Irvine including housing,parent,cost_financial_aid,short_circuit,single attribute lookup,finance_guidance,medium,"cost_constraint,admissions_or_attribute_signal",intent:four_year_cost_pattern
University of Florida introvert-friendly culture vs Virginia Tech introvert-friendly culture,college_student,comparison,complex,comparison between entities,compare_pipeline,complex,"school,comparison_target,location,fit_or_culture_cue",
colleges near the beach,advisor,filtered_search,medium,faceted search: 1–2 filters,semantic_or_faceted_search,medium,location,
cheapest electrical engineering schools in Texas,college_student,filtered_search,medium,cost and aid,semantic_or_faceted_search,medium,"major_or_program,location",intent:filtered_search_pattern
recommend small colleges in warm states for architecture reach schools,parent,recommendation,complex,needs recommendation/ranking,recommendation_workflow,complex,"major_or_program,location",
do i need sat for Rice University,counselor_teacher,admissions_process,medium,admissions/how-to,faq_or_guidance,medium,"school,admissions_or_attribute_signal",
Georgia Tech job placement for mechanical engineering,parent,career_outcomes,medium,career outcomes,outcomes_pipeline,medium,"school,major_or_program,career_outcome_cue",
create a balanced list: reach target safety for electrical engineering in Texas under 40k,advisor,cost_financial_aid,medium,cost and aid,finance_guidance,medium,"major_or_program,location",
University of Florida vibe vs Purdue vibe,parent,comparison,complex,comparison between entities,compare_pipeline,complex,"school,comparison_target,location,fit_or_culture_cue",
affordable data science schools not Florida with good job placement,counselor_teacher,career_outcomes,complex,multi-constraint: requires multi-step filtering,outcomes_pipeline,medium,"location,career_outcome_cue",intent:career_pattern
University of Florida job placement for psychology,advisor,career_outcomes,medium,career outcomes,outcomes_pipeline,medium,"school,major_or_program,location,career_outcome_cue",
create a balanced list: reach target safety for neuroscience near Chicago under 20k,advisor,career_outcomes,medium,career outcomes,outcomes_pipeline,medium,"major_or_program,location",
does Rice University have computer science,college_student,attribute_lookup,short_circuit,single attribute lookup,typesense_plus_metadata,easy,"school,major_or_program",
UT Austin,high_school_student,direct_lookup,short_circuit,simple entity lookup,typesense_only,easy,school,
four year cost of USC including housing,parent,cost_financial_aid,llm_needed,needs recommendation/ranking,finance_guidance,medium,"school,cost_constraint,admissions_or_attribute_signal",intent:four_year_cost_pattern
Northwestern but cheaper,college_student,rewrite_needed,complex,requires query rewrite to explicit constraints,rewrite_then_route,complex,"school,rewrite_cue",
top architecture schools not Florida,counselor_teacher,filtered_search,medium,faceted search: 1–2 filters,semantic_or_faceted_search,medium,"major_or_program,location",
small film colleges in Texas under 40k not too competitive,college_student,multi_constraint,complex,multi-constraint: requires multi-step filtering,foundry_multi_agent,complex,"major_or_program,location",
UC Berkeley housing guarantee beyond freshman year,parent,attribute_lookup,short_circuit,single attribute lookup,typesense_plus_metadata,easy,"school,admissions_or_attribute_signal",
colleges near a major tech hub low tuition with good dorms and strong internships,college_student,multi_constraint,complex,multi-constraint: requires multi-step filtering,foundry_multi_agent,complex,cost_constraint,
colleges near Chicago,college_student,filtered_search,medium,faceted search: 1–2 filters,semantic_or_faceted_search,medium,location,
Arizona State,high_school_student,direct_lookup,short_circuit,simple entity lookup,typesense_only,easy,school,
Rice University application deadlines,counselor_teacher,admissions_process,medium,admissions/how-to,faq_or_guidance,medium,"school,admissions_or_attribute_signal",
create a balanced list: reach target safety for philosophy not Florida full ride options,advisor,career_outcomes,medium,career outcomes,outcomes_pipeline,medium,"location,cost_constraint",
do i need sat for Vanderbilt,parent,admissions_process,medium,admissions/how-to,faq_or_guidance,medium,"school,admissions_or_attribute_signal",
medium-sized economics colleges near a major tech hub under 30k reach schools,college_student,filtered_search,complex,multi-constraint: requires multi-step filtering,semantic_or_faceted_search,medium,major_or_program,intent:filtered_search_pattern
Duke campus culture vs Harvard campus culture,college_student,comparison,complex,comparison between entities,compare_pipeline,complex,"school,comparison_target,fit_or_culture_cue",
Cornell vs Northwestern,college_student,comparison,complex,comparison between entities,compare_pipeline,complex,"school,comparison_target",
Northwestern job placement for philosophy,advisor,career_outcomes,medium,career outcomes,outcomes_pipeline,medium,"school,career_outcome_cue",
what is the vibe at UC San Diego,college_student,campus_life_fit,llm_needed,subjective fit; likely needs LLM,llm_advisory,complex,fit_or_culture_cue,
create a balanced list: reach target safety for finance near Chicago under 40k,advisor,admissions_process,medium,admissions/how-to,faq_or_guidance,medium,location,
University of Michigan vs UCLA,college_student,comparison,complex,comparison between entities,compare_pipeline,complex,"school,comparison_target",
what is the campus culture at Northeastern,advisor,campus_life_fit,llm_needed,subjective fit; likely needs LLM,llm_advisory,complex,fit_or_culture_cue,
good public health schools in California,high_school_student,filtered_search,medium,faceted search: 1–2 filters,semantic_or_faceted_search,medium,location,
University of Wisconsin scholarships for merit,advisor,cost_financial_aid,medium,cost and aid,finance_guidance,medium,"school,cost_constraint",
universities near a major tech hub with data science and philosophy under 20k,advisor,multi_constraint,llm_needed,multi-constraint: requires multi-step filtering,foundry_multi_agent,complex,,
Stanford scholarships for first gen,counselor_teacher,cost_financial_aid,medium,cost and aid,finance_guidance,medium,"school,cost_constraint",
Purdue admissions profile average sat and gpa,counselor_teacher,admissions_process,complex,multi-constraint: requires multi-step filtering,faq_or_guidance,medium,"school,admissions_or_attribute_signal",intent:admissions_profile_pattern
universities near the beach with philosophy and philosophy full ride options,counselor_teacher,multi_constraint,complex,multi-constraint: requires multi-step filtering,foundry_multi_agent,complex,"location,cost_constraint",
Caltech vs MIT,high_school_student,comparison,complex,comparison between entities,compare_pipeline,complex,"school,comparison_target",
create a balanced list: reach target safety for philosophy near the beach under 30k,advisor,recommendation,complex,needs recommendation/ranking,recommendation_workflow,complex,location,
universities with strong electrical engineering,counselor_teacher,filtered_search,medium,faceted search: 1–2 filters,semantic_or_faceted_search,medium,major_or_program,
Virginia Tech application deadlines,counselor_teacher,admissions_process,medium,admissions/how-to,faq_or_guidance,medium,"school,admissions_or_attribute_signal",
Columbia job placement for biology,advisor,career_outcomes,medium,career outcomes,outcomes_pipeline,medium,"school,major_or_program,career_outcome_cue",
recommend medium-sized colleges in warm states for pre-med not too competitive,college_student,recommendation,complex,needs recommendation/ranking,recommendation_workflow,complex,"major_or_program,location",
Cornell application deadlines,counselor_teacher,admissions_process,medium,admissions/how-to,faq_or_guidance,medium,"school,admissions_or_attribute_signal",
schools like UCLA but cheaper,advisor,rewrite_needed,complex,needs recommendation/ranking,rewrite_then_route,complex,"school,rewrite_cue",intent:rewrite_pattern
affordable political science schools near the beach with good job placement,advisor,career_outcomes,complex,multi-constraint: requires multi-step filtering,outcomes_pipeline,medium,"location,career_outcome_cue",intent:career_pattern
University of Wisconsin vs University of Michigan for chemistry,counselor_teacher,comparison,complex,comparison between entities,compare_pipeline,complex,"school,comparison_target",
recommend small colleges not Florida for finance reach schools,advisor,recommendation,complex,needs recommendation/ranking,recommendation_workflow,complex,location,
what is the dorm quality at Northeastern,parent,campus_life_fit,llm_needed,subjective fit; likely needs LLM,llm_advisory,complex,,
location for Princeton,counselor_teacher,attribute_lookup,short_circuit,single attribute lookup,typesense_plus_metadata,easy,school,
Carnegie Mellon,high_school_student,direct_lookup,short_circuit,simple entity lookup,typesense_only,easy,school,persona:school_only_pattern
UT Austin job placement rate,counselor_teacher,career_outcomes,short_circuit,single attribute lookup,outcomes_pipeline,medium,"school,career_outcome_cue",intent:career_pattern
Caltech study abroad,parent,attribute_lookup,short_circuit,single attribute lookup,typesense_plus_metadata,easy,,
colleges in warm states low tuition with good dorms and strong internships,counselor_teacher,multi_constraint,complex,multi-constraint: requires multi-step filtering,foundry_multi_agent,complex,"location,cost_constraint",
Stanford acceptance rate,high_school_student,attribute_lookup,short_circuit,single attribute lookup,typesense_plus_metadata,easy,"school,admissions_or_attribute_signal",
recommend large colleges near a major tech hub for philosophy reach schools,advisor,recommendation,complex,needs recommendation/ranking,recommendation_workflow,complex,,
does Arizona State have nursing,counselor_teacher,attribute_lookup,short_circuit,single attribute lookup,typesense_plus_metadata,easy,"school,major_or_program",
Northwestern scholarships for international,parent,cost_financial_aid,medium,cost and aid,finance_guidance,medium,"school,cost_constraint",
Purdue admissions profile average sat and gpa,counselor_teacher,admissions_process,short_circuit,simple entity lookup,faq_or_guidance,medium,"school,admissions_or_attribute_signal",intent:admissions_profile_pattern
Caltech location,college_student,attribute_lookup,short_circuit,single attribute lookup,typesense_plus_metadata,easy,,
does Cornell have computer science,college_student,attribute_lookup,short_circuit,single attribute lookup,typesense_plus_metadata,easy,"school,major_or_program",
Purdue collaborative culture vs Georgia Tech collaborative culture,advisor,comparison,complex,comparison between entities,compare_pipeline,complex,"school,comparison_target,fit_or_culture_cue",
schools in warm states with low student-to-faculty ratio,advisor,filtered_search,medium,faceted search: 1–2 filters,semantic_or_faceted_search,medium,location,
universities with strong chemistry,high_school_student,filtered_search,medium,faceted search: 1–2 filters,semantic_or_faceted_search,medium,,
university of maryland,high_school_student,direct_lookup,short_circuit,simple entity lookup,typesense_only,easy,school,persona:school_only_pattern
universities in warm states with aerospace engineering and philosophy under 20k,high_school_student,multi_constraint,complex,multi-constraint: requires multi-step filtering,foundry_multi_agent,complex,"major_or_program,location",
Princeton tuition,parent,cost_financial_aid,short_circuit,single attribute lookup,finance_guidance,medium,"school,cost_constraint",intent:cost_pattern
UT Austin,high_school_student,direct_lookup,short_circuit,simple entity lookup,typesense_only,easy,school,persona:school_only_pattern
rankings for Arizona State,high_school_student,attribute_lookup,short_circuit,single attribute lookup,typesense_plus_metadata,easy,school,
MIT application deadlines,college_student,admissions_process,medium,admissions/how-to,faq_or_guidance,medium,"school,admissions_or_attribute_signal",
northwestern,high_school_student,direct_lookup,short_circuit,simple entity lookup,typesense_only,easy,school,
UC San Diego but cheaper,college_student,rewrite_needed,complex,requires query rewrite to explicit constraints,rewrite_then_route,complex,rewrite_cue,
UCLA,high_school_student,direct_lookup,short_circuit,simple entity lookup,typesense_only,easy,school,
UC Irvine housing guarantee beyond freshman year,parent,attribute_lookup,complex,multi-constraint: requires multi-step filtering,typesense_plus_metadata,easy,admissions_or_attribute_signal,intent:housing_guarantee_pattern
Harvard housing policy,college_student,attribute_lookup,short_circuit,single attribute lookup,typesense_plus_metadata,easy,"school,admissions_or_attribute_signal",
UCLA but cheaper,parent,rewrite_needed,complex,requires query rewrite to explicit constraints,rewrite_then_route,complex,"school,rewrite_cue",
recommend small colleges near Chicago for public health not too competitive,college_student,recommendation,complex,needs recommendation/ranking,recommendation_workflow,complex,location,
how do i apply to Virginia Tech,parent,admissions_process,medium,admissions/how-to,faq_or_guidance,medium,school,
recommend small colleges in Texas for electrical engineering safety schools,advisor,recommendation,complex,needs recommendation/ranking,recommendation_workflow,complex,"major_or_program,location",
Caltech housing guarantee beyond freshman year,parent,attribute_lookup,complex,comparison between entities,typesense_plus_metadata,easy,admissions_or_attribute_signal,intent:housing_guarantee_pattern
Arizona State,high_school_student,direct_lookup,medium,simple entity lookup,typesense_only,easy,school,persona:school_only_pattern
University of Florida scholarships for first gen,parent,cost_financial_aid,medium,cost and aid,finance_guidance,medium,"school,location,cost_constraint",
study abroad for Georgia Tech,college_student,attribute_lookup,short_circuit,single attribute lookup,typesense_plus_metadata,easy,school,
university of wisconsin,high_school_student,direct_lookup,short_circuit,simple entity lookup,typesense_only,easy,school,persona:school_only_pattern
best colleges for biology job outcomes,advisor,career_outcomes,medium,career outcomes,outcomes_pipeline,medium,"major_or_program,career_outcome_cue",
affordable psychology schools in California with good job placement,advisor,career_outcomes,complex,multi-constraint: requires multi-step filtering,outcomes_pipeline,medium,"major_or_program,location,career_outcome_cue",intent:career_pattern
create a balanced list: reach target safety for psychology near the beach under 40k,advisor,multi_constraint,complex,multi-constraint: requires multi-step filtering,foundry_multi_agent,complex,"major_or_program,location",
Vanderbilt but cheaper,college_student,rewrite_needed,complex,requires query rewrite to explicit constraints,rewrite_then_route,complex,"school,rewrite_cue",
does Georgia Tech have pre-med advising,parent,attribute_lookup,short_circuit,single attribute lookup,typesense_plus_metadata,easy,"school,major_or_program",
USC but cheaper,college_student,rewrite_needed,complex,requires query rewrite to explicit constraints,rewrite_then_route,complex,"school,rewrite_cue",
average ACT for Georgia Tech,counselor_teacher,attribute_lookup,short_circuit,single attribute lookup,typesense_plus_metadata,easy,school,
financial aid for UC San Diego,advisor,attribute_lookup,short_circuit,single attribute lookup,typesense_plus_metadata,easy,cost_constraint,
NYU vs Virginia Tech for neuroscience,counselor_teacher,comparison,complex,comparison between entities,compare_pipeline,complex,"school,comparison_target,major_or_program",
create a balanced list: reach target safety for mechanical engineering near Chicago good financial aid,advisor,multi_constraint,complex,multi-constraint: requires multi-step filtering,foundry_multi_agent,complex,"major_or_program,location,cost_constraint",
Brown scholarships for first gen,college_student,cost_financial_aid,medium,cost and aid,finance_guidance,medium,"school,cost_constraint",
universities near Chicago with electrical engineering and philosophy under 40k,college_student,multi_constraint,complex,multi-constraint: requires multi-step filtering,foundry_multi_agent,complex,"major_or_program,location",
schools like UC San Diego but cheaper,parent,rewrite_needed,complex,needs recommendation/ranking,rewrite_then_route,complex,rewrite_cue,intent:rewrite_pattern
cheapest biology schools near the beach,parent,filtered_search,medium,cost and aid,semantic_or_faceted_search,medium,"major_or_program,location",intent:filtered_search_pattern
best pre-med schools near Chicago,college_student,filtered_search,medium,faceted search: 1–2 filters,semantic_or_faceted_search,medium,"major_or_program,location",
large finance colleges in California under 20k safety schools,high_school_student,filtered_search,complex,multi-constraint: requires multi-step filtering,semantic_or_faceted_search,medium,location,intent:filtered_search_pattern
schools with strong support for first generation students,counselor_teacher,filtered_search,medium,career outcomes,semantic_or_faceted_search,medium,,intent:first_gen_support_pattern
UC San Diego job placement for architecture,parent,career_outcomes,medium,career outcomes,outcomes_pipeline,medium,"major_or_program,career_outcome_cue",
UC Berkeley scholarships for low income,counselor_teacher,cost_financial_aid,medium,cost and aid,finance_guidance,medium,"school,cost_constraint",
what is the sports culture at UC Berkeley,advisor,campus_life_fit,llm_needed,subjective fit; likely needs LLM,llm_advisory,complex,"school,fit_or_culture_cue",
best colleges for neuroscience job outcomes,advisor,career_outcomes,medium,career outcomes,outcomes_pipeline,medium,"major_or_program,career_outcome_cue",
how do i apply to University of Florida,advisor,admissions_process,medium,admissions/how-to,faq_or_guidance,medium,"school,location",
Brown application deadlines,advisor,admissions_process,medium,admissions/how-to,faq_or_guidance,medium,"school,admissions_or_attribute_signal",
universities with strong aerospace engineering,high_school_student,filtered_search,medium,faceted search: 1–2 filters,semantic_or_faceted_search,medium,major_or_program,
average ACT for UC Berkeley,counselor_teacher,attribute_lookup,short_circuit,single attribute lookup,typesense_plus_metadata,easy,school,
Penn State job placement for aerospace engineering,advisor,career_outcomes,medium,career outcomes,outcomes_pipeline,medium,"school,major_or_program,career_outcome_cue",
universities not Florida with computer science and philosophy good financial aid,counselor_teacher,multi_constraint,llm_needed,multi-constraint: requires multi-step filtering,foundry_multi_agent,complex,"major_or_program,location,cost_constraint",
colleges in Texas,high_school_student,filtered_search,medium,faceted search: 1–2 filters,semantic_or_faceted_search,medium,location,
Carnegie Mellon housing guarantee beyond freshman year,parent,attribute_lookup,medium,faceted search: 1–2 filters,typesense_plus_metadata,easy,"school,admissions_or_attribute_signal",intent:housing_guarantee_pattern
USC,high_school_student,direct_lookup,short_circuit,simple entity lookup,typesense_only,easy,school,persona:school_only_pattern
University of Washington scholarships for merit,advisor,cost_financial_aid,medium,cost and aid,finance_guidance,medium,"school,cost_constraint",
recommend medium-sized colleges not Florida for nursing not too competitive,counselor_teacher,recommendation,complex,needs recommendation/ranking,recommendation_workflow,complex,"major_or_program,location",
best colleges for finance job outcomes,counselor_teacher,career_outcomes,medium,career outcomes,outcomes_pipeline,medium,career_outcome_cue,
universities with strong architecture,high_school_student,filtered_search,medium,faceted search: 1–2 filters,semantic_or_faceted_search,medium,major_or_program,
cheapest nursing schools in Texas,parent,filtered_search,medium,cost and aid,semantic_or_faceted_search,medium,"major_or_program,location",intent:filtered_search_pattern
scholarships for University of Wisconsin,college_student,cost_financial_aid,short_circuit,single attribute lookup,finance_guidance,medium,"school,cost_constraint",intent:cost_pattern
colleges with normal people,counselor_teacher,campus_life_fit,llm_needed,subjective fit; likely needs LLM,llm_advisory,complex,fit_or_culture_cue,
MIT job placement for mechanical engineering,high_school_student,career_outcomes,medium,career outcomes,outcomes_pipeline,medium,"school,major_or_program,career_outcome_cue",
what schools should i apply to for psychology near the beach under 20k,college_student,filtered_search,complex,needs recommendation/ranking,semantic_or_faceted_search,medium,"major_or_program,location",intent:filtered_search_pattern
Northwestern alumni network,counselor_teacher,attribute_lookup,short_circuit,single attribute lookup,typesense_plus_metadata,easy,school,
four year cost of Princeton including housing,parent,cost_financial_aid,short_circuit,single attribute lookup,finance_guidance,medium,"school,cost_constraint,admissions_or_attribute_signal",intent:four_year_cost_pattern
Princeton job placement for film,parent,career_outcomes,medium,career outcomes,outcomes_pipeline,medium,"school,major_or_program,career_outcome_cue",
recommend medium-sized colleges near Chicago for data science not too competitive,advisor,recommendation,llm_needed,needs recommendation/ranking,recommendation_workflow,complex,location,
does Harvard have pre-med advising,advisor,attribute_lookup,short_circuit,single attribute lookup,typesense_plus_metadata,easy,"school,major_or_program",
UC Berkeley scholarships for merit,advisor,cost_financial_aid,medium,cost and aid,finance_guidance,medium,"school,cost_constraint",
best colleges for architecture job outcomes,parent,career_outcomes,medium,career outcomes,outcomes_pipeline,medium,"major_or_program,career_outcome_cue",
universities with strong pre-law,high_school_student,filtered_search,medium,faceted search: 1–2 filters,semantic_or_faceted_search,medium,major_or_program,
schools near a major tech hub with low student-to-faculty ratio,advisor,filtered_search,medium,faceted search: 1–2 filters,semantic_or_faceted_search,medium,,
how do i apply to Purdue,high_school_student,admissions_process,medium,admissions/how-to,faq_or_guidance,medium,school,
Purdue housing guarantee beyond freshman year,parent,attribute_lookup,medium,faceted search: 1–2 filters,typesense_plus_metadata,easy,"school,admissions_or_attribute_signal",intent:housing_guarantee_pattern
affordable engineering schools in warm states with good job placement,high_school_student,career_outcomes,complex,multi-constraint: requires multi-step filtering,outcomes_pipeline,medium,"major_or_program,location,career_outcome_cue",intent:career_pattern
top nursing schools not Florida,counselor_teacher,filtered_search,medium,faceted search: 1–2 filters,semantic_or_faceted_search,medium,"major_or_program,location",
Virginia Tech,high_school_student,direct_lookup,short_circuit,simple entity lookup,typesense_only,easy,school,
colleges in warm states,parent,filtered_search,medium,faceted search: 1–2 filters,semantic_or_faceted_search,medium,location,
colleges where people dont care about football,parent,filtered_search,llm_needed,subjective fit; likely needs LLM,semantic_or_faceted_search,medium,,intent:filtered_search_pattern
create a balanced list: reach target safety for economics in warm states under 30k,advisor,campus_life_fit,llm_needed,subjective fit; likely needs LLM,llm_advisory,complex,"major_or_program,location",
virginia tech vs uc san diego for computer science,high_school_student,comparison,complex,comparison between entities,compare_pipeline,complex,"school,comparison_target,major_or_program",
cheapest philosophy schools not Florida,college_student,filtered_search,medium,cost and aid,semantic_or_faceted_search,medium,location,intent:filtered_search_pattern
schools like University of Wisconsin but cheaper,college_student,rewrite_needed,complex,needs recommendation/ranking,rewrite_then_route,complex,"school,rewrite_cue",intent:rewrite_pattern
what schools should i apply to for architecture in Texas under 30k,college_student,filtered_search,complex,needs recommendation/ranking,semantic_or_faceted_search,medium,"major_or_program,location",intent:filtered_search_pattern
cheapest aerospace engineering schools near Chicago,parent,filtered_search,medium,cost and aid,semantic_or_faceted_search,medium,"major_or_program,location",intent:filtered_search_pattern
Cornell vs Duke,counselor_teacher,comparison,complex,comparison between entities,compare_pipeline,complex,"school,comparison_target",
small biology colleges near a major tech hub under 20k target schools,parent,multi_constraint,complex,multi-constraint: requires multi-step filtering,foundry_multi_agent,complex,major_or_program,
average ACT for Princeton,college_student,attribute_lookup,short_circuit,single attribute lookup,typesense_plus_metadata,easy,school,
colleges near a major tech hub good financial aid with good dorms and strong internships,high_school_student,multi_constraint,complex,multi-constraint: requires multi-step filtering,foundry_multi_agent,complex,cost_constraint,
colleges near the beach good financial aid with good dorms and strong internships,counselor_teacher,multi_constraint,complex,multi-constraint: requires multi-step filtering,foundry_multi_agent,complex,"location,cost_constraint",
does Georgia Tech have study abroad,counselor_teacher,attribute_lookup,short_circuit,single attribute lookup,typesense_plus_metadata,easy,school,
colleges near Chicago under 30k with good dorms and strong internships,advisor,multi_constraint,complex,multi-constraint: requires multi-step filtering,foundry_multi_agent,complex,location,
universities in Texas with political science and philosophy under 40k,counselor_teacher,multi_constraint,complex,multi-constraint: requires multi-step filtering,foundry_multi_agent,complex,location,
best colleges for mechanical engineering job outcomes,college_student,career_outcomes,medium,career outcomes,outcomes_pipeline,medium,"major_or_program,career_outcome_cue",
does Northwestern have nursing,parent,attribute_lookup,short_circuit,single attribute lookup,typesense_plus_metadata,easy,"school,major_or_program",
schools in warm states with low student-to-faculty ratio,high_school_student,filtered_search,medium,faceted search: 1–2 filters,semantic_or_faceted_search,medium,location,
four year cost of UC Irvine including housing,parent,cost_financial_aid,llm_needed,subjective fit; likely needs LLM,finance_guidance,medium,"cost_constraint,admissions_or_attribute_signal",intent:four_year_cost_pattern
MIT acceptance rate,high_school_student,attribute_lookup,short_circuit,single attribute lookup,typesense_plus_metadata,easy,"school,admissions_or_attribute_signal",
schools good for introverts,counselor_teacher,campus_life_fit,llm_needed,subjective fit; likely needs LLM,llm_advisory,complex,fit_or_culture_cue,
schools like Princeton but cheaper,counselor_teacher,rewrite_needed,complex,needs recommendation/ranking,rewrite_then_route,complex,"school,rewrite_cue",intent:rewrite_pattern
University of Washington average SAT,college_student,admissions_process,short_circuit,single attribute lookup,faq_or_guidance,medium,"school,admissions_or_attribute_signal",intent:admissions_pattern
recommend small colleges in California for film not too competitive,advisor,recommendation,llm_needed,needs recommendation/ranking,recommendation_workflow,complex,"major_or_program,location",
Carnegie Mellon vs Harvard,high_school_student,comparison,llm_needed,comparison between entities,compare_pipeline,complex,"school,comparison_target",
Purdue average SAT,advisor,admissions_process,short_circuit,single attribute lookup,faq_or_guidance,medium,"school,admissions_or_attribute_signal",intent:admissions_pattern
schools like Princeton but cheaper,high_school_student,rewrite_needed,complex,needs recommendation/ranking,rewrite_then_route,complex,"school,rewrite_cue",intent:rewrite_pattern
best biology schools near a major tech hub,high_school_student,filtered_search,medium,faceted search: 1–2 filters,semantic_or_faceted_search,medium,major_or_program,
recommend large colleges in warm states for finance safety schools,college_student,recommendation,llm_needed,needs recommendation/ranking,recommendation_workflow,complex,location,
University of Wisconsin vs Duke,counselor_teacher,comparison,complex,comparison between entities,compare_pipeline,complex,"school,comparison_target",
average ACT for USC,college_student,attribute_lookup,short_circuit,single attribute lookup,typesense_plus_metadata,easy,school,
cheapest aerospace engineering schools near the beach,high_school_student,filtered_search,medium,cost and aid,semantic_or_faceted_search,medium,"major_or_program,location",intent:filtered_search_pattern
Brown admissions profile average sat and gpa,counselor_teacher,admissions_process,medium,cost and aid,faq_or_guidance,medium,"school,admissions_or_attribute_signal",intent:admissions_profile_pattern
Northwestern housing guarantee beyond freshman year,parent,attribute_lookup,short_circuit,single attribute lookup,typesense_plus_metadata,easy,"school,admissions_or_attribute_signal",
Duke housing guarantee beyond freshman year,parent,attribute_lookup,medium,admissions/how-to,typesense_plus_metadata,easy,"school,admissions_or_attribute_signal",intent:housing_guarantee_pattern
what schools should i apply to for pre-med near a major tech hub good financial aid,college_student,recommendation,complex,needs recommendation/ranking,recommendation_workflow,complex,"major_or_program,cost_constraint",
alumni network for Purdue,counselor_teacher,attribute_lookup,short_circuit,single attribute lookup,typesense_plus_metadata,easy,school,
schools like UCLA but cheaper,college_student,rewrite_needed,complex,needs recommendation/ranking,rewrite_then_route,complex,"school,rewrite_cue",intent:rewrite_pattern
UT Austin housing guarantee beyond freshman year,parent,attribute_lookup,medium,career outcomes,typesense_plus_metadata,easy,"school,admissions_or_attribute_signal",intent:housing_guarantee_pattern
affordable aerospace engineering schools near the beach with good job placement,parent,career_outcomes,complex,multi-constraint: requires multi-step filtering,outcomes_pipeline,medium,"major_or_program,location,career_outcome_cue",intent:career_pattern
location for northwestern,high_school_student,attribute_lookup,short_circuit,single attribute lookup,typesense_plus_metadata,easy,school,
create a balanced list: reach target safety for computer science near Chicago under 30k,advisor,rewrite_needed,complex,requires query rewrite to explicit constraints,rewrite_then_route,complex,"major_or_program,location",
affordable mechanical engineering schools near a major tech hub with good job placement,parent,career_outcomes,complex,multi-constraint: requires multi-step filtering,outcomes_pipeline,medium,"major_or_program,career_outcome_cue",intent:career_pattern
schools near the beach with low student-to-faculty ratio,college_student,filtered_search,medium,faceted search: 1–2 filters,semantic_or_faceted_search,medium,location,
do i need sat for Purdue,high_school_student,admissions_process,medium,admissions/how-to,faq_or_guidance,medium,"school,admissions_or_attribute_signal",
recommend large colleges in California for biology target schools,parent,recommendation,complex,needs recommendation/ranking,recommendation_workflow,complex,"major_or_program,location",
University of Florida scholarships for first gen,college_student,cost_financial_aid,medium,cost and aid,finance_guidance,medium,"school,location,cost_constraint",
how do i apply to Vanderbilt,advisor,admissions_process,medium,admissions/how-to,faq_or_guidance,medium,school,
Penn State vs Princeton for computer science,advisor,comparison,complex,comparison between entities,compare_pipeline,complex,"school,comparison_target,major_or_program",
colleges with normal people,high_school_student,campus_life_fit,llm_needed,subjective fit; likely needs LLM,llm_advisory,complex,fit_or_culture_cue,
universities with strong biology,counselor_teacher,filtered_search,medium,faceted search: 1–2 filters,semantic_or_faceted_search,medium,major_or_program,
Penn State scholarships for first gen,advisor,cost_financial_aid,medium,cost and aid,finance_guidance,medium,"school,cost_constraint",
University of Maryland vs UCLA for political science,college_student,comparison,complex,comparison between entities,compare_pipeline,complex,"school,comparison_target",
does Caltech have study abroad,parent,attribute_lookup,short_circuit,single attribute lookup,typesense_plus_metadata,easy,,
study abroad for Purdue,college_student,attribute_lookup,short_circuit,single attribute lookup,typesense_plus_metadata,easy,school,
cheapest film schools in warm states,high_school_student,filtered_search,medium,cost and aid,semantic_or_faceted_search,medium,"major_or_program,location",intent:filtered_search_pattern
create a balanced list: reach target safety for public health in warm states full ride options,advisor,comparison,llm_needed,comparison between entities,compare_pipeline,complex,"location,cost_constraint",
good economics schools in warm states,high_school_student,filtered_search,medium,faceted search: 1–2 filters,semantic_or_faceted_search,medium,"major_or_program,location",
schools like University of Washington but cheaper,counselor_teacher,rewrite_needed,complex,needs recommendation/ranking,rewrite_then_route,complex,"school,rewrite_cue",intent:rewrite_pattern
Princeton job placement for film,counselor_teacher,career_outcomes,medium,career outcomes,outcomes_pipeline,medium,"school,major_or_program,career_outcome_cue",
mit without the suffering,parent,rewrite_needed,complex,requires query rewrite to explicit constraints,rewrite_then_route,complex,"school,rewrite_cue",
Harvard vs Caltech for film,college_student,comparison,complex,comparison between entities,compare_pipeline,complex,"school,comparison_target,major_or_program",
UC Berkeley sports culture vs Northwestern sports culture,advisor,comparison,complex,comparison between entities,compare_pipeline,complex,"school,comparison_target,fit_or_culture_cue",
Virginia Tech application deadlines,advisor,admissions_process,medium,admissions/how-to,faq_or_guidance,medium,"school,admissions_or_attribute_signal",
affordable mechanical engineering schools near a major tech hub with good job placement,advisor,career_outcomes,complex,multi-constraint: requires multi-step filtering,outcomes_pipeline,medium,"major_or_program,career_outcome_cue",intent:career_pattern
schools with normal people,parent,campus_life_fit,complex,requires query rewrite to explicit constraints,llm_advisory,complex,fit_or_culture_cue,intent:campus_fit_pattern
best colleges for film job outcomes,advisor,career_outcomes,medium,career outcomes,outcomes_pipeline,medium,"major_or_program,career_outcome_cue",
schools near the beach with low student-to-faculty ratio,advisor,filtered_search,medium,faceted search: 1–2 filters,semantic_or_faceted_search,medium,location,
how do i apply to Brown,high_school_student,admissions_process,medium,admissions/how-to,faq_or_guidance,medium,school,
USC application deadlines,college_student,admissions_process,medium,admissions/how-to,faq_or_guidance,medium,"school,admissions_or_attribute_signal",
Stanford housing policy,college_student,attribute_lookup,short_circuit,single attribute lookup,typesense_plus_metadata,easy,"school,admissions_or_attribute_signal",
small data science colleges near Chicago low tuition not too competitive,advisor,multi_constraint,complex,multi-constraint: requires multi-step filtering,foundry_multi_agent,complex,"location,cost_constraint",
Caltech scholarships for merit,parent,cost_financial_aid,medium,cost and aid,finance_guidance,medium,cost_constraint,
recommend medium-sized colleges near a major tech hub for biology not too competitive,college_student,recommendation,complex,needs recommendation/ranking,recommendation_workflow,complex,major_or_program,
affordable economics schools in California with good job placement,high_school_student,career_outcomes,complex,multi-constraint: requires multi-step filtering,outcomes_pipeline,medium,"major_or_program,location,career_outcome_cue",intent:career_pattern
colleges in warm states,advisor,filtered_search,medium,faceted search: 1–2 filters,semantic_or_faceted_search,medium,location,
UT Austin admissions profile average sat and gpa,counselor_teacher,admissions_process,complex,needs recommendation/ranking,faq_or_guidance,medium,"school,admissions_or_attribute_signal",intent:admissions_profile_pattern
University of Florida scholarships for low income,high_school_student,cost_financial_aid,medium,cost and aid,finance_guidance,medium,"school,location,cost_constraint",
four year cost of Duke including housing,parent,cost_financial_aid,complex,requires query rewrite to explicit constraints,finance_guidance,medium,"school,cost_constraint,admissions_or_attribute_signal",intent:four_year_cost_pattern
schools like Northwestern but cheaper,college_student,rewrite_needed,complex,needs recommendation/ranking,rewrite_then_route,complex,"school,rewrite_cue",intent:rewrite_pattern
do i need sat for Arizona State,counselor_teacher,admissions_process,medium,admissions/how-to,faq_or_guidance,medium,"school,admissions_or_attribute_signal",
Boston University scholarships for merit,parent,cost_financial_aid,medium,cost and aid,finance_guidance,medium,"school,cost_constraint",
UCLA application deadlines,parent,admissions_process,medium,admissions/how-to,faq_or_guidance,medium,"school,admissions_or_attribute_signal",
Carnegie Mellon housing guarantee beyond freshman year,parent,attribute_lookup,medium,single attribute lookup,typesense_plus_metadata,easy,"school,admissions_or_attribute_signal",
University of Washington but cheaper,parent,rewrite_needed,complex,requires query rewrite to explicit constraints,rewrite_then_route,complex,"school,rewrite_cue",
schools like Vanderbilt but cheaper,counselor_teacher,rewrite_needed,complex,needs recommendation/ranking,rewrite_then_route,complex,"school,rewrite_cue",intent:rewrite_pattern
Penn State,high_school_student,direct_lookup,short_circuit,simple entity lookup,typesense_only,easy,school,persona:school_only_pattern
nyu,high_school_student,direct_lookup,medium,simple entity lookup,typesense_only,easy,school,
universities with strong psychology,high_school_student,filtered_search,medium,faceted search: 1–2 filters,semantic_or_faceted_search,medium,major_or_program,
colleges in warm states good financial aid with good dorms and strong internships,counselor_teacher,multi_constraint,complex,multi-constraint: requires multi-step filtering,foundry_multi_agent,complex,"location,cost_constraint",
best chemistry schools near the beach,advisor,filtered_search,medium,faceted search: 1–2 filters,semantic_or_faceted_search,medium,location,
what is the collaborative culture at Arizona State,college_student,campus_life_fit,llm_needed,subjective fit; likely needs LLM,llm_advisory,complex,"school,fit_or_culture_cue",
universities near the beach with electrical engineering and philosophy under 20k,parent,multi_constraint,complex,multi-constraint: requires multi-step filtering,foundry_multi_agent,complex,"major_or_program,location",
universities in warm states with philosophy and philosophy under 20k,advisor,multi_constraint,complex,multi-constraint: requires multi-step filtering,foundry_multi_agent,complex,location,
mental health counseling for UC San Diego,college_student,attribute_lookup,short_circuit,single attribute lookup,typesense_plus_metadata,easy,,
University of Maryland,high_school_student,direct_lookup,medium,simple entity lookup,typesense_only,easy,school,persona:school_only_pattern
cheapest computer science schools near a major tech hub,parent,filtered_search,medium,cost and aid,semantic_or_faceted_search,medium,major_or_program,intent:filtered_search_pattern
University of Michigan housing guarantee beyond freshman year,parent,attribute_lookup,short_circuit,single attribute lookup,typesense_plus_metadata,easy,"school,admissions_or_attribute_signal",
does NYU have computer science,high_school_student,attribute_lookup,short_circuit,single attribute lookup,typesense_plus_metadata,easy,"school,major_or_program",
create a balanced list: reach target safety for aerospace engineering in California low tuition,advisor,comparison,complex,comparison between entities,compare_pipeline,complex,"major_or_program,location,cost_constraint",
University of Michigan application deadlines,parent,admissions_process,medium,admissions/how-to,faq_or_guidance,medium,"school,admissions_or_attribute_signal",
schools like University of Washington but cheaper,parent,rewrite_needed,complex,needs recommendation/ranking,rewrite_then_route,complex,"school,rewrite_cue",intent:rewrite_pattern
ucla,high_school_student,direct_lookup,short_circuit,simple entity lookup,typesense_only,easy,school,persona:school_only_pattern
schools like Princeton but cheaper,advisor,rewrite_needed,complex,needs recommendation/ranking,rewrite_then_route,complex,"school,rewrite_cue",intent:rewrite_pattern
average sat for uc san diego,high_school_student,admissions_process,short_circuit,single attribute lookup,faq_or_guidance,medium,admissions_or_attribute_signal,intent:admissions_pattern
large electrical engineering colleges near Chicago under 30k not too competitive,counselor_teacher,filtered_search,complex,multi-constraint: requires multi-step filtering,semantic_or_faceted_search,medium,"major_or_program,location",intent:filtered_search_pattern
Northeastern vs UC San Diego,advisor,comparison,complex,comparison between entities,compare_pipeline,complex,comparison_target,
schools like Duke but cheaper,college_student,rewrite_needed,complex,needs recommendation/ranking,rewrite_then_route,complex,"school,rewrite_cue",intent:rewrite_pattern
mit job placement for pre-law,high_school_student,career_outcomes,medium,career outcomes,outcomes_pipeline,medium,"school,major_or_program,career_outcome_cue",
purdue,high_school_student,direct_lookup,medium,simple entity lookup,typesense_only,easy,school,
affordable mechanical engineering schools in Texas with good job placement,college_student,career_outcomes,complex,multi-constraint: requires multi-step filtering,outcomes_pipeline,medium,"major_or_program,location,career_outcome_cue",intent:career_pattern
schools with strong support for first generation students,counselor_teacher,filtered_search,complex,requires query rewrite to explicit constraints,semantic_or_faceted_search,medium,,intent:first_gen_support_pattern
Northeastern housing guarantee beyond freshman year,parent,attribute_lookup,medium,cost and aid,typesense_plus_metadata,easy,admissions_or_attribute_signal,intent:housing_guarantee_pattern
Virginia Tech financial aid,high_school_student,cost_financial_aid,short_circuit,single attribute lookup,finance_guidance,medium,"school,cost_constraint",intent:cost_pattern
recommend medium-sized colleges in warm states for mechanical engineering not too competitive,parent,recommendation,complex,needs recommendation/ranking,recommendation_workflow,complex,"major_or_program,location",
Penn State internship placement,high_school_student,career_outcomes,short_circuit,single attribute lookup,outcomes_pipeline,medium,"school,career_outcome_cue",intent:career_pattern
Virginia Tech research opportunities,college_student,attribute_lookup,short_circuit,single attribute lookup,typesense_plus_metadata,easy,school,
how do i apply to Arizona State,advisor,admissions_process,medium,admissions/how-to,faq_or_guidance,medium,school,
UCLA scholarships for merit,college_student,cost_financial_aid,medium,cost and aid,finance_guidance,medium,"school,cost_constraint",
UT Austin scholarships for first gen,counselor_teacher,cost_financial_aid,medium,cost and aid,finance_guidance,medium,"school,cost_constraint",
penn state,high_school_student,direct_lookup,short_circuit,simple entity lookup,typesense_only,easy,school,persona:school_only_pattern
cheapest architecture schools near the beach,advisor,filtered_search,medium,cost and aid,semantic_or_faceted_search,medium,"major_or_program,location",intent:filtered_search_pattern
campus safety for Northwestern,high_school_student,attribute_lookup,short_circuit,single attribute lookup,typesense_plus_metadata,easy,school,
carnegie mellon,high_school_student,direct_lookup,short_circuit,simple entity lookup,typesense_only,easy,school,
what schools should i apply to for electrical engineering near the beach under 20k,college_student,filtered_search,complex,needs recommendation/ranking,semantic_or_faceted_search,medium,"major_or_program,location",intent:filtered_search_pattern
Brown housing guarantee beyond freshman year,parent,attribute_lookup,medium,faceted search: 1–2 filters,typesense_plus_metadata,easy,"school,admissions_or_attribute_signal",intent:housing_guarantee_pattern
Arizona State scholarships for merit,counselor_teacher,cost_financial_aid,medium,cost and aid,finance_guidance,medium,"school,cost_constraint",
four year cost of University of Wisconsin including housing,parent,cost_financial_aid,medium,cost and aid,finance_guidance,medium,"school,cost_constraint,admissions_or_attribute_signal",
recommend small colleges near Chicago for engineering not too competitive,college_student,recommendation,complex,needs recommendation/ranking,recommendation_workflow,complex,"major_or_program,location",
large psychology colleges in warm states low tuition reach schools,high_school_student,multi_constraint,complex,multi-constraint: requires multi-step filtering,foundry_multi_agent,complex,"major_or_program,location,cost_constraint",
cheapest nursing schools not Florida,parent,filtered_search,medium,cost and aid,semantic_or_faceted_search,medium,"major_or_program,location",intent:filtered_search_pattern
University of Wisconsin vs Princeton for film,counselor_teacher,comparison,complex,comparison between entities,compare_pipeline,complex,"school,comparison_target,major_or_program",
Cornell introvert-friendly culture vs Princeton introvert-friendly culture,college_student,comparison,complex,comparison between entities,compare_pipeline,complex,"school,comparison_target,fit_or_culture_cue",
Virginia Tech application deadlines,parent,admissions_process,medium,admissions/how-to,faq_or_guidance,medium,"school,admissions_or_attribute_signal",
Rice University party scene vs NYU party scene,advisor,comparison,complex,comparison between entities,compare_pipeline,complex,"school,comparison_target",
uc irvine,advisor,direct_lookup,short_circuit,simple entity lookup,typesense_only,easy,,
small pre-law colleges in california full ride options target schools,high_school_student,multi_constraint,complex,multi-constraint: requires multi-step filtering,foundry_multi_agent,complex,"major_or_program,location,cost_constraint",
what schools should i apply to for pre-law near a major tech hub under 40k,counselor_teacher,filtered_search,llm_needed,needs recommendation/ranking,semantic_or_faceted_search,medium,major_or_program,intent:filtered_search_pattern
Vanderbilt,high_school_student,direct_lookup,short_circuit,simple entity lookup,typesense_only,easy,school,persona:school_only_pattern
Georgia Tech housing policy,high_school_student,attribute_lookup,short_circuit,single attribute lookup,typesense_plus_metadata,easy,"school,admissions_or_attribute_signal",
Boston University job placement for data science,counselor_teacher,career_outcomes,medium,career outcomes,outcomes_pipeline,medium,"school,career_outcome_cue",
best colleges for neuroscience job outcomes,high_school_student,career_outcomes,medium,career outcomes,outcomes_pipeline,medium,"major_or_program,career_outcome_cue",
Penn State study abroad,college_student,attribute_lookup,short_circuit,single attribute lookup,typesense_plus_metadata,easy,school,
MIT housing guarantee beyond freshman year,parent,attribute_lookup,short_circuit,single attribute lookup,typesense_plus_metadata,easy,"school,admissions_or_attribute_signal",
medium-sized mechanical engineering colleges in warm states under 30k not too competitive,advisor,filtered_search,complex,multi-constraint: requires multi-step filtering,semantic_or_faceted_search,medium,"major_or_program,location",intent:filtered_search_pattern
alumni network for Rice University,counselor_teacher,attribute_lookup,short_circuit,single attribute lookup,typesense_plus_metadata,easy,school,
cheapest electrical engineering schools in California,college_student,filtered_search,medium,cost and aid,semantic_or_faceted_search,medium,"major_or_program,location",intent:filtered_search_pattern
Harvard scholarships for international,college_student,cost_financial_aid,medium,cost and aid,finance_guidance,medium,"school,cost_constraint",
cheapest film schools near the beach,college_student,filtered_search,medium,cost and aid,semantic_or_faceted_search,medium,"major_or_program,location",intent:filtered_search_pattern
UT Austin application deadlines,counselor_teacher,admissions_process,medium,admissions/how-to,faq_or_guidance,medium,"school,admissions_or_attribute_signal",
colleges near the beach low tuition with good dorms and strong internships,college_student,multi_constraint,complex,multi-constraint: requires multi-step filtering,foundry_multi_agent,complex,"location,cost_constraint",
Penn State sports culture vs UT Austin sports culture,advisor,comparison,complex,comparison between entities,compare_pipeline,complex,"school,comparison_target,fit_or_culture_cue",
what schools should i apply to for public health in California full ride options,college_student,recommendation,complex,needs recommendation/ranking,recommendation_workflow,complex,"location,cost_constraint",
best computer science schools near a major tech hub,advisor,filtered_search,medium,faceted search: 1–2 filters,semantic_or_faceted_search,medium,major_or_program,
small biology colleges not Florida under 40k not too competitive,advisor,filtered_search,llm_needed,multi-constraint: requires multi-step filtering,semantic_or_faceted_search,medium,"major_or_program,location",intent:filtered_search_pattern
recommend small colleges in California for aerospace engineering reach schools,college_student,recommendation,complex,needs recommendation/ranking,recommendation_workflow,complex,"major_or_program,location",
USC vs University of Washington,college_student,comparison,complex,comparison between entities,compare_pipeline,complex,"school,comparison_target",
cheapest computer science schools in Texas,college_student,filtered_search,medium,cost and aid,semantic_or_faceted_search,medium,"major_or_program,location",intent:filtered_search_pattern
Columbia vs Boston University,parent,comparison,complex,comparison between entities,compare_pipeline,complex,"school,comparison_target",
University of Florida vs Princeton for computer science,high_school_student,comparison,llm_needed,comparison between entities,compare_pipeline,complex,"school,comparison_target,major_or_program,location",
good mechanical engineering schools near Chicago,parent,filtered_search,medium,faceted search: 1–2 filters,semantic_or_faceted_search,medium,"major_or_program,location",
study abroad for Northeastern,high_school_student,attribute_lookup,short_circuit,single attribute lookup,typesense_plus_metadata,easy,,
what schools should i apply to for film near the beach under 40k,high_school_student,filtered_search,complex,needs recommendation/ranking,semantic_or_faceted_search,medium,"major_or_program,location",intent:filtered_search_pattern
what is the Greek life presence at University of Wisconsin,advisor,campus_life_fit,llm_needed,subjective fit; likely needs LLM,llm_advisory,complex,school,
UC San Diego collaborative culture vs USC collaborative culture,counselor_teacher,comparison,complex,comparison between entities,compare_pipeline,complex,"school,comparison_target,fit_or_culture_cue",
does Brown have nursing,counselor_teacher,attribute_lookup,short_circuit,single attribute lookup,typesense_plus_metadata,easy,"school,major_or_program",
best colleges for public health job outcomes,counselor_teacher,career_outcomes,medium,career outcomes,outcomes_pipeline,medium,career_outcome_cue,
colleges not Florida under 30k with good dorms and strong internships,parent,multi_constraint,complex,multi-constraint: requires multi-step filtering,foundry_multi_agent,complex,location,
how do i apply to Caltech,counselor_teacher,admissions_process,medium,admissions/how-to,faq_or_guidance,medium,,
Columbia scholarships for merit,counselor_teacher,cost_financial_aid,medium,cost and aid,finance_guidance,medium,"school,cost_constraint",
does Georgia Tech have nursing,advisor,attribute_lookup,short_circuit,single attribute lookup,typesense_plus_metadata,easy,"school,major_or_program",
does MIT have pre-med advising,college_student,attribute_lookup,short_circuit,single attribute lookup,typesense_plus_metadata,easy,"school,major_or_program",
colleges in Texas full ride options with good dorms and strong internships,advisor,multi_constraint,complex,multi-constraint: requires multi-step filtering,foundry_multi_agent,complex,"location,cost_constraint",
do i need sat for Columbia,advisor,admissions_process,medium,admissions/how-to,faq_or_guidance,medium,"school,admissions_or_attribute_signal",
best neuroscience schools near a major tech hub,advisor,filtered_search,medium,faceted search: 1–2 filters,semantic_or_faceted_search,medium,major_or_program,
Stanford dorm quality vs Purdue dorm quality,counselor_teacher,comparison,complex,comparison between entities,compare_pipeline,complex,"school,comparison_target",
create a balanced list: reach target safety for political science in California under 40k,advisor,career_outcomes,medium,career outcomes,outcomes_pipeline,medium,location,
recommend small colleges near a major tech hub for public health reach schools,counselor_teacher,recommendation,complex,needs recommendation/ranking,recommendation_workflow,complex,,
MIT location,advisor,attribute_lookup,short_circuit,single attribute lookup,typesense_plus_metadata,easy,school,
University of Florida scholarships for low income,advisor,cost_financial_aid,medium,cost and aid,finance_guidance,medium,"school,location,cost_constraint",
schools in Texas with low student-to-faculty ratio,parent,filtered_search,medium,faceted search: 1–2 filters,semantic_or_faceted_search,medium,location,
Virginia Tech housing guarantee beyond freshman year,parent,attribute_lookup,medium,admissions/how-to,typesense_plus_metadata,easy,"school,admissions_or_attribute_signal",intent:housing_guarantee_pattern
Arizona State clubs,counselor_teacher,attribute_lookup,short_circuit,single attribute lookup,typesense_plus_metadata,easy,school,
universities with strong computer science,advisor,filtered_search,medium,faceted search: 1–2 filters,semantic_or_faceted_search,medium,major_or_program,
what schools should i apply to for finance near the beach under 30k,advisor,filtered_search,complex,needs recommendation/ranking,semantic_or_faceted_search,medium,location,intent:filtered_search_pattern
create a balanced list: reach target safety for business not Florida under 40k,advisor,cost_financial_aid,medium,cost and aid,finance_guidance,medium,"major_or_program,location",
University of Washington job placement rate,counselor_teacher,career_outcomes,short_circuit,single attribute lookup,outcomes_pipeline,medium,"school,career_outcome_cue",intent:career_pattern
Virginia Tech,high_school_student,direct_lookup,short_circuit,simple entity lookup,typesense_only,easy,school,persona:school_only_pattern
how do i apply to Carnegie Mellon,counselor_teacher,admissions_process,medium,admissions/how-to,faq_or_guidance,medium,school,
large engineering colleges not Florida good financial aid not too competitive,college_student,multi_constraint,complex,multi-constraint: requires multi-step filtering,foundry_multi_agent,complex,"major_or_program,location,cost_constraint",
UC Berkeley financial aid,parent,cost_financial_aid,medium,single attribute lookup,finance_guidance,medium,"school,cost_constraint",intent:cost_pattern
schools like Princeton but cheaper,parent,rewrite_needed,complex,needs recommendation/ranking,rewrite_then_route,complex,"school,rewrite_cue",intent:rewrite_pattern
Northeastern,counselor_teacher,direct_lookup,short_circuit,simple entity lookup,typesense_only,easy,,
Caltech,advisor,direct_lookup,short_circuit,simple entity lookup,typesense_only,easy,,
recommend medium-sized colleges not Florida for philosophy not too competitive,advisor,recommendation,complex,needs recommendation/ranking,recommendation_workflow,complex,location,
Georgia Tech campus safety,college_student,attribute_lookup,short_circuit,single attribute lookup,typesense_plus_metadata,easy,school,
four year cost of UC Irvine including housing,parent,cost_financial_aid,complex,multi-constraint: requires multi-step filtering,finance_guidance,medium,"cost_constraint,admissions_or_attribute_signal",intent:four_year_cost_pattern
Virginia Tech party scene vs Vanderbilt party scene,parent,comparison,llm_needed,comparison between entities,compare_pipeline,complex,"school,comparison_target",
Boston University scholarships for first gen,high_school_student,cost_financial_aid,medium,cost and aid,finance_guidance,medium,"school,cost_constraint",
schools like Stanford but cheaper,advisor,rewrite_needed,complex,needs recommendation/ranking,rewrite_then_route,complex,"school,rewrite_cue",intent:rewrite_pattern
Virginia Tech job placement for business,parent,career_outcomes,medium,career outcomes,outcomes_pipeline,medium,"school,major_or_program,career_outcome_cue",
does UCLA have study abroad,advisor,attribute_lookup,short_circuit,single attribute lookup,typesense_plus_metadata,easy,school,
best colleges for aerospace engineering job outcomes,college_student,career_outcomes,medium,career outcomes,outcomes_pipeline,medium,"major_or_program,career_outcome_cue",
internship placement for Columbia,counselor_teacher,career_outcomes,short_circuit,single attribute lookup,outcomes_pipeline,medium,"school,career_outcome_cue",intent:career_pattern
affordable data science schools in California with good job placement,college_student,career_outcomes,llm_needed,multi-constraint: requires multi-step filtering,outcomes_pipeline,medium,"location,career_outcome_cue",intent:career_pattern
universities with strong data science,high_school_student,filtered_search,medium,faceted search: 1–2 filters,semantic_or_faceted_search,medium,,
schools like MIT but cheaper,counselor_teacher,rewrite_needed,complex,needs recommendation/ranking,rewrite_then_route,complex,"school,rewrite_cue",intent:rewrite_pattern
best colleges for political science job outcomes,advisor,career_outcomes,medium,career outcomes,outcomes_pipeline,medium,career_outcome_cue,
universities with strong aerospace engineering,counselor_teacher,filtered_search,medium,faceted search: 1–2 filters,semantic_or_faceted_search,medium,major_or_program,
Purdue average ACT,high_school_student,attribute_lookup,short_circuit,single attribute lookup,typesense_plus_metadata,easy,school,
recommend large colleges in California for finance safety schools,parent,recommendation,complex,needs recommendation/ranking,recommendation_workflow,complex,location,
does University of Florida have pre-med advising,counselor_teacher,attribute_lookup,short_circuit,single attribute lookup,typesense_plus_metadata,easy,"school,major_or_program,location",
Purdue scholarships for low income,college_student,cost_financial_aid,medium,cost and aid,finance_guidance,medium,"school,cost_constraint",
University of Wisconsin job placement for computer science,counselor_teacher,career_outcomes,medium,career outcomes,outcomes_pipeline,medium,"school,major_or_program,career_outcome_cue",
create a balanced list: reach target safety for aerospace engineering near a major tech hub full ride options,advisor,recommendation,complex,needs recommendation/ranking,recommendation_workflow,complex,"major_or_program,cost_constraint",
cheapest film schools near the beach,counselor_teacher,filtered_search,medium,cost and aid,semantic_or_faceted_search,medium,"major_or_program,location",intent:filtered_search_pattern
what is the Greek life presence at Vanderbilt,college_student,campus_life_fit,llm_needed,subjective fit; likely needs LLM,llm_advisory,complex,school,
does Caltech have study abroad,college_student,attribute_lookup,short_circuit,single attribute lookup,typesense_plus_metadata,easy,,
harvard job placement rate,high_school_student,career_outcomes,medium,single attribute lookup,outcomes_pipeline,medium,"school,career_outcome_cue",intent:career_pattern
best colleges for nursing job outcomes,college_student,career_outcomes,medium,career outcomes,outcomes_pipeline,medium,"major_or_program,career_outcome_cue",
what schools should i apply to for chemistry in warm states full ride options,advisor,recommendation,complex,needs recommendation/ranking,recommendation_workflow,complex,"location,cost_constraint",
universities near Chicago with chemistry and philosophy full ride options,high_school_student,multi_constraint,complex,multi-constraint: requires multi-step filtering,foundry_multi_agent,complex,"location,cost_constraint",
University of Florida food quality vs Stanford food quality,advisor,comparison,complex,comparison between entities,compare_pipeline,complex,"school,comparison_target,location",
average SAT for University of Maryland,advisor,admissions_process,short_circuit,single attribute lookup,faq_or_guidance,medium,"school,admissions_or_attribute_signal",intent:admissions_pattern
Duke vs Purdue,counselor_teacher,comparison,complex,comparison between entities,compare_pipeline,complex,"school,comparison_target",
UC San Diego job placement for mechanical engineering,parent,career_outcomes,medium,career outcomes,outcomes_pipeline,medium,"major_or_program,career_outcome_cue",
Rice University,high_school_student,direct_lookup,medium,simple entity lookup,typesense_only,easy,school,persona:school_only_pattern
how do i apply to MIT,advisor,admissions_process,medium,admissions/how-to,faq_or_guidance,medium,school,
Northwestern mental health counseling,parent,attribute_lookup,short_circuit,single attribute lookup,typesense_plus_metadata,easy,school,
what schools should i apply to for public health near Chicago under 20k,parent,filtered_search,complex,needs recommendation/ranking,semantic_or_faceted_search,medium,location,intent:filtered_search_pattern
nyu,high_school_student,direct_lookup,short_circuit,simple entity lookup,typesense_only,easy,school,persona:school_only_pattern
Rice University clubs,counselor_teacher,attribute_lookup,short_circuit,single attribute lookup,typesense_plus_metadata,easy,school,
Brown scholarships for international,college_student,cost_financial_aid,medium,cost and aid,finance_guidance,medium,"school,cost_constraint",
do i need sat for University of Florida,high_school_student,admissions_process,medium,admissions/how-to,faq_or_guidance,medium,"school,location,admissions_or_attribute_signal",
does Harvard have study abroad,advisor,attribute_lookup,short_circuit,single attribute lookup,typesense_plus_metadata,easy,school,
schools like University of Florida but cheaper,college_student,rewrite_needed,complex,needs recommendation/ranking,rewrite_then_route,complex,"school,location,rewrite_cue",intent:rewrite_pattern
how do i apply to Purdue,counselor_teacher,admissions_process,medium,admissions/how-to,faq_or_guidance,medium,school,
schools like Brown but cheaper,advisor,rewrite_needed,complex,needs recommendation/ranking,rewrite_then_route,complex,"school,rewrite_cue",intent:rewrite_pattern
Arizona State vs Penn State for film,counselor_teacher,comparison,llm_needed,comparison between entities,compare_pipeline,complex,"school,comparison_target,major_or_program",
schools like Rice University but cheaper,advisor,rewrite_needed,complex,needs recommendation/ranking,rewrite_then_route,complex,"school,rewrite_cue",intent:rewrite_pattern
how do i apply to USC,advisor,admissions_process,medium,admissions/how-to,faq_or_guidance,medium,school,
four year cost of University of Wisconsin including housing,parent,cost_financial_aid,medium,faceted search: 1–2 filters,finance_guidance,medium,"school,cost_constraint,admissions_or_attribute_signal",intent:four_year_cost_pattern
Caltech food quality vs Carnegie Mellon food quality,counselor_teacher,comparison,complex,comparison between entities,compare_pipeline,complex,"school,comparison_target",
universities not Florida with mechanical engineering and philosophy full ride options,high_school_student,multi_constraint,llm_needed,multi-constraint: requires multi-step filtering,foundry_multi_agent,complex,"major_or_program,location,cost_constraint",
colleges where people dont care about football,counselor_teacher,filtered_search,llm_needed,subjective fit; likely needs LLM,semantic_or_faceted_search,medium,,intent:filtered_search_pattern
universities in warm states with computer science and philosophy under 20k,high_school_student,multi_constraint,llm_needed,multi-constraint: requires multi-step filtering,foundry_multi_agent,complex,"major_or_program,location",
four year cost of Brown including housing,parent,cost_financial_aid,medium,admissions/how-to,finance_guidance,medium,"school,cost_constraint,admissions_or_attribute_signal",intent:four_year_cost_pattern
Brown vs Northwestern for pre-med,counselor_teacher,comparison,complex,comparison between entities,compare_pipeline,complex,"school,comparison_target,major_or_program",
Boston University,high_school_student,direct_lookup,short_circuit,simple entity lookup,typesense_only,easy,school,persona:school_only_pattern
schools like Vanderbilt but cheaper,advisor,rewrite_needed,complex,needs recommendation/ranking,rewrite_then_route,complex,"school,rewrite_cue",intent:rewrite_pattern
what schools should i apply to for public health near a major tech hub low tuition,college_student,recommendation,complex,needs recommendation/ranking,recommendation_workflow,complex,cost_constraint,
four year cost of MIT including housing,parent,cost_financial_aid,complex,needs recommendation/ranking,finance_guidance,medium,"school,cost_constraint,admissions_or_attribute_signal",intent:four_year_cost_pattern
NYU diversity vs UCLA diversity,advisor,comparison,complex,comparison between entities,compare_pipeline,complex,"school,comparison_target",
MIT housing guarantee beyond freshman year,parent,attribute_lookup,medium,cost and aid,typesense_plus_metadata,easy,"school,admissions_or_attribute_signal",intent:housing_guarantee_pattern
ut austin,high_school_student,direct_lookup,short_circuit,simple entity lookup,typesense_only,easy,school,
Caltech admissions profile average sat and gpa,counselor_teacher,admissions_process,medium,career outcomes,faq_or_guidance,medium,admissions_or_attribute_signal,intent:admissions_profile_pattern
affordable political science schools not florida with good job placement,high_school_student,career_outcomes,complex,multi-constraint: requires multi-step filtering,outcomes_pipeline,medium,"location,career_outcome_cue",intent:career_pattern
does Purdue have pre-med advising,high_school_student,attribute_lookup,short_circuit,single attribute lookup,typesense_plus_metadata,easy,"school,major_or_program",
colleges near Chicago low tuition with good dorms and strong internships,parent,multi_constraint,complex,multi-constraint: requires multi-step filtering,foundry_multi_agent,complex,"location,cost_constraint",
what schools should i apply to for pre-med near the beach under 40k,high_school_student,filtered_search,complex,needs recommendation/ranking,semantic_or_faceted_search,medium,"major_or_program,location",intent:filtered_search_pattern
Cornell job placement for pre-med,parent,career_outcomes,medium,career outcomes,outcomes_pipeline,medium,"school,major_or_program,career_outcome_cue",
Brown job placement for nursing,college_student,career_outcomes,medium,career outcomes,outcomes_pipeline,medium,"school,major_or_program,career_outcome_cue",
large business colleges in warm states under 40k safety schools,college_student,filtered_search,complex,multi-constraint: requires multi-step filtering,semantic_or_faceted_search,medium,"major_or_program,location",intent:filtered_search_pattern
UT Austin average SAT,high_school_student,admissions_process,short_circuit,single attribute lookup,faq_or_guidance,medium,"school,admissions_or_attribute_signal",intent:admissions_pattern
create a balanced list: reach target safety for architecture near the beach under 30k,advisor,admissions_process,medium,admissions/how-to,faq_or_guidance,medium,"major_or_program,location",
Columbia vs Penn State,advisor,comparison,llm_needed,comparison between entities,compare_pipeline,complex,"school,comparison_target",
Cornell,high_school_student,direct_lookup,short_circuit,simple entity lookup,typesense_only,easy,school,persona:school_only_pattern
what is the Greek life presence at Northeastern,advisor,campus_life_fit,llm_needed,subjective fit; likely needs LLM,llm_advisory,complex,,
Cornell internship placement,advisor,career_outcomes,short_circuit,single attribute lookup,outcomes_pipeline,medium,"school,career_outcome_cue",intent:career_pattern
colleges in California,college_student,filtered_search,medium,faceted search: 1–2 filters,semantic_or_faceted_search,medium,location,
best colleges for political science job outcomes,college_student,career_outcomes,medium,career outcomes,outcomes_pipeline,medium,career_outcome_cue,
what schools should i apply to for pre-med in Texas under 20k,parent,filtered_search,complex,needs recommendation/ranking,semantic_or_faceted_search,medium,"major_or_program,location",intent:filtered_search_pattern
four year cost of University of Maryland including housing,parent,cost_financial_aid,short_circuit,single attribute lookup,finance_guidance,medium,"school,cost_constraint,admissions_or_attribute_signal",intent:four_year_cost_pattern
schools with strong support for first generation students,counselor_teacher,filtered_search,llm_needed,needs recommendation/ranking,semantic_or_faceted_search,medium,,intent:first_gen_support_pattern
USC vs University of Washington for mechanical engineering,high_school_student,comparison,complex,comparison between entities,compare_pipeline,complex,"school,comparison_target,major_or_program",
Columbia,high_school_student,direct_lookup,short_circuit,simple entity lookup,typesense_only,easy,school,persona:school_only_pattern
recommend small colleges near Chicago for computer science reach schools,college_student,recommendation,complex,needs recommendation/ranking,recommendation_workflow,complex,"major_or_program,location",
UC Irvine,high_school_student,direct_lookup,medium,simple entity lookup,typesense_only,easy,,
does University of Michigan have computer science,college_student,attribute_lookup,short_circuit,single attribute lookup,typesense_plus_metadata,easy,"school,major_or_program",
what schools should i apply to for business in Texas under 20k,counselor_teacher,filtered_search,complex,needs recommendation/ranking,semantic_or_faceted_search,medium,"major_or_program,location",intent:filtered_search_pattern
recommend large colleges in warm states for aerospace engineering safety schools,advisor,recommendation,complex,needs recommendation/ranking,recommendation_workflow,complex,"major_or_program,location",
create a balanced list: reach target safety for nursing near Chicago good financial aid,advisor,multi_constraint,complex,multi-constraint: requires multi-step filtering,foundry_multi_agent,complex,"major_or_program,location,cost_constraint",
recommend medium-sized colleges in California for computer science target schools,college_student,recommendation,complex,needs recommendation/ranking,recommendation_workflow,complex,"major_or_program,location",
UCLA housing guarantee beyond freshman year,parent,attribute_lookup,medium,faceted search: 1–2 filters,typesense_plus_metadata,easy,"school,admissions_or_attribute_signal",intent:housing_guarantee_pattern
Purdue vs Cornell,high_school_student,comparison,complex,comparison between entities,compare_pipeline,complex,"school,comparison_target",
colleges near Chicago,parent,filtered_search,medium,faceted search: 1–2 filters,semantic_or_faceted_search,medium,location,
four year cost of University of Florida including housing,parent,cost_financial_aid,short_circuit,single attribute lookup,finance_guidance,medium,"school,location,cost_constraint,admissions_or_attribute_signal",intent:four_year_cost_pattern
good finance schools not florida,high_school_student,filtered_search,medium,faceted search: 1–2 filters,semantic_or_faceted_search,medium,location,
top pre-law schools near Chicago,high_school_student,filtered_search,medium,faceted search: 1–2 filters,semantic_or_faceted_search,medium,"major_or_program,location",
University of Michigan admissions profile average sat and gpa,counselor_teacher,admissions_process,medium,faceted search: 1–2 filters,faq_or_guidance,medium,"school,admissions_or_attribute_signal",intent:admissions_profile_pattern
does MIT have computer science,counselor_teacher,attribute_lookup,short_circuit,single attribute lookup,typesense_plus_metadata,easy,"school,major_or_program",
medium-sized public health colleges near Chicago under 20k reach schools,advisor,filtered_search,llm_needed,multi-constraint: requires multi-step filtering,semantic_or_faceted_search,medium,location,intent:filtered_search_pattern
create a balanced list: reach target safety for political science in California good financial aid,advisor,filtered_search,medium,faceted search: 1–2 filters,semantic_or_faceted_search,medium,"location,cost_constraint",
universities with strong finance,high_school_student,filtered_search,medium,faceted search: 1–2 filters,semantic_or_faceted_search,medium,,
does University of Washington have computer science,college_student,attribute_lookup,short_circuit,single attribute lookup,typesense_plus_metadata,easy,"school,major_or_program",
colleges in California under 30k with good dorms and strong internships,counselor_teacher,multi_constraint,llm_needed,multi-constraint: requires multi-step filtering,foundry_multi_agent,complex,location,
recommend large colleges in Texas for psychology not too competitive,counselor_teacher,recommendation,complex,needs recommendation/ranking,recommendation_workflow,complex,"major_or_program,location",
create a balanced list: reach target safety for pre-law not Florida under 30k,advisor,multi_constraint,complex,multi-constraint: requires multi-step filtering,foundry_multi_agent,complex,"major_or_program,location",
create a balanced list: reach target safety for economics near the beach low tuition,advisor,cost_financial_aid,medium,cost and aid,finance_guidance,medium,"major_or_program,location,cost_constraint",
Michigan,high_school_student,direct_lookup,short_circuit,simple entity lookup,typesense_only,easy,,
what is the party scene at Brown,counselor_teacher,campus_life_fit,llm_needed,subjective fit; likely needs LLM,llm_advisory,complex,school,
UC San Diego application deadlines,parent,admissions_process,medium,admissions/how-to,faq_or_guidance,medium,admissions_or_attribute_signal,
Princeton housing guarantee beyond freshman year,parent,attribute_lookup,medium,admissions/how-to,typesense_plus_metadata,easy,"school,admissions_or_attribute_signal",intent:housing_guarantee_pattern
cheapest architecture schools not Florida,parent,filtered_search,medium,cost and aid,semantic_or_faceted_search,medium,"major_or_program,location",intent:filtered_search_pattern
Cornell,high_school_student,direct_lookup,short_circuit,simple entity lookup,typesense_only,easy,school,persona:school_only_pattern
Vanderbilt vs MIT for film,parent,comparison,complex,comparison between entities,compare_pipeline,complex,"school,comparison_target,major_or_program",
recommend large colleges near a major tech hub for mechanical engineering not too competitive,counselor_teacher,recommendation,complex,needs recommendation/ranking,recommendation_workflow,complex,major_or_program,
scholarships for Brown,high_school_student,cost_financial_aid,short_circuit,single attribute lookup,finance_guidance,medium,"school,cost_constraint",intent:cost_pattern
USC vs University of Maryland for economics,high_school_student,comparison,llm_needed,comparison between entities,compare_pipeline,complex,"school,comparison_target,major_or_program",
University of Wisconsin vs Arizona State for economics,high_school_student,comparison,complex,comparison between entities,compare_pipeline,complex,"school,comparison_target,major_or_program",
create a balanced list: reach target safety for aerospace engineering near the beach good financial aid,advisor,multi_constraint,complex,multi-constraint: requires multi-step filtering,foundry_multi_agent,complex,"major_or_program,location,cost_constraint",
what schools should i apply to for film near a major tech hub under 40k,high_school_student,filtered_search,complex,needs recommendation/ranking,semantic_or_faceted_search,medium,major_or_program,intent:filtered_search_pattern
cheapest neuroscience schools near Chicago,parent,filtered_search,medium,cost and aid,semantic_or_faceted_search,medium,"major_or_program,location",intent:filtered_search_pattern
Caltech vs Purdue for neuroscience,advisor,comparison,complex,comparison between entities,compare_pipeline,complex,"school,comparison_target,major_or_program",
create a balanced list: reach target safety for philosophy not Florida low tuition,advisor,attribute_lookup,short_circuit,single attribute lookup,typesense_plus_metadata,easy,"location,cost_constraint",
four year cost of University of Maryland including housing,parent,cost_financial_aid,medium,single attribute lookup,finance_guidance,medium,"school,cost_constraint,admissions_or_attribute_signal",intent:four_year_cost_pattern
do i need sat for Princeton,counselor_teacher,admissions_process,medium,admissions/how-to,faq_or_guidance,medium,"school,admissions_or_attribute_signal",
universities near the beach with engineering and philosophy under 40k,high_school_student,multi_constraint,complex,multi-constraint: requires multi-step filtering,foundry_multi_agent,complex,"major_or_program,location",
cheapest film schools near the beach,high_school_student,filtered_search,medium,cost and aid,semantic_or_faceted_search,medium,"major_or_program,location",intent:filtered_search_pattern
small pre-med colleges not Florida good financial aid not too competitive,counselor_teacher,multi_constraint,complex,multi-constraint: requires multi-step filtering,foundry_multi_agent,complex,"major_or_program,location,cost_constraint",
cheapest pre-law schools in Texas,parent,filtered_search,medium,cost and aid,semantic_or_faceted_search,medium,"major_or_program,location",intent:filtered_search_pattern
UT Austin food quality vs Northeastern food quality,counselor_teacher,comparison,complex,comparison between entities,compare_pipeline,complex,"school,comparison_target",
Vanderbilt application deadlines,counselor_teacher,admissions_process,medium,admissions/how-to,faq_or_guidance,medium,"school,admissions_or_attribute_signal",
Caltech scholarships for first gen,college_student,cost_financial_aid,medium,cost and aid,finance_guidance,medium,cost_constraint,
schools like Purdue but cheaper,college_student,rewrite_needed,complex,needs recommendation/ranking,rewrite_then_route,complex,"school,rewrite_cue",intent:rewrite_pattern
schools with normal people,counselor_teacher,campus_life_fit,complex,requires query rewrite to explicit constraints,llm_advisory,complex,fit_or_culture_cue,intent:campus_fit_pattern
universities near Chicago with nursing and philosophy low tuition,parent,multi_constraint,complex,multi-constraint: requires multi-step filtering,foundry_multi_agent,complex,"major_or_program,location,cost_constraint",
University of Florida Greek life presence vs University of Washington Greek life presence,high_school_student,comparison,llm_needed,comparison between entities,compare_pipeline,complex,"school,comparison_target,location",
cheapest economics schools in warm states,high_school_student,filtered_search,medium,cost and aid,semantic_or_faceted_search,medium,"major_or_program,location",intent:filtered_search_pattern
UT Austin student-to-faculty ratio,college_student,attribute_lookup,medium,single attribute lookup,typesense_plus_metadata,easy,school,
Brown scholarships for international,parent,cost_financial_aid,medium,cost and aid,finance_guidance,medium,"school,cost_constraint",
top architecture schools not Florida,advisor,filtered_search,medium,faceted search: 1–2 filters,semantic_or_faceted_search,medium,"major_or_program,location",
what schools should i apply to for aerospace engineering near the beach low tuition,parent,recommendation,complex,needs recommendation/ranking,recommendation_workflow,complex,"major_or_program,location,cost_constraint",
recommend medium-sized colleges not Florida for business not too competitive,advisor,recommendation,complex,needs recommendation/ranking,recommendation_workflow,complex,"major_or_program,location",
what schools should i apply to for pre-law near the beach under 20k,college_student,filtered_search,complex,needs recommendation/ranking,semantic_or_faceted_search,medium,"major_or_program,location",intent:filtered_search_pattern
Virginia Tech job placement for aerospace engineering,college_student,career_outcomes,medium,career outcomes,outcomes_pipeline,medium,"school,major_or_program,career_outcome_cue",
Vanderbilt application deadlines,parent,admissions_process,medium,admissions/how-to,faq_or_guidance,medium,"school,admissions_or_attribute_signal",
large aerospace engineering colleges near a major tech hub under 40k reach schools,college_student,filtered_search,complex,multi-constraint: requires multi-step filtering,semantic_or_faceted_search,medium,major_or_program,intent:filtered_search_pattern
tuition for vanderbilt,high_school_student,cost_financial_aid,short_circuit,single attribute lookup,finance_guidance,medium,"school,cost_constraint",intent:cost_pattern
four year cost of University of Michigan including housing,parent,cost_financial_aid,complex,multi-constraint: requires multi-step filtering,finance_guidance,medium,"school,cost_constraint,admissions_or_attribute_signal",intent:four_year_cost_pattern
university of florida vs northeastern,high_school_student,comparison,complex,comparison between entities,compare_pipeline,complex,"school,comparison_target,location",
small pre-med colleges near Chicago under 40k target schools,advisor,multi_constraint,complex,multi-constraint: requires multi-step filtering,foundry_multi_agent,complex,"major_or_program,location",
large philosophy colleges near a major tech hub under 20k reach schools,college_student,filtered_search,complex,multi-constraint: requires multi-step filtering,semantic_or_faceted_search,medium,,intent:filtered_search_pattern
Northwestern collaborative culture vs MIT collaborative culture,college_student,comparison,complex,comparison between entities,compare_pipeline,complex,"school,comparison_target,fit_or_culture_cue",
UT Austin vs University of Wisconsin,high_school_student,comparison,complex,comparison between entities,compare_pipeline,complex,"school,comparison_target",
best colleges for pre-med job outcomes,college_student,career_outcomes,medium,career outcomes,outcomes_pipeline,medium,"major_or_program,career_outcome_cue",
recommend large colleges in Texas for philosophy safety schools,high_school_student,recommendation,complex,needs recommendation/ranking,recommendation_workflow,complex,location,
Virginia Tech scholarships for international,advisor,cost_financial_aid,medium,cost and aid,finance_guidance,medium,"school,cost_constraint",
does Brown have pre-med advising,high_school_student,attribute_lookup,short_circuit,single attribute lookup,typesense_plus_metadata,easy,"school,major_or_program",
Cornell vs University of Michigan for engineering,counselor_teacher,comparison,complex,comparison between entities,compare_pipeline,complex,"school,comparison_target,major_or_program",
UC Berkeley campus safety,parent,attribute_lookup,short_circuit,single attribute lookup,typesense_plus_metadata,easy,school,
cheapest mechanical engineering schools not Florida,high_school_student,filtered_search,medium,cost and aid,semantic_or_faceted_search,medium,"major_or_program,location",intent:filtered_search_pattern
good psychology schools in California,high_school_student,filtered_search,medium,faceted search: 1–2 filters,semantic_or_faceted_search,medium,"major_or_program,location",
universities with strong film,college_student,filtered_search,medium,faceted search: 1–2 filters,semantic_or_faceted_search,medium,major_or_program,
recommend small colleges near the beach for finance reach schools,counselor_teacher,recommendation,llm_needed,needs recommendation/ranking,recommendation_workflow,complex,location,
University of Maryland vs Brown for pre-med,advisor,comparison,complex,comparison between entities,compare_pipeline,complex,"school,comparison_target,major_or_program",
four year cost of Arizona State including housing,parent,cost_financial_aid,complex,needs recommendation/ranking,finance_guidance,medium,"school,cost_constraint,admissions_or_attribute_signal",intent:four_year_cost_pattern
Brown housing guarantee beyond freshman year,parent,attribute_lookup,medium,cost and aid,typesense_plus_metadata,easy,"school,admissions_or_attribute_signal",intent:housing_guarantee_pattern
do i need sat for UC Irvine,parent,admissions_process,medium,admissions/how-to,faq_or_guidance,medium,admissions_or_attribute_signal,
schools in warm states with low student-to-faculty ratio,college_student,filtered_search,medium,faceted search: 1–2 filters,semantic_or_faceted_search,medium,location,
create a balanced list: reach target safety for public health in warm states good financial aid,advisor,admissions_process,medium,admissions/how-to,faq_or_guidance,medium,"location,cost_constraint",
what schools should i apply to for economics not Florida good financial aid,parent,recommendation,complex,needs recommendation/ranking,recommendation_workflow,complex,"major_or_program,location,cost_constraint",
Caltech acceptance rate,advisor,attribute_lookup,medium,single attribute lookup,typesense_plus_metadata,easy,admissions_or_attribute_signal,
USC,high_school_student,direct_lookup,short_circuit,simple entity lookup,typesense_only,easy,school,persona:school_only_pattern
what schools should i apply to for aerospace engineering in Texas full ride options,advisor,recommendation,complex,needs recommendation/ranking,recommendation_workflow,complex,"major_or_program,location,cost_constraint",
what is the campus culture at Purdue,high_school_student,campus_life_fit,llm_needed,subjective fit; likely needs LLM,llm_advisory,complex,"school,fit_or_culture_cue",
cornell mental health counseling,high_school_student,attribute_lookup,short_circuit,single attribute lookup,typesense_plus_metadata,easy,school,
Duke dorm quality vs Purdue dorm quality,advisor,comparison,complex,comparison between entities,compare_pipeline,complex,"school,comparison_target",
UT Austin vs Arizona State,counselor_teacher,comparison,complex,comparison between entities,compare_pipeline,complex,"school,comparison_target",
Northeastern housing guarantee beyond freshman year,parent,attribute_lookup,medium,faceted search: 1–2 filters,typesense_plus_metadata,easy,admissions_or_attribute_signal,intent:housing_guarantee_pattern
Princeton scholarships for international,parent,cost_financial_aid,medium,cost and aid,finance_guidance,medium,"school,cost_constraint",
research opportunities for Harvard,parent,attribute_lookup,short_circuit,single attribute lookup,typesense_plus_metadata,easy,school,
Brown admissions profile average sat and gpa,counselor_teacher,admissions_process,llm_needed,multi-constraint: requires multi-step filtering,faq_or_guidance,medium,"school,admissions_or_attribute_signal",intent:admissions_profile_pattern
cheapest pre-med schools not Florida,advisor,filtered_search,medium,cost and aid,semantic_or_faceted_search,medium,"major_or_program,location",intent:filtered_search_pattern
study abroad for UCLA,parent,attribute_lookup,short_circuit,single attribute lookup,typesense_plus_metadata,easy,school,
top nursing schools near Chicago,parent,filtered_search,medium,faceted search: 1–2 filters,semantic_or_faceted_search,medium,"major_or_program,location",
do i need sat for Purdue,parent,admissions_process,medium,admissions/how-to,faq_or_guidance,medium,"school,admissions_or_attribute_signal",
schools like Rice University but cheaper,parent,rewrite_needed,complex,needs recommendation/ranking,rewrite_then_route,complex,"school,rewrite_cue",intent:rewrite_pattern
University of Maryland sports culture vs UC San Diego sports culture,high_school_student,comparison,complex,comparison between entities,compare_pipeline,complex,"school,comparison_target,fit_or_culture_cue",
good pre-law schools not Florida,parent,filtered_search,medium,faceted search: 1–2 filters,semantic_or_faceted_search,medium,"major_or_program,location",
does University of Florida have pre-med advising,parent,attribute_lookup,medium,single attribute lookup,typesense_plus_metadata,easy,"school,major_or_program,location",
four year cost of Columbia including housing,parent,cost_financial_aid,medium,cost and aid,finance_guidance,medium,"school,cost_constraint,admissions_or_attribute_signal",
four year cost of UT Austin including housing,parent,cost_financial_aid,complex,requires query rewrite to explicit constraints,finance_guidance,medium,"school,cost_constraint,admissions_or_attribute_signal",intent:four_year_cost_pattern
Northwestern application deadlines,parent,admissions_process,medium,admissions/how-to,faq_or_guidance,medium,"school,admissions_or_attribute_signal",
what is the competitive culture at University of Florida,college_student,campus_life_fit,llm_needed,subjective fit; likely needs LLM,llm_advisory,complex,"school,location,fit_or_culture_cue",
cheapest data science schools in warm states,high_school_student,filtered_search,medium,cost and aid,semantic_or_faceted_search,medium,location,intent:filtered_search_pattern
Virginia Tech scholarships for merit,advisor,cost_financial_aid,medium,cost and aid,finance_guidance,medium,"school,cost_constraint",
princeton campus safety,high_school_student,attribute_lookup,short_circuit,single attribute lookup,typesense_plus_metadata,easy,school,
Arizona State internship placement,parent,career_outcomes,short_circuit,single attribute lookup,outcomes_pipeline,medium,"school,career_outcome_cue",intent:career_pattern
Columbia but cheaper,parent,rewrite_needed,complex,requires query rewrite to explicit constraints,rewrite_then_route,complex,"school,rewrite_cue",
small chemistry colleges in warm states under 40k target schools,college_student,multi_constraint,complex,multi-constraint: requires multi-step filtering,foundry_multi_agent,complex,location,
how do i apply to Duke,advisor,admissions_process,medium,admissions/how-to,faq_or_guidance,medium,school,
colleges in Texas good financial aid with good dorms and strong internships,high_school_student,multi_constraint,complex,multi-constraint: requires multi-step filtering,foundry_multi_agent,complex,"location,cost_constraint",
UC San Diego student-to-faculty ratio,advisor,attribute_lookup,short_circuit,single attribute lookup,typesense_plus_metadata,easy,,
university of maryland vs usc,high_school_student,comparison,complex,comparison between entities,compare_pipeline,complex,"school,comparison_target",
what schools should i apply to for economics near a major tech hub full ride options,advisor,recommendation,complex,needs recommendation/ranking,recommendation_workflow,complex,"major_or_program,cost_constraint",
MIT application deadlines,advisor,admissions_process,medium,admissions/how-to,faq_or_guidance,medium,"school,admissions_or_attribute_signal",
recommend small colleges near Chicago for aerospace engineering not too competitive,advisor,recommendation,complex,needs recommendation/ranking,recommendation_workflow,complex,"major_or_program,location",
UCLA admissions profile average sat and gpa,counselor_teacher,admissions_process,short_circuit,simple entity lookup,faq_or_guidance,medium,"school,admissions_or_attribute_signal",intent:admissions_profile_pattern
Duke application deadlines,high_school_student,admissions_process,medium,admissions/how-to,faq_or_guidance,medium,"school,admissions_or_attribute_signal",
create a balanced list: reach target safety for philosophy in warm states full ride options,advisor,recommendation,complex,needs recommendation/ranking,recommendation_workflow,complex,"location,cost_constraint",
UT Austin scholarships for merit,high_school_student,cost_financial_aid,medium,cost and aid,finance_guidance,medium,"school,cost_constraint",
UC San Diego job placement rate,parent,career_outcomes,short_circuit,single attribute lookup,outcomes_pipeline,medium,career_outcome_cue,intent:career_pattern
good architecture schools in California,college_student,filtered_search,medium,faceted search: 1–2 filters,semantic_or_faceted_search,medium,"major_or_program,location",
small biology colleges in warm states full ride options not too competitive,college_student,multi_constraint,complex,multi-constraint: requires multi-step filtering,foundry_multi_agent,complex,"major_or_program,location,cost_constraint",
schools like University of Washington but cheaper,advisor,rewrite_needed,complex,needs recommendation/ranking,rewrite_then_route,complex,"school,rewrite_cue",intent:rewrite_pattern
affordable economics schools near Chicago with good job placement,advisor,career_outcomes,complex,multi-constraint: requires multi-step filtering,outcomes_pipeline,medium,"major_or_program,location,career_outcome_cue",intent:career_pattern
what is the competitive culture at Georgia Tech,high_school_student,campus_life_fit,llm_needed,subjective fit; likely needs LLM,llm_advisory,complex,"school,fit_or_culture_cue",
Cornell job placement for pre-law,parent,career_outcomes,medium,career outcomes,outcomes_pipeline,medium,"school,major_or_program,career_outcome_cue",
large engineering colleges near the beach good financial aid reach schools,high_school_student,multi_constraint,complex,multi-constraint: requires multi-step filtering,foundry_multi_agent,complex,"major_or_program,location,cost_constraint",
Columbia food quality vs Carnegie Mellon food quality,college_student,comparison,llm_needed,comparison between entities,compare_pipeline,complex,"school,comparison_target",
top architecture schools near a major tech hub,college_student,filtered_search,medium,faceted search: 1–2 filters,semantic_or_faceted_search,medium,major_or_program,
medium-sized film colleges in California under 30k target schools,parent,filtered_search,complex,multi-constraint: requires multi-step filtering,semantic_or_faceted_search,medium,"major_or_program,location",intent:filtered_search_pattern
location for Penn State,advisor,attribute_lookup,short_circuit,single attribute lookup,typesense_plus_metadata,easy,school,
schools good for introverts,advisor,campus_life_fit,llm_needed,subjective fit; likely needs LLM,llm_advisory,complex,fit_or_culture_cue,
universities with strong pre-med,counselor_teacher,filtered_search,medium,faceted search: 1–2 filters,semantic_or_faceted_search,medium,major_or_program,
four year cost of Vanderbilt including housing,parent,cost_financial_aid,medium,career outcomes,finance_guidance,medium,"school,cost_constraint,admissions_or_attribute_signal",intent:four_year_cost_pattern
colleges not Florida under 40k with good dorms and strong internships,advisor,multi_constraint,complex,multi-constraint: requires multi-step filtering,foundry_multi_agent,complex,location,
create a balanced list: reach target safety for philosophy near a major tech hub good financial aid,advisor,attribute_lookup,short_circuit,single attribute lookup,typesense_plus_metadata,easy,cost_constraint,
UC San Diego dorm quality vs Vanderbilt dorm quality,high_school_student,comparison,complex,comparison between entities,compare_pipeline,complex,"school,comparison_target",
Duke scholarships for first gen,parent,cost_financial_aid,medium,cost and aid,finance_guidance,medium,"school,cost_constraint",
UCLA collaborative culture vs Boston University collaborative culture,high_school_student,comparison,llm_needed,comparison between entities,compare_pipeline,complex,"school,comparison_target,fit_or_culture_cue",
UC Berkeley vs UCLA for data science,counselor_teacher,comparison,complex,comparison between entities,compare_pipeline,complex,"school,comparison_target",
University of Washington scholarships for international,parent,cost_financial_aid,medium,cost and aid,finance_guidance,medium,"school,cost_constraint",
Harvard scholarships for first gen,parent,cost_financial_aid,medium,cost and aid,finance_guidance,medium,"school,cost_constraint",
four year cost of UC Irvine including housing,parent,cost_financial_aid,medium,admissions/how-to,finance_guidance,medium,"cost_constraint,admissions_or_attribute_signal",intent:four_year_cost_pattern
small chemistry colleges near Chicago full ride options not too competitive,college_student,multi_constraint,complex,multi-constraint: requires multi-step filtering,foundry_multi_agent,complex,"location,cost_constraint",
create a balanced list: reach target safety for architecture near Chicago under 20k,advisor,multi_constraint,complex,multi-constraint: requires multi-step filtering,foundry_multi_agent,complex,"major_or_program,location",
NYU but cheaper,parent,rewrite_needed,complex,requires query rewrite to explicit constraints,rewrite_then_route,complex,"school,rewrite_cue",
stanford,high_school_student,direct_lookup,short_circuit,simple entity lookup,typesense_only,easy,school,persona:school_only_pattern
Penn State,high_school_student,direct_lookup,short_circuit,simple entity lookup,typesense_only,easy,school,persona:school_only_pattern
schools near a major tech hub with low student-to-faculty ratio,high_school_student,filtered_search,medium,faceted search: 1–2 filters,semantic_or_faceted_search,medium,,
Purdue vs Brown,high_school_student,comparison,complex,comparison between entities,compare_pipeline,complex,"school,comparison_target",
does UCLA have pre-med advising,college_student,attribute_lookup,short_circuit,single attribute lookup,typesense_plus_metadata,easy,"school,major_or_program",
best electrical engineering schools in California,advisor,filtered_search,medium,faceted search: 1–2 filters,semantic_or_faceted_search,medium,"major_or_program,location",
University of Florida housing guarantee beyond freshman year,parent,attribute_lookup,complex,multi-constraint: requires multi-step filtering,typesense_plus_metadata,easy,"school,location,admissions_or_attribute_signal",intent:housing_guarantee_pattern
UC San Diego admissions profile average sat and gpa,counselor_teacher,admissions_process,complex,multi-constraint: requires multi-step filtering,faq_or_guidance,medium,admissions_or_attribute_signal,intent:admissions_profile_pattern
Boston University scholarships for low income,high_school_student,cost_financial_aid,medium,cost and aid,finance_guidance,medium,"school,cost_constraint",
best pre-med schools in warm states,parent,filtered_search,medium,faceted search: 1–2 filters,semantic_or_faceted_search,medium,"major_or_program,location",
Arizona State admissions profile average sat and gpa,counselor_teacher,admissions_process,complex,needs recommendation/ranking,faq_or_guidance,medium,"school,admissions_or_attribute_signal",intent:admissions_profile_pattern
cheapest electrical engineering schools near the beach,counselor_teacher,filtered_search,medium,cost and aid,semantic_or_faceted_search,medium,"major_or_program,location",intent:filtered_search_pattern
mit without the suffering,advisor,rewrite_needed,complex,requires query rewrite to explicit constraints,rewrite_then_route,complex,"school,rewrite_cue",
does Duke have study abroad,parent,attribute_lookup,short_circuit,single attribute lookup,typesense_plus_metadata,easy,school,
Stanford location,high_school_student,attribute_lookup,short_circuit,single attribute lookup,typesense_plus_metadata,easy,school,
university of washington vs duke,high_school_student,comparison,complex,comparison between entities,compare_pipeline,complex,"school,comparison_target",
best colleges for mechanical engineering job outcomes,high_school_student,career_outcomes,medium,career outcomes,outcomes_pipeline,medium,"major_or_program,career_outcome_cue",
Purdue financial aid,high_school_student,cost_financial_aid,short_circuit,single attribute lookup,finance_guidance,medium,"school,cost_constraint",intent:cost_pattern
recommend small colleges near the beach for mechanical engineering safety schools,advisor,recommendation,llm_needed,needs recommendation/ranking,recommendation_workflow,complex,"major_or_program,location",
University of Maryland competitive culture vs UC Irvine competitive culture,parent,comparison,complex,comparison between entities,compare_pipeline,complex,"school,comparison_target,fit_or_culture_cue",
University of Wisconsin vs UCLA,advisor,comparison,complex,comparison between entities,compare_pipeline,complex,"school,comparison_target",
does UC Berkeley have pre-med advising,advisor,attribute_lookup,short_circuit,single attribute lookup,typesense_plus_metadata,easy,"school,major_or_program",
Boston University job placement for neuroscience,parent,career_outcomes,medium,career outcomes,outcomes_pipeline,medium,"school,major_or_program,career_outcome_cue",
recommend small colleges near Chicago for engineering not too competitive,counselor_teacher,recommendation,complex,needs recommendation/ranking,recommendation_workflow,complex,"major_or_program,location",
universities in Texas with aerospace engineering and philosophy good financial aid,college_student,multi_constraint,complex,multi-constraint: requires multi-step filtering,foundry_multi_agent,complex,"major_or_program,location,cost_constraint",
best pre-med schools in california,high_school_student,filtered_search,medium,faceted search: 1–2 filters,semantic_or_faceted_search,medium,"major_or_program,location",
UC Berkeley job placement rate,college_student,career_outcomes,short_circuit,single attribute lookup,outcomes_pipeline,medium,"school,career_outcome_cue",intent:career_pattern
Penn State scholarships for low income,counselor_teacher,cost_financial_aid,medium,cost and aid,finance_guidance,medium,"school,cost_constraint",
universities with strong business,advisor,filtered_search,medium,faceted search: 1–2 filters,semantic_or_faceted_search,medium,major_or_program,
Rice University admissions profile average sat and gpa,counselor_teacher,admissions_process,complex,needs recommendation/ranking,faq_or_guidance,medium,"school,admissions_or_attribute_signal",intent:admissions_profile_pattern
University of Washington but cheaper,college_student,rewrite_needed,complex,requires query rewrite to explicit constraints,rewrite_then_route,complex,"school,rewrite_cue",
universities with strong engineering,high_school_student,filtered_search,medium,faceted search: 1–2 filters,semantic_or_faceted_search,medium,major_or_program,
universities with strong engineering,parent,filtered_search,medium,faceted search: 1–2 filters,semantic_or_faceted_search,medium,major_or_program,
Northwestern application deadlines,advisor,admissions_process,medium,admissions/how-to,faq_or_guidance,medium,"school,admissions_or_attribute_signal",
Rice University admissions profile average sat and gpa,counselor_teacher,admissions_process,complex,multi-constraint: requires multi-step filtering,faq_or_guidance,medium,"school,admissions_or_attribute_signal",intent:admissions_profile_pattern
brown,high_school_student,direct_lookup,short_circuit,simple entity lookup,typesense_only,easy,school,persona:school_only_pattern
best colleges for public health job outcomes,high_school_student,career_outcomes,medium,career outcomes,outcomes_pipeline,medium,career_outcome_cue,
recommend medium-sized colleges near a major tech hub for architecture not too competitive,advisor,recommendation,complex,needs recommendation/ranking,recommendation_workflow,complex,major_or_program,
schools like Stanford but cheaper,college_student,rewrite_needed,complex,needs recommendation/ranking,rewrite_then_route,complex,"school,rewrite_cue",intent:rewrite_pattern
Columbia admissions profile average sat and gpa,counselor_teacher,admissions_process,medium,faceted search: 1–2 filters,faq_or_guidance,medium,"school,admissions_or_attribute_signal",intent:admissions_profile_pattern
Caltech but cheaper,parent,rewrite_needed,complex,requires query rewrite to explicit constraints,rewrite_then_route,complex,rewrite_cue,
Princeton job placement for film,college_student,career_outcomes,medium,career outcomes,outcomes_pipeline,medium,"school,major_or_program,career_outcome_cue",
large aerospace engineering colleges near Chicago under 30k not too competitive,high_school_student,filtered_search,complex,multi-constraint: requires multi-step filtering,semantic_or_faceted_search,medium,"major_or_program,location",intent:filtered_search_pattern
what schools should i apply to for philosophy in California under 30k,advisor,filtered_search,complex,needs recommendation/ranking,semantic_or_faceted_search,medium,location,intent:filtered_search_pattern
schools in California with low student-to-faculty ratio,high_school_student,filtered_search,medium,faceted search: 1–2 filters,semantic_or_faceted_search,medium,location,
Virginia Tech admissions profile average sat and gpa,counselor_teacher,admissions_process,short_circuit,single attribute lookup,faq_or_guidance,medium,"school,admissions_or_attribute_signal",intent:admissions_profile_pattern
Rice University,high_school_student,direct_lookup,short_circuit,simple entity lookup,typesense_only,easy,school,persona:school_only_pattern
Penn State job placement for film,high_school_student,career_outcomes,medium,career outcomes,outcomes_pipeline,medium,"school,major_or_program,career_outcome_cue",
Northeastern vs Columbia,college_student,comparison,complex,comparison between entities,compare_pipeline,complex,"school,comparison_target",
small business colleges in Texas under 20k target schools,advisor,multi_constraint,complex,multi-constraint: requires multi-step filtering,foundry_multi_agent,complex,"major_or_program,location",
does Northwestern have computer science,counselor_teacher,attribute_lookup,short_circuit,single attribute lookup,typesense_plus_metadata,easy,"school,major_or_program",
Columbia scholarships for first gen,college_student,cost_financial_aid,medium,cost and aid,finance_guidance,medium,"school,cost_constraint",
Virginia Tech job placement for pre-med,college_student,career_outcomes,medium,career outcomes,outcomes_pipeline,medium,"school,major_or_program,career_outcome_cue",
average ACT for Harvard,parent,attribute_lookup,short_circuit,single attribute lookup,typesense_plus_metadata,easy,school,
Stanford job placement for business,counselor_teacher,career_outcomes,medium,career outcomes,outcomes_pipeline,medium,"school,major_or_program,career_outcome_cue",
University of Wisconsin housing guarantee beyond freshman year,parent,attribute_lookup,medium,admissions/how-to,typesense_plus_metadata,easy,"school,admissions_or_attribute_signal",intent:housing_guarantee_pattern
UC Berkeley job placement for finance,advisor,career_outcomes,medium,career outcomes,outcomes_pipeline,medium,"school,career_outcome_cue",
study abroad for University of Washington,high_school_student,attribute_lookup,short_circuit,single attribute lookup,typesense_plus_metadata,easy,school,
universities with strong pre-law,counselor_teacher,filtered_search,medium,faceted search: 1–2 filters,semantic_or_faceted_search,medium,major_or_program,
MIT,high_school_student,direct_lookup,short_circuit,simple entity lookup,typesense_only,easy,school,
what schools should i apply to for nursing in Texas full ride options,college_student,recommendation,complex,needs recommendation/ranking,recommendation_workflow,complex,"major_or_program,location,cost_constraint",
Northwestern,high_school_student,direct_lookup,short_circuit,simple entity lookup,typesense_only,easy,school,persona:school_only_pattern
Rice University,high_school_student,direct_lookup,short_circuit,simple entity lookup,typesense_only,easy,school,persona:school_only_pattern
MIT job placement for economics,advisor,career_outcomes,medium,career outcomes,outcomes_pipeline,medium,"school,major_or_program,career_outcome_cue",
Harvard research opportunities,counselor_teacher,attribute_lookup,medium,single attribute lookup,typesense_plus_metadata,easy,school,
Cornell application deadlines,advisor,admissions_process,medium,admissions/how-to,faq_or_guidance,medium,"school,admissions_or_attribute_signal",
cornell vs university of washington,high_school_student,comparison,complex,comparison between entities,compare_pipeline,complex,"school,comparison_target",
does Cornell have study abroad,advisor,attribute_lookup,short_circuit,single attribute lookup,typesense_plus_metadata,easy,school,
UC San Diego dorm quality vs Cornell dorm quality,advisor,comparison,complex,comparison between entities,compare_pipeline,complex,"school,comparison_target",
recommend medium-sized colleges near Chicago for architecture safety schools,parent,recommendation,complex,needs recommendation/ranking,recommendation_workflow,complex,"major_or_program,location",
University of Washington scholarships for first gen,college_student,cost_financial_aid,medium,cost and aid,finance_guidance,medium,"school,cost_constraint",
Stanford,high_school_student,direct_lookup,short_circuit,simple entity lookup,typesense_only,easy,school,persona:school_only_pattern
Stanford rankings,parent,attribute_lookup,short_circuit,single attribute lookup,typesense_plus_metadata,easy,school,
create a balanced list: reach target safety for political science in Texas under 20k,advisor,cost_financial_aid,medium,cost and aid,finance_guidance,medium,location,
create a balanced list: reach target safety for architecture near the beach under 30k,advisor,attribute_lookup,short_circuit,single attribute lookup,typesense_plus_metadata,easy,"major_or_program,location",
student-to-faculty ratio for Rice University,high_school_student,attribute_lookup,short_circuit,single attribute lookup,typesense_plus_metadata,easy,school,
what is the introvert-friendly culture at Georgia Tech,high_school_student,campus_life_fit,llm_needed,subjective fit; likely needs LLM,llm_advisory,complex,"school,fit_or_culture_cue",
nyu,high_school_student,direct_lookup,short_circuit,simple entity lookup,typesense_only,easy,school,
how do i apply to Rice University,college_student,admissions_process,medium,admissions/how-to,faq_or_guidance,medium,school,
Princeton housing guarantee beyond freshman year,parent,attribute_lookup,complex,comparison between entities,typesense_plus_metadata,easy,"school,admissions_or_attribute_signal",intent:housing_guarantee_pattern
cheapest philosophy schools in California,high_school_student,filtered_search,medium,cost and aid,semantic_or_faceted_search,medium,location,intent:filtered_search_pattern
Arizona State scholarships for merit,parent,cost_financial_aid,medium,cost and aid,finance_guidance,medium,"school,cost_constraint",
cheapest public health schools near a major tech hub,parent,filtered_search,medium,cost and aid,semantic_or_faceted_search,medium,,intent:filtered_search_pattern
cheapest data science schools in warm states,advisor,filtered_search,medium,cost and aid,semantic_or_faceted_search,medium,location,intent:filtered_search_pattern
University of Michigan scholarships for international,high_school_student,cost_financial_aid,medium,cost and aid,finance_guidance,medium,"school,cost_constraint",
financial aid for Penn State,counselor_teacher,cost_financial_aid,short_circuit,single attribute lookup,finance_guidance,medium,"school,cost_constraint",intent:cost_pattern
Virginia Tech vs Caltech,high_school_student,comparison,complex,comparison between entities,compare_pipeline,complex,"school,comparison_target",
best philosophy schools near the beach,advisor,filtered_search,medium,faceted search: 1–2 filters,semantic_or_faceted_search,medium,location,
medium-sized pre-med colleges in california full ride options not too competitive,high_school_student,multi_constraint,complex,multi-constraint: requires multi-step filtering,foundry_multi_agent,complex,"major_or_program,location,cost_constraint",
small biology colleges not Florida under 30k reach schools,high_school_student,filtered_search,complex,multi-constraint: requires multi-step filtering,semantic_or_faceted_search,medium,"major_or_program,location",intent:filtered_search_pattern
Duke tuition,college_student,cost_financial_aid,short_circuit,single attribute lookup,finance_guidance,medium,"school,cost_constraint",intent:cost_pattern
Purdue application deadlines,counselor_teacher,admissions_process,medium,admissions/how-to,faq_or_guidance,medium,"school,admissions_or_attribute_signal",
tuition for Penn State,counselor_teacher,cost_financial_aid,short_circuit,single attribute lookup,finance_guidance,medium,"school,cost_constraint",intent:cost_pattern
Columbia admissions profile average sat and gpa,counselor_teacher,admissions_process,short_circuit,simple entity lookup,faq_or_guidance,medium,"school,admissions_or_attribute_signal",intent:admissions_profile_pattern
