benchmark_id,query_id,query_text,query_norm,route,resolution_method,resolution_confidence,resolution_note,row_count,canonical_intent,persona_hint,observed_intents,observed_personas,source_files,predicted_route,confidence,decision_source,raw_route,correct,false_short_circuit,latency_ms,probability_short_circuit,probability_medium,probability_complex,probability_llm_needed
qirv1-0001,3b9f8f47e431645a,what schools should i apply to for nursing not Florida under 40k,what schools should i apply to for nursing not florida under 40k,complex,intent_policy,0.98,Recognized intents consistently map to one frozen V1 route,1,recommendation,high_school_student,recommendation:1,high_school_student:1,Data - Shivansh.csv,complex,0.9437250806926819,calibrated_model,complex,True,False,6.440545999993219,0.021774278239984363,0.022095067921393933,0.9437250806926819,0.012405573145939876
qirv1-0002,b4521e66ebe09d8f,colleges on the East Coast under 30k with strong research and internships,colleges on the east coast under 30k with strong research and internships,complex,intent_policy,0.98,Recognized intents consistently map to one frozen V1 route,2,multi_constraint,counselor_teacher,multi_constraint:2,college_student:1|counselor_teacher:1,Data - Shivansh.csv,complex,0.9291336763866037,calibrated_model,complex,True,False,6.534281000000419,0.02263264317293114,0.0302572612995707,0.9291336763866037,0.01797641914089453
qirv1-0003,0400ac4ceff3aa72,can we integrate your platform with our CRM system,can we integrate your platform with our crm system,complex,unanimous_observed,1.0,All valid historical route labels agree,1,technical,college_b2b,technical:1,college_b2b:1,Data - Ridhi.csv,medium,0.6084277361355304,calibrated_model,medium,False,False,6.293231999990212,0.020326683145103396,0.6084277361355304,0.22337570995630862,0.14786987076305766
qirv1-0004,5d0bc196497e70f1,affordable political science schools in Texas with good job placement,affordable political science schools in texas with good job placement,complex,intent_policy,0.98,Recognized intents consistently map to one frozen V1 route,1,multi_constraint,college_student,multi_constraint:1,college_student:1,Data - Shivansh.csv,complex,0.929168132705875,calibrated_model,complex,True,False,6.619400000005271,0.01001165940155179,0.04350120793463308,0.929168132705875,0.017318999957940104
qirv1-0005,6d61f025e104a1f1,what is the helicopter parent trap and how to avoid it,what is the helicopter parent trap and how to avoid it,llm_needed,intent_policy,0.98,Recognized intents consistently map to one frozen V1 route,1,emotional_advisory,parent,emotional_advisory:1,parent:1,Data - Ridhi.csv,llm_needed,0.42752511839585355,low_confidence_fallback,medium,True,False,6.48107200001391,0.13520038277889732,0.43309613982061484,0.004178359004634237,0.42752511839585355
qirv1-0006,952dcaf6392fdcca,do colleges consider course load senior year,do colleges consider course load senior year,medium,intent_policy,0.98,Recognized intents consistently map to one frozen V1 route,1,admissions_process,high_school_student,admissions_process:1,high_school_student:1,Data - Anika.csv,medium,0.6298930585186184,calibrated_model,medium,True,False,6.253085999986752,0.08559779828711321,0.6298930585186184,0.012349233552785636,0.2721599096414827
qirv1-0007,e0da91823fd164b4,how employers view interdisciplinary certificates,how employers view interdisciplinary certificates,medium,unanimous_observed,1.0,All valid historical route labels agree,1,guidance,advisor,guidance:1,advisor:1,Data - Anika.csv,medium,0.845574404006646,calibrated_model,medium,True,False,6.177103999988276,0.06788007286667673,0.845574404006646,0.013221786037499475,0.07332373708917776
qirv1-0008,a296ec02e7ceeb39,how to advise students about the value of internships and when to pursue them,how to advise students about the value of internships and when to pursue them,llm_needed,intent_policy,0.98,Recognized intents consistently map to one frozen V1 route,1,advisory,advisor,advisory:1,advisor:1,Data - Ridhi.csv,llm_needed,0.4151345629970608,low_confidence_fallback,short_circuit,True,False,6.674992999990081,0.500201526409526,0.08119251293616621,0.0034713976572471085,0.4151345629970608
qirv1-0009,7fd98a5676790124,does Duke have data science,does duke have data science,short_circuit,intent_policy,0.98,Recognized intents consistently map to one frozen V1 route,2,attribute_lookup,advisor,attribute_lookup:2,advisor:1|college_student:1,Data - Shivansh.csv,short_circuit,0.8610481755340963,calibrated_model,short_circuit,True,False,5.9680450000030305,0.8610481755340963,0.08746933437146394,0.011970964382735238,0.03951152571170452
qirv1-0010,9687890832257857,how to counsel students on negotiating their first salary,how to counsel students on negotiating their first salary,llm_needed,intent_policy,0.98,Recognized intents consistently map to one frozen V1 route,1,advisory,advisor,advisory:1,advisor:1,Data - Ridhi.csv,llm_needed,0.7783056419126994,calibrated_model,llm_needed,True,False,6.291817999994009,0.11720188557059547,0.0984612213609633,0.006031251155741873,0.7783056419126994
qirv1-0011,7b80daaaf7c4038b,which universities have strong programs placing students in rural health corps positions,which universities have strong programs placing students in rural health corps positions,medium,intent_policy,0.98,Recognized intents consistently map to one frozen V1 route,1,filtered_search,nonprofit_advisor,filtered_search:1,nonprofit_advisor:1,Data Anthony.csv,medium,0.9408493304627776,calibrated_model,medium,True,False,6.387125999992804,0.022966743899792766,0.9408493304627776,0.007600810567888843,0.028583115069540765
qirv1-0012,9eb48d246441bcae,how to write an email to a professor that doesn't sound dumb,how to write an email to a professor that doesn't sound dumb,llm_needed,intent_policy,0.98,Recognized intents consistently map to one frozen V1 route,1,advisory,college_student,advisory:1,college_student:1,Data - Ridhi.csv,llm_needed,0.8597562532815699,calibrated_model,llm_needed,True,False,6.452858999978162,0.07132262688043492,0.06478207814377934,0.004139041694215867,0.8597562532815699
qirv1-0013,a46c32400ae1cec7,what is a holds advisor and what kinds of holds affect students most,what is a holds advisor and what kinds of holds affect students most,medium,unanimous_observed,1.0,All valid historical route labels agree,1,factual,advisor,factual:1,advisor:1,Data - Ridhi.csv,medium,0.6763711568500614,calibrated_model,medium,True,False,6.355888000001642,0.06436819094433097,0.6763711568500614,0.018077631572257478,0.24118302063335006
qirv1-0014,da93aa7f97553ffb,what essays does Columbia require,what essays does columbia require,medium,intent_policy,0.98,Recognized intents consistently map to one frozen V1 route,2,admissions_process,counselor_teacher,admissions_process:2,college_student:1|counselor_teacher:1,Data - Shivansh.csv,short_circuit,0.6757142573869844,calibrated_model,short_circuit,False,True,6.052140999997846,0.6757142573869844,0.22572858593738343,0.018217865547863452,0.08033929112776865
qirv1-0015,8c8ab5748f07e8eb,affordable computer science schools near Chicago with good internships,affordable computer science schools near chicago with good internships,complex,intent_policy,0.98,Recognized intents consistently map to one frozen V1 route,3,multi_constraint,college_student,multi_constraint:3,advisor:1|college_student:1|counselor_teacher:1,Data - Shivansh.csv,complex,0.8989219829048304,calibrated_model,complex,True,False,6.313468999991301,0.0023951475824563074,0.06993947901888584,0.8989219829048304,0.028743390493827476
qirv1-0016,524d61e17e357686,Arizona State,arizona state,short_circuit,intent_policy,0.98,Recognized intents consistently map to one frozen V1 route,14,exact_lookup,college_student,exact_lookup:14,college_student:6|counselor_teacher:2|high_school_student:1|parent:5,Data - Shivansh.csv,short_circuit,0.8987812957417168,calibrated_model,short_circuit,True,False,5.88458999999375,0.8987812957417168,0.032367236740759274,0.03870202261457998,0.030149444902943894
qirv1-0017,947b5030f8c7b108,schools with mental health resources,schools with mental health resources,llm_needed,intent_policy,0.98,Recognized intents consistently map to one frozen V1 route,1,campus_life_fit,parent,campus_life_fit:1,parent:1,Data - Anika.csv,llm_needed,0.27391883923145816,low_confidence_fallback,medium,True,False,5.972782999975834,0.3003904493936747,0.3939050402085278,0.03178567116633943,0.27391883923145816
qirv1-0018,7c1a92dfd094b137,what jobs hire people with history degrees,what jobs hire people with history degrees,llm_needed,intent_policy,0.98,Recognized intents consistently map to one frozen V1 route,1,advisory,college_student,advisory:1,college_student:1,Data - Ridhi.csv,llm_needed,0.8312198579476399,calibrated_model,llm_needed,True,False,6.525534999980209,0.04411132965315002,0.11107222260567545,0.013596589793534801,0.8312198579476399
qirv1-0019,c64a6d14bbdf407a,what role should teachers play in college counseling conversations,what role should teachers play in college counseling conversations,llm_needed,intent_policy,0.98,Recognized intents consistently map to one frozen V1 route,1,advisory,counselor,advisory:1,counselor:1,Data - Ridhi.csv,llm_needed,0.7537758899178502,calibrated_model,llm_needed,True,False,6.4055200000154855,0.020172506695159572,0.21581786124968608,0.010233742137304236,0.7537758899178502
qirv1-0020,c9720398654d70f3,how to build a robust institutional advancement and fundraising office,how to build a robust institutional advancement and fundraising office,short_circuit,intent_policy,0.98,Recognized intents consistently map to one frozen V1 route,1,attribute_lookup,college,attribute_lookup:1,college:1,Data - Edward.csv,short_circuit,0.8590593099722464,calibrated_model,short_circuit,True,False,6.524953000024425,0.8590593099722464,0.08137568457840212,0.006015291152488537,0.05354971429686286
qirv1-0021,02ae62b4add038e6,How do design graduates improve weak portfolios for employment?,how do design graduates improve weak portfolios for employment,llm_needed,intent_policy,0.98,Recognized intents consistently map to one frozen V1 route,1,advisory,employer_recruiter,advisory:1,employer_recruiter:1,Data - Nimisha.csv,llm_needed,0.8327738696710784,calibrated_model,llm_needed,True,False,6.291728000007879,0.05891086368990615,0.09840166229845032,0.009913604340565043,0.8327738696710784
qirv1-0022,5f5f4d30730cdbea,how to create a retention dashboard to track institutional progress,how to create a retention dashboard to track institutional progress,short_circuit,intent_policy,0.98,Recognized intents consistently map to one frozen V1 route,1,attribute_lookup,college,attribute_lookup:1,college:1,Data - Edward.csv,short_circuit,0.7743572922599883,calibrated_model,short_circuit,True,False,6.2126309999825935,0.7743572922599883,0.13839392106462953,0.005655950183277954,0.08159283649210439
qirv1-0023,53333db75d7d2eb8,how to tailor advising approaches for adult learners returning to college,how to tailor advising approaches for adult learners returning to college,llm_needed,intent_policy,0.98,Recognized intents consistently map to one frozen V1 route,1,emotional_advisory,advisor,emotional_advisory:1,advisor:1,Data - Edward.csv,llm_needed,0.517757549496788,calibrated_model,llm_needed,True,False,6.332674000020688,0.4298425730739474,0.03926950346318156,0.01313037396608314,0.517757549496788
qirv1-0024,0808f3c939926fc3,universities with low textbook costs,universities with low textbook costs,short_circuit,intent_policy,0.98,Recognized intents consistently map to one frozen V1 route,1,attribute_lookup,highschool_student,attribute_lookup:1,highschool_student:1,Data - Ridhi.csv,llm_needed,0.03334675688392982,low_confidence_fallback,short_circuit,False,False,6.243327999982284,0.5379171372137171,0.35049615997717837,0.07823994592517454,0.03334675688392982
qirv1-0025,97981feafbe26568,edtech build ai bootcamp,edtech build ai bootcamp,complex,intent_policy,0.98,Recognized intents consistently map to one frozen V1 route,1,strategy,edtech_founder,strategy:1,edtech_founder:1,Data - Nimisha.csv,complex,0.7076259184942986,calibrated_model,complex,True,False,6.001217000004999,0.06496618410503097,0.04361106444182226,0.7076259184942986,0.18379683295884827
qirv1-0026,213b81af95304278,UC Berkeley vibe,uc berkeley vibe,llm_needed,intent_policy,0.98,Recognized intents consistently map to one frozen V1 route,1,campus_life_fit,parent,campus_life_fit:1,parent:1,Data - Shivansh.csv,llm_needed,0.19856443133550825,low_confidence_fallback,medium,True,False,5.855945999996948,0.26843671150755855,0.3084459877568559,0.22455286940007738,0.19856443133550825
qirv1-0027,2cb6aa429b15e11a,what to do if my roommate and I don't get along,what to do if my roommate and i don't get along,llm_needed,intent_policy,0.98,Recognized intents consistently map to one frozen V1 route,1,emotional_advisory,college_student,emotional_advisory:1,college_student:1,Data - Ridhi.csv,llm_needed,0.9445810617621765,calibrated_model,llm_needed,True,False,6.143903000008777,0.016495846902830253,0.01487678703207162,0.02404630430292173,0.9445810617621765
qirv1-0028,1779acb47ca5dabb,University of Florida internships,university of florida internships,short_circuit,intent_policy,0.98,Recognized intents consistently map to one frozen V1 route,1,attribute_lookup,counselor_teacher,attribute_lookup:1,counselor_teacher:1,Data - Shivansh.csv,short_circuit,0.8766552787439913,calibrated_model,short_circuit,True,False,5.978704999989759,0.8766552787439913,0.03902613419712092,0.05327476871412871,0.031043818344759087
qirv1-0029,bfd8338264ff591c,institutional branding guidelines,institutional branding guidelines,medium,intent_policy,0.98,Recognized intents consistently map to one frozen V1 route,1,profile_management,college_b2b,profile_management:1,college_b2b:1,Data - Anika.csv,medium,0.7631151859530059,calibrated_model,medium,True,False,5.989345000017465,0.10627380771113187,0.7631151859530059,0.03622510495610049,0.0943859013797617
qirv1-0030,b06f1c09c139cba7,Stanford tuition vs UC Berkeley tuition,stanford tuition vs uc berkeley tuition,complex,intent_policy,0.98,Recognized intents consistently map to one frozen V1 route,1,comparison,counselor_teacher,comparison:1,counselor_teacher:1,Data - Shivansh.csv,complex,0.7570289501395969,calibrated_model,complex,True,False,6.001588000003721,0.21160246370453997,0.024431579990870107,0.7570289501395969,0.006937006164992964
qirv1-0031,5ad3c3f9c879c3c8,recommend medium-sized colleges near a major tech hub for aerospace engineering reach schools,recommend medium-sized colleges near a major tech hub for aerospace engineering reach schools,complex,intent_policy,0.98,Recognized intents consistently map to one frozen V1 route,1,recommendation,parent,recommendation:1,parent:1,Data - Shivansh.csv,complex,0.9422713936318207,calibrated_model,complex,True,False,6.677208000013479,0.006468128734017669,0.032623033338154174,0.9422713936318207,0.01863744429600746
qirv1-0032,51eaaa6550887c77,how to appeal waitlist decisions,how to appeal waitlist decisions,medium,intent_policy,0.98,Recognized intents consistently map to one frozen V1 route,1,admissions_process,parent,admissions_process:1,parent:1,Data - Anika.csv,llm_needed,0.3913774220587897,low_confidence_fallback,llm_needed,False,False,6.032966000020679,0.2193785863793277,0.3835518743268464,0.00569211723503616,0.3913774220587897
qirv1-0033,95c38609200d027a,universities with strong linguistics research,universities with strong linguistics research,short_circuit,intent_policy,0.98,Recognized intents consistently map to one frozen V1 route,1,attribute_lookup,highschool_student,attribute_lookup:1,highschool_student:1,Data - Ridhi.csv,short_circuit,0.619600530133628,calibrated_model,short_circuit,True,False,6.1778459999857205,0.619600530133628,0.07086970881360805,0.2920218635350123,0.017507897517751638
qirv1-0034,8f019668a887d788,schools with campus-wide language exchange programs,schools with campus-wide language exchange programs,short_circuit,intent_policy,0.98,Recognized intents consistently map to one frozen V1 route,1,attribute_lookup,highschool_student,attribute_lookup:1,highschool_student:1,Data - Edward.csv,short_circuit,0.8980263173557145,calibrated_model,short_circuit,True,False,6.180831999984093,0.8980263173557145,0.05568526766534143,0.011235838021795124,0.035052576957148966
qirv1-0035,b5255a77b69a281c,University of Washington scholarships,university of washington scholarships,medium,intent_policy,0.98,Recognized intents consistently map to one frozen V1 route,2,cost_financial_aid,high_school_student,cost_financial_aid:2,advisor:1|high_school_student:1,Data - Shivansh.csv,short_circuit,0.8472431874676726,calibrated_model,short_circuit,False,True,5.983103000005485,0.8472431874676726,0.10316179207818266,0.011330877703101311,0.0382641427510435
qirv1-0036,eb20888e3dd74966,large computer science colleges near a major tech hub under 40k not too competitive,large computer science colleges near a major tech hub under 40k not too competitive,complex,intent_policy,0.98,Recognized intents consistently map to one frozen V1 route,1,multi_constraint,college_student,multi_constraint:1,college_student:1,Data - Shivansh.csv,complex,0.9246957956352393,calibrated_model,complex,True,False,6.3653659999829415,0.00392261551058356,0.056868636114812486,0.9246957956352393,0.014512952739364796
qirv1-0037,f55d8880534f6c75,best biology schools in Texas,best biology schools in texas,medium,intent_policy,0.98,Recognized intents consistently map to one frozen V1 route,2,filtered_search,advisor,filtered_search:2,advisor:1|parent:1,Data - Shivansh.csv,medium,0.9414415710940798,calibrated_model,medium,True,False,6.186933000009276,0.012032340717223882,0.9414415710940798,0.023779516474855586,0.022746571713840678
qirv1-0038,8095165ca59b0105,good schools for kids who are smart but not great test takers,good schools for kids who are smart but not great test takers,llm_needed,intent_policy,0.98,Recognized intents consistently map to one frozen V1 route,1,advisory,parent,advisory:1,parent:1,Data Anthony.csv,llm_needed,0.5900522062647297,calibrated_model,llm_needed,True,False,6.31975100000659,0.0018969351914028293,0.17290920715984393,0.23514165138402374,0.5900522062647297
qirv1-0039,1a055ea9425b2406,colleges with strong literacy education programs,colleges with strong literacy education programs,medium,intent_policy,0.98,Recognized intents consistently map to one frozen V1 route,1,filtered_search,urban_teacher,filtered_search:1,urban_teacher:1,Data Anthony.csv,short_circuit,0.629499972483046,calibrated_model,short_circuit,False,True,6.238650000000234,0.629499972483046,0.35172578034594615,0.017172315734051646,0.0016019314369561726
qirv1-0040,54d9a43114ae3d42,affordable mechanical engineering schools near a tech hub with good internships,affordable mechanical engineering schools near a tech hub with good internships,complex,intent_policy,0.98,Recognized intents consistently map to one frozen V1 route,1,multi_constraint,college_student,multi_constraint:1,college_student:1,Data - Shivansh.csv,complex,0.9215651137799625,calibrated_model,complex,True,False,6.519131999993988,0.0024187042736955947,0.05216613105954423,0.9215651137799625,0.023850050886797602
qirv1-0041,b3f0d31b5c8a67ff,urban universities with strong practicum placements in city schools,urban universities with strong practicum placements in city schools,medium,intent_policy,0.98,Recognized intents consistently map to one frozen V1 route,1,filtered_search,urban_teacher,filtered_search:1,urban_teacher:1,Data Anthony.csv,medium,0.8011820318571173,calibrated_model,medium,True,False,6.449872999979789,0.0708242747069568,0.8011820318571173,0.11087116309204754,0.01712253034387837
qirv1-0042,6d73544aa022e282,colleges where alumni commonly return to give back to their communities,colleges where alumni commonly return to give back to their communities,medium,intent_policy,0.98,Recognized intents consistently map to one frozen V1 route,1,filtered_search,nonprofit_advisor,filtered_search:1,nonprofit_advisor:1,Data Anthony.csv,medium,0.500458228521402,calibrated_model,medium,True,False,6.4257390000079795,0.2842769045790054,0.500458228521402,0.023197557639224778,0.192067309260368
qirv1-0043,14548b70b21a2266,what is the FAFSA and when should we fill it out,what is the fafsa and when should we fill it out,llm_needed,intent_policy,0.98,Recognized intents consistently map to one frozen V1 route,1,advisory,parent,advisory:1,parent:1,Data - Ridhi.csv,medium,0.5588546024729859,calibrated_model,medium,False,False,6.421060000008083,0.10740153591667989,0.5588546024729859,0.0439168188148279,0.2898270427955062
qirv1-0044,05d3837270e671e7,application volume trend modeling,application volume trend modeling,complex,intent_policy,0.98,Recognized intents consistently map to one frozen V1 route,1,analytics_request,college_b2b,analytics_request:1,college_b2b:1,Data - Anika.csv,complex,0.7087198421241722,calibrated_model,complex,True,False,6.084601999987171,0.08114251290889087,0.07280555674007795,0.7087198421241722,0.13733208822685902
qirv1-0045,a7955f28929cdefc,Can graduate applicants receive recommendation letters from industry mentors?,can graduate applicants receive recommendation letters from industry mentors,llm_needed,intent_policy,0.98,Recognized intents consistently map to one frozen V1 route,1,advisory,graduate_applicant,advisory:1,graduate_applicant:1,Data - Nimisha.csv,llm_needed,0.7471900390879888,calibrated_model,llm_needed,True,False,6.594281999980467,0.011073502311553414,0.20757639541850917,0.03416006318194864,0.7471900390879888
qirv1-0046,aafcfd95fb9b80ab,Vanderbilt vs Princeton for philosophy,vanderbilt vs princeton for philosophy,complex,intent_policy,0.98,Recognized intents consistently map to one frozen V1 route,1,comparison,advisor,comparison:1,advisor:1,Data - Shivansh.csv,complex,0.9272867374715745,calibrated_model,complex,True,False,6.117143000011538,0.01875705746175431,0.04156644631341354,0.9272867374715745,0.01238975875325761
qirv1-0047,202d1f805744ab63,hiring mgr AI grads applied weak,hiring mgr ai grads applied weak,llm_needed,intent_policy,0.98,Recognized intents consistently map to one frozen V1 route,2,advisory,industry_hiring_manager,advisory:2,industry_hiring_manager:2,Data - Nimisha.csv,llm_needed,0.9169627697036291,calibrated_model,llm_needed,True,False,6.048123999988775,0.02858288375368508,0.04241557414085981,0.012038772401826053,0.9169627697036291
qirv1-0048,5f419d54f346d5ec,affordable private + good dorms,affordable private + good dorms,complex,intent_policy,0.98,Recognized intents consistently map to one frozen V1 route,1,multi_constraint,high_school_student,multi_constraint:1,high_school_student:1,Data Anthony.csv,complex,0.6836654760274582,calibrated_model,complex,True,False,5.992190000000619,0.010860961879947851,0.00561457150156353,0.6836654760274582,0.2998589905910305
qirv1-0049,bc563b633a1ffa67,schools in colorado,schools in colorado,medium,intent_policy,0.98,Recognized intents consistently map to one frozen V1 route,1,filtered_search,high_school_student,filtered_search:1,high_school_student:1,Data - Anika.csv,medium,0.9176006751547728,calibrated_model,medium,True,False,5.88165400000662,0.026669951274837945,0.9176006751547728,0.02144538775753023,0.03428398581285885
qirv1-0050,17b220811ffce736,how employers evaluate certificates vs minors,how employers evaluate certificates vs minors,medium,unanimous_observed,1.0,All valid historical route labels agree,1,guidance,advisor,guidance:1,advisor:1,Data - Anika.csv,medium,0.5662384643574924,calibrated_model,medium,True,False,6.273174000000381,0.06606312159645748,0.5662384643574924,0.3290847859063076,0.038613628139742694
qirv1-0051,33efef71cee6f963,universities with strong psychology,universities with strong psychology,medium,intent_policy,0.98,Recognized intents consistently map to one frozen V1 route,6,filtered_search,parent,filtered_search:6,advisor:2|counselor_teacher:1|parent:3,Data - Shivansh.csv,complex,0.467048254425312,short_circuit_gate,short_circuit,False,False,6.063512999986642,0.4732607807327134,0.052521646157523416,0.467048254425312,0.007169318684451185
qirv1-0052,5d2a54ddc406c958,Community college housing options?,community college housing options,short_circuit,intent_policy,0.98,Recognized intents consistently map to one frozen V1 route,1,exact_lookup,community_college_student,exact_lookup:1,community_college_student:1,Data - Nimisha.csv,short_circuit,0.9492243384664723,calibrated_model,short_circuit,True,False,6.064294999987396,0.9492243384664723,0.02703098569333065,0.00445331869057464,0.01929135714962255
qirv1-0053,f9154bfc76868471,schools where public health majors get field placements not just lectures,schools where public health majors get field placements not just lectures,medium,intent_policy,0.98,Recognized intents consistently map to one frozen V1 route,1,filtered_search,high_school_student,filtered_search:1,high_school_student:1,Data Anthony.csv,medium,0.8946014015412443,calibrated_model,medium,True,False,6.325582000016539,0.00888734861700176,0.8946014015412443,0.07834746720697011,0.018163782634783857
qirv1-0054,33f9e68a3cb2ed49,how to get more colleges to visit or engage with your high school,how to get more colleges to visit or engage with your high school,llm_needed,intent_policy,0.98,Recognized intents consistently map to one frozen V1 route,1,advisory,counselor,advisory:1,counselor:1,Data - Ridhi.csv,llm_needed,0.6689962030225427,calibrated_model,llm_needed,True,False,6.2714399999777015,0.016262440825726674,0.29796870095041345,0.016772655201317318,0.6689962030225427
qirv1-0055,7aa7805abf1f7b15,eng to consulitng how,eng to consulitng how,llm_needed,intent_policy,0.98,Recognized intents consistently map to one frozen V1 route,1,advisory,college_student,advisory:1,college_student:1,Data - Nimisha.csv,llm_needed,0.8894918874572202,calibrated_model,llm_needed,True,False,5.99654900000246,0.08992206968738843,0.01582394164531595,0.0047621012100755354,0.8894918874572202
qirv1-0056,949b936ce84c98a5,Brown vs Stanford for computer science,brown vs stanford for computer science,complex,intent_policy,0.98,Recognized intents consistently map to one frozen V1 route,1,comparison,advisor,comparison:1,advisor:1,Data - Shivansh.csv,complex,0.9283838085241332,calibrated_model,complex,True,False,6.3190689999998995,0.01659185724971958,0.04711962655934052,0.9283838085241332,0.007904707666806713
qirv1-0057,32840d06393fa4f9,how to advise students preparing for behavioral job interviews,how to advise students preparing for behavioral job interviews,short_circuit,intent_policy,0.98,Recognized intents consistently map to one frozen V1 route,1,attribute_lookup,advisor,attribute_lookup:1,advisor:1,Data - Edward.csv,llm_needed,0.7490366154148651,calibrated_model,llm_needed,False,False,6.3611080000214315,0.16103549805166623,0.08783764605345938,0.0020902404800093636,0.7490366154148651
qirv1-0058,e88b98f4fb900861,Columbia vs NYU,columbia vs nyu,complex,intent_policy,0.98,Recognized intents consistently map to one frozen V1 route,1,comparison,advisor,comparison:1,advisor:1,Data - Shivansh.csv,complex,0.8560477889867704,calibrated_model,complex,True,False,5.871535000011363,0.12730486426524354,0.012335767763434908,0.8560477889867704,0.004311578984551365
qirv1-0059,5b034c846f7bc696,Brown tuition vs UC Irvine tuition,brown tuition vs uc irvine tuition,complex,intent_policy,0.98,Recognized intents consistently map to one frozen V1 route,1,comparison,college_student,comparison:1,college_student:1,Data - Shivansh.csv,complex,0.6098961248120319,calibrated_model,complex,True,False,5.985386999981301,0.36087081888536376,0.023942169209197547,0.6098961248120319,0.005290887093406758
qirv1-0060,d31a310033358519,does Caltech have biology,does caltech have biology,short_circuit,intent_policy,0.98,Recognized intents consistently map to one frozen V1 route,1,attribute_lookup,parent,attribute_lookup:1,parent:1,Data - Shivansh.csv,short_circuit,0.8812372550091393,calibrated_model,short_circuit,True,False,5.921898999986297,0.8812372550091393,0.06955608610556985,0.010863007302371518,0.03834365158291931
qirv1-0061,8179baaa7bdea545,cs schools w good social life pls,cs schools w good social life pls,complex,intent_policy,0.98,Recognized intents consistently map to one frozen V1 route,1,multi_constraint,high_school_student,multi_constraint:1,high_school_student:1,Data Anthony.csv,llm_needed,0.32179981559773707,low_confidence_fallback,llm_needed,False,False,5.989104000008183,0.1900631008429514,0.21355910245280593,0.2745779811065057,0.32179981559773707
qirv1-0062,1a76a3d23a408224,schools like University of Florida but cheaper,schools like university of florida but cheaper,complex,intent_policy,0.98,Recognized intents consistently map to one frozen V1 route,5,recommendation,counselor_teacher,recommendation:5,college_student:1|counselor_teacher:4,Data - Shivansh.csv,complex,0.9474031719423678,calibrated_model,complex,True,False,6.2706690000027265,0.017752286909221524,0.019995021372451956,0.9474031719423678,0.014849519775959047
qirv1-0063,551d54428129421a,schools with health administration programs aligned with regional hospital needs,schools with health administration programs aligned with regional hospital needs,medium,intent_policy,0.98,Recognized intents consistently map to one frozen V1 route,1,filtered_search,district_advisor,filtered_search:1,district_advisor:1,Data Anthony.csv,medium,0.5959114568266636,calibrated_model,medium,True,False,6.4994449999744575,0.3310455381104789,0.5959114568266636,0.06339344835561599,0.00964955670724149
qirv1-0064,e3681fa197f93132,schools with campus zip lines or adventure courses,schools with campus zip lines or adventure courses,short_circuit,intent_policy,0.98,Recognized intents consistently map to one frozen V1 route,1,attribute_lookup,highschool_student,attribute_lookup:1,highschool_student:1,Data - Edward.csv,short_circuit,0.6504016566004694,calibrated_model,short_circuit,True,False,6.193054999982905,0.6504016566004694,0.27229206354874785,0.0074433798247559,0.06986290002602687
qirv1-0065,4a9fc5ff75b57ae8,Caltech vs USC for chemistry,caltech vs usc for chemistry,complex,intent_policy,0.98,Recognized intents consistently map to one frozen V1 route,1,comparison,college_student,comparison:1,college_student:1,Data - Shivansh.csv,complex,0.8498270034878658,calibrated_model,complex,True,False,6.292570999988811,0.05227327377840884,0.09308459238292603,0.8498270034878658,0.004815130350799445
qirv1-0066,868086d63eb0b8c9,recommend small colleges in the Midwest for chemistry not too competitive,recommend small colleges in the midwest for chemistry not too competitive,complex,intent_policy,0.98,Recognized intents consistently map to one frozen V1 route,1,recommendation,advisor,recommendation:1,advisor:1,Data - Shivansh.csv,complex,0.8768769234530343,calibrated_model,complex,True,False,6.513570999999274,0.004717985404417491,0.08930823841056108,0.8768769234530343,0.02909685273198713
qirv1-0067,3ae0c5ffa4c31ef4,scholarship officer undergrad success,scholarship officer undergrad success,llm_needed,intent_policy,0.98,Recognized intents consistently map to one frozen V1 route,2,advisory,scholarship_foundation_officer,advisory:2,scholarship_foundation_officer:2,Data - Nimisha.csv,llm_needed,0.7755517775493663,calibrated_model,llm_needed,True,False,6.092406999982813,0.05135749159800427,0.161348086154209,0.011742644698420396,0.7755517775493663
qirv1-0068,18c77e9a71b2cf75,how do i apply to NYU,how do i apply to nyu,medium,intent_policy,0.98,Recognized intents consistently map to one frozen V1 route,2,admissions_process,parent,admissions_process:2,parent:2,Data - Shivansh.csv,llm_needed,0.8719027238233975,calibrated_model,llm_needed,False,False,6.16040299999554,0.11942503865418509,0.0007785002762932385,0.00789373724612426,0.8719027238233975
qirv1-0069,57621245452aab2f,universities with strong interfaith community service programs,universities with strong interfaith community service programs,medium,intent_policy,0.98,Recognized intents consistently map to one frozen V1 route,1,filtered_search,nonprofit_advisor,filtered_search:1,nonprofit_advisor:1,Data Anthony.csv,short_circuit,0.7428260090571112,calibrated_model,short_circuit,False,True,6.6183870000031675,0.7428260090571112,0.203422755864852,0.03454004833994533,0.019211186738091416
qirv1-0070,ac81328e3afb5958,colleges near a major tech hub full ride options with strong research and internships,colleges near a major tech hub full ride options with strong research and internships,complex,intent_policy,0.98,Recognized intents consistently map to one frozen V1 route,3,multi_constraint,parent,multi_constraint:3,advisor:1|high_school_student:1|parent:1,Data - Shivansh.csv,complex,0.9251362261505887,calibrated_model,complex,True,False,6.521147000000838,0.003472452953382985,0.0592956404919344,0.9251362261505887,0.012095680404094054
qirv1-0071,5e61222de7f07ece,schools with on-campus escape rooms,schools with on-campus escape rooms,medium,unanimous_observed,1.0,All valid historical route labels agree,1,filter_search,high_school_student,filter_search:1,high_school_student:1,Data Anthony.csv,short_circuit,0.7486815473370699,calibrated_model,short_circuit,False,True,6.100150999998277,0.7486815473370699,0.15692899279821038,0.02775774888039313,0.06663171098432669
qirv1-0072,911ed1e14af36ecf,is a biology degree useful if i dont want to be a doctor,is a biology degree useful if i dont want to be a doctor,llm_needed,intent_policy,0.98,Recognized intents consistently map to one frozen V1 route,1,reflective_advisory,high_school_student,reflective_advisory:1,high_school_student:1,Data Anthony.csv,llm_needed,0.8598852440607933,calibrated_model,llm_needed,True,False,6.279365000011694,0.05716275074178675,0.05684607990747731,0.026105925289942572,0.8598852440607933
qirv1-0073,c3e4f9753b0693dd,UT Austin vs Purdue for pre-med,ut austin vs purdue for pre-med,complex,intent_policy,0.98,Recognized intents consistently map to one frozen V1 route,1,comparison,high_school_student,comparison:1,high_school_student:1,Data - Shivansh.csv,complex,0.8666926163054033,calibrated_model,complex,True,False,6.051810999991858,0.028915303136032005,0.09502442174129279,0.8666926163054033,0.009367658817271847
qirv1-0074,36f8b29442be468a,transf CS prereq missing,transf cs prereq missing,llm_needed,intent_policy,0.98,Recognized intents consistently map to one frozen V1 route,1,advisory,transfer_student,advisory:1,transfer_student:1,Data - Nimisha.csv,llm_needed,0.8549271997854145,calibrated_model,llm_needed,True,False,5.930685000009817,0.06961074415383266,0.034265680619036426,0.041196375441716344,0.8549271997854145
qirv1-0075,30f78dcb4b260b21,Are there mentorship opportunities for community college students in business majors?,are there mentorship opportunities for community college students in business majors,llm_needed,intent_policy,0.98,Recognized intents consistently map to one frozen V1 route,1,advisory,community_college_student,advisory:1,community_college_student:1,Data - Nimisha.csv,llm_needed,0.8303011000985915,calibrated_model,llm_needed,True,False,6.708125000017162,0.04106406272281814,0.12038538469696959,0.008249452481620824,0.8303011000985915
qirv1-0076,35eefda69722e67f,what are the social pressures at selective universities and how do parents help,what are the social pressures at selective universities and how do parents help,llm_needed,intent_policy,0.98,Recognized intents consistently map to one frozen V1 route,1,advisory,parent,advisory:1,parent:1,Data - Ridhi.csv,llm_needed,0.9490122212065663,calibrated_model,llm_needed,True,False,6.423995000005789,0.016563489813434046,0.028998889695091193,0.005425399284908504,0.9490122212065663
qirv1-0077,92419668bb02d7b6,universities with public transportation access,universities with public transportation access,short_circuit,intent_policy,0.98,Recognized intents consistently map to one frozen V1 route,1,attribute_lookup,highschool_student,attribute_lookup:1,highschool_student:1,Data - Ridhi.csv,medium,0.4547062026147623,short_circuit_gate,short_circuit,False,False,6.098428000001377,0.5306051215008879,0.4547062026147623,0.011545675464872006,0.0031430004194778825
qirv1-0078,6d12ddeceebf8864,college fit vs prestige,college fit vs prestige,complex,unanimous_observed,1.0,All valid historical route labels agree,1,guidance,counselor_teacher,guidance:1,counselor_teacher:1,Data - Anika.csv,complex,0.8994679132682452,calibrated_model,complex,True,False,5.949481000016021,0.01247360860991411,0.011641147807767612,0.8994679132682452,0.07641733031407312
qirv1-0079,8a225e0e7876ce9a,scholarship officer rural cs poor,scholarship officer rural cs poor,llm_needed,intent_policy,0.98,Recognized intents consistently map to one frozen V1 route,1,advisory,scholarship_foundation_officer,advisory:1,scholarship_foundation_officer:1,Data - Nimisha.csv,llm_needed,0.924426729595277,calibrated_model,llm_needed,True,False,6.016986000020097,0.02169779669070861,0.038970898654694885,0.014904575059319372,0.924426729595277
qirv1-0080,390a189868116719,UC San Diego job placement for architecture,uc san diego job placement for architecture,medium,intent_policy,0.98,Recognized intents consistently map to one frozen V1 route,1,career_outcomes,high_school_student,career_outcomes:1,high_school_student:1,Data - Shivansh.csv,medium,0.8735422324583823,calibrated_model,medium,True,False,6.099280000000817,0.07727747024109827,0.8735422324583823,0.0164019436944014,0.03277835360611805
qirv1-0081,8b9d3fbe9fd908d6,universities with public policy undergraduate programs,universities with public policy undergraduate programs,short_circuit,intent_policy,0.98,Recognized intents consistently map to one frozen V1 route,1,attribute_lookup,highschool_student,attribute_lookup:1,highschool_student:1,Data - Edward.csv,short_circuit,0.866285172196287,calibrated_model,short_circuit,True,False,6.345970000012358,0.866285172196287,0.09245758963216567,0.03361041727259791,0.007646820898949465
qirv1-0082,0decd83a9ef32282,large public health colleges in warm states good financial aid reach schools,large public health colleges in warm states good financial aid reach schools,complex,intent_policy,0.98,Recognized intents consistently map to one frozen V1 route,1,multi_constraint,advisor,multi_constraint:1,advisor:1,Data - Shivansh.csv,complex,0.820063086454784,calibrated_model,complex,True,False,6.399148999975068,0.00830421484701663,0.16619238820836665,0.820063086454784,0.005440310489832573
qirv1-0083,d75d37af5064229e,cs yield down why,cs yield down why,complex,intent_policy,0.98,Recognized intents consistently map to one frozen V1 route,1,strategy,college_admissions_officer,strategy:1,college_admissions_officer:1,Data - Nimisha.csv,complex,0.4777584686330603,calibrated_model,complex,True,False,6.005504999990308,0.06857819124152437,0.0810783697641438,0.4777584686330603,0.37258497036127153
qirv1-0084,a5651c4800d0a718,schools that support communication with families students and have accessible housing,schools that support communication with families students and have accessible housing,medium,intent_policy,0.98,Recognized intents consistently map to one frozen V1 route,5,filtered_search,parent,filtered_search:5,parent:5,Data - Edward.csv,medium,0.9068918486140243,calibrated_model,medium,True,False,6.398897999986275,0.038842353739288356,0.9068918486140243,0.007832673157749487,0.04643312448893786
qirv1-0085,c54d6650d4b651c3,engineering schools where undergrads publish before senior year,engineering schools where undergrads publish before senior year,complex,intent_policy,0.98,Recognized intents consistently map to one frozen V1 route,1,multi_constraint,high_school_student,multi_constraint:1,high_school_student:1,Data - Nimisha.csv,medium,0.7775712747099076,calibrated_model,medium,False,False,6.336060999984738,0.08248973654126739,0.7775712747099076,0.08637253363432769,0.05356645511449745
qirv1-0086,a880557d20182818,how to structure a first semester advising appointment for a new freshman,how to structure a first semester advising appointment for a new freshman,llm_needed,intent_policy,0.98,Recognized intents consistently map to one frozen V1 route,1,advisory,advisor,advisory:1,advisor:1,Data - Ridhi.csv,llm_needed,0.4517364629096996,short_circuit_gate,short_circuit,True,False,6.4942459999883795,0.4954341017547712,0.0384013342516066,0.014428101083922609,0.4517364629096996
qirv1-0087,7d983aca7e88908f,how to evaluate the impact of campus employment on student retention,how to evaluate the impact of campus employment on student retention,short_circuit,intent_policy,0.98,Recognized intents consistently map to one frozen V1 route,1,attribute_lookup,college,attribute_lookup:1,college:1,Data - Edward.csv,short_circuit,0.8741560661734041,calibrated_model,short_circuit,True,False,6.260521000001518,0.8741560661734041,0.08205077951945346,0.002862269204690099,0.040930885102452304
qirv1-0088,080e32dc8be56efc,which colleges produce the most teachers who go on to become instructional coaches,which colleges produce the most teachers who go on to become instructional coaches,medium,intent_policy,0.98,Recognized intents consistently map to one frozen V1 route,1,filtered_search,urban_teacher,filtered_search:1,urban_teacher:1,Data Anthony.csv,medium,0.81975137661379,calibrated_model,medium,True,False,6.608739999990121,0.020460754174336584,0.81975137661379,0.006998182464942444,0.15278968674693102
qirv1-0089,57ee9429d33b9dbd,eng debt trap?,eng debt trap,llm_needed,intent_policy,0.98,Recognized intents consistently map to one frozen V1 route,1,advisory,parent,advisory:1,parent:1,Data - Nimisha.csv,llm_needed,0.6958128612879073,calibrated_model,llm_needed,True,False,5.8946879999837165,0.15568362472302663,0.08087152825901242,0.06763198573005352,0.6958128612879073
qirv1-0090,426390f38da9d45d,affordable colleges with strong data science,affordable colleges with strong data science,complex,intent_policy,0.98,Recognized intents consistently map to one frozen V1 route,1,multi_constraint,high_school_student,multi_constraint:1,high_school_student:1,Data - Anika.csv,complex,0.9411291790064144,calibrated_model,complex,True,False,6.085353000003124,0.027561255155539324,0.016775469465575784,0.9411291790064144,0.014534096372470438
qirv1-0091,1c8261b026d51397,what is a tuition payment plan,what is a tuition payment plan,medium,unanimous_observed,1.0,All valid historical route labels agree,1,factual,parent,factual:1,parent:1,Data - Ridhi.csv,medium,0.5791224941491712,calibrated_model,medium,True,False,5.979246000009653,0.3028251367487416,0.5791224941491712,0.016998774627795185,0.10105359447429196
qirv1-0092,01177784523b7aae,what is deferral in admissions,what is deferral in admissions,medium,intent_policy,0.98,Recognized intents consistently map to one frozen V1 route,1,admissions_process,college_student,admissions_process:1,college_student:1,Data - Anika.csv,medium,0.6795610890146074,calibrated_model,medium,True,False,6.000755999991725,0.20425999953579144,0.6795610890146074,0.04785936844952452,0.06831954300007652
qirv1-0093,aa574f3bc1098bbf,how to help students navigate roommate conflicts,how to help students navigate roommate conflicts,llm_needed,intent_policy,0.98,Recognized intents consistently map to one frozen V1 route,1,emotional_advisory,advisor,emotional_advisory:1,advisor:1,Data - Edward.csv,llm_needed,0.7518718049159866,calibrated_model,llm_needed,True,False,6.166344999996909,0.20183782916900306,0.039675243256879066,0.0066151226581313985,0.7518718049159866
qirv1-0094,63ff8751253ad471,career changer law 2 cs dumb?,career changer law 2 cs dumb,llm_needed,intent_policy,0.98,Recognized intents consistently map to one frozen V1 route,1,emotional_advisory,career_changer,emotional_advisory:1,career_changer:1,Data - Nimisha.csv,llm_needed,0.8441521050681177,calibrated_model,llm_needed,True,False,6.277622999988353,0.046404512998342896,0.025731437695155197,0.08371194423838431,0.8441521050681177
qirv1-0095,7af46f1c6cfee9c7,how to request an extension on an assignment,how to request an extension on an assignment,llm_needed,intent_policy,0.98,Recognized intents consistently map to one frozen V1 route,1,advisory,college_student,advisory:1,college_student:1,Data - Ridhi.csv,llm_needed,0.15927683014632943,low_confidence_fallback,short_circuit,True,False,6.2755179999953725,0.5109732315080298,0.3253828396665768,0.004367098679064026,0.15927683014632943
qirv1-0096,5fb9cb513e4e6018,schools with active running or track clubs,schools with active running or track clubs,short_circuit,intent_policy,0.98,Recognized intents consistently map to one frozen V1 route,1,attribute_lookup,highschool_student,attribute_lookup:1,highschool_student:1,Data - Edward.csv,short_circuit,0.8664452541232025,calibrated_model,short_circuit,True,False,6.1647519999894484,0.8664452541232025,0.053177824164571535,0.003701441984350859,0.07667547972787518
qirv1-0097,31a83b7de52aeb40,universities with social work degrees,universities with social work degrees,short_circuit,intent_policy,0.98,Recognized intents consistently map to one frozen V1 route,1,attribute_lookup,highschool_student,attribute_lookup:1,highschool_student:1,Data - Edward.csv,short_circuit,0.7345522870336874,calibrated_model,short_circuit,True,False,6.068212000002404,0.7345522870336874,0.24438937013849696,0.008785818135732343,0.012272524692083406
qirv1-0098,28fa239a0e94f363,How can transfer students manage differences in extracurricular opportunities?,how can transfer students manage differences in extracurricular opportunities,llm_needed,intent_policy,0.98,Recognized intents consistently map to one frozen V1 route,1,advisory,transfer_student,advisory:1,transfer_student:1,Data - Nimisha.csv,llm_needed,0.8941887933982913,calibrated_model,llm_needed,True,False,6.362239999987196,0.042243978089017996,0.05603354579595891,0.00753368271673198,0.8941887933982913
qirv1-0099,f08b6bde2ea32500,mech eng 2 yr to 4 yr worth?,mech eng 2 yr to 4 yr worth,llm_needed,intent_policy,0.98,Recognized intents consistently map to one frozen V1 route,1,advisory,transfer_student,advisory:1,transfer_student:1,Data - Nimisha.csv,llm_needed,0.9421682333401756,calibrated_model,llm_needed,True,False,6.049867000001541,0.02620317897440295,0.024018681261563545,0.007609906423858011,0.9421682333401756
qirv1-0100,176956e9e1c587d5,universities with cultural exchange programs,universities with cultural exchange programs,short_circuit,intent_policy,0.98,Recognized intents consistently map to one frozen V1 route,1,attribute_lookup,highschool_student,attribute_lookup:1,highschool_student:1,Data - Ridhi.csv,short_circuit,0.9261766498801975,calibrated_model,short_circuit,True,False,6.283382999981768,0.9261766498801975,0.042929865948160846,0.011538034363838925,0.019355449807802672
qirv1-0101,796f2dad6575b323,Princeton financial aid for out of state,princeton financial aid for out of state,medium,intent_policy,0.98,Recognized intents consistently map to one frozen V1 route,3,cost_financial_aid,advisor,cost_financial_aid:3,advisor:1|college_student:1|counselor_teacher:1,Data - Shivansh.csv,medium,0.5290421380916807,calibrated_model,medium,True,False,6.284655000001749,0.406328086504604,0.5290421380916807,0.03212676672986455,0.03250300867385075
qirv1-0102,5b0a38d9ec0d75a1,universities with research in computational biology,universities with research in computational biology,short_circuit,intent_policy,0.98,Recognized intents consistently map to one frozen V1 route,1,attribute_lookup,highschool_student,attribute_lookup:1,highschool_student:1,Data - Ridhi.csv,short_circuit,0.7643271978847684,calibrated_model,short_circuit,True,False,6.208143000009159,0.7643271978847684,0.12761793220123482,0.09914553225302909,0.00890933766096764
qirv1-0103,c78476a725e7b332,colleges with rooftop yogahigh,colleges with rooftop yogahigh,medium,unanimous_observed,1.0,All valid historical route labels agree,1,filter_search,high_school_student,filter_search:1,high_school_student:1,Data Anthony.csv,medium,0.54148952769693,calibrated_model,medium,True,False,6.014330999988715,0.42606871663741724,0.54148952769693,0.025849508779690385,0.006592246885962372
qirv1-0104,0682d4ed720c5fc2,universities where freshmen cannot be cut from engineering,universities where freshmen cannot be cut from engineering,short_circuit,intent_policy,0.98,Recognized intents consistently map to one frozen V1 route,1,attribute_lookup,parent,attribute_lookup:1,parent:1,Data - Nimisha.csv,medium,0.6025913836816894,calibrated_model,medium,False,False,6.273265000004358,0.07446665240436091,0.6025913836816894,0.19959423989421268,0.12334772401973697
qirv1-0105,8226823fc69fb7a3,schools with strong bioinformatics programs,schools with strong bioinformatics programs,short_circuit,intent_policy,0.98,Recognized intents consistently map to one frozen V1 route,1,attribute_lookup,highschool_student,attribute_lookup:1,highschool_student:1,Data - Edward.csv,llm_needed,0.08220095364346298,low_confidence_fallback,short_circuit,False,False,6.111793000002308,0.40669116903449415,0.24263832301687813,0.2684695543051648,0.08220095364346298
qirv1-0106,52525c0adea26706,colleges that provide strong alumni mentoring for first gen students,colleges that provide strong alumni mentoring for first gen students,medium,intent_policy,0.98,Recognized intents consistently map to one frozen V1 route,1,filtered_search,school_counselor,filtered_search:1,school_counselor:1,Data Anthony.csv,medium,0.9070204475791469,calibrated_model,medium,True,False,6.317475999992439,0.034499861931776,0.9070204475791469,0.04455996708403226,0.013919723405044937
qirv1-0107,8370621ed402a1ee,four year cost of University of Washington including housing,four year cost of university of washington including housing,medium,intent_policy,0.98,Recognized intents consistently map to one frozen V1 route,2,career_outcomes,parent,admissions_process:1|career_outcomes:1,parent:2,Data - Shivansh.csv,short_circuit,0.6330741458836716,calibrated_model,short_circuit,False,True,6.715900000017427,0.6330741458836716,0.2359762699421765,0.029502976817724697,0.10144660735642708
qirv1-0108,0b9f9e17db407820,best colleges for on-campus housing with high graduation rates in California,best colleges for on-campus housing with high graduation rates in california,medium,intent_policy,0.98,Recognized intents consistently map to one frozen V1 route,5,filtered_search,college_student,filtered_search:5,college_student:5,Data - Edward.csv,medium,0.7843595595501421,calibrated_model,medium,True,False,6.545231000018248,0.1851460856884314,0.7843595595501421,0.013239310512970432,0.017255044248455902
qirv1-0109,4e56d52c459500af,what colleges fit a student with a 3.5 gpa,what colleges fit a student with a 3.5 gpa,llm_needed,intent_policy,0.98,Recognized intents consistently map to one frozen V1 route,1,advisory,counselor,advisory:1,counselor:1,Data Anthony.csv,llm_needed,0.6831246381711815,calibrated_model,llm_needed,True,False,6.174659999999221,0.06885037941823224,0.20452027607340817,0.04350470633717801,0.6831246381711815
qirv1-0110,64b9019b2a10fd06,how do we keep our admissions staff account access up to date when team members leave or join,how do we keep our admissions staff account access up to date when team members leave or join,llm_needed,intent_policy,0.98,Recognized intents consistently map to one frozen V1 route,1,advisory,college_b2b,advisory:1,college_b2b:1,Data - Ridhi.csv,llm_needed,0.5999942382420952,calibrated_model,llm_needed,True,False,6.596056000006456,0.061455379024072526,0.32740278404394924,0.01114759868988315,0.5999942382420952
qirv1-0111,bb57671c13254ded,how to advocate for systemic changes in curriculum or policy that affect students,how to advocate for systemic changes in curriculum or policy that affect students,llm_needed,intent_policy,0.98,Recognized intents consistently map to one frozen V1 route,1,advisory,advisor,advisory:1,advisor:1,Data - Ridhi.csv,medium,0.5038737841192337,calibrated_model,medium,False,False,6.41582999998036,0.14564479392124122,0.5038737841192337,0.009912933808170927,0.3405684881513542
qirv1-0112,fed3b773785f35cd,job placement for Northwestern,job placement for northwestern,short_circuit,intent_policy,0.98,Recognized intents consistently map to one frozen V1 route,2,attribute_lookup,advisor,attribute_lookup:2,advisor:2,Data - Shivansh.csv,medium,0.7902484182620145,calibrated_model,medium,False,False,5.985226999996485,0.14053618438256457,0.7902484182620145,0.039700131566797046,0.029515265788623745
qirv1-0113,73150c804ba4b092,How can community college students connect with university alumni for mentorship?,how can community college students connect with university alumni for mentorship,llm_needed,intent_policy,0.98,Recognized intents consistently map to one frozen V1 route,1,advisory,community_college_student,advisory:1,community_college_student:1,Data - Nimisha.csv,llm_needed,0.8127182817462986,calibrated_model,llm_needed,True,False,6.586067000000639,0.14224135366973736,0.029463993947190265,0.015576370636773673,0.8127182817462986
qirv1-0114,b784919b862d6c4e,Boston University vs Columbia,boston university vs columbia,complex,intent_policy,0.98,Recognized intents consistently map to one frozen V1 route,1,comparison,high_school_student,comparison:1,high_school_student:1,Data - Shivansh.csv,complex,0.8245101317115243,calibrated_model,complex,True,False,6.05846400000587,0.15472505163846176,0.013232698925679987,0.8245101317115243,0.007532117724333975
qirv1-0115,1b721ba038375fda,universities with peer-led study programs,universities with peer-led study programs,short_circuit,intent_policy,0.98,Recognized intents consistently map to one frozen V1 route,1,attribute_lookup,highschool_student,attribute_lookup:1,highschool_student:1,Data - Ridhi.csv,short_circuit,0.9194386008116912,calibrated_model,short_circuit,True,False,6.091545000003862,0.9194386008116912,0.04001016206034893,0.032933666956657635,0.00761757017130232
qirv1-0116,9312906a7a9dc34c,MIT acceptance rate,mit acceptance rate,short_circuit,intent_policy,0.98,Recognized intents consistently map to one frozen V1 route,1,attribute_lookup,high_school_student,attribute_lookup:1,high_school_student:1,Data Anthony.csv,short_circuit,0.8868632348814129,calibrated_model,short_circuit,True,False,5.920465999992075,0.8868632348814129,0.05063414576765554,0.022175739949933243,0.04032687940099831
qirv1-0117,ba697a14a8308350,create reach target safety list for film in Texas under 40k,create reach target safety list for film in texas under 40k,complex,intent_policy,0.98,Recognized intents consistently map to one frozen V1 route,1,comparison,advisor,comparison:1,advisor:1,Data - Shivansh.csv,complex,0.4711768884350254,calibrated_model,complex,True,False,6.237035999987484,0.27332866869580363,0.17639316115900347,0.4711768884350254,0.07910128171016742
qirv1-0118,9518c2660cbfbc62,career changer teacher2data,career changer teacher2data,llm_needed,intent_policy,0.98,Recognized intents consistently map to one frozen V1 route,1,advisory,career_changer,advisory:1,career_changer:1,Data - Nimisha.csv,llm_needed,0.845692648493376,calibrated_model,llm_needed,True,False,5.943459000008033,0.04763888450285834,0.08589422706176007,0.02077423994200552,0.845692648493376
qirv1-0119,ca05659c5667d051,how to support international students who are academically struggling,how to support international students who are academically struggling,llm_needed,intent_policy,0.98,Recognized intents consistently map to one frozen V1 route,1,emotional_advisory,advisor,emotional_advisory:1,advisor:1,Data - Edward.csv,llm_needed,0.9417799346675766,calibrated_model,llm_needed,True,False,6.436137999997982,0.011566173408014182,0.02182959453656265,0.02482429738784654,0.9417799346675766
qirv1-0120,ca78bb2c078ba5f9,Duke tuition vs Purdue tuition,duke tuition vs purdue tuition,complex,intent_policy,0.98,Recognized intents consistently map to one frozen V1 route,1,comparison,parent,comparison:1,parent:1,Data - Shivansh.csv,complex,0.7228680812659781,calibrated_model,complex,True,False,6.032325000006722,0.24875838319608792,0.02373456808749283,0.7228680812659781,0.0046389674504410715
qirv1-0121,455aac8687b13da5,schools with strong programs in philosophy and logic,schools with strong programs in philosophy and logic,medium,intent_policy,0.98,Recognized intents consistently map to one frozen V1 route,1,filtered_search,independent_counselor,filtered_search:1,independent_counselor:1,Data Anthony.csv,medium,0.6953864467256082,calibrated_model,medium,True,False,6.288681999990331,0.01205331421127097,0.6953864467256082,0.24281907303797823,0.049741166025142565
qirv1-0122,0f1c7741c924aefc,career outcomes for anthropology majors,career outcomes for anthropology majors,medium,intent_policy,0.98,Recognized intents consistently map to one frozen V1 route,1,career_outcomes,parent,career_outcomes:1,parent:1,Data - Anika.csv,medium,0.8527650255386825,calibrated_model,medium,True,False,6.055518000010807,0.045176927561180524,0.8527650255386825,0.06729880630477714,0.0347592405953599
qirv1-0123,635a35514efdd148,switch bio 2 biomed eng jr yr dumb?,switch bio 2 biomed eng jr yr dumb,llm_needed,intent_policy,0.98,Recognized intents consistently map to one frozen V1 route,1,advisory,college_student,advisory:1,college_student:1,Data - Nimisha.csv,llm_needed,0.8473917306728188,calibrated_model,llm_needed,True,False,6.088290000008101,0.02649234584176932,0.05490275935417783,0.07121316413123385,0.8473917306728188
qirv1-0124,11726805d19cf43d,small engineering colleges with division I sports,small engineering colleges with division i sports,complex,intent_policy,0.98,Recognized intents consistently map to one frozen V1 route,1,multi_constraint,high_school_student,multi_constraint:1,high_school_student:1,Data - Nimisha.csv,complex,0.7067079607753719,calibrated_model,complex,True,False,6.227389000002859,0.17154086620877518,0.0769866259433245,0.7067079607753719,0.04476454707252849
qirv1-0125,3dd8048b0ef54735,Cornell campus culture,cornell campus culture,llm_needed,intent_policy,0.98,Recognized intents consistently map to one frozen V1 route,1,campus_life_fit,counselor_teacher,campus_life_fit:1,counselor_teacher:1,Data - Shivansh.csv,llm_needed,0.6815453020482559,calibrated_model,llm_needed,True,False,6.058062000022346,0.2554458627047482,0.05302961901700276,0.00997921622999318,0.6815453020482559
qirv1-0126,3c1512fc5ca6288b,how to build institutional infrastructure for a study abroad office,how to build institutional infrastructure for a study abroad office,short_circuit,intent_policy,0.98,Recognized intents consistently map to one frozen V1 route,1,attribute_lookup,college,attribute_lookup:1,college:1,Data - Edward.csv,short_circuit,0.6723177527397827,calibrated_model,short_circuit,True,False,7.197927999982312,0.6723177527397827,0.22313182186109515,0.012824348522644594,0.09172607687647759
qirv1-0127,909f56cdb2e10701,Transfer student social events?,transfer student social events,short_circuit,intent_policy,0.98,Recognized intents consistently map to one frozen V1 route,1,attribute_lookup,transfer_student,attribute_lookup:1,transfer_student:1,Data - Nimisha.csv,short_circuit,0.90185224752613,calibrated_model,short_circuit,True,False,6.179889999998522,0.90185224752613,0.05129553188248917,0.024736201362361623,0.022116019229019245
qirv1-0128,7d70054e62a58ecf,internships for Stanford,internships for stanford,short_circuit,intent_policy,0.98,Recognized intents consistently map to one frozen V1 route,1,attribute_lookup,college_student,attribute_lookup:1,college_student:1,Data - Shivansh.csv,llm_needed,0.04297947062735563,low_confidence_fallback,short_circuit,False,False,6.323178000002372,0.5911234904803416,0.0385704232112224,0.32732661568108035,0.04297947062735563
qirv1-0129,942e329a3293404f,how to build a campus recreation center that serves all students equitably,how to build a campus recreation center that serves all students equitably,short_circuit,intent_policy,0.98,Recognized intents consistently map to one frozen V1 route,1,attribute_lookup,college,attribute_lookup:1,college:1,Data - Edward.csv,short_circuit,0.8916544262013749,calibrated_model,short_circuit,True,False,6.599672999982431,0.8916544262013749,0.04329910970674101,0.0048157024260882825,0.06023076166579578
qirv1-0130,16aec004adbfa8a2,Boston University vs UC Irvine for finance,boston university vs uc irvine for finance,complex,intent_policy,0.98,Recognized intents consistently map to one frozen V1 route,1,comparison,counselor_teacher,comparison:1,counselor_teacher:1,Data - Shivansh.csv,complex,0.8426159741436083,calibrated_model,complex,True,False,6.189597999991747,0.09984132945325079,0.05222508158277108,0.8426159741436083,0.0053176148203697635
qirv1-0131,91f8c8d1dff2a13a,schools with explicit racial equity programs for campus inclusion,schools with explicit racial equity programs for campus inclusion,medium,intent_policy,0.98,Recognized intents consistently map to one frozen V1 route,1,filtered_search,school_counselor,filtered_search:1,school_counselor:1,Data Anthony.csv,medium,0.6852937424421649,calibrated_model,medium,True,False,6.335761000002549,0.2590096348533912,0.6852937424421649,0.007397705278347118,0.04829891742609685
qirv1-0132,3fd71ba6ed8f6e7a,how to engage parents who are over-involved in their student's applications,how to engage parents who are over-involved in their student's applications,llm_needed,intent_policy,0.98,Recognized intents consistently map to one frozen V1 route,1,advisory,counselor,advisory:1,counselor:1,Data - Ridhi.csv,llm_needed,0.9201315509158198,calibrated_model,llm_needed,True,False,6.668941999976141,0.05504270509495248,0.015645338998917027,0.009180404990310717,0.9201315509158198
qirv1-0133,1e103fdeb16ccc3e,Columbia,columbia,short_circuit,intent_policy,0.98,Recognized intents consistently map to one frozen V1 route,9,exact_lookup,advisor,exact_lookup:9,advisor:4|college_student:1|counselor_teacher:2|parent:2,Data - Shivansh.csv,short_circuit,0.9300786895639789,calibrated_model,short_circuit,True,False,6.202112000011084,0.9300786895639789,0.018622654875351904,0.020915984931083546,0.030382670629585596
qirv1-0134,285b25bb30d716dc,does UC San Diego have philosophy,does uc san diego have philosophy,short_circuit,intent_policy,0.98,Recognized intents consistently map to one frozen V1 route,1,attribute_lookup,college_student,attribute_lookup:1,college_student:1,Data - Shivansh.csv,short_circuit,0.7360763383582717,calibrated_model,short_circuit,True,False,6.173286999995753,0.7360763383582717,0.12066922440428123,0.021816165913775307,0.1214382713236718
qirv1-0135,a7422b301e4ef47d,what are common mistakes students make in the college application process,what are common mistakes students make in the college application process,llm_needed,intent_policy,0.98,Recognized intents consistently map to one frozen V1 route,1,advisory,counselor,advisory:1,counselor:1,Data - Ridhi.csv,llm_needed,0.8659283059125816,calibrated_model,llm_needed,True,False,6.505086999993637,0.022828960814700167,0.09361832646971836,0.017624406802999874,0.8659283059125816
qirv1-0136,9e38a4ee87b9b00e,colleges that support mental health well,colleges that support mental health well,medium,intent_policy,0.98,Recognized intents consistently map to one frozen V1 route,1,filtered_search,counselor,filtered_search:1,counselor:1,Data Anthony.csv,medium,0.9194269923575026,calibrated_model,medium,True,False,6.091554999983373,0.05162566345974721,0.9194269923575026,0.016336594734696324,0.012610749448053868
qirv1-0137,ca176957f19b74a1,schools with 3D printing labs open to all students,schools with 3d printing labs open to all students,short_circuit,intent_policy,0.98,Recognized intents consistently map to one frozen V1 route,1,attribute_lookup,college_student,attribute_lookup:1,college_student:1,Data - Edward.csv,llm_needed,0.2874856087367739,low_confidence_fallback,medium,False,False,6.149663999991617,0.25415996843241984,0.4224131067830446,0.035941316047761546,0.2874856087367739
qirv1-0138,3bd8a4a3c55452da,what is your platform's approach to supporting community colleges specifically,what is your platform's approach to supporting community colleges specifically,medium,unanimous_observed,1.0,All valid historical route labels agree,1,factual,college_b2b,factual:1,college_b2b:1,Data - Ridhi.csv,medium,0.619534963422263,calibrated_model,medium,True,False,6.532007000004114,0.010907072009067119,0.619534963422263,0.006753530274539728,0.3628044342941302
qirv1-0139,1cf4facb000234fe,create reach target safety list for economics in California under 30k,create reach target safety list for economics in california under 30k,complex,intent_policy,0.98,Recognized intents consistently map to one frozen V1 route,1,multi_constraint,advisor,multi_constraint:1,advisor:1,Data - Shivansh.csv,llm_needed,0.2586782652280859,low_confidence_fallback,medium,False,False,6.414186999990079,0.24963058074648117,0.3934806936051758,0.09821046042025716,0.2586782652280859
qirv1-0140,324b50a30067d4ed,feeling overwhelmed in college what should I do,feeling overwhelmed in college what should i do,llm_needed,intent_policy,0.98,Recognized intents consistently map to one frozen V1 route,1,emotional_advisory,college_student,emotional_advisory:1,college_student:1,Data - Edward.csv,llm_needed,0.9251184902324266,calibrated_model,llm_needed,True,False,6.086705999990727,0.012460606546148216,0.05143554017972845,0.010985363041696639,0.9251184902324266
qirv1-0141,b981a35ed74be267,what is the best practice for responding to student inquiries through your system,what is the best practice for responding to student inquiries through your system,llm_needed,intent_policy,0.98,Recognized intents consistently map to one frozen V1 route,1,advisory,college_b2b,advisory:1,college_b2b:1,Data - Ridhi.csv,medium,0.6178031597169781,calibrated_model,medium,False,False,6.37022499998352,0.2460538953057656,0.6178031597169781,0.005874786439891704,0.13026815853736456
qirv1-0142,3cb70c515310d8a4,schools with art and creative talent scholarships,schools with art and creative talent scholarships,short_circuit,intent_policy,0.98,Recognized intents consistently map to one frozen V1 route,1,attribute_lookup,highschool_student,attribute_lookup:1,highschool_student:1,Data - Edward.csv,llm_needed,0.06037207429376527,low_confidence_fallback,short_circuit,False,False,6.090303999997104,0.49729918940484147,0.3714259159057319,0.07090282039566141,0.06037207429376527
qirv1-0143,5b123fe707bd5239,how to deal with a professor who gives confusing instructions,how to deal with a professor who gives confusing instructions,llm_needed,intent_policy,0.98,Recognized intents consistently map to one frozen V1 route,1,advisory,college_student,advisory:1,college_student:1,Data - Ridhi.csv,llm_needed,0.8692712669199293,calibrated_model,llm_needed,True,False,6.201711000016985,0.05928864690520341,0.0659817813531401,0.005458304821727342,0.8692712669199293
qirv1-0144,996f0f56ba9fb5fe,schools with active intramural esports leagues,schools with active intramural esports leagues,short_circuit,intent_policy,0.98,Recognized intents consistently map to one frozen V1 route,1,attribute_lookup,highschool_student,attribute_lookup:1,highschool_student:1,Data - Edward.csv,short_circuit,0.8630557138926588,calibrated_model,short_circuit,True,False,6.105280999975093,0.8630557138926588,0.06278208377863713,0.015706157021376597,0.0584560453073275
qirv1-0145,ed3fabdc84bae143,does USC have electrical engineering,does usc have electrical engineering,short_circuit,intent_policy,0.98,Recognized intents consistently map to one frozen V1 route,1,attribute_lookup,advisor,attribute_lookup:1,advisor:1,Data - Shivansh.csv,short_circuit,0.8497392829828291,calibrated_model,short_circuit,True,False,6.173788000012337,0.8497392829828291,0.08787060832828013,0.03435227990868064,0.028037828780210137
qirv1-0146,06c2eb5e1d296e32,colleges with strong parental communication policies,colleges with strong parental communication policies,short_circuit,intent_policy,0.98,Recognized intents consistently map to one frozen V1 route,1,attribute_lookup,parent,attribute_lookup:1,parent:1,Data - Edward.csv,medium,0.48014467380959025,calibrated_model,medium,False,False,6.1463469999978315,0.45085626777994564,0.48014467380959025,0.059934298343751434,0.009064760066712753
qirv1-0147,1850316812fc133f,what extracurriculars do top colleges actually care about,what extracurriculars do top colleges actually care about,llm_needed,intent_policy,0.98,Recognized intents consistently map to one frozen V1 route,1,advisory,parent,advisory:1,parent:1,Data - Ridhi.csv,medium,0.6712952034298292,calibrated_model,medium,False,False,6.323798000011038,0.0031670149632992196,0.6712952034298292,0.0021457712467834824,0.3233920103600881
qirv1-0148,b48db612f199cb8b,colleges with hidden libraries,colleges with hidden libraries,medium,unanimous_observed,1.0,All valid historical route labels agree,1,filter_search,high_school_student,filter_search:1,high_school_student:1,Data Anthony.csv,medium,0.5916952659725409,calibrated_model,medium,True,False,6.043465000004744,0.3815808322044261,0.5916952659725409,0.02154873521884801,0.005175166604184842
qirv1-0149,d5189f829991f10d,what is the drop add period and how do I use it,what is the drop add period and how do i use it,medium,unanimous_observed,1.0,All valid historical route labels agree,1,factual,college_student,factual:1,college_student:1,Data - Ridhi.csv,llm_needed,0.7785611821346178,calibrated_model,llm_needed,False,False,6.103777999982185,0.025580421930225295,0.19010102525647787,0.005757370678679023,0.7785611821346178
qirv1-0150,e83593ee04328843,colleges near research parks,colleges near research parks,medium,intent_policy,0.98,Recognized intents consistently map to one frozen V1 route,1,filtered_search,parent,filtered_search:1,parent:1,Data - Anika.csv,medium,0.8442466306833039,calibrated_model,medium,True,False,6.0692630000005465,0.014750601588228081,0.8442466306833039,0.13586405105237512,0.005138716676092936
qirv1-0151,9ab4ea03cbac9488,colleges emphasizing culturally responsive teaching curricula,colleges emphasizing culturally responsive teaching curricula,medium,intent_policy,0.98,Recognized intents consistently map to one frozen V1 route,1,filtered_search,urban_teacher,filtered_search:1,urban_teacher:1,Data Anthony.csv,medium,0.81547498295383,calibrated_model,medium,True,False,6.511629000016228,0.04678377103931607,0.81547498295383,0.007474986945732901,0.130266259061121
qirv1-0152,1cd9ae10698c12d9,how to evaluate the impact of guaranteed admission programs on enrollment quality,how to evaluate the impact of guaranteed admission programs on enrollment quality,short_circuit,intent_policy,0.98,Recognized intents consistently map to one frozen V1 route,1,attribute_lookup,college,attribute_lookup:1,college:1,Data - Edward.csv,short_circuit,0.9489189191207613,calibrated_model,short_circuit,True,False,6.414467000013246,0.9489189191207613,0.01395576828669711,0.023077447923935786,0.014047864668605858
qirv1-0153,7c3df0d8834deef8,comparing cs salary outcomes across regions for my son,comparing cs salary outcomes across regions for my son,short_circuit,intent_policy,0.98,Recognized intents consistently map to one frozen V1 route,1,attribute_lookup,parent,attribute_lookup:1,parent:1,Data - Nimisha.csv,llm_needed,0.4082682506654774,low_confidence_fallback,llm_needed,False,False,6.261281000007557,0.24699842125135205,0.052245805849587656,0.29248752223358293,0.4082682506654774
qirv1-0154,a7983cf31f1794b9,does baylor have good support services for students from low income backgrounds,does baylor have good support services for students from low income backgrounds,short_circuit,intent_policy,0.98,Recognized intents consistently map to one frozen V1 route,1,attribute_lookup,parent,attribute_lookup:1,parent:1,Data Anthony.csv,llm_needed,0.3414717299618075,low_confidence_fallback,llm_needed,False,False,6.392306000009285,0.3292460814445542,0.28520299443446656,0.04407919415917183,0.3414717299618075
qirv1-0155,210e546b1c7c4e8c,how to design a campus food pantry to address student hunger,how to design a campus food pantry to address student hunger,short_circuit,intent_policy,0.98,Recognized intents consistently map to one frozen V1 route,1,attribute_lookup,college,attribute_lookup:1,college:1,Data - Edward.csv,short_circuit,0.7128072753662673,calibrated_model,short_circuit,True,False,6.3019279999991795,0.7128072753662673,0.0073079196389844205,0.0055393872712350975,0.27434541772351323
qirv1-0156,24f425d8d4cd3d77,USC vs UC San Diego for nursing,usc vs uc san diego for nursing,complex,intent_policy,0.98,Recognized intents consistently map to one frozen V1 route,1,comparison,advisor,comparison:1,advisor:1,Data - Shivansh.csv,complex,0.8761785431138501,calibrated_model,complex,True,False,6.074463000004471,0.015145544507781702,0.08629561529998687,0.8761785431138501,0.02238029707838135
qirv1-0157,62194659860a3c27,how to network as an introvert in college,how to network as an introvert in college,llm_needed,intent_policy,0.98,Recognized intents consistently map to one frozen V1 route,1,advisory,college_student,advisory:1,college_student:1,Data - Ridhi.csv,llm_needed,0.8118622852846409,calibrated_model,llm_needed,True,False,6.26692200000889,0.15673954039412816,0.029618099100817013,0.0017800752204138492,0.8118622852846409
qirv1-0158,d84703caddbbd664,does Harvard have business,does harvard have business,short_circuit,intent_policy,0.98,Recognized intents consistently map to one frozen V1 route,2,attribute_lookup,college_student,attribute_lookup:2,college_student:1|counselor_teacher:1,Data - Shivansh.csv,short_circuit,0.8428116147538102,calibrated_model,short_circuit,True,False,6.054605999992191,0.8428116147538102,0.1276080877691874,0.016462456600616838,0.013117840876385484
qirv1-0159,4c3308853e6a6b6f,archived admissions data access,archived admissions data access,medium,intent_policy,0.98,Recognized intents consistently map to one frozen V1 route,1,profile_management,college_b2b,profile_management:1,college_b2b:1,Data - Anika.csv,medium,0.5808250023685485,calibrated_model,medium,True,False,6.083871000015506,0.13719015778093857,0.5808250023685485,0.2675609997771882,0.01442384007332455
qirv1-0160,936ad80f7bc3b7cb,what schools should i apply to for mechanical engineering near the beach low tuition,what schools should i apply to for mechanical engineering near the beach low tuition,complex,intent_policy,0.98,Recognized intents consistently map to one frozen V1 route,1,recommendation,counselor_teacher,recommendation:1,counselor_teacher:1,Data - Shivansh.csv,complex,0.908025107120385,calibrated_model,complex,True,False,6.43037699998672,0.003047634353260303,0.03052082043178378,0.908025107120385,0.05840643809457089
qirv1-0161,99f3e3e1ca08964b,schools with honors programs that aren’t stressful,schools with honors programs that aren't stressful,llm_needed,intent_policy,0.98,Recognized intents consistently map to one frozen V1 route,1,emotional_advisory,highschool_student,emotional_advisory:1,highschool_student:1,Data - Ridhi.csv,llm_needed,0.33987254376861253,low_confidence_fallback,llm_needed,True,False,6.321353999993562,0.17402353608633414,0.2588189338136295,0.22728498633142377,0.33987254376861253
qirv1-0162,6101a526c7fceb7a,Duke tuition vs University of Maryland tuition,duke tuition vs university of maryland tuition,complex,intent_policy,0.98,Recognized intents consistently map to one frozen V1 route,1,comparison,counselor_teacher,comparison:1,counselor_teacher:1,Data - Shivansh.csv,complex,0.5684166143939975,calibrated_model,complex,True,False,6.109488999982204,0.39742544800938023,0.02511677641634974,0.5684166143939975,0.009041161180272473
qirv1-0163,1d39b5112612e4d9,University of Maryland average ACT,university of maryland average act,short_circuit,intent_policy,0.98,Recognized intents consistently map to one frozen V1 route,1,attribute_lookup,high_school_student,attribute_lookup:1,high_school_student:1,Data - Shivansh.csv,short_circuit,0.879722660222753,calibrated_model,short_circuit,True,False,6.0817869999993945,0.879722660222753,0.059513971534723605,0.023208675225675917,0.037554693016847364
qirv1-0164,2f6991564513fdea,colleges near state borders,colleges near state borders,medium,intent_policy,0.98,Recognized intents consistently map to one frozen V1 route,1,filtered_search,parent,filtered_search:1,parent:1,Data - Anika.csv,medium,0.8384382780425911,calibrated_model,medium,True,False,6.211237999991681,0.05683105550623644,0.8384382780425911,0.09830523330181425,0.006425433149358245
qirv1-0165,2f0cb1bc44dced89,recommend large colleges in the Midwest for economics not too competitive,recommend large colleges in the midwest for economics not too competitive,complex,intent_policy,0.98,Recognized intents consistently map to one frozen V1 route,1,recommendation,parent,recommendation:1,parent:1,Data - Shivansh.csv,complex,0.9207622261564544,calibrated_model,complex,True,False,6.625651000007338,0.0058161100235543375,0.029330195512034515,0.9207622261564544,0.044091468307956676
qirv1-0166,6d8e5b52501e07fd,universities with student-run environmental law organizations,universities with student-run environmental law organizations,short_circuit,intent_policy,0.98,Recognized intents consistently map to one frozen V1 route,1,attribute_lookup,highschool_student,attribute_lookup:1,highschool_student:1,Data - Edward.csv,short_circuit,0.7535466031600423,calibrated_model,short_circuit,True,False,6.3396179999983815,0.7535466031600423,0.07955732316355257,0.16206463834832305,0.0048314353280821945
qirv1-0167,fbe4638101802eb8,recommend medium-sized colleges near a major tech hub for economics reach schools,recommend medium-sized colleges near a major tech hub for economics reach schools,complex,intent_policy,0.98,Recognized intents consistently map to one frozen V1 route,1,recommendation,advisor,recommendation:1,advisor:1,Data - Shivansh.csv,complex,0.9244279677372514,calibrated_model,complex,True,False,6.410319999986314,0.004965670187968046,0.05898621634125222,0.9244279677372514,0.011620145733528311
qirv1-0168,a6aefda9352925c7,affordable nursing schools in Texas with good job placement,affordable nursing schools in texas with good job placement,complex,intent_policy,0.98,Recognized intents consistently map to one frozen V1 route,1,multi_constraint,high_school_student,multi_constraint:1,high_school_student:1,Data - Shivansh.csv,complex,0.9275408144632237,calibrated_model,complex,True,False,6.2819999999987886,0.0018775397298719748,0.0426094432812296,0.9275408144632237,0.027972202525674728
qirv1-0169,bb423e39d4b0b1d5,help me compare colleges for entrepreneurship resources based on robust internships and online course options,help me compare colleges for entrepreneurship resources based on robust internships and online course options,complex,intent_policy,0.98,Recognized intents consistently map to one frozen V1 route,5,multi_constraint,college_student,multi_constraint:5,college_student:5,Data - Edward.csv,complex,0.8786266271073027,calibrated_model,complex,True,False,6.53927000001886,0.047044636729156354,0.05033898181709016,0.8786266271073027,0.02398975434645073
qirv1-0170,d36cd70a16d28378,Community college STEM faculty office hours?,community college stem faculty office hours,short_circuit,intent_policy,0.98,Recognized intents consistently map to one frozen V1 route,1,attribute_lookup,community_college_student,attribute_lookup:1,community_college_student:1,Data - Nimisha.csv,short_circuit,0.8264799895523388,calibrated_model,short_circuit,True,False,6.301516999997148,0.8264799895523388,0.03687994151446989,0.02235637683252188,0.11428369210066934
qirv1-0171,1727d078605058bd,how do we position our school against peer institutions on your platform,how do we position our school against peer institutions on your platform,llm_needed,intent_policy,0.98,Recognized intents consistently map to one frozen V1 route,1,advisory,college_b2b,advisory:1,college_b2b:1,Data - Ridhi.csv,llm_needed,0.6312154467401734,calibrated_model,llm_needed,True,False,6.401613999997835,0.010505571403108628,0.30825071310362406,0.05002826875309389,0.6312154467401734
qirv1-0172,79b5a4c2d318de0e,Princeton job placement for biology,princeton job placement for biology,medium,intent_policy,0.98,Recognized intents consistently map to one frozen V1 route,1,career_outcomes,counselor_teacher,career_outcomes:1,counselor_teacher:1,Data - Shivansh.csv,medium,0.8464897693697025,calibrated_model,medium,True,False,6.033587999979773,0.11171556620067914,0.8464897693697025,0.021231407383807226,0.020563257045811034
qirv1-0173,83d7d1808d1a8a2f,Community college STEM lab safety training?,community college stem lab safety training,short_circuit,intent_policy,0.98,Recognized intents consistently map to one frozen V1 route,1,attribute_lookup,community_college_student,attribute_lookup:1,community_college_student:1,Data - Nimisha.csv,short_circuit,0.9038910453066453,calibrated_model,short_circuit,True,False,6.0812560000158555,0.9038910453066453,0.030775490912243377,0.0384799766016774,0.026853487179433946
qirv1-0174,44162869e01615f1,colleges that accept community college associate degrees,colleges that accept community college associate degrees,short_circuit,intent_policy,0.98,Recognized intents consistently map to one frozen V1 route,1,attribute_lookup,college_student,attribute_lookup:1,college_student:1,Data - Edward.csv,short_circuit,0.7933804788765147,calibrated_model,short_circuit,True,False,6.202792999999929,0.7933804788765147,0.13389508501645905,0.006049484225542804,0.06667495188148338
qirv1-0175,a293fa8c17d0bfcb,which schools offer campus culture and inclusion and allow early application deadlines,which schools offer campus culture and inclusion and allow early application deadlines,short_circuit,intent_policy,0.98,Recognized intents consistently map to one frozen V1 route,5,attribute_lookup,parent,attribute_lookup:5,parent:5,Data - Edward.csv,short_circuit,0.846372312193115,calibrated_model,short_circuit,True,False,6.42723100000353,0.846372312193115,0.09967306061963492,0.010446362776938355,0.04350826441031173
qirv1-0176,2acc96a119c2bc84,Grad program funding packages?,grad program funding packages,short_circuit,intent_policy,0.98,Recognized intents consistently map to one frozen V1 route,1,attribute_lookup,graduate_applicant,attribute_lookup:1,graduate_applicant:1,Data - Nimisha.csv,short_circuit,0.86297246698786,calibrated_model,short_circuit,True,False,6.171884999986332,0.86297246698786,0.03166846115435101,0.01640236419582918,0.08895670766195975
qirv1-0177,4c47a9ce1eee9e92,colleges where graduates frequently enter community service roles,colleges where graduates frequently enter community service roles,medium,intent_policy,0.98,Recognized intents consistently map to one frozen V1 route,1,filtered_search,nonprofit_advisor,filtered_search:1,nonprofit_advisor:1,Data Anthony.csv,medium,0.7952254898232348,calibrated_model,medium,True,False,6.307196999983944,0.14477386761305952,0.7952254898232348,0.023685838746729793,0.03631480381697589
qirv1-0178,5c4fa5af668371a9,how to build a comprehensive new staff and administrator onboarding program,how to build a comprehensive new staff and administrator onboarding program,short_circuit,intent_policy,0.98,Recognized intents consistently map to one frozen V1 route,1,attribute_lookup,college,attribute_lookup:1,college:1,Data - Edward.csv,short_circuit,0.9230628582330102,calibrated_model,short_circuit,True,False,6.45556300000294,0.9230628582330102,0.028809759497196913,0.025568636810717995,0.022558745459074932
qirv1-0179,602c7d4aabf66704,how to train faculty in active learning and inclusive pedagogy,how to train faculty in active learning and inclusive pedagogy,short_circuit,intent_policy,0.98,Recognized intents consistently map to one frozen V1 route,1,attribute_lookup,college,attribute_lookup:1,college:1,Data - Edward.csv,short_circuit,0.8385167938071838,calibrated_model,short_circuit,True,False,6.296206999991227,0.8385167938071838,0.06652432675044574,0.02605099025487,0.0689078891875005
qirv1-0180,044666f47bd5c495,elite non coastal universities,elite non coastal universities,complex,intent_policy,0.98,Recognized intents consistently map to one frozen V1 route,1,recommendation,advisor,recommendation:1,advisor:1,Data - Anika.csv,complex,0.5401604294613874,calibrated_model,complex,True,False,6.028737999997702,0.036691338490641275,0.37564833727112873,0.5401604294613874,0.04749989477684267
qirv1-0181,146c63efebf87e35,schools with strong writing culture,schools with strong writing culture,llm_needed,intent_policy,0.98,Recognized intents consistently map to one frozen V1 route,1,campus_life_fit,college_student,campus_life_fit:1,college_student:1,Data - Anika.csv,llm_needed,0.8315872785598041,calibrated_model,llm_needed,True,False,6.218351999990546,0.030538844664936376,0.12969610099137918,0.00817777578388033,0.8315872785598041
qirv1-0182,7bb9ddcbf141ad76,Rice University research opportunities,rice university research opportunities,short_circuit,intent_policy,0.98,Recognized intents consistently map to one frozen V1 route,1,attribute_lookup,parent,attribute_lookup:1,parent:1,Data - Shivansh.csv,short_circuit,0.909243697969148,calibrated_model,short_circuit,True,False,6.046832000009772,0.909243697969148,0.02396846326244247,0.019942230762645917,0.04684560800576367
qirv1-0183,b4e8f550f6179aee,how do I advise a student who did their CC online and wants a rural residential experience,how do i advise a student who did their cc online and wants a rural residential experience,llm_needed,intent_policy,0.98,Recognized intents consistently map to one frozen V1 route,1,advisory,community_college_advisor,advisory:1,community_college_advisor:1,Data Anthony.csv,llm_needed,0.9827633115352349,calibrated_model,llm_needed,True,False,6.74080600001048,0.0031511451546035927,0.010457836979835431,0.0036277063303261463,0.9827633115352349
qirv1-0184,6d6a94daa7c4f113,create reach target safety list for psychology in California full ride options,create reach target safety list for psychology in california full ride options,medium,intent_policy,0.98,Recognized intents consistently map to one frozen V1 route,1,career_outcomes,advisor,career_outcomes:1,advisor:1,Data - Shivansh.csv,llm_needed,0.27730650063444845,low_confidence_fallback,complex,False,False,6.428322999994407,0.07173614476716657,0.23360297932337748,0.4173543752750075,0.27730650063444845
qirv1-0185,18969e73afe7f7ff,best colleges for honors seminar quality with robust internships in California,best colleges for honors seminar quality with robust internships in california,medium,intent_policy,0.98,Recognized intents consistently map to one frozen V1 route,5,filtered_search,teacher,filtered_search:5,teacher:5,Data - Edward.csv,medium,0.8517756566222981,calibrated_model,medium,True,False,6.458169000012504,0.08410753925839416,0.8517756566222981,0.04183835109947633,0.022278453019831376
qirv1-0186,4ab85d68c034240f,which universities cap class sizes early,which universities cap class sizes early,medium,intent_policy,0.98,Recognized intents consistently map to one frozen V1 route,1,filtered_search,counselor,filtered_search:1,counselor:1,Data Anthony.csv,medium,0.8024150706270055,calibrated_model,medium,True,False,6.172857000024123,0.09634653318510596,0.8024150706270055,0.09485425793156728,0.006384138256321284
qirv1-0187,afc5ea957a778685,good colleges for students who want flexibility in pacing,good colleges for students who want flexibility in pacing,complex,intent_policy,0.98,Recognized intents consistently map to one frozen V1 route,1,recommendation,parent,recommendation:1,parent:1,Data - Anika.csv,complex,0.8755636317984491,calibrated_model,complex,True,False,6.205236999988983,0.015092009541722259,0.06141691308044319,0.8755636317984491,0.04792744557938559
qirv1-0188,2c7d64e6392ad1b4,edtech founder project CS,edtech founder project cs,complex,intent_policy,0.98,Recognized intents consistently map to one frozen V1 route,1,strategy,edtech_founder,strategy:1,edtech_founder:1,Data - Nimisha.csv,complex,0.9196726555576676,calibrated_model,complex,True,False,5.963257000018984,0.032783478722586135,0.026222489140892036,0.9196726555576676,0.021321376578854075
qirv1-0189,0d2f1e847ad1efed,rankings for Georgia Tech,rankings for georgia tech,short_circuit,intent_policy,0.98,Recognized intents consistently map to one frozen V1 route,1,attribute_lookup,parent,attribute_lookup:1,parent:1,Data - Shivansh.csv,short_circuit,0.7959140176353037,calibrated_model,short_circuit,True,False,6.124255999992556,0.7959140176353037,0.07311140751224156,0.12036727200399977,0.010607302848454991
qirv1-0190,c9d1bed90cdb9507,how to build a more racially and ethnically diverse incoming class,how to build a more racially and ethnically diverse incoming class,medium,intent_policy,0.98,Recognized intents consistently map to one frozen V1 route,1,filtered_search,college,filtered_search:1,college:1,Data - Edward.csv,short_circuit,0.7991408358964739,calibrated_model,short_circuit,False,True,6.397434999996676,0.7991408358964739,0.08909855496716301,0.027431987412366188,0.08432862172399701
qirv1-0191,ea9d40f91fe95aa8,good schools if you want to start a startup eventually,good schools if you want to start a startup eventually,medium,intent_policy,0.98,Recognized intents consistently map to one frozen V1 route,1,filtered_search,high_school_student,filtered_search:1,high_school_student:1,Data Anthony.csv,medium,0.5885213536427135,calibrated_model,medium,True,False,6.399590000000899,0.05554587630410335,0.5885213536427135,0.16997939952266108,0.18595337053052194
qirv1-0192,213e47fd9965099c,MIT financial aid for out of state,mit financial aid for out of state,medium,intent_policy,0.98,Recognized intents consistently map to one frozen V1 route,2,cost_financial_aid,high_school_student,cost_financial_aid:2,advisor:1|high_school_student:1,Data - Shivansh.csv,llm_needed,0.05014908254219127,low_confidence_fallback,short_circuit,False,False,6.140044999995098,0.46510212343182405,0.4401871420086825,0.044561652017302195,0.05014908254219127
qirv1-0193,b1a10cc17732f8a0,how to develop a student success technology ecosystem,how to develop a student success technology ecosystem,short_circuit,intent_policy,0.98,Recognized intents consistently map to one frozen V1 route,1,attribute_lookup,college,attribute_lookup:1,college:1,Data - Edward.csv,short_circuit,0.9033542859083198,calibrated_model,short_circuit,True,False,6.486762000008639,0.9033542859083198,0.019822890253231557,0.008633740979409993,0.06818908285903873
qirv1-0194,9bfa927933c04b9d,small electrical engineering colleges near Chicago under 30k,small electrical engineering colleges near chicago under 30k,complex,intent_policy,0.98,Recognized intents consistently map to one frozen V1 route,1,multi_constraint,advisor,multi_constraint:1,advisor:1,Data - Shivansh.csv,complex,0.934209749611108,calibrated_model,complex,True,False,6.364805000004026,0.0480663480984563,0.011457663213432613,0.934209749611108,0.006266239077003021
qirv1-0195,84b29eee2f36cf1b,comp sci gpa reset after transfer?,comp sci gpa reset after transfer,llm_needed,intent_policy,0.98,Recognized intents consistently map to one frozen V1 route,1,advisory,transfer_student,advisory:1,transfer_student:1,Data - Nimisha.csv,llm_needed,0.6747900987574059,calibrated_model,llm_needed,True,False,6.46873899998468,0.2124362963987585,0.03931375003151979,0.07345985481231582,0.6747900987574059
qirv1-0196,74d13d2e6f88dc2c,how to conduct an effective sophomore year check-in about college planning,how to conduct an effective sophomore year check-in about college planning,llm_needed,intent_policy,0.98,Recognized intents consistently map to one frozen V1 route,1,advisory,counselor,advisory:1,counselor:1,Data - Ridhi.csv,llm_needed,0.5575358322993536,calibrated_model,llm_needed,True,False,6.625850999995464,0.3824862609281823,0.05658089869540828,0.0033970080770558465,0.5575358322993536
qirv1-0197,5604c58da9d5e1c3,how to document and share college counseling resources with students digitally,how to document and share college counseling resources with students digitally,llm_needed,intent_policy,0.98,Recognized intents consistently map to one frozen V1 route,1,advisory,counselor,advisory:1,counselor:1,Data - Ridhi.csv,llm_needed,0.6241835086395779,calibrated_model,llm_needed,True,False,6.563645999989376,0.3490817851391485,0.012573808180223882,0.014160898041049636,0.6241835086395779
qirv1-0198,7c1632e30a454c99,How can project-based CS labs enhance learning outcomes?,how can project-based cs labs enhance learning outcomes,complex,intent_policy,0.98,Recognized intents consistently map to one frozen V1 route,1,strategy,edtech_founder,strategy:1,edtech_founder:1,Data - Nimisha.csv,complex,0.47721865333334,calibrated_model,complex,True,False,6.487012999997432,0.1614285993801532,0.05347346830988106,0.47721865333334,0.30787927897662565
qirv1-0199,24522fae6d6a9f7f,NYU average SAT,nyu average sat,short_circuit,intent_policy,0.98,Recognized intents consistently map to one frozen V1 route,1,attribute_lookup,parent,attribute_lookup:1,parent:1,Data - Shivansh.csv,short_circuit,0.838833654825319,calibrated_model,short_circuit,True,False,6.031283000027088,0.838833654825319,0.12071180043154861,0.017115250080695973,0.023339294662436404
qirv1-0200,2bd01ddef65d7857,civil eng infrastructure bill demand spike,civil eng infrastructure bill demand spike,short_circuit,intent_policy,0.98,Recognized intents consistently map to one frozen V1 route,1,attribute_lookup,government_workforce_analyst,attribute_lookup:1,government_workforce_analyst:1,Data - Nimisha.csv,llm_needed,0.25176309194116636,low_confidence_fallback,short_circuit,False,False,6.213431999981367,0.4406424446960761,0.07721047672284792,0.23038398663990953,0.25176309194116636
qirv1-0201,c062a4547dc26b08,how to advise students who want to transfer from a 4-year to a community college,how to advise students who want to transfer from a 4-year to a community college,llm_needed,intent_policy,0.98,Recognized intents consistently map to one frozen V1 route,1,emotional_advisory,advisor,emotional_advisory:1,advisor:1,Data - Edward.csv,llm_needed,0.72379926811077,calibrated_model,llm_needed,True,False,6.48687300000006,0.23252165338256436,0.03764293667213053,0.006036141834535143,0.72379926811077
qirv1-0202,46caf52faa2af1ac,cheapest architecture schools near a tech hub,cheapest architecture schools near a tech hub,medium,intent_policy,0.98,Recognized intents consistently map to one frozen V1 route,1,cost_financial_aid,counselor_teacher,cost_financial_aid:1,counselor_teacher:1,Data - Shivansh.csv,medium,0.9568721706156529,calibrated_model,medium,True,False,6.79015699998331,0.012429622323858096,0.9568721706156529,0.017351897390524607,0.01334630966996442
qirv1-0203,3b3ab72b0d740cac,engineering programs with strong alumni mentorship networks,engineering programs with strong alumni mentorship networks,short_circuit,intent_policy,0.98,Recognized intents consistently map to one frozen V1 route,1,attribute_lookup,high_school_student,attribute_lookup:1,high_school_student:1,Data - Nimisha.csv,llm_needed,0.09220951216017874,low_confidence_fallback,short_circuit,False,False,6.499947000008888,0.5844269376122753,0.16372112356618754,0.1596424266613584,0.09220951216017874
qirv1-0204,b1ace66383c3464e,how to get leadership positions in student clubs,how to get leadership positions in student clubs,llm_needed,intent_policy,0.98,Recognized intents consistently map to one frozen V1 route,1,advisory,college_student,advisory:1,college_student:1,Data - Ridhi.csv,llm_needed,0.5656945767618811,calibrated_model,llm_needed,True,False,6.490820000010444,0.3099390232138164,0.1219064032127057,0.002459996811596901,0.5656945767618811
qirv1-0205,7c8662bafe8ce252,how to evaluate and improve campus climate survey results,how to evaluate and improve campus climate survey results,short_circuit,intent_policy,0.98,Recognized intents consistently map to one frozen V1 route,1,attribute_lookup,college,attribute_lookup:1,college:1,Data - Edward.csv,short_circuit,0.9087517054262242,calibrated_model,short_circuit,True,False,6.4262890000179596,0.9087517054262242,0.03186385876687428,0.02237091992705129,0.037013515879850224
qirv1-0206,9db7c2e250152753,University of Florida job placement for engineering,university of florida job placement for engineering,medium,intent_policy,0.98,Recognized intents consistently map to one frozen V1 route,1,career_outcomes,college_student,career_outcomes:1,college_student:1,Data - Shivansh.csv,medium,0.6516247667198046,calibrated_model,medium,True,False,6.172015999993619,0.27192421425907126,0.6516247667198046,0.04512603617364394,0.031324982847480094
qirv1-0207,38a4790159e77dcc,edtech build cs portfolio tool,edtech build cs portfolio tool,complex,intent_policy,0.98,Recognized intents consistently map to one frozen V1 route,1,strategy,edtech_founder,strategy:1,edtech_founder:1,Data - Nimisha.csv,complex,0.7669539440363672,calibrated_model,complex,True,False,6.025562000019136,0.06628444808833268,0.040748943196863764,0.7669539440363672,0.12601266467843653
qirv1-0208,79deefc291b045b2,student wants tech career but dislikes coding,student wants tech career but dislikes coding,llm_needed,intent_policy,0.98,Recognized intents consistently map to one frozen V1 route,1,advisory,counselor,advisory:1,counselor:1,Data - Nimisha.csv,complex,0.6836424073694127,calibrated_model,complex,False,False,6.4194770000085555,0.15506670894592534,0.0443620772184751,0.6836424073694127,0.1169288064661867
qirv1-0209,4015989df9463919,how to help a student who is academically capable but unmotivated,how to help a student who is academically capable but unmotivated,llm_needed,intent_policy,0.98,Recognized intents consistently map to one frozen V1 route,1,emotional_advisory,advisor,emotional_advisory:1,advisor:1,Data - Edward.csv,llm_needed,0.8607583045320583,calibrated_model,llm_needed,True,False,6.338645999989012,0.0027650080165352443,0.001857450306268215,0.13461923714513832,0.8607583045320583
qirv1-0210,ee3016a3265463d2,Purdue vs MIT,purdue vs mit,complex,intent_policy,0.98,Recognized intents consistently map to one frozen V1 route,1,comparison,high_school_student,comparison:1,high_school_student:1,Data - Shivansh.csv,complex,0.934861129504172,calibrated_model,complex,True,False,5.932419000004074,0.03292348682702729,0.02728366896466458,0.934861129504172,0.004931714704136128
qirv1-0211,c04f6777b8c726e5,intl student stem OPT stress,intl student stem opt stress,llm_needed,intent_policy,0.98,Recognized intents consistently map to one frozen V1 route,1,emotional_advisory,international_student,emotional_advisory:1,international_student:1,Data - Nimisha.csv,llm_needed,0.879828716801652,calibrated_model,llm_needed,True,False,5.9963280000090435,0.058923543238416996,0.028263191872424497,0.03298454808750665,0.879828716801652
qirv1-0212,f9c00c703199b4e2,universities with research in sociogenomics,universities with research in sociogenomics,short_circuit,intent_policy,0.98,Recognized intents consistently map to one frozen V1 route,1,attribute_lookup,highschool_student,attribute_lookup:1,highschool_student:1,Data - Edward.csv,short_circuit,0.9352011141516741,calibrated_model,short_circuit,True,False,6.171645000023318,0.9352011141516741,0.047242066631737016,0.013194069486315596,0.0043627497302733504
qirv1-0213,bb63b04da47d8670,cc student lab access low,cc student lab access low,llm_needed,intent_policy,0.98,Recognized intents consistently map to one frozen V1 route,2,advisory,community_college_student,advisory:2,community_college_student:2,Data - Nimisha.csv,llm_needed,0.8194901682603651,calibrated_model,llm_needed,True,False,6.030951999974832,0.024921973013819376,0.08619200301160879,0.06939585571420671,0.8194901682603651
qirv1-0214,29cd26cae92f6f18,schools with campus ambassador programs,schools with campus ambassador programs,short_circuit,intent_policy,0.98,Recognized intents consistently map to one frozen V1 route,1,attribute_lookup,highschool_student,attribute_lookup:1,highschool_student:1,Data - Edward.csv,short_circuit,0.9555781768332575,calibrated_model,short_circuit,True,False,6.331852999977627,0.9555781768332575,0.022454360613065893,0.00684724482499371,0.01512021772868292
qirv1-0215,e4ea2aa553fd4080,schools w strong programs for students intersted in rural journalism or local news,schools w strong programs for students intersted in rural journalism or local news,medium,intent_policy,0.98,Recognized intents consistently map to one frozen V1 route,1,filtered_search,district_advisor,filtered_search:1,district_advisor:1,Data Anthony.csv,medium,0.9614221695130528,calibrated_model,medium,True,False,6.60216700001115,0.005686551724348503,0.9614221695130528,0.02479138486882908,0.00809989389376958
qirv1-0216,31631378981385ac,How can community college students find research opportunities at universities?,how can community college students find research opportunities at universities,llm_needed,intent_policy,0.98,Recognized intents consistently map to one frozen V1 route,1,advisory,community_college_student,advisory:1,community_college_student:1,Data - Nimisha.csv,llm_needed,0.8614813182525077,calibrated_model,llm_needed,True,False,6.637293000011368,0.1182151519730016,0.01389503505353411,0.0064084947209566215,0.8614813182525077
qirv1-0217,0a9a1c24f257513d,how does your platform support community college and transfer student pathways,how does your platform support community college and transfer student pathways,medium,unanimous_observed,1.0,All valid historical route labels agree,1,factual,college_b2b,factual:1,college_b2b:1,Data - Ridhi.csv,medium,0.462451813761259,calibrated_model,medium,True,False,6.586807999980238,0.44313277667221534,0.462451813761259,0.010845800503527141,0.08356960906299853
qirv1-0218,70610cccbe94fa73,how to run effective group advising or workshop sessions,how to run effective group advising or workshop sessions,short_circuit,intent_policy,0.98,Recognized intents consistently map to one frozen V1 route,1,attribute_lookup,advisor,attribute_lookup:1,advisor:1,Data - Edward.csv,llm_needed,0.71862456540163,calibrated_model,llm_needed,False,False,6.337623999996822,0.2321627876868305,0.045880548069343684,0.0033320988421960324,0.71862456540163
qirv1-0219,d709daa610964a05,how to build a resource library for advisors that includes major and career information,how to build a resource library for advisors that includes major and career information,llm_needed,intent_policy,0.98,Recognized intents consistently map to one frozen V1 route,1,advisory,advisor,advisory:1,advisor:1,Data - Ridhi.csv,short_circuit,0.8026163108562446,calibrated_model,short_circuit,False,True,6.472837000018217,0.8026163108562446,0.1042464112988799,0.006327305511004442,0.08680997233387115
qirv1-0220,ff6bfe0c3028f679,University of Washington vs UCLA for business,university of washington vs ucla for business,complex,intent_policy,0.98,Recognized intents consistently map to one frozen V1 route,1,comparison,counselor_teacher,comparison:1,counselor_teacher:1,Data - Shivansh.csv,complex,0.8879702220308522,calibrated_model,complex,True,False,6.08878099998833,0.06459280072620796,0.04490140693207189,0.8879702220308522,0.002535570310867763
qirv1-0221,f69b611a17c95374,small philosophy colleges in California low tuition,small philosophy colleges in california low tuition,complex,intent_policy,0.98,Recognized intents consistently map to one frozen V1 route,1,multi_constraint,counselor_teacher,multi_constraint:1,counselor_teacher:1,Data - Shivansh.csv,complex,0.8765643402049311,calibrated_model,complex,True,False,6.407064000001128,0.004672968051244168,0.06799453113200411,0.8765643402049311,0.05076816061182062
qirv1-0222,3888a0dd7fd6494d,colleges near a major tech hub low tuition with strong research and internships,colleges near a major tech hub low tuition with strong research and internships,complex,intent_policy,0.98,Recognized intents consistently map to one frozen V1 route,1,multi_constraint,counselor_teacher,multi_constraint:1,counselor_teacher:1,Data - Shivansh.csv,complex,0.9127662854382496,calibrated_model,complex,True,False,6.395932000003768,0.005063508864336013,0.07302153093277315,0.9127662854382496,0.009148674764641178
qirv1-0223,f5f24029a3c91b46,what is Phi Beta Kappa and is it worth pursuing,what is phi beta kappa and is it worth pursuing,medium,unanimous_observed,1.0,All valid historical route labels agree,1,factual,college_student,factual:1,college_student:1,Data - Ridhi.csv,llm_needed,0.7981792473214773,calibrated_model,llm_needed,False,False,6.112323999985847,0.013620705592965457,0.18237601190483396,0.005824035180723359,0.7981792473214773
qirv1-0224,ddf1e1c1fe837412,best practices for running a career advising drop-in,best practices for running a career advising drop-in,llm_needed,intent_policy,0.98,Recognized intents consistently map to one frozen V1 route,1,advisory,advisor,advisory:1,advisor:1,Data - Ridhi.csv,llm_needed,0.6315781097168875,calibrated_model,llm_needed,True,False,6.302347999991298,0.1635376365047447,0.1923714102915596,0.012512843486808119,0.6315781097168875
qirv1-0225,5903ad31f0f02874,how does your platform handle colleges going through accreditation review,how does your platform handle colleges going through accreditation review,medium,unanimous_observed,1.0,All valid historical route labels agree,1,factual,college_b2b,factual:1,college_b2b:1,Data - Ridhi.csv,medium,0.7500566168596073,calibrated_model,medium,True,False,6.40216499999724,0.10735282504532188,0.7500566168596073,0.07798118667800306,0.06460937141706775
qirv1-0226,3ba847a375c5c8c1,how to help students communicate with financial aid about appeal or special circumstances,how to help students communicate with financial aid about appeal or special circumstances,llm_needed,intent_policy,0.98,Recognized intents consistently map to one frozen V1 route,1,advisory,advisor,advisory:1,advisor:1,Data - Ridhi.csv,llm_needed,0.7375783972472622,calibrated_model,llm_needed,True,False,6.505236000009518,0.2042372606419621,0.05396910459679873,0.004215237513977125,0.7375783972472622
qirv1-0227,e897f8d72719c0fd,how to help a student who is a strong writer but low test scores decide where to apply,how to help a student who is a strong writer but low test scores decide where to apply,llm_needed,intent_policy,0.98,Recognized intents consistently map to one frozen V1 route,1,advisory,counselor,advisory:1,counselor:1,Data - Ridhi.csv,llm_needed,0.844978942879011,calibrated_model,llm_needed,True,False,6.805675999999039,0.0031042105774909865,0.015462423833866661,0.1364544227096314,0.844978942879011
qirv1-0228,1fd72d9859baf9d6,which schools offer study abroad options and allow no SAT requirement,which schools offer study abroad options and allow no sat requirement,short_circuit,intent_policy,0.98,Recognized intents consistently map to one frozen V1 route,5,attribute_lookup,college_student,attribute_lookup:5,college_student:5,Data - Edward.csv,short_circuit,0.8720344020217022,calibrated_model,short_circuit,True,False,6.429014999980609,0.8720344020217022,0.09055952523796162,0.017989375547788632,0.019416697192547575
qirv1-0229,ec876077af575c09,school profile publishing workflow,school profile publishing workflow,medium,intent_policy,0.98,Recognized intents consistently map to one frozen V1 route,1,profile_management,college_b2b,profile_management:1,college_b2b:1,Data - Anika.csv,medium,0.7602348194543237,calibrated_model,medium,True,False,6.201038999989805,0.1822020649657844,0.7602348194543237,0.02344852428969385,0.034114591290198025
qirv1-0230,12c1c6312e4c06d1,longitudinal admissions data export,longitudinal admissions data export,medium,intent_policy,0.98,Recognized intents consistently map to one frozen V1 route,1,profile_management,college_b2b,profile_management:1,college_b2b:1,Data - Anika.csv,medium,0.7350499693247684,calibrated_model,medium,True,False,6.067310000020143,0.11891871365461536,0.7350499693247684,0.12363609103574587,0.022395225984870315
qirv1-0231,9748d9bc39295ebf,cs major building portfolio without internships,cs major building portfolio without internships,llm_needed,intent_policy,0.98,Recognized intents consistently map to one frozen V1 route,1,advisory,college_student,advisory:1,college_student:1,Data - Nimisha.csv,llm_needed,0.6846842033557919,calibrated_model,llm_needed,True,False,6.148893000016642,0.03813341778890602,0.08559019521024114,0.1915921836450609,0.6846842033557919
qirv1-0232,759ba5dcdb276107,UC Berkeley vs USC for finance,uc berkeley vs usc for finance,complex,intent_policy,0.98,Recognized intents consistently map to one frozen V1 route,1,comparison,college_student,comparison:1,college_student:1,Data - Shivansh.csv,complex,0.8749105701372505,calibrated_model,complex,True,False,5.997930999996015,0.024668622456310237,0.09422366203420414,0.8749105701372505,0.006197145372235171
qirv1-0233,ec664bca8992ec55,mid sized universities with strong human factors engineering,mid sized universities with strong human factors engineering,complex,intent_policy,0.98,Recognized intents consistently map to one frozen V1 route,1,multi_constraint,college_student,multi_constraint:1,college_student:1,Data - Anika.csv,complex,0.8562376277128735,calibrated_model,complex,True,False,6.4439729999890005,0.04678631803298027,0.05031178707879378,0.8562376277128735,0.04666426717535233
qirv1-0234,18dac85e786f5a10,what tools are available to advisors for tracking student academic progress,what tools are available to advisors for tracking student academic progress,medium,unanimous_observed,1.0,All valid historical route labels agree,1,tool_request,advisor,tool_request:1,advisor:1,Data - Ridhi.csv,llm_needed,0.14344973365539995,low_confidence_fallback,short_circuit,False,False,6.441086999984691,0.4538811982231638,0.3520826067053553,0.05058646141608092,0.14344973365539995
qirv1-0235,e9a21b332b1b9868,visibility in recommendation engine,visibility in recommendation engine,medium,unanimous_observed,1.0,All valid historical route labels agree,1,guidance,college_b2b,guidance:1,college_b2b:1,Data - Anika.csv,medium,0.6799027222401518,calibrated_model,medium,True,False,6.083870999987084,0.04228459312850686,0.6799027222401518,0.17225535884249918,0.10555732578884235
qirv1-0236,c05cdd6b39de4a5c,schools with strong programs for students who grew up abroad or are third culture kids,schools with strong programs for students who grew up abroad or are third culture kids,medium,intent_policy,0.98,Recognized intents consistently map to one frozen V1 route,1,filtered_search,independent_counselor,filtered_search:1,independent_counselor:1,Data Anthony.csv,medium,0.5085825625743644,calibrated_model,medium,True,False,6.5103860000022,0.004992874239800955,0.5085825625743644,0.008243089191433213,0.4781814739944014
qirv1-0237,6e0e59a35b18a823,can I take grad-level classes as an undergrad,can i take grad-level classes as an undergrad,short_circuit,intent_policy,0.98,Recognized intents consistently map to one frozen V1 route,1,attribute_lookup,college_student,attribute_lookup:1,college_student:1,Data - Edward.csv,llm_needed,0.2486752879273374,low_confidence_fallback,short_circuit,False,False,6.204054999983555,0.4638191063109556,0.2399191518421011,0.04758645391960587,0.2486752879273374
qirv1-0238,3348614fa20bf621,affordable architecture schools in Texas with good internships,affordable architecture schools in texas with good internships,complex,intent_policy,0.98,Recognized intents consistently map to one frozen V1 route,1,multi_constraint,parent,multi_constraint:1,parent:1,Data - Shivansh.csv,complex,0.900081023246876,calibrated_model,complex,True,False,6.345469000024195,0.002884812819438688,0.0711725064998594,0.900081023246876,0.02586165743382594
qirv1-0239,32baaa712b1edc1c,does wake forest track student progress well,does wake forest track student progress well,short_circuit,intent_policy,0.98,Recognized intents consistently map to one frozen V1 route,1,attribute_lookup,parent,attribute_lookup:1,parent:1,Data Anthony.csv,short_circuit,0.649082287541486,calibrated_model,short_circuit,True,False,6.0736320000103206,0.649082287541486,0.2884889835852155,0.02542708521004453,0.03700164366325395
qirv1-0240,1901a216bd8894f7,universities that train graduates for local government leadership roles,universities that train graduates for local government leadership roles,medium,intent_policy,0.98,Recognized intents consistently map to one frozen V1 route,1,filtered_search,district_advisor,filtered_search:1,district_advisor:1,Data Anthony.csv,medium,0.788681780448259,calibrated_model,medium,True,False,6.620190999996112,0.17979985351263242,0.788681780448259,0.02240499578619949,0.009113370252909033
qirv1-0241,b8b4644271cbe25e,recommend small colleges near Chicago for psychology,recommend small colleges near chicago for psychology,complex,intent_policy,0.98,Recognized intents consistently map to one frozen V1 route,1,recommendation,parent,recommendation:1,parent:1,Data - Shivansh.csv,complex,0.9558146409667273,calibrated_model,complex,True,False,6.276409999998123,0.02116800635454685,0.012923370759094123,0.9558146409667273,0.010093981919631732
qirv1-0242,2ebca07aae96a5e2,engineering schools with 4 year graduation guarantee,engineering schools with 4 year graduation guarantee,short_circuit,intent_policy,0.98,Recognized intents consistently map to one frozen V1 route,1,attribute_lookup,parent,attribute_lookup:1,parent:1,Data - Nimisha.csv,llm_needed,0.16602176758647233,low_confidence_fallback,short_circuit,False,False,6.314892000006012,0.48691828062057746,0.2075221840778093,0.1395377677151409,0.16602176758647233
qirv1-0243,85ca377cdb0c638a,Columbia chill campus,columbia chill campus,llm_needed,intent_policy,0.98,Recognized intents consistently map to one frozen V1 route,1,campus_life_fit,college_student,campus_life_fit:1,college_student:1,Data - Shivansh.csv,llm_needed,0.38465213551762706,low_confidence_fallback,short_circuit,True,False,6.014071000009835,0.5753531253259547,0.01939085248039506,0.020603886676023035,0.38465213551762706
qirv1-0244,e2f2e6eb75685a02,colleges where students often study multiple fields by graduation,colleges where students often study multiple fields by graduation,medium,intent_policy,0.98,Recognized intents consistently map to one frozen V1 route,1,filtered_search,independent_counselor,filtered_search:1,independent_counselor:1,Data Anthony.csv,medium,0.733289211321915,calibrated_model,medium,True,False,6.314580999998043,0.14391693928732796,0.733289211321915,0.08874724054317777,0.03404660884757929
qirv1-0245,71e0c2aa05e143da,what is college access work and how does it differ from traditional counseling,what is college access work and how does it differ from traditional counseling,medium,unanimous_observed,1.0,All valid historical route labels agree,1,factual,counselor,factual:1,counselor:1,Data - Ridhi.csv,medium,0.5453284223722198,calibrated_model,medium,True,False,6.3868560000059915,0.05541480191939643,0.5453284223722198,0.22006158120581634,0.17919519450256738
qirv1-0246,96df81f7c3d3eea3,what college rankings actually matter and what are misleading,what college rankings actually matter and what are misleading,llm_needed,intent_policy,0.98,Recognized intents consistently map to one frozen V1 route,1,advisory,parent,advisory:1,parent:1,Data - Ridhi.csv,llm_needed,0.8043614658327898,calibrated_model,llm_needed,True,False,6.506719000014982,0.012934119695709963,0.15566355846321758,0.027040856008282706,0.8043614658327898
qirv1-0247,7fdd3cf06d6ff34b,marketing collaborative eng culture better,marketing collaborative eng culture better,complex,intent_policy,0.98,Recognized intents consistently map to one frozen V1 route,1,strategy,college_admissions_officer,strategy:1,college_admissions_officer:1,Data - Nimisha.csv,llm_needed,0.8436519614491712,calibrated_model,llm_needed,False,False,6.195910000002414,0.050787603493902746,0.010390744354343352,0.09516969070258284,0.8436519614491712
qirv1-0248,90d0b2e9d164e415,colleges near Chicago good financial aid with strong research and internships,colleges near chicago good financial aid with strong research and internships,complex,intent_policy,0.98,Recognized intents consistently map to one frozen V1 route,1,multi_constraint,advisor,multi_constraint:1,advisor:1,Data - Shivansh.csv,complex,0.9370157344024374,calibrated_model,complex,True,False,6.524882999997317,0.006679875990114198,0.04921034333366964,0.9370157344024374,0.0070940462737786245
qirv1-0249,4a045a854b85c8f9,how to build institutional capacity for trauma-informed student services,how to build institutional capacity for trauma-informed student services,short_circuit,intent_policy,0.98,Recognized intents consistently map to one frozen V1 route,1,attribute_lookup,college,attribute_lookup:1,college:1,Data - Edward.csv,short_circuit,0.8647367335391278,calibrated_model,short_circuit,True,False,6.401533000001791,0.8647367335391278,0.08450667240332922,0.004988130856561446,0.0457684632009815
qirv1-0250,40e89aa8bd521810,top public universities for tech jobs,top public universities for tech jobs,medium,intent_policy,0.98,Recognized intents consistently map to one frozen V1 route,1,career_outcomes,advisor,career_outcomes:1,advisor:1,Data - Anika.csv,medium,0.9102139685835003,calibrated_model,medium,True,False,6.030310999989297,0.021265873047260814,0.9102139685835003,0.021684118916188887,0.04683603945304996
qirv1-0251,db98e09b088723d6,does University of Maryland have political science,does university of maryland have political science,short_circuit,intent_policy,0.98,Recognized intents consistently map to one frozen V1 route,1,attribute_lookup,counselor_teacher,attribute_lookup:1,counselor_teacher:1,Data - Shivansh.csv,short_circuit,0.9212776353663559,calibrated_model,short_circuit,True,False,6.133484000002909,0.9212776353663559,0.0397418937831576,0.005329693461549211,0.033650777388937354
qirv1-0252,3f76281eea878903,do college rankings matter when you plan to work internationally after graduating,do college rankings matter when you plan to work internationally after graduating,llm_needed,intent_policy,0.98,Recognized intents consistently map to one frozen V1 route,1,reflective_advisory,counselor,reflective_advisory:1,counselor:1,Data Anthony.csv,llm_needed,0.5026698865069957,calibrated_model,llm_needed,True,False,6.5922089999901345,0.045101006011715204,0.4253128500324114,0.026916257448877694,0.5026698865069957
qirv1-0253,b01159e73b8fb6bb,improve student match quality,improve student match quality,complex,intent_policy,0.98,Recognized intents consistently map to one frozen V1 route,1,recommendation,college_b2b,recommendation:1,college_b2b:1,Data - Anika.csv,llm_needed,0.07184323395739163,low_confidence_fallback,short_circuit,False,False,5.991438999984666,0.47233434131126334,0.14326001332166527,0.3125624114096797,0.07184323395739163
qirv1-0254,f26951432d626684,Boston University admissions profile average sat and gpa,boston university admissions profile average sat and gpa,medium,intent_policy,0.98,Recognized intents consistently map to one frozen V1 route,1,filtered_search,counselor_teacher,filtered_search:1,counselor_teacher:1,Data - Shivansh.csv,short_circuit,0.635478296605036,calibrated_model,short_circuit,False,True,6.236745999984805,0.635478296605036,0.2805750620419306,0.05793636179409301,0.02601027955894035
qirv1-0255,ea7f1ed733357092,campuses with strong diversity in stem,campuses with strong diversity in stem,medium,intent_policy,0.98,Recognized intents consistently map to one frozen V1 route,1,filtered_search,college_b2b,filtered_search:1,college_b2b:1,Data Anthony.csv,complex,0.48066852844084823,calibrated_model,complex,False,False,6.107624999998507,0.02867515110445568,0.29185513482618264,0.48066852844084823,0.19880118562851337
qirv1-0256,1537ec245c457a34,analytics for admissions funnel,analytics for admissions funnel,complex,intent_policy,0.98,Recognized intents consistently map to one frozen V1 route,1,analytics_request,college_b2b,analytics_request:1,college_b2b:1,Data - Anika.csv,complex,0.6152606623616048,calibrated_model,complex,True,False,6.002238999997189,0.13497228712936402,0.21898722342438057,0.6152606623616048,0.030779827084650695
qirv1-0257,1d0f0fdd829f9377,colleges in old mill towns or historic small cities,colleges in old mill towns or historic small cities,medium,intent_policy,0.98,Recognized intents consistently map to one frozen V1 route,1,filtered_search,high_school_student,filtered_search:1,high_school_student:1,Data Anthony.csv,medium,0.9183437226902725,calibrated_model,medium,True,False,6.1777159999962805,0.01714164630549938,0.9183437226902725,0.03572232737534409,0.028792303628884176
qirv1-0258,bd9ef4450c043ec9,good schools if i like problem solving more than coding,good schools if i like problem solving more than coding,llm_needed,intent_policy,0.98,Recognized intents consistently map to one frozen V1 route,1,advisory,high_school_student,advisory:1,high_school_student:1,Data Anthony.csv,complex,0.4795626711111747,calibrated_model,complex,False,False,6.2636760000032154,0.012171912211728144,0.3229415516247167,0.4795626711111747,0.18532386505238038
qirv1-0259,d6635d359b38ce95,Carnegie Mellon financial aid for out of state,carnegie mellon financial aid for out of state,medium,intent_policy,0.98,Recognized intents consistently map to one frozen V1 route,3,cost_financial_aid,counselor_teacher,cost_financial_aid:3,college_student:1|counselor_teacher:2,Data - Shivansh.csv,medium,0.48591681851147656,calibrated_model,medium,True,False,6.389820999999074,0.41503734725691327,0.48591681851147656,0.041863850304675564,0.057181983926934694
qirv1-0260,b00a67b9efa78ab9,Are there programs for community college students to shadow professionals in their field?,are there programs for community college students to shadow professionals in their field,llm_needed,intent_policy,0.98,Recognized intents consistently map to one frozen V1 route,1,advisory,community_college_student,advisory:1,community_college_student:1,Data - Nimisha.csv,llm_needed,0.7922059310732606,calibrated_model,llm_needed,True,False,6.631442000013976,0.07845475240133011,0.12117197699442724,0.00816733953098213,0.7922059310732606
qirv1-0261,340e819950017994,schools with zero homework classes,schools with zero homework classes,medium,unanimous_observed,1.0,All valid historical route labels agree,1,filter_search,high_school_student,filter_search:1,high_school_student:1,Data Anthony.csv,llm_needed,0.06966200091826008,low_confidence_fallback,short_circuit,False,False,6.084753000010323,0.5251241854859389,0.3962294741150947,0.00898433948070625,0.06966200091826008
qirv1-0262,3b644f7b300e30ed,how to respond to external rankings and their impact on institutional reputation,how to respond to external rankings and their impact on institutional reputation,llm_needed,intent_policy,0.98,Recognized intents consistently map to one frozen V1 route,1,emotional_advisory,college,emotional_advisory:1,college:1,Data - Edward.csv,llm_needed,0.7000346068643769,calibrated_model,llm_needed,True,False,6.428083000002971,0.20513089502352547,0.059004889099695125,0.035829609012402536,0.7000346068643769
qirv1-0263,4d719eb86716ef80,data sci grads stats light,data sci grads stats light,llm_needed,intent_policy,0.98,Recognized intents consistently map to one frozen V1 route,1,advisory,employer,advisory:1,employer:1,Data - Nimisha.csv,llm_needed,0.7297090454781613,calibrated_model,llm_needed,True,False,5.9817110000039975,0.17112642961972924,0.06983435372998535,0.02933017117212428,0.7297090454781613
qirv1-0264,41fd9811d7ee876d,NYU vs Columbia business,nyu vs columbia business,complex,intent_policy,0.98,Recognized intents consistently map to one frozen V1 route,1,comparison,advisor,comparison:1,advisor:1,Data - Anika.csv,complex,0.786314434884034,calibrated_model,complex,True,False,5.940384000012955,0.19875054158359942,0.012316354492285164,0.786314434884034,0.002618669040081581
qirv1-0265,dd1de572dfed9d2c,schools like Vanderbilt but cheaper,schools like vanderbilt but cheaper,complex,intent_policy,0.98,Recognized intents consistently map to one frozen V1 route,2,recommendation,parent,recommendation:2,college_student:1|parent:1,Data - Shivansh.csv,complex,0.9544145762054809,calibrated_model,complex,True,False,6.247946999991427,0.01713205422118952,0.01029932407119477,0.9544145762054809,0.018154045502134935
qirv1-0266,934bb907f78d6cc4,colleges with actual roller coasters nearby,colleges with actual roller coasters nearby,medium,unanimous_observed,1.0,All valid historical route labels agree,1,filter_search,high_school_student,filter_search:1,high_school_student:1,Data Anthony.csv,medium,0.7468794601679307,calibrated_model,medium,True,False,6.130547999987357,0.11109196852107689,0.7468794601679307,0.13309390755602166,0.008934663754970621
qirv1-0267,6456e0323dbe40b3,good school not scary,good school not scary,complex,intent_policy,0.98,Recognized intents consistently map to one frozen V1 route,1,rewrite_needed,high_school_student,rewrite_needed:1,high_school_student:1,Data Anthony.csv,complex,0.4908270860124257,calibrated_model,complex,True,False,5.912101000006942,0.061067628395889896,0.1998159199552744,0.4908270860124257,0.24828936563641002
qirv1-0268,bef5d9c9941c21d0,schools that prepare future teachers with strong trauma informed approaches,schools that prepare future teachers with strong trauma informed approaches,medium,intent_policy,0.98,Recognized intents consistently map to one frozen V1 route,1,filtered_search,urban_teacher,filtered_search:1,urban_teacher:1,Data Anthony.csv,medium,0.8788093875776116,calibrated_model,medium,True,False,6.375755000021854,0.008884719193095993,0.8788093875776116,0.030652901873439598,0.08165299135585274
qirv1-0269,67f77d22516ab4d8,melt eng admits stop,melt eng admits stop,complex,intent_policy,0.98,Recognized intents consistently map to one frozen V1 route,1,strategy,college_admissions_officer,strategy:1,college_admissions_officer:1,Data - Nimisha.csv,llm_needed,0.4463742672385631,low_confidence_fallback,llm_needed,False,False,6.075826000000006,0.03509911426131698,0.09863924679925569,0.4198873717008642,0.4463742672385631
qirv1-0270,f9dc849bed0b1e55,is UT Austin good for cs,is ut austin good for cs,short_circuit,intent_policy,0.98,Recognized intents consistently map to one frozen V1 route,1,attribute_lookup,high_school_student,attribute_lookup:1,high_school_student:1,Data Anthony.csv,llm_needed,0.6412080653983133,calibrated_model,llm_needed,False,False,6.014571000008573,0.1511602464387718,0.03671180788189937,0.17091988028101548,0.6412080653983133
qirv1-0271,080174d10a1b9e1f,selectivity vs acceptance rate,selectivity vs acceptance rate,complex,unanimous_observed,1.0,All valid historical route labels agree,1,guidance,counselor_teacher,guidance:1,counselor_teacher:1,Data - Anika.csv,complex,0.7889328243473237,calibrated_model,complex,True,False,6.234091999999691,0.1661930501055883,0.030757945364402534,0.7889328243473237,0.014116180182685525
qirv1-0272,d4b97d0a208840b2,cc hist course night?,cc hist course night,llm_needed,intent_policy,0.98,Recognized intents consistently map to one frozen V1 route,1,advisory,community_college_student,advisory:1,community_college_student:1,Data - Nimisha.csv,llm_needed,0.7323706220902019,calibrated_model,llm_needed,True,False,6.013980999995283,0.04423469098012548,0.21267360023869605,0.010721086690976614,0.7323706220902019
qirv1-0273,6f44b5d66f3a0a7d,Boston University tuition vs MIT tuition,boston university tuition vs mit tuition,complex,intent_policy,0.98,Recognized intents consistently map to one frozen V1 route,1,comparison,high_school_student,comparison:1,high_school_student:1,Data - Shivansh.csv,complex,0.6121114932106325,calibrated_model,complex,True,False,6.396854000001895,0.3620456404210816,0.018342080628391436,0.6121114932106325,0.007500785739894479
qirv1-0274,74a79c5668feabb4,how to write effective advising case notes and summaries,how to write effective advising case notes and summaries,short_circuit,intent_policy,0.98,Recognized intents consistently map to one frozen V1 route,1,attribute_lookup,advisor,attribute_lookup:1,advisor:1,Data - Edward.csv,llm_needed,0.6710046431300056,calibrated_model,llm_needed,False,False,6.372889999994413,0.28807332696288257,0.021167973164472765,0.019754056742639015,0.6710046431300056
qirv1-0275,db3f5ab8c14999c5,NYU tuition vs Caltech tuition,nyu tuition vs caltech tuition,complex,intent_policy,0.98,Recognized intents consistently map to one frozen V1 route,1,comparison,advisor,comparison:1,advisor:1,Data - Shivansh.csv,complex,0.6659346279774675,calibrated_model,complex,True,False,6.122922999992397,0.3112637465000519,0.019087458050374758,0.6659346279774675,0.0037141674721058505
qirv1-0276,4cc3b37a24b2da6f,iowa state vs kansas state,iowa state vs kansas state,complex,intent_policy,0.98,Recognized intents consistently map to one frozen V1 route,1,comparison,high_school_student,comparison:1,high_school_student:1,Data - Anika.csv,complex,0.8907994063303691,calibrated_model,complex,True,False,5.9700179999993,0.04991524624000032,0.04387144790789905,0.8907994063303691,0.015413899521731505
qirv1-0277,08e560a87a7f8633,schools with active student government,schools with active student government,short_circuit,intent_policy,0.98,Recognized intents consistently map to one frozen V1 route,1,attribute_lookup,highschool_student,attribute_lookup:1,highschool_student:1,Data - Ridhi.csv,short_circuit,0.8400815341362097,calibrated_model,short_circuit,True,False,6.058454000026359,0.8400815341362097,0.050452108130836955,0.021345833504956276,0.08812052422799704
qirv1-0278,282b961075423f6d,does your platform allow us to run surveys of students who viewed our profile,does your platform allow us to run surveys of students who viewed our profile,medium,unanimous_observed,1.0,All valid historical route labels agree,1,factual,college_b2b,factual:1,college_b2b:1,Data - Ridhi.csv,medium,0.45135297135163216,calibrated_model,medium,True,False,6.6750630000171896,0.03546149769563469,0.45135297135163216,0.06714876259373714,0.446036768358996
qirv1-0279,cf8ab0771d2dc7b1,medium-sized economics colleges near the beach under 20k,medium-sized economics colleges near the beach under 20k,complex,intent_policy,0.98,Recognized intents consistently map to one frozen V1 route,1,multi_constraint,advisor,multi_constraint:1,advisor:1,Data - Shivansh.csv,complex,0.9429135074530001,calibrated_model,complex,True,False,6.309181000005992,0.012213488304004963,0.03788380737039548,0.9429135074530001,0.006989196872599641
qirv1-0280,b9516ad2188df690,colleges with strong cognitive science + philosophy programs,colleges with strong cognitive science + philosophy programs,complex,intent_policy,0.98,Recognized intents consistently map to one frozen V1 route,1,multi_constraint,highschool_student,multi_constraint:1,highschool_student:1,Data - Ridhi.csv,medium,0.47512861539051315,calibrated_model,medium,False,False,6.401664000009077,0.41344126846321094,0.47512861539051315,0.08669135967638454,0.02473875646989152
qirv1-0281,215617fd275140d0,unis w big hackathon culture,unis w big hackathon culture,medium,intent_policy,0.98,Recognized intents consistently map to one frozen V1 route,1,filtered_search,high_school_student,filtered_search:1,high_school_student:1,Data Anthony.csv,llm_needed,0.3296025979028955,low_confidence_fallback,medium,False,False,6.104910000004793,0.2304014100385511,0.38466751717583847,0.055328474882714945,0.3296025979028955
qirv1-0282,c3b8a4c7565d5d78,how to advise students about apprenticeship programs as alternatives to traditional degrees,how to advise students about apprenticeship programs as alternatives to traditional degrees,short_circuit,intent_policy,0.98,Recognized intents consistently map to one frozen V1 route,1,attribute_lookup,advisor,attribute_lookup:1,advisor:1,Data - Edward.csv,llm_needed,0.463004758118724,short_circuit_gate,short_circuit,False,False,6.711220999989109,0.5307898844725114,0.004814118291386876,0.0013912391173777228,0.463004758118724
qirv1-0283,79c74441c3274fd3,universities with strong electrical engineering,universities with strong electrical engineering,medium,intent_policy,0.98,Recognized intents consistently map to one frozen V1 route,2,filtered_search,advisor,filtered_search:2,advisor:1|college_student:1,Data - Shivansh.csv,complex,0.46248618753616627,calibrated_model,complex,False,False,6.2178310000149395,0.34901486248455676,0.18034360372361555,0.46248618753616627,0.008155346255661578
qirv1-0284,4bcffae13dcb53cf,advising student intrested aerospace + physics overlap,advising student intrested aerospace + physics overlap,llm_needed,intent_policy,0.98,Recognized intents consistently map to one frozen V1 route,1,advisory,counselor,advisory:1,counselor:1,Data - Nimisha.csv,llm_needed,0.5375571549124529,calibrated_model,llm_needed,True,False,6.51582599999756,0.1859321503355866,0.08556740356408442,0.19094329118787612,0.5375571549124529
qirv1-0285,18dc63fa33d68f78,schools in west virginia,schools in west virginia,medium,intent_policy,0.98,Recognized intents consistently map to one frozen V1 route,1,filtered_search,high_school_student,filtered_search:1,high_school_student:1,Data - Anika.csv,medium,0.9392321386382917,calibrated_model,medium,True,False,6.055237999987639,0.02623424374849276,0.9392321386382917,0.008146859413888005,0.02638675819932748
qirv1-0286,ba0eadfc4fc46144,wisconsin vs minnesota alumni outcomes,wisconsin vs minnesota alumni outcomes,complex,intent_policy,0.98,Recognized intents consistently map to one frozen V1 route,1,comparison,advisor,comparison:1,advisor:1,Data - Anika.csv,complex,0.8900029768079549,calibrated_model,complex,True,False,6.166594999996278,0.04934227405594433,0.047836944239339506,0.8900029768079549,0.012817804896761273
qirv1-0287,307b4ef2c090cb94,universities with peer-led tutoring programs,universities with peer-led tutoring programs,short_circuit,intent_policy,0.98,Recognized intents consistently map to one frozen V1 route,1,attribute_lookup,highschool_student,attribute_lookup:1,highschool_student:1,Data - Ridhi.csv,short_circuit,0.922196983331081,calibrated_model,short_circuit,True,False,6.185239999979331,0.922196983331081,0.023496408137896278,0.0316889902066489,0.022617618324373923
qirv1-0288,b885a9a9de173f21,how to build an accelerated degree pathway for high-performing students,how to build an accelerated degree pathway for high-performing students,short_circuit,intent_policy,0.98,Recognized intents consistently map to one frozen V1 route,1,attribute_lookup,college,attribute_lookup:1,college:1,Data - Edward.csv,short_circuit,0.6744404704746504,calibrated_model,short_circuit,True,False,6.418854999992618,0.6744404704746504,0.10513673531077665,0.00685283451882146,0.21356995969575154
qirv1-0289,69cea04cd7636be1,Caltech tuition vs Cornell tuition,caltech tuition vs cornell tuition,complex,intent_policy,0.98,Recognized intents consistently map to one frozen V1 route,1,comparison,college_student,comparison:1,college_student:1,Data - Shivansh.csv,complex,0.7172662394528304,calibrated_model,complex,True,False,5.9852569999918614,0.24253823595486448,0.03610368275907915,0.7172662394528304,0.00409184183322598
qirv1-0290,b0e82bd140c197a8,University of Michigan vs Purdue for nursing,university of michigan vs purdue for nursing,complex,intent_policy,0.98,Recognized intents consistently map to one frozen V1 route,1,comparison,parent,comparison:1,parent:1,Data - Shivansh.csv,complex,0.9063917750776603,calibrated_model,complex,True,False,6.48668200000202,0.03162895422093804,0.04429930092497313,0.9063917750776603,0.017679969776428592
qirv1-0291,70349999798bd381,schools with strong industrial engineering programs,schools with strong industrial engineering programs,short_circuit,intent_policy,0.98,Recognized intents consistently map to one frozen V1 route,1,attribute_lookup,highschool_student,attribute_lookup:1,highschool_student:1,Data - Edward.csv,medium,0.4800081219605128,calibrated_model,medium,False,False,6.2353339999958735,0.4288162079072571,0.4800081219605128,0.034314139512823756,0.05686153061940626
qirv1-0292,3c6d5bf0eed1b139,what is the nearest airport to schools in really remote locations,what is the nearest airport to schools in really remote locations,llm_needed,intent_policy,0.98,Recognized intents consistently map to one frozen V1 route,1,advisory,parent,advisory:1,parent:1,Data Anthony.csv,medium,0.716464958770343,calibrated_model,medium,False,False,6.436629000006633,0.049755481542906765,0.716464958770343,0.0037874227271157642,0.22999213695963439
qirv1-0293,b6a09b3c3ee8c084,schools with collaborative culture,schools with collaborative culture,llm_needed,intent_policy,0.98,Recognized intents consistently map to one frozen V1 route,43,campus_life_fit,parent,campus_life_fit:43,advisor:9|college_student:8|counselor_teacher:10|parent:16,Data - Anika.csv|Data - Shivansh.csv,llm_needed,0.6296326650273365,calibrated_model,llm_needed,True,False,6.178588000011587,0.09660153854781985,0.241093395061707,0.032672401363136684,0.6296326650273365
qirv1-0294,be61cdb2593cdea9,colleges with military veteran tuition benefits,colleges with military veteran tuition benefits,short_circuit,intent_policy,0.98,Recognized intents consistently map to one frozen V1 route,1,attribute_lookup,college_student,attribute_lookup:1,college_student:1,Data - Edward.csv,short_circuit,0.7958533645269962,calibrated_model,short_circuit,True,False,6.249910000008185,0.7958533645269962,0.14914671162492543,0.04077683483311026,0.014223089014968179
qirv1-0295,b253016902f8f734,regional hiring concentration effects,regional hiring concentration effects,complex,unanimous_observed,1.0,All valid historical route labels agree,1,guidance,advisor,guidance:1,advisor:1,Data - Anika.csv,complex,0.673910076153747,calibrated_model,complex,True,False,6.679200999997192,0.02895632333641533,0.11153691833871654,0.673910076153747,0.18559668217112124
qirv1-0296,7309c946b8a02f23,how to implement intrusive advising to support struggling students,how to implement intrusive advising to support struggling students,short_circuit,intent_policy,0.98,Recognized intents consistently map to one frozen V1 route,1,attribute_lookup,college,attribute_lookup:1,college:1,Data - Edward.csv,llm_needed,0.46979849289788717,calibrated_model,llm_needed,False,False,6.515855999992937,0.4050607112741836,0.11725281403614674,0.007887981791782545,0.46979849289788717
qirv1-0297,92ab330736b45e96,medium-sized nursing colleges in Texas low tuition,medium-sized nursing colleges in texas low tuition,complex,intent_policy,0.98,Recognized intents consistently map to one frozen V1 route,1,multi_constraint,advisor,multi_constraint:1,advisor:1,Data - Shivansh.csv,complex,0.922141258407802,calibrated_model,complex,True,False,6.87706900001217,0.006922928348417976,0.033945893103922,0.922141258407802,0.03698992013985785
qirv1-0298,d16db84e1708130e,millersville vs kutztown,millersville vs kutztown,complex,intent_policy,0.98,Recognized intents consistently map to one frozen V1 route,1,comparison,parent,comparison:1,parent:1,Data - Anika.csv,complex,0.9755332796441428,calibrated_model,complex,True,False,6.335309999997207,0.0002871937418641338,0.02208649504451427,0.9755332796441428,0.0020930315694790377
qirv1-0299,54bd1d47af29caeb,schools with cooperative education programs and top accounting majors,schools with cooperative education programs and top accounting majors,complex,intent_policy,0.98,Recognized intents consistently map to one frozen V1 route,1,multi_constraint,highschool_student,multi_constraint:1,highschool_student:1,Data - Edward.csv,medium,0.5610628669381815,calibrated_model,medium,False,False,6.617886999976008,0.37012559421308994,0.5610628669381815,0.03994502188513605,0.02886651696359253
qirv1-0300,1378980107287dc4,universities with high numbers of NSF fellowship winners,universities with high numbers of nsf fellowship winners,short_circuit,intent_policy,0.98,Recognized intents consistently map to one frozen V1 route,1,attribute_lookup,highschool_student,attribute_lookup:1,highschool_student:1,Data - Edward.csv,short_circuit,0.7634678512161089,calibrated_model,short_circuit,True,False,6.316765000008218,0.7634678512161089,0.19559213677823742,0.02059368152739379,0.02034633047825994
