query_id,query_text,query_norm,route,resolution_method,resolution_confidence,resolution_note,suggested_route,suggested_confidence,row_count,observed_routes,observed_valid_routes,observed_pipeline_routes,canonical_intent,persona_hint,observed_intents,observed_personas,source_files,source_rows,label_source,family_id,family_text
00220d36907eee58,Harvard chill campus,harvard chill campus,llm_needed,intent_policy,0.98,Recognized intents consistently map to one frozen V1 route,,0.0,1,medium:1,medium:1,,campus_life_fit,advisor,campus_life_fit:1,advisor:1,Data - Shivansh.csv,Data - Shivansh.csv:2425,legacy_cleaned_corpus,c042094b302ecb812a99,entityschool chill campus
007c3c4806c67c9b,does University of Florida have aerospace engineering,does university of florida have aerospace engineering,short_circuit,intent_policy,0.98,Recognized intents consistently map to one frozen V1 route,,0.0,1,medium:1,medium:1,,attribute_lookup,advisor,attribute_lookup:1,advisor:1,Data - Shivansh.csv,Data - Shivansh.csv:809,legacy_cleaned_corpus,c219f457f3de750170ac,does entityschool have entityprogram
00d3bafd24a420e0,caltech acceptance rate,caltech acceptance rate,short_circuit,intent_policy,0.98,Recognized intents consistently map to one frozen V1 route,,0.0,1,short_circuit:1,short_circuit:1,short_circuit:1,attribute_lookup,high_school_student,attribute_lookup:1,high_school_student:1,Data - Anika.csv,Data - Anika.csv:123,legacy_cleaned_corpus,c478df48842744c7afae,entityschool acceptance rate
01697469f1fa2836,Vanderbilt tuition vs UC Irvine tuition,vanderbilt tuition vs uc irvine tuition,complex,intent_policy,0.98,Recognized intents consistently map to one frozen V1 route,,0.0,1,complex:1,complex:1,,comparison,high_school_student,comparison:1,high_school_student:1,Data - Shivansh.csv,Data - Shivansh.csv:1708,legacy_cleaned_corpus,2f64caaf4228bd36bc7c,entityschool tuition vs entityschool tuition
019c1f04f1044c1d,Cornell vs Northwestern for business,cornell vs northwestern for business,complex,intent_policy,0.98,Recognized intents consistently map to one frozen V1 route,,0.0,1,complex:1,complex:1,,comparison,parent,comparison:1,parent:1,Data - Shivansh.csv,Data - Shivansh.csv:2141,legacy_cleaned_corpus,302760a8b5dd7f263a23,entityschool vs entityschool for entityprogram
01c4c9515f551f56,Arizona State vs UCLA for economics,arizona state vs ucla for economics,complex,intent_policy,0.98,Recognized intents consistently map to one frozen V1 route,,0.0,1,complex:1,complex:1,,comparison,advisor,comparison:1,advisor:1,Data - Shivansh.csv,Data - Shivansh.csv:3133,legacy_cleaned_corpus,302760a8b5dd7f263a23,entityschool vs entityschool for entityprogram
030ffd16a075fca5,UCLA scholarships,ucla scholarships,medium,intent_policy,0.98,Recognized intents consistently map to one frozen V1 route,,0.0,1,medium:1,medium:1,,cost_financial_aid,advisor,cost_financial_aid:1,advisor:1,Data - Shivansh.csv,Data - Shivansh.csv:2647,legacy_cleaned_corpus,741b6aa2dae04972e2c3,entityschool scholarships
0329f400f8ba807a,USC vs Rice University for architecture,usc vs rice university for architecture,complex,intent_policy,0.98,Recognized intents consistently map to one frozen V1 route,,0.0,1,complex:1,complex:1,,comparison,parent,comparison:1,parent:1,Data - Shivansh.csv,Data - Shivansh.csv:3739,legacy_cleaned_corpus,302760a8b5dd7f263a23,entityschool vs entityschool for entityprogram
0347729129440704,does Harvard have philosophy,does harvard have philosophy,short_circuit,intent_policy,0.98,Recognized intents consistently map to one frozen V1 route,,0.0,1,medium:1,medium:1,,attribute_lookup,college_student,attribute_lookup:1,college_student:1,Data - Shivansh.csv,Data - Shivansh.csv:3329,legacy_cleaned_corpus,c219f457f3de750170ac,does entityschool have entityprogram
03f28600df4d77eb,affordable economics schools in California with good job placement,affordable economics schools in california with good job placement,complex,intent_policy,0.98,Recognized intents consistently map to one frozen V1 route,,0.0,1,complex:1,complex:1,,multi_constraint,advisor,multi_constraint:1,advisor:1,Data - Shivansh.csv,Data - Shivansh.csv:1575,legacy_cleaned_corpus,72fe78ed7fe75ef13d14,affordable entityprogram schools in entityplace with good job placement
0411fdb151d3baa2,University of Maryland vs UCLA,university of maryland vs ucla,complex,intent_policy,0.98,Recognized intents consistently map to one frozen V1 route,,0.0,1,complex:1,complex:1,,comparison,parent,comparison:1,parent:1,Data - Shivansh.csv,Data - Shivansh.csv:2153,legacy_cleaned_corpus,ce0ab34d6e4892dbe532,entityschool vs entityschool
043addc9f33a1a42,best architecture schools in Texas,best architecture schools in texas,medium,intent_policy,0.98,Recognized intents consistently map to one frozen V1 route,,0.0,1,medium:1,medium:1,,filtered_search,high_school_student,filtered_search:1,high_school_student:1,Data - Shivansh.csv,Data - Shivansh.csv:1015,legacy_cleaned_corpus,95c816a8832e9f5b6f9f,best entityprogram schools in entityplace
0468217e2918f29c,NYU job placement for electrical engineering,nyu job placement for electrical engineering,medium,intent_policy,0.98,Recognized intents consistently map to one frozen V1 route,,0.0,1,medium:1,medium:1,,career_outcomes,high_school_student,career_outcomes:1,high_school_student:1,Data - Shivansh.csv,Data - Shivansh.csv:195,legacy_cleaned_corpus,d0687d4ccce8a647d6f4,entityschool job placement for entityprogram
04d56f0f81913ae2,Vanderbilt acceptance rate,vanderbilt acceptance rate,short_circuit,intent_policy,0.98,Recognized intents consistently map to one frozen V1 route,,0.0,1,short_circuit:1,short_circuit:1,,attribute_lookup,parent,attribute_lookup:1,parent:1,Data - Shivansh.csv,Data - Shivansh.csv:1461,legacy_cleaned_corpus,c478df48842744c7afae,entityschool acceptance rate
050cd8426426b16d,Boston University tuition vs Stanford tuition,boston university tuition vs stanford tuition,complex,intent_policy,0.98,Recognized intents consistently map to one frozen V1 route,,0.0,1,complex:1,complex:1,,comparison,parent,comparison:1,parent:1,Data - Shivansh.csv,Data - Shivansh.csv:1450,legacy_cleaned_corpus,2f64caaf4228bd36bc7c,entityschool tuition vs entityschool tuition
0613ad5e4979db77,what essays does Brown require,what essays does brown require,medium,intent_policy,0.98,Recognized intents consistently map to one frozen V1 route,,0.0,1,medium:1,medium:1,,admissions_process,college_student,admissions_process:1,college_student:1,Data - Shivansh.csv,Data - Shivansh.csv:167,legacy_cleaned_corpus,e0880711f28fcb0ccf3b,what essays does entityschool require
06ab9a8470090e0c,MIT average ACT,mit average act,short_circuit,intent_policy,0.98,Recognized intents consistently map to one frozen V1 route,,0.0,1,short_circuit:1,short_circuit:1,,attribute_lookup,parent,attribute_lookup:1,parent:1,Data - Shivansh.csv,Data - Shivansh.csv:1144,legacy_cleaned_corpus,e6f83d01de4c22320c83,entityschool average act
07173825116935cf,Carnegie Mellon tuition vs Cornell tuition,carnegie mellon tuition vs cornell tuition,complex,intent_policy,0.98,Recognized intents consistently map to one frozen V1 route,,0.0,1,short_circuit:1,short_circuit:1,,comparison,college_student,comparison:1,college_student:1,Data - Shivansh.csv,Data - Shivansh.csv:1519,legacy_cleaned_corpus,2f64caaf4228bd36bc7c,entityschool tuition vs entityschool tuition
072bb9d713f7530c,Rice University,rice university,short_circuit,intent_policy,0.98,Recognized intents consistently map to one frozen V1 route,,0.0,16,short_circuit:16,short_circuit:16,,exact_lookup,counselor_teacher,exact_lookup:16,advisor:3|college_student:1|counselor_teacher:6|high_school_student:1|parent:5,Data - Shivansh.csv,Data - Shivansh.csv:50|Data - Shivansh.csv:919|Data - Shivansh.csv:965|Data - Shivansh.csv:1243|Data - Shivansh.csv:1364|Data - Shivansh.csv:1952|Data - Shivansh.csv:2073|Data - Shivansh.csv:2106|Data - Shivansh.csv:2205|Data - Shivansh.csv:2302|Data - Shivansh.csv:2512|Data - Shivansh.csv:2814|Data - Shivansh.csv:3005|Data - Shivansh.csv:4056|Data - Shivansh.csv:4226|Data - Shivansh.csv:4356,legacy_cleaned_corpus,5040e700a4b470a4942d,entityschool
07c139487f69efa2,Carnegie Mellon vs University of Washington,carnegie mellon vs university of washington,complex,intent_policy,0.98,Recognized intents consistently map to one frozen V1 route,,0.0,1,complex:1,complex:1,,comparison,college_student,comparison:1,college_student:1,Data - Shivansh.csv,Data - Shivansh.csv:2077,legacy_cleaned_corpus,ce0ab34d6e4892dbe532,entityschool vs entityschool
07cfcbfd1a2433e1,University of Michigan vs University of Washington for neuroscience,university of michigan vs university of washington for neuroscience,complex,intent_policy,0.98,Recognized intents consistently map to one frozen V1 route,,0.0,1,complex:1,complex:1,,comparison,advisor,comparison:1,advisor:1,Data - Shivansh.csv,Data - Shivansh.csv:1706,legacy_cleaned_corpus,302760a8b5dd7f263a23,entityschool vs entityschool for entityprogram
080e79da377202d6,what essays does UC San Diego require,what essays does uc san diego require,medium,intent_policy,0.98,Recognized intents consistently map to one frozen V1 route,,0.0,2,medium:2,medium:2,,admissions_process,counselor_teacher,admissions_process:2,advisor:1|counselor_teacher:1,Data - Shivansh.csv,Data - Shivansh.csv:237|Data - Shivansh.csv:742,legacy_cleaned_corpus,e0880711f28fcb0ccf3b,what essays does entityschool require
0812ffa67e84401d,Duke job placement for biology,duke job placement for biology,medium,intent_policy,0.98,Recognized intents consistently map to one frozen V1 route,,0.0,1,medium:1,medium:1,,career_outcomes,parent,career_outcomes:1,parent:1,Data - Shivansh.csv,Data - Shivansh.csv:3760,legacy_cleaned_corpus,d0687d4ccce8a647d6f4,entityschool job placement for entityprogram
086a5320d01f553f,UC Berkeley vs Virginia Tech for chemistry,uc berkeley vs virginia tech for chemistry,complex,intent_policy,0.98,Recognized intents consistently map to one frozen V1 route,,0.0,1,complex:1,complex:1,,comparison,college_student,comparison:1,college_student:1,Data - Shivansh.csv,Data - Shivansh.csv:3354,legacy_cleaned_corpus,302760a8b5dd7f263a23,entityschool vs entityschool for entityprogram
0876e8bae364d13a,Vanderbilt job placement for psychology,vanderbilt job placement for psychology,medium,intent_policy,0.98,Recognized intents consistently map to one frozen V1 route,,0.0,1,medium:1,medium:1,,career_outcomes,high_school_student,career_outcomes:1,high_school_student:1,Data - Shivansh.csv,Data - Shivansh.csv:1679,legacy_cleaned_corpus,d0687d4ccce8a647d6f4,entityschool job placement for entityprogram
08f9debef3f247ea,Purdue vs UCLA,purdue vs ucla,complex,intent_policy,0.98,Recognized intents consistently map to one frozen V1 route,,0.0,1,complex:1,complex:1,,comparison,counselor_teacher,comparison:1,counselor_teacher:1,Data - Shivansh.csv,Data - Shivansh.csv:690,legacy_cleaned_corpus,ce0ab34d6e4892dbe532,entityschool vs entityschool
0958a892a8cdf631,Northwestern tuition vs USC tuition,northwestern tuition vs usc tuition,complex,intent_policy,0.98,Recognized intents consistently map to one frozen V1 route,,0.0,1,complex:1,complex:1,,comparison,college_student,comparison:1,college_student:1,Data - Shivansh.csv,Data - Shivansh.csv:2198,legacy_cleaned_corpus,2f64caaf4228bd36bc7c,entityschool tuition vs entityschool tuition
09964aecf2728629,schools like Georgia Tech but cheaper,schools like georgia tech but cheaper,complex,intent_policy,0.98,Recognized intents consistently map to one frozen V1 route,,0.0,5,complex:5,complex:5,,recommendation,parent,recommendation:5,advisor:1|counselor_teacher:2|parent:2,Data - Shivansh.csv,Data - Shivansh.csv:633|Data - Shivansh.csv:1005|Data - Shivansh.csv:1428|Data - Shivansh.csv:1666|Data - Shivansh.csv:4155,legacy_cleaned_corpus,4cc872421a190decb5f0,schools like entityschool but cheaper
099ca6972b0112a8,does University of Florida have chemistry,does university of florida have chemistry,short_circuit,intent_policy,0.98,Recognized intents consistently map to one frozen V1 route,,0.0,2,medium:1|short_circuit:1,medium:1|short_circuit:1,,attribute_lookup,counselor_teacher,attribute_lookup:2,counselor_teacher:1|parent:1,Data - Shivansh.csv,Data - Shivansh.csv:1798|Data - Shivansh.csv:2609,legacy_cleaned_corpus,c219f457f3de750170ac,does entityschool have entityprogram
09b434ca39813852,Purdue vs UT Austin,purdue vs ut austin,complex,intent_policy,0.98,Recognized intents consistently map to one frozen V1 route,,0.0,1,complex:1,complex:1,,comparison,advisor,comparison:1,advisor:1,Data - Shivansh.csv,Data - Shivansh.csv:184,legacy_cleaned_corpus,ce0ab34d6e4892dbe532,entityschool vs entityschool
0a507a9b6b5e649d,four year cost of Purdue including housing,four year cost of purdue including housing,medium,intent_policy,0.98,Recognized intents consistently map to one frozen V1 route,,0.0,2,medium:2,medium:2,,admissions_process,parent,admissions_process:1|cost_financial_aid:1,parent:2,Data - Shivansh.csv,Data - Shivansh.csv:1105|Data - Shivansh.csv:1696,legacy_cleaned_corpus,77f4f7a26cd4cc07453e,four year cost of entityschool including housing
0a6e0a0c83f43723,Carnegie Mellon,carnegie mellon,short_circuit,intent_policy,0.98,Recognized intents consistently map to one frozen V1 route,,0.0,9,short_circuit:9,short_circuit:9,,exact_lookup,parent,exact_lookup:9,advisor:1|college_student:2|counselor_teacher:1|high_school_student:1|parent:4,Data - Shivansh.csv,Data - Shivansh.csv:2|Data - Shivansh.csv:384|Data - Shivansh.csv:692|Data - Shivansh.csv:1188|Data - Shivansh.csv:2419|Data - Shivansh.csv:2521|Data - Shivansh.csv:2670|Data - Shivansh.csv:2991|Data - Shivansh.csv:3878,legacy_cleaned_corpus,5040e700a4b470a4942d,entityschool
0a791750605208e3,UT Austin vs USC for mechanical engineering,ut austin vs usc for mechanical engineering,complex,intent_policy,0.98,Recognized intents consistently map to one frozen V1 route,,0.0,1,complex:1,complex:1,,comparison,high_school_student,comparison:1,high_school_student:1,Data - Shivansh.csv,Data - Shivansh.csv:1163,legacy_cleaned_corpus,302760a8b5dd7f263a23,entityschool vs entityschool for entityprogram
0a7dc55f7ac94fc4,NYU job placement for biology,nyu job placement for biology,medium,intent_policy,0.98,Recognized intents consistently map to one frozen V1 route,,0.0,1,medium:1,medium:1,,career_outcomes,college_student,career_outcomes:1,college_student:1,Data - Shivansh.csv,Data - Shivansh.csv:3234,legacy_cleaned_corpus,d0687d4ccce8a647d6f4,entityschool job placement for entityprogram
0a931ab6df488304,does NYU have mechanical engineering,does nyu have mechanical engineering,short_circuit,intent_policy,0.98,Recognized intents consistently map to one frozen V1 route,,0.0,1,short_circuit:1,short_circuit:1,,attribute_lookup,parent,attribute_lookup:1,parent:1,Data - Shivansh.csv,Data - Shivansh.csv:696,legacy_cleaned_corpus,c219f457f3de750170ac,does entityschool have entityprogram
0aed86be185d5f13,schools like Caltech but cheaper,schools like caltech but cheaper,complex,intent_policy,0.98,Recognized intents consistently map to one frozen V1 route,,0.0,6,complex:6,complex:6,,recommendation,advisor,recommendation:6,advisor:3|counselor_teacher:1|high_school_student:1|parent:1,Data - Shivansh.csv,Data - Shivansh.csv:1217|Data - Shivansh.csv:2103|Data - Shivansh.csv:3140|Data - Shivansh.csv:3928|Data - Shivansh.csv:3955|Data - Shivansh.csv:4256,legacy_cleaned_corpus,4cc872421a190decb5f0,schools like entityschool but cheaper
0b103cc3a55ace58,Stanford average SAT,stanford average sat,short_circuit,intent_policy,0.98,Recognized intents consistently map to one frozen V1 route,,0.0,1,medium:1,medium:1,,attribute_lookup,college_student,attribute_lookup:1,college_student:1,Data - Shivansh.csv,Data - Shivansh.csv:3267,legacy_cleaned_corpus,5e65ab17c95c39987c97,entityschool average sat
0b67df173fa7a0aa,Brown scholarships,brown scholarships,medium,intent_policy,0.98,Recognized intents consistently map to one frozen V1 route,,0.0,1,medium:1,medium:1,,cost_financial_aid,advisor,cost_financial_aid:1,advisor:1,Data - Shivansh.csv,Data - Shivansh.csv:4337,legacy_cleaned_corpus,741b6aa2dae04972e2c3,entityschool scholarships
0bbbcff04a56be2b,Georgia Tech vs NYU,georgia tech vs nyu,complex,intent_policy,0.98,Recognized intents consistently map to one frozen V1 route,,0.0,1,complex:1,complex:1,,comparison,parent,comparison:1,parent:1,Data - Shivansh.csv,Data - Shivansh.csv:2098,legacy_cleaned_corpus,ce0ab34d6e4892dbe532,entityschool vs entityschool
0c0620eda0656822,does Northeastern have economics,does northeastern have economics,short_circuit,intent_policy,0.98,Recognized intents consistently map to one frozen V1 route,,0.0,1,short_circuit:1,short_circuit:1,,attribute_lookup,high_school_student,attribute_lookup:1,high_school_student:1,Data - Shivansh.csv,Data - Shivansh.csv:745,legacy_cleaned_corpus,c219f457f3de750170ac,does entityschool have entityprogram
0c80efbf6b3c5397,Carnegie Mellon scholarships,carnegie mellon scholarships,medium,intent_policy,0.98,Recognized intents consistently map to one frozen V1 route,,0.0,3,medium:3,medium:3,,cost_financial_aid,high_school_student,cost_financial_aid:3,high_school_student:2|parent:1,Data - Shivansh.csv,Data - Shivansh.csv:793|Data - Shivansh.csv:2459|Data - Shivansh.csv:3218,legacy_cleaned_corpus,741b6aa2dae04972e2c3,entityschool scholarships
0d143905f3b27a90,does Vanderbilt have neuroscience,does vanderbilt have neuroscience,short_circuit,intent_policy,0.98,Recognized intents consistently map to one frozen V1 route,,0.0,1,short_circuit:1,short_circuit:1,,attribute_lookup,parent,attribute_lookup:1,parent:1,Data - Shivansh.csv,Data - Shivansh.csv:120,legacy_cleaned_corpus,c219f457f3de750170ac,does entityschool have entityprogram
0d19ed45a7f16450,University of Washington tuition vs MIT tuition,university of washington tuition vs mit tuition,complex,intent_policy,0.98,Recognized intents consistently map to one frozen V1 route,,0.0,2,complex:2,complex:2,,comparison,college_student,comparison:2,college_student:1|parent:1,Data - Shivansh.csv,Data - Shivansh.csv:2481|Data - Shivansh.csv:4158,legacy_cleaned_corpus,2f64caaf4228bd36bc7c,entityschool tuition vs entityschool tuition
0d239db8e9320d13,affordable electrical engineering schools near Chicago with good internships,affordable electrical engineering schools near chicago with good internships,complex,intent_policy,0.98,Recognized intents consistently map to one frozen V1 route,,0.0,1,complex:1,complex:1,,multi_constraint,counselor_teacher,multi_constraint:1,counselor_teacher:1,Data - Shivansh.csv,Data - Shivansh.csv:4186,legacy_cleaned_corpus,f3a168da7625bb926035,affordable entityprogram schools near entityplace with good internships
0d4e939da37212a8,what essays does Georgia Tech require,what essays does georgia tech require,medium,intent_policy,0.98,Recognized intents consistently map to one frozen V1 route,,0.0,2,medium:2,medium:2,,admissions_process,college_student,admissions_process:2,college_student:1|counselor_teacher:1,Data - Shivansh.csv,Data - Shivansh.csv:1269|Data - Shivansh.csv:1865,legacy_cleaned_corpus,e0880711f28fcb0ccf3b,what essays does entityschool require
0d93cee00732ef27,Georgia Tech vs University of Maryland for data science,georgia tech vs university of maryland for data science,complex,intent_policy,0.98,Recognized intents consistently map to one frozen V1 route,,0.0,1,complex:1,complex:1,,comparison,advisor,comparison:1,advisor:1,Data - Shivansh.csv,Data - Shivansh.csv:1616,legacy_cleaned_corpus,302760a8b5dd7f263a23,entityschool vs entityschool for entityprogram
0e048e4c53291397,Boston University vs University of Michigan,boston university vs university of michigan,complex,intent_policy,0.98,Recognized intents consistently map to one frozen V1 route,,0.0,1,complex:1,complex:1,,comparison,high_school_student,comparison:1,high_school_student:1,Data - Shivansh.csv,Data - Shivansh.csv:2081,legacy_cleaned_corpus,ce0ab34d6e4892dbe532,entityschool vs entityschool
0e2783e864c3354c,University of Florida vs Brown for biology,university of florida vs brown for biology,complex,intent_policy,0.98,Recognized intents consistently map to one frozen V1 route,,0.0,1,complex:1,complex:1,,comparison,counselor_teacher,comparison:1,counselor_teacher:1,Data - Shivansh.csv,Data - Shivansh.csv:2748,legacy_cleaned_corpus,302760a8b5dd7f263a23,entityschool vs entityschool for entityprogram
0e2ccdf605553282,does University of Michigan have engineering,does university of michigan have engineering,short_circuit,intent_policy,0.98,Recognized intents consistently map to one frozen V1 route,,0.0,2,medium:1|short_circuit:1,medium:1|short_circuit:1,,attribute_lookup,high_school_student,attribute_lookup:2,counselor_teacher:1|high_school_student:1,Data - Shivansh.csv,Data - Shivansh.csv:1486|Data - Shivansh.csv:2608,legacy_cleaned_corpus,c219f457f3de750170ac,does entityschool have entityprogram
0e9d0d858e35f5af,Brown vs Northeastern,brown vs northeastern,complex,intent_policy,0.98,Recognized intents consistently map to one frozen V1 route,,0.0,1,complex:1,complex:1,,comparison,counselor_teacher,comparison:1,counselor_teacher:1,Data - Shivansh.csv,Data - Shivansh.csv:433,legacy_cleaned_corpus,ce0ab34d6e4892dbe532,entityschool vs entityschool
0e9e5435d233b363,schools like NYU but cheaper,schools like nyu but cheaper,complex,intent_policy,0.98,Recognized intents consistently map to one frozen V1 route,,0.0,5,complex:4|llm_needed:1,complex:4|llm_needed:1,complex:1,recommendation,college_student,recommendation:5,advisor:1|college_student:2|high_school_student:1|parent:1,Data - Anika.csv|Data - Shivansh.csv,Data - Anika.csv:17|Data - Shivansh.csv:816|Data - Shivansh.csv:1322|Data - Shivansh.csv:1517|Data - Shivansh.csv:3209,legacy_cleaned_corpus,4cc872421a190decb5f0,schools like entityschool but cheaper
0fba3c022ef51a52,UT Austin scholarships,ut austin scholarships,medium,intent_policy,0.98,Recognized intents consistently map to one frozen V1 route,,0.0,3,medium:3,medium:3,,cost_financial_aid,advisor,cost_financial_aid:3,advisor:2|parent:1,Data - Shivansh.csv,Data - Shivansh.csv:2342|Data - Shivansh.csv:2571|Data - Shivansh.csv:3723,legacy_cleaned_corpus,741b6aa2dae04972e2c3,entityschool scholarships
0fc7286c1f5986e9,University of Washington vs Arizona State,university of washington vs arizona state,complex,intent_policy,0.98,Recognized intents consistently map to one frozen V1 route,,0.0,1,complex:1,complex:1,,comparison,parent,comparison:1,parent:1,Data - Shivansh.csv,Data - Shivansh.csv:137,legacy_cleaned_corpus,ce0ab34d6e4892dbe532,entityschool vs entityschool
109e4023c5585e05,Northeastern scholarships,northeastern scholarships,medium,intent_policy,0.98,Recognized intents consistently map to one frozen V1 route,,0.0,3,medium:3,medium:3,,cost_financial_aid,advisor,cost_financial_aid:3,advisor:2|high_school_student:1,Data - Shivansh.csv,Data - Shivansh.csv:1063|Data - Shivansh.csv:1150|Data - Shivansh.csv:2071,legacy_cleaned_corpus,741b6aa2dae04972e2c3,entityschool scholarships
10e7e51d2c470c5b,Brown vs Northwestern,brown vs northwestern,complex,intent_policy,0.98,Recognized intents consistently map to one frozen V1 route,,0.0,1,complex:1,complex:1,,comparison,parent,comparison:1,parent:1,Data - Shivansh.csv,Data - Shivansh.csv:3069,legacy_cleaned_corpus,ce0ab34d6e4892dbe532,entityschool vs entityschool
11259165d28bc17c,does University of Washington have engineering,does university of washington have engineering,short_circuit,intent_policy,0.98,Recognized intents consistently map to one frozen V1 route,,0.0,1,short_circuit:1,short_circuit:1,,attribute_lookup,advisor,attribute_lookup:1,advisor:1,Data - Shivansh.csv,Data - Shivansh.csv:994,legacy_cleaned_corpus,c219f457f3de750170ac,does entityschool have entityprogram
116ddd02c2add1df,University of Michigan job placement for engineering,university of michigan job placement for engineering,medium,intent_policy,0.98,Recognized intents consistently map to one frozen V1 route,,0.0,1,medium:1,medium:1,,career_outcomes,advisor,career_outcomes:1,advisor:1,Data - Shivansh.csv,Data - Shivansh.csv:174,legacy_cleaned_corpus,d0687d4ccce8a647d6f4,entityschool job placement for entityprogram
11704447fe342cf4,does Cornell have business,does cornell have business,short_circuit,intent_policy,0.98,Recognized intents consistently map to one frozen V1 route,,0.0,1,medium:1,medium:1,,attribute_lookup,advisor,attribute_lookup:1,advisor:1,Data - Shivansh.csv,Data - Shivansh.csv:779,legacy_cleaned_corpus,c219f457f3de750170ac,does entityschool have entityprogram
1270a7f2c2849571,UT Austin financial aid for out of state,ut austin financial aid for out of state,medium,intent_policy,0.98,Recognized intents consistently map to one frozen V1 route,,0.0,1,medium:1,medium:1,,cost_financial_aid,high_school_student,cost_financial_aid:1,high_school_student:1,Data - Shivansh.csv,Data - Shivansh.csv:1530,legacy_cleaned_corpus,c5b667203cefd8b33b33,entityschool financial aid for out of state
12da905f83f4e4cb,Northwestern vs UCLA for economics,northwestern vs ucla for economics,complex,intent_policy,0.98,Recognized intents consistently map to one frozen V1 route,,0.0,1,complex:1,complex:1,,comparison,advisor,comparison:1,advisor:1,Data - Shivansh.csv,Data - Shivansh.csv:2747,legacy_cleaned_corpus,302760a8b5dd7f263a23,entityschool vs entityschool for entityprogram
1341aed6deec43cd,does Rice University have chemistry,does rice university have chemistry,short_circuit,intent_policy,0.98,Recognized intents consistently map to one frozen V1 route,,0.0,1,llm_needed:1,llm_needed:1,,attribute_lookup,college_student,attribute_lookup:1,college_student:1,Data - Shivansh.csv,Data - Shivansh.csv:2047,legacy_cleaned_corpus,c219f457f3de750170ac,does entityschool have entityprogram
1371b681f5b33aae,Cornell tuition vs UC Berkeley tuition,cornell tuition vs uc berkeley tuition,complex,intent_policy,0.98,Recognized intents consistently map to one frozen V1 route,,0.0,1,complex:1,complex:1,,comparison,advisor,comparison:1,advisor:1,Data - Shivansh.csv,Data - Shivansh.csv:1380,legacy_cleaned_corpus,2f64caaf4228bd36bc7c,entityschool tuition vs entityschool tuition
13a6f2dfe02f58de,Carnegie Mellon vs University of Michigan,carnegie mellon vs university of michigan,complex,intent_policy,0.98,Recognized intents consistently map to one frozen V1 route,,0.0,2,complex:2,complex:2,,comparison,advisor,comparison:2,advisor:2,Data - Shivansh.csv,Data - Shivansh.csv:269|Data - Shivansh.csv:3839,legacy_cleaned_corpus,ce0ab34d6e4892dbe532,entityschool vs entityschool
13f7c73ae8019e75,University of Maryland,university of maryland,short_circuit,intent_policy,0.98,Recognized intents consistently map to one frozen V1 route,,0.0,6,complex:1|short_circuit:5,complex:1|short_circuit:5,,exact_lookup,high_school_student,exact_lookup:6,advisor:1|high_school_student:3|parent:2,Data - Shivansh.csv|Data Anthony.csv,Data - Shivansh.csv:761|Data - Shivansh.csv:1246|Data - Shivansh.csv:1792|Data - Shivansh.csv:2018|Data - Shivansh.csv:2364|Data Anthony.csv:13,legacy_cleaned_corpus,5040e700a4b470a4942d,entityschool
14355d464a1f74d1,UT Austin tuition vs NYU tuition,ut austin tuition vs nyu tuition,complex,intent_policy,0.98,Recognized intents consistently map to one frozen V1 route,,0.0,1,complex:1,complex:1,,comparison,advisor,comparison:1,advisor:1,Data - Shivansh.csv,Data - Shivansh.csv:1587,legacy_cleaned_corpus,2f64caaf4228bd36bc7c,entityschool tuition vs entityschool tuition
14ae25df5ae71d83,Georgia Tech job placement for aerospace engineering,georgia tech job placement for aerospace engineering,medium,intent_policy,0.98,Recognized intents consistently map to one frozen V1 route,,0.0,1,medium:1,medium:1,,career_outcomes,advisor,career_outcomes:1,advisor:1,Data - Shivansh.csv,Data - Shivansh.csv:3736,legacy_cleaned_corpus,d0687d4ccce8a647d6f4,entityschool job placement for entityprogram
14d7d643c2543a82,Columbia scholarships,columbia scholarships,medium,intent_policy,0.98,Recognized intents consistently map to one frozen V1 route,,0.0,2,medium:2,medium:2,,cost_financial_aid,advisor,cost_financial_aid:2,advisor:1|parent:1,Data - Shivansh.csv,Data - Shivansh.csv:405|Data - Shivansh.csv:3672,legacy_cleaned_corpus,741b6aa2dae04972e2c3,entityschool scholarships
15015a47aee485b7,what essays does NYU require,what essays does nyu require,medium,intent_policy,0.98,Recognized intents consistently map to one frozen V1 route,,0.0,1,medium:1,medium:1,,admissions_process,high_school_student,admissions_process:1,high_school_student:1,Data - Shivansh.csv,Data - Shivansh.csv:493,legacy_cleaned_corpus,e0880711f28fcb0ccf3b,what essays does entityschool require
150e17a9b4d99eb2,UC San Diego vs UT Austin for psychology,uc san diego vs ut austin for psychology,complex,intent_policy,0.98,Recognized intents consistently map to one frozen V1 route,,0.0,1,complex:1,complex:1,,comparison,counselor_teacher,comparison:1,counselor_teacher:1,Data - Shivansh.csv,Data - Shivansh.csv:2708,legacy_cleaned_corpus,302760a8b5dd7f263a23,entityschool vs entityschool for entityprogram
15457c40529e4742,Purdue tuition vs Penn State tuition,purdue tuition vs penn state tuition,complex,intent_policy,0.98,Recognized intents consistently map to one frozen V1 route,,0.0,1,complex:1,complex:1,,comparison,parent,comparison:1,parent:1,Data - Shivansh.csv,Data - Shivansh.csv:2626,legacy_cleaned_corpus,2f64caaf4228bd36bc7c,entityschool tuition vs entityschool tuition
16158acd2de69ebc,Arizona State internships,arizona state internships,short_circuit,intent_policy,0.98,Recognized intents consistently map to one frozen V1 route,,0.0,1,medium:1,medium:1,,attribute_lookup,counselor_teacher,attribute_lookup:1,counselor_teacher:1,Data - Shivansh.csv,Data - Shivansh.csv:2741,legacy_cleaned_corpus,bf90bd08f32032d6f763,entityschool internships
162bab7c7b1cc688,usc acceptance rate,usc acceptance rate,short_circuit,intent_policy,0.98,Recognized intents consistently map to one frozen V1 route,,0.0,2,short_circuit:2,short_circuit:2,short_circuit:1,attribute_lookup,high_school_student,attribute_lookup:2,high_school_student:2,Data - Anika.csv|Data Anthony.csv,Data - Anika.csv:63|Data Anthony.csv:21,legacy_cleaned_corpus,c478df48842744c7afae,entityschool acceptance rate
167b9af8bdfd9d63,how do i apply to UC Berkeley,how do i apply to uc berkeley,medium,intent_policy,0.98,Recognized intents consistently map to one frozen V1 route,,0.0,2,medium:2,medium:2,,admissions_process,advisor,admissions_process:2,advisor:2,Data - Shivansh.csv,Data - Shivansh.csv:1506|Data - Shivansh.csv:4037,legacy_cleaned_corpus,1496450265c0af168f52,how do i apply to entityschool
16d4ee0ef7c9aba5,Rice University chill campus,rice university chill campus,llm_needed,intent_policy,0.98,Recognized intents consistently map to one frozen V1 route,,0.0,1,llm_needed:1,llm_needed:1,,campus_life_fit,high_school_student,campus_life_fit:1,high_school_student:1,Data - Shivansh.csv,Data - Shivansh.csv:2057,legacy_cleaned_corpus,c042094b302ecb812a99,entityschool chill campus
17cc1128351ddbc2,University of Wisconsin vs Columbia,university of wisconsin vs columbia,complex,intent_policy,0.98,Recognized intents consistently map to one frozen V1 route,,0.0,1,complex:1,complex:1,,comparison,parent,comparison:1,parent:1,Data - Shivansh.csv,Data - Shivansh.csv:702,legacy_cleaned_corpus,ce0ab34d6e4892dbe532,entityschool vs entityschool
1800dc4633e8d812,what essays does USC require,what essays does usc require,medium,intent_policy,0.98,Recognized intents consistently map to one frozen V1 route,,0.0,3,medium:3,medium:3,,admissions_process,parent,admissions_process:3,college_student:1|high_school_student:1|parent:1,Data - Shivansh.csv,Data - Shivansh.csv:1185|Data - Shivansh.csv:1701|Data - Shivansh.csv:2433,legacy_cleaned_corpus,e0880711f28fcb0ccf3b,what essays does entityschool require
18350445b0f040f2,schools like Penn State but cheaper,schools like penn state but cheaper,complex,intent_policy,0.98,Recognized intents consistently map to one frozen V1 route,,0.0,2,complex:2,complex:2,,recommendation,high_school_student,recommendation:2,college_student:1|high_school_student:1,Data - Shivansh.csv,Data - Shivansh.csv:198|Data - Shivansh.csv:3519,legacy_cleaned_corpus,4cc872421a190decb5f0,schools like entityschool but cheaper
189ca8589bda081c,what essays does University of Maryland require,what essays does university of maryland require,medium,intent_policy,0.98,Recognized intents consistently map to one frozen V1 route,,0.0,2,medium:2,medium:2,,admissions_process,college_student,admissions_process:2,college_student:1|counselor_teacher:1,Data - Shivansh.csv,Data - Shivansh.csv:20|Data - Shivansh.csv:262,legacy_cleaned_corpus,e0880711f28fcb0ccf3b,what essays does entityschool require
18ed27329de67d1c,what essays does UC Irvine require,what essays does uc irvine require,medium,intent_policy,0.98,Recognized intents consistently map to one frozen V1 route,,0.0,2,medium:2,medium:2,,admissions_process,advisor,admissions_process:2,advisor:1|high_school_student:1,Data - Shivansh.csv,Data - Shivansh.csv:961|Data - Shivansh.csv:1434,legacy_cleaned_corpus,e0880711f28fcb0ccf3b,what essays does entityschool require
191fc14de0344472,Virginia Tech,virginia tech,short_circuit,intent_policy,0.98,Recognized intents consistently map to one frozen V1 route,,0.0,12,short_circuit:12,short_circuit:12,,exact_lookup,college_student,exact_lookup:12,advisor:3|college_student:3|counselor_teacher:3|high_school_student:2|parent:1,Data - Shivansh.csv,Data - Shivansh.csv:112|Data - Shivansh.csv:172|Data - Shivansh.csv:293|Data - Shivansh.csv:616|Data - Shivansh.csv:953|Data - Shivansh.csv:1462|Data - Shivansh.csv:1482|Data - Shivansh.csv:2437|Data - Shivansh.csv:2478|Data - Shivansh.csv:3219|Data - Shivansh.csv:3835|Data - Shivansh.csv:3945,legacy_cleaned_corpus,5040e700a4b470a4942d,entityschool
19752902f56ccf01,UC Irvine job placement for chemistry,uc irvine job placement for chemistry,medium,intent_policy,0.98,Recognized intents consistently map to one frozen V1 route,,0.0,2,complex:1|medium:1,complex:1|medium:1,,career_outcomes,advisor,career_outcomes:2,advisor:1|college_student:1,Data - Shivansh.csv,Data - Shivansh.csv:309|Data - Shivansh.csv:825,legacy_cleaned_corpus,d0687d4ccce8a647d6f4,entityschool job placement for entityprogram
19e9165bba14b0e9,Carnegie Mellon job placement for computer science,carnegie mellon job placement for computer science,medium,intent_policy,0.98,Recognized intents consistently map to one frozen V1 route,,0.0,1,medium:1,medium:1,,career_outcomes,college_student,career_outcomes:1,college_student:1,Data - Shivansh.csv,Data - Shivansh.csv:4397,legacy_cleaned_corpus,d0687d4ccce8a647d6f4,entityschool job placement for entityprogram
1a328d97fd33ac2f,does Boston University have mechanical engineering,does boston university have mechanical engineering,short_circuit,intent_policy,0.98,Recognized intents consistently map to one frozen V1 route,,0.0,1,short_circuit:1,short_circuit:1,,attribute_lookup,college_student,attribute_lookup:1,college_student:1,Data - Shivansh.csv,Data - Shivansh.csv:520,legacy_cleaned_corpus,c219f457f3de750170ac,does entityschool have entityprogram
1a578a7f900c589d,Boston University tuition vs University of Wisconsin tuition,boston university tuition vs university of wisconsin tuition,complex,intent_policy,0.98,Recognized intents consistently map to one frozen V1 route,,0.0,1,short_circuit:1,short_circuit:1,,comparison,high_school_student,comparison:1,high_school_student:1,Data - Shivansh.csv,Data - Shivansh.csv:1442,legacy_cleaned_corpus,2f64caaf4228bd36bc7c,entityschool tuition vs entityschool tuition
1a5f420f822ce77f,job placement for University of Florida,job placement for university of florida,short_circuit,intent_policy,0.98,Recognized intents consistently map to one frozen V1 route,,0.0,2,medium:2,medium:2,,attribute_lookup,advisor,attribute_lookup:2,advisor:1|parent:1,Data - Shivansh.csv,Data - Shivansh.csv:3579|Data - Shivansh.csv:4413,legacy_cleaned_corpus,2740e2ad8177799284ea,job placement for entityschool
1a7fc2c9bd52d91b,create reach target safety list for nursing in Texas under 20k,create reach target safety list for nursing in texas under 20k,short_circuit,intent_policy,0.98,Recognized intents consistently map to one frozen V1 route,,0.0,1,complex:1,complex:1,,exact_lookup,advisor,exact_lookup:1,advisor:1,Data - Shivansh.csv,Data - Shivansh.csv:861,legacy_cleaned_corpus,8f457c66fbb4240dbb95,create reach target safety list for entityprogram in entityplace under entitynumber
1ac67ae71809ea23,Caltech vs Penn State for aerospace engineering,caltech vs penn state for aerospace engineering,complex,intent_policy,0.98,Recognized intents consistently map to one frozen V1 route,,0.0,1,complex:1,complex:1,,comparison,parent,comparison:1,parent:1,Data - Shivansh.csv,Data - Shivansh.csv:822,legacy_cleaned_corpus,302760a8b5dd7f263a23,entityschool vs entityschool for entityprogram
1b05622464d32064,UCLA vs Northwestern,ucla vs northwestern,complex,intent_policy,0.98,Recognized intents consistently map to one frozen V1 route,,0.0,1,complex:1,complex:1,,comparison,advisor,comparison:1,advisor:1,Data - Shivansh.csv,Data - Shivansh.csv:3434,legacy_cleaned_corpus,ce0ab34d6e4892dbe532,entityschool vs entityschool
1b3586bda59d31ea,universities with strong biology,universities with strong biology,medium,intent_policy,0.98,Recognized intents consistently map to one frozen V1 route,,0.0,5,medium:5,medium:5,,filtered_search,college_student,filtered_search:5,advisor:1|college_student:2|counselor_teacher:1|parent:1,Data - Shivansh.csv,Data - Shivansh.csv:52|Data - Shivansh.csv:768|Data - Shivansh.csv:3353|Data - Shivansh.csv:3781|Data - Shivansh.csv:3864,legacy_cleaned_corpus,1222be73eac85d2d69e0,universities with strong entityprogram
1b4cea82a252fae2,Georgia Tech vs Princeton,georgia tech vs princeton,complex,intent_policy,0.98,Recognized intents consistently map to one frozen V1 route,,0.0,1,complex:1,complex:1,,comparison,college_student,comparison:1,college_student:1,Data - Shivansh.csv,Data - Shivansh.csv:1542,legacy_cleaned_corpus,ce0ab34d6e4892dbe532,entityschool vs entityschool
1b8fd89e3f9cd20b,Rice University vs University of Florida,rice university vs university of florida,complex,intent_policy,0.98,Recognized intents consistently map to one frozen V1 route,,0.0,1,complex:1,complex:1,,comparison,high_school_student,comparison:1,high_school_student:1,Data - Shivansh.csv,Data - Shivansh.csv:1123,legacy_cleaned_corpus,ce0ab34d6e4892dbe532,entityschool vs entityschool
1bc6de3f5075b08c,UT Austin vs Harvard,ut austin vs harvard,complex,intent_policy,0.98,Recognized intents consistently map to one frozen V1 route,,0.0,1,complex:1,complex:1,,comparison,counselor_teacher,comparison:1,counselor_teacher:1,Data - Shivansh.csv,Data - Shivansh.csv:4172,legacy_cleaned_corpus,ce0ab34d6e4892dbe532,entityschool vs entityschool
1c2487d82c45126e,Penn State tuition vs Caltech tuition,penn state tuition vs caltech tuition,complex,intent_policy,0.98,Recognized intents consistently map to one frozen V1 route,,0.0,1,complex:1,complex:1,,comparison,counselor_teacher,comparison:1,counselor_teacher:1,Data - Shivansh.csv,Data - Shivansh.csv:1122,legacy_cleaned_corpus,2f64caaf4228bd36bc7c,entityschool tuition vs entityschool tuition
1c2608dbe7905352,UC San Diego vs Princeton,uc san diego vs princeton,complex,intent_policy,0.98,Recognized intents consistently map to one frozen V1 route,,0.0,1,complex:1,complex:1,,comparison,advisor,comparison:1,advisor:1,Data - Shivansh.csv,Data - Shivansh.csv:3164,legacy_cleaned_corpus,ce0ab34d6e4892dbe532,entityschool vs entityschool
1c626c688a760bf2,University of Maryland vs MIT,university of maryland vs mit,complex,intent_policy,0.98,Recognized intents consistently map to one frozen V1 route,,0.0,1,complex:1,complex:1,,comparison,parent,comparison:1,parent:1,Data - Shivansh.csv,Data - Shivansh.csv:1142,legacy_cleaned_corpus,ce0ab34d6e4892dbe532,entityschool vs entityschool
1cf97f5da20bf1ff,Cornell vs UT Austin,cornell vs ut austin,complex,intent_policy,0.98,Recognized intents consistently map to one frozen V1 route,,0.0,1,complex:1,complex:1,,comparison,college_student,comparison:1,college_student:1,Data - Shivansh.csv,Data - Shivansh.csv:18,legacy_cleaned_corpus,ce0ab34d6e4892dbe532,entityschool vs entityschool
1d310a15dbe08167,does Penn State have nursing,does penn state have nursing,short_circuit,intent_policy,0.98,Recognized intents consistently map to one frozen V1 route,,0.0,1,medium:1,medium:1,,attribute_lookup,advisor,attribute_lookup:1,advisor:1,Data - Shivansh.csv,Data - Shivansh.csv:2548,legacy_cleaned_corpus,c219f457f3de750170ac,does entityschool have entityprogram
1d66d6bbc2cd61ad,schools like MIT but cheaper,schools like mit but cheaper,complex,intent_policy,0.98,Recognized intents consistently map to one frozen V1 route,,0.0,3,complex:2|medium:1,complex:2|medium:1,,recommendation,advisor,recommendation:3,advisor:1|college_student:1|counselor_teacher:1,Data - Shivansh.csv,Data - Shivansh.csv:1652|Data - Shivansh.csv:3611|Data - Shivansh.csv:4280,legacy_cleaned_corpus,4cc872421a190decb5f0,schools like entityschool but cheaper
1d9161cdbe58a122,create reach target safety list for architecture in California full ride options,create reach target safety list for architecture in california full ride options,medium,intent_policy,0.98,Recognized intents consistently map to one frozen V1 route,,0.0,1,medium:1,medium:1,,b2b_partnership,advisor,b2b_partnership:1,advisor:1,Data - Shivansh.csv,Data - Shivansh.csv:376,legacy_cleaned_corpus,b205d3c4a76cd86573c5,create reach target safety list for entityprogram in entityplace full ride options
1da55c7e424e575b,NYU job placement for architecture,nyu job placement for architecture,medium,intent_policy,0.98,Recognized intents consistently map to one frozen V1 route,,0.0,1,medium:1,medium:1,,career_outcomes,advisor,career_outcomes:1,advisor:1,Data - Shivansh.csv,Data - Shivansh.csv:117,legacy_cleaned_corpus,d0687d4ccce8a647d6f4,entityschool job placement for entityprogram
1dba53c0528cf66c,what schools should i apply to for aerospace engineering near the beach low tuition,what schools should i apply to for aerospace engineering near the beach low tuition,complex,intent_policy,0.98,Recognized intents consistently map to one frozen V1 route,,0.0,1,complex:1,complex:1,,recommendation,high_school_student,recommendation:1,high_school_student:1,Data - Shivansh.csv,Data - Shivansh.csv:798,legacy_cleaned_corpus,8e8ae965685af79310b0,what schools should i apply to for entityprogram near the beach low tuition
1dbe9866e2510707,University of Florida tuition vs Columbia tuition,university of florida tuition vs columbia tuition,complex,intent_policy,0.98,Recognized intents consistently map to one frozen V1 route,,0.0,1,complex:1,complex:1,,comparison,parent,comparison:1,parent:1,Data - Shivansh.csv,Data - Shivansh.csv:3165,legacy_cleaned_corpus,2f64caaf4228bd36bc7c,entityschool tuition vs entityschool tuition
1dc05e84ae73bebe,University of Florida job placement for biology,university of florida job placement for biology,medium,intent_policy,0.98,Recognized intents consistently map to one frozen V1 route,,0.0,1,medium:1,medium:1,,career_outcomes,college_student,career_outcomes:1,college_student:1,Data - Shivansh.csv,Data - Shivansh.csv:2191,legacy_cleaned_corpus,d0687d4ccce8a647d6f4,entityschool job placement for entityprogram
1de1f2507e42060e,Northeastern financial aid for out of state,northeastern financial aid for out of state,medium,intent_policy,0.98,Recognized intents consistently map to one frozen V1 route,,0.0,1,medium:1,medium:1,,cost_financial_aid,parent,cost_financial_aid:1,parent:1,Data - Shivansh.csv,Data - Shivansh.csv:1201,legacy_cleaned_corpus,c5b667203cefd8b33b33,entityschool financial aid for out of state
1e685d59a429ffcd,does Virginia Tech have computer science,does virginia tech have computer science,short_circuit,intent_policy,0.98,Recognized intents consistently map to one frozen V1 route,,0.0,1,short_circuit:1,short_circuit:1,,attribute_lookup,college_student,attribute_lookup:1,college_student:1,Data - Shivansh.csv,Data - Shivansh.csv:280,legacy_cleaned_corpus,c219f457f3de750170ac,does entityschool have entityprogram
1e725dd64d956cb5,schools like Cornell but cheaper,schools like cornell but cheaper,complex,intent_policy,0.98,Recognized intents consistently map to one frozen V1 route,,0.0,2,complex:2,complex:2,,recommendation,advisor,recommendation:2,advisor:1|college_student:1,Data - Shivansh.csv,Data - Shivansh.csv:841|Data - Shivansh.csv:908,legacy_cleaned_corpus,4cc872421a190decb5f0,schools like entityschool but cheaper
1e9ee5d0799949a9,does Stanford have business,does stanford have business,short_circuit,intent_policy,0.98,Recognized intents consistently map to one frozen V1 route,,0.0,1,short_circuit:1,short_circuit:1,,attribute_lookup,parent,attribute_lookup:1,parent:1,Data - Shivansh.csv,Data - Shivansh.csv:622,legacy_cleaned_corpus,c219f457f3de750170ac,does entityschool have entityprogram
1ee14263d1c026dc,does UCLA have nursing,does ucla have nursing,short_circuit,intent_policy,0.98,Recognized intents consistently map to one frozen V1 route,,0.0,1,medium:1,medium:1,,attribute_lookup,parent,attribute_lookup:1,parent:1,Data - Shivansh.csv,Data - Shivansh.csv:3966,legacy_cleaned_corpus,c219f457f3de750170ac,does entityschool have entityprogram
1f41b12ce5a50264,affordable business schools in Texas with good job placement,affordable business schools in texas with good job placement,complex,intent_policy,0.98,Recognized intents consistently map to one frozen V1 route,,0.0,1,llm_needed:1,llm_needed:1,,multi_constraint,advisor,multi_constraint:1,advisor:1,Data - Shivansh.csv,Data - Shivansh.csv:455,legacy_cleaned_corpus,72fe78ed7fe75ef13d14,affordable entityprogram schools in entityplace with good job placement
1f840436172ae882,UT Austin vs UC Berkeley for mechanical engineering,ut austin vs uc berkeley for mechanical engineering,complex,intent_policy,0.98,Recognized intents consistently map to one frozen V1 route,,0.0,1,complex:1,complex:1,,comparison,parent,comparison:1,parent:1,Data - Shivansh.csv,Data - Shivansh.csv:1547,legacy_cleaned_corpus,302760a8b5dd7f263a23,entityschool vs entityschool for entityprogram
1fbd78277b0a635d,University of Washington financial aid for out of state,university of washington financial aid for out of state,medium,intent_policy,0.98,Recognized intents consistently map to one frozen V1 route,,0.0,1,medium:1,medium:1,,cost_financial_aid,advisor,cost_financial_aid:1,advisor:1,Data - Shivansh.csv,Data - Shivansh.csv:1221,legacy_cleaned_corpus,c5b667203cefd8b33b33,entityschool financial aid for out of state
204dec820227d7bc,Rice University average SAT,rice university average sat,short_circuit,intent_policy,0.98,Recognized intents consistently map to one frozen V1 route,,0.0,1,medium:1,medium:1,,attribute_lookup,college_student,attribute_lookup:1,college_student:1,Data - Shivansh.csv,Data - Shivansh.csv:4087,legacy_cleaned_corpus,5e65ab17c95c39987c97,entityschool average sat
20f64aaef8f58c24,cheapest biology schools near a tech hub,cheapest biology schools near a tech hub,medium,intent_policy,0.98,Recognized intents consistently map to one frozen V1 route,,0.0,1,medium:1,medium:1,,cost_financial_aid,advisor,cost_financial_aid:1,advisor:1,Data - Shivansh.csv,Data - Shivansh.csv:3170,legacy_cleaned_corpus,5d626861f40957135305,cheapest entityprogram schools near a tech hub
210f3957a7cf2347,recommend small colleges in the Midwest for engineering not too competitive,recommend small colleges in the midwest for engineering not too competitive,complex,intent_policy,0.98,Recognized intents consistently map to one frozen V1 route,,0.0,1,complex:1,complex:1,,recommendation,counselor_teacher,recommendation:1,counselor_teacher:1,Data - Shivansh.csv,Data - Shivansh.csv:1239,legacy_cleaned_corpus,82183160ee871d63aaa4,recommend small colleges in the entityplace for entityprogram not too competitive
213e3f53bf1bab78,schools like UC Irvine but cheaper,schools like uc irvine but cheaper,complex,intent_policy,0.98,Recognized intents consistently map to one frozen V1 route,,0.0,1,complex:1,complex:1,,recommendation,college_student,recommendation:1,college_student:1,Data - Shivansh.csv,Data - Shivansh.csv:418,legacy_cleaned_corpus,4cc872421a190decb5f0,schools like entityschool but cheaper
21e8211d0fad6a81,affordable business schools in California with good internships,affordable business schools in california with good internships,complex,intent_policy,0.98,Recognized intents consistently map to one frozen V1 route,,0.0,1,complex:1,complex:1,,multi_constraint,advisor,multi_constraint:1,advisor:1,Data - Shivansh.csv,Data - Shivansh.csv:2931,legacy_cleaned_corpus,2c4689b53d9ef03f56f3,affordable entityprogram schools in entityplace with good internships
21e8cabe855849bd,uc san diego,uc san diego,short_circuit,manual_override,1.0,Exact school lookup,,0.0,14,llm_needed:1|medium:1|short_circuit:12,llm_needed:1|medium:1|short_circuit:12,,exact_lookup,parent,exact_lookup:14,advisor:3|college_student:2|counselor_teacher:3|high_school_student:2|parent:4,Data - Shivansh.csv,Data - Shivansh.csv:260|Data - Shivansh.csv:638|Data - Shivansh.csv:675|Data - Shivansh.csv:783|Data - Shivansh.csv:1133|Data - Shivansh.csv:1257|Data - Shivansh.csv:1312|Data - Shivansh.csv:1325|Data - Shivansh.csv:1435|Data - Shivansh.csv:1540|Data - Shivansh.csv:1649|Data - Shivansh.csv:2410|Data - Shivansh.csv:2720|Data - Shivansh.csv:3313,legacy_cleaned_corpus,5040e700a4b470a4942d,entityschool
221307d5b524cca1,does UC Berkeley have chemistry,does uc berkeley have chemistry,short_circuit,intent_policy,0.98,Recognized intents consistently map to one frozen V1 route,,0.0,1,medium:1,medium:1,,attribute_lookup,counselor_teacher,attribute_lookup:1,counselor_teacher:1,Data - Shivansh.csv,Data - Shivansh.csv:2707,legacy_cleaned_corpus,c219f457f3de750170ac,does entityschool have entityprogram
223382e3474ac9b1,schools like Virginia Tech but cheaper,schools like virginia tech but cheaper,complex,intent_policy,0.98,Recognized intents consistently map to one frozen V1 route,,0.0,3,complex:3,complex:3,,recommendation,counselor_teacher,recommendation:3,college_student:1|counselor_teacher:1|high_school_student:1,Data - Shivansh.csv,Data - Shivansh.csv:599|Data - Shivansh.csv:852|Data - Shivansh.csv:1624,legacy_cleaned_corpus,4cc872421a190decb5f0,schools like entityschool but cheaper
2259a54a9589e55e,University of Florida chill campus,university of florida chill campus,llm_needed,intent_policy,0.98,Recognized intents consistently map to one frozen V1 route,,0.0,1,llm_needed:1,llm_needed:1,,campus_life_fit,college_student,campus_life_fit:1,college_student:1,Data - Shivansh.csv,Data - Shivansh.csv:2316,legacy_cleaned_corpus,c042094b302ecb812a99,entityschool chill campus
225ba9090c57a200,what essays does University of Wisconsin require,what essays does university of wisconsin require,medium,intent_policy,0.98,Recognized intents consistently map to one frozen V1 route,,0.0,2,medium:2,medium:2,,admissions_process,college_student,admissions_process:2,college_student:1|high_school_student:1,Data - Shivansh.csv,Data - Shivansh.csv:595|Data - Shivansh.csv:1340,legacy_cleaned_corpus,e0880711f28fcb0ccf3b,what essays does entityschool require
228532c0b2c3360c,does University of Washington have aerospace engineering,does university of washington have aerospace engineering,short_circuit,intent_policy,0.98,Recognized intents consistently map to one frozen V1 route,,0.0,1,short_circuit:1,short_circuit:1,,attribute_lookup,high_school_student,attribute_lookup:1,high_school_student:1,Data - Shivansh.csv,Data - Shivansh.csv:820,legacy_cleaned_corpus,c219f457f3de750170ac,does entityschool have entityprogram
22a4d24abd26e836,Northwestern tuition vs Columbia tuition,northwestern tuition vs columbia tuition,complex,intent_policy,0.98,Recognized intents consistently map to one frozen V1 route,,0.0,1,complex:1,complex:1,,comparison,parent,comparison:1,parent:1,Data - Shivansh.csv,Data - Shivansh.csv:4269,legacy_cleaned_corpus,2f64caaf4228bd36bc7c,entityschool tuition vs entityschool tuition
22d3cf74325e8134,best computer science schools in Texas,best computer science schools in texas,medium,intent_policy,0.98,Recognized intents consistently map to one frozen V1 route,,0.0,1,medium:1,medium:1,,filtered_search,high_school_student,filtered_search:1,high_school_student:1,Data - Shivansh.csv,Data - Shivansh.csv:2291,legacy_cleaned_corpus,95c816a8832e9f5b6f9f,best entityprogram schools in entityplace
22eb19b998062d73,MIT campus culture,mit campus culture,llm_needed,intent_policy,0.98,Recognized intents consistently map to one frozen V1 route,,0.0,3,llm_needed:3,llm_needed:3,,campus_life_fit,counselor_teacher,campus_life_fit:3,advisor:1|counselor_teacher:2,Data - Shivansh.csv,Data - Shivansh.csv:2554|Data - Shivansh.csv:3684|Data - Shivansh.csv:4402,legacy_cleaned_corpus,c273440fb1ec037f5992,entityschool campus culture
22f75bc8ca745394,does Caltech have economics,does caltech have economics,short_circuit,intent_policy,0.98,Recognized intents consistently map to one frozen V1 route,,0.0,1,medium:1,medium:1,,attribute_lookup,parent,attribute_lookup:1,parent:1,Data - Shivansh.csv,Data - Shivansh.csv:3628,legacy_cleaned_corpus,c219f457f3de750170ac,does entityschool have entityprogram
2349a82c0443e6a7,Purdue scholarships,purdue scholarships,medium,intent_policy,0.98,Recognized intents consistently map to one frozen V1 route,,0.0,3,complex:1|medium:2,complex:1|medium:2,,cost_financial_aid,advisor,cost_financial_aid:3,advisor:1|college_student:1|counselor_teacher:1,Data - Shivansh.csv,Data - Shivansh.csv:1585|Data - Shivansh.csv:1805|Data - Shivansh.csv:3967,legacy_cleaned_corpus,741b6aa2dae04972e2c3,entityschool scholarships
238bccdb1c16a293,MIT vs UC Berkeley for business,mit vs uc berkeley for business,complex,intent_policy,0.98,Recognized intents consistently map to one frozen V1 route,,0.0,1,complex:1,complex:1,,comparison,counselor_teacher,comparison:1,counselor_teacher:1,Data - Shivansh.csv,Data - Shivansh.csv:1056,legacy_cleaned_corpus,302760a8b5dd7f263a23,entityschool vs entityschool for entityprogram
244db06db608b6b6,Purdue tuition vs Northwestern tuition,purdue tuition vs northwestern tuition,complex,intent_policy,0.98,Recognized intents consistently map to one frozen V1 route,,0.0,1,complex:1,complex:1,,comparison,advisor,comparison:1,advisor:1,Data - Shivansh.csv,Data - Shivansh.csv:2944,legacy_cleaned_corpus,2f64caaf4228bd36bc7c,entityschool tuition vs entityschool tuition
24a5dabeb4898ed5,cheapest engineering schools near a tech hub,cheapest engineering schools near a tech hub,medium,intent_policy,0.98,Recognized intents consistently map to one frozen V1 route,,0.0,1,medium:1,medium:1,,cost_financial_aid,college_student,cost_financial_aid:1,college_student:1,Data - Shivansh.csv,Data - Shivansh.csv:3645,legacy_cleaned_corpus,5d626861f40957135305,cheapest entityprogram schools near a tech hub
24cb065143fe97cf,Cornell job placement for nursing,cornell job placement for nursing,medium,intent_policy,0.98,Recognized intents consistently map to one frozen V1 route,,0.0,1,medium:1,medium:1,,career_outcomes,college_student,career_outcomes:1,college_student:1,Data - Shivansh.csv,Data - Shivansh.csv:2139,legacy_cleaned_corpus,d0687d4ccce8a647d6f4,entityschool job placement for entityprogram
24d77a251fd1ee74,USC tuition vs Purdue tuition,usc tuition vs purdue tuition,complex,intent_policy,0.98,Recognized intents consistently map to one frozen V1 route,,0.0,1,complex:1,complex:1,,comparison,high_school_student,comparison:1,high_school_student:1,Data - Shivansh.csv,Data - Shivansh.csv:840,legacy_cleaned_corpus,2f64caaf4228bd36bc7c,entityschool tuition vs entityschool tuition
251445215788637c,does Northwestern have psychology,does northwestern have psychology,short_circuit,intent_policy,0.98,Recognized intents consistently map to one frozen V1 route,,0.0,2,medium:2,medium:2,,attribute_lookup,parent,attribute_lookup:2,advisor:1|parent:1,Data - Shivansh.csv,Data - Shivansh.csv:3292|Data - Shivansh.csv:3956,legacy_cleaned_corpus,c219f457f3de750170ac,does entityschool have entityprogram
257c4b1f2749c6ee,NYU vs UC Berkeley for chemistry,nyu vs uc berkeley for chemistry,complex,intent_policy,0.98,Recognized intents consistently map to one frozen V1 route,,0.0,1,complex:1,complex:1,,comparison,advisor,comparison:1,advisor:1,Data - Shivansh.csv,Data - Shivansh.csv:2538,legacy_cleaned_corpus,302760a8b5dd7f263a23,entityschool vs entityschool for entityprogram
258300c009faabc1,universities with strong engineering,universities with strong engineering,medium,intent_policy,0.98,Recognized intents consistently map to one frozen V1 route,,0.0,5,medium:5,medium:5,,filtered_search,college_student,filtered_search:5,college_student:2|counselor_teacher:2|parent:1,Data - Shivansh.csv,Data - Shivansh.csv:129|Data - Shivansh.csv:685|Data - Shivansh.csv:2158|Data - Shivansh.csv:2982|Data - Shivansh.csv:3738,legacy_cleaned_corpus,1222be73eac85d2d69e0,universities with strong entityprogram
25c7032a6e598cf4,medium-sized nursing colleges near the beach under 30k,medium-sized nursing colleges near the beach under 30k,complex,intent_policy,0.98,Recognized intents consistently map to one frozen V1 route,,0.0,1,complex:1,complex:1,,multi_constraint,parent,multi_constraint:1,parent:1,Data - Shivansh.csv,Data - Shivansh.csv:4495,legacy_cleaned_corpus,172d66456a31b638a424,medium sized entityprogram colleges near the beach under entitynumber
260064d5478b02c0,rankings for Northeastern,rankings for northeastern,short_circuit,intent_policy,0.98,Recognized intents consistently map to one frozen V1 route,,0.0,1,short_circuit:1,short_circuit:1,,attribute_lookup,high_school_student,attribute_lookup:1,high_school_student:1,Data - Shivansh.csv,Data - Shivansh.csv:609,legacy_cleaned_corpus,6bdfd86265913f6b0a0f,rankings for entityschool
2650c7136a16a722,Virginia Tech scholarships,virginia tech scholarships,medium,intent_policy,0.98,Recognized intents consistently map to one frozen V1 route,,0.0,6,medium:6,medium:6,,cost_financial_aid,counselor_teacher,cost_financial_aid:6,college_student:1|counselor_teacher:3|high_school_student:1|parent:1,Data - Shivansh.csv,Data - Shivansh.csv:1483|Data - Shivansh.csv:1788|Data - Shivansh.csv:2457|Data - Shivansh.csv:2858|Data - Shivansh.csv:2862|Data - Shivansh.csv:3440,legacy_cleaned_corpus,741b6aa2dae04972e2c3,entityschool scholarships
2679854e0e86d1e3,four year cost of Georgia Tech including housing,four year cost of georgia tech including housing,complex,intent_policy,0.98,Recognized intents consistently map to one frozen V1 route,,0.0,1,complex:1,complex:1,,rewrite_needed,parent,rewrite_needed:1,parent:1,Data - Shivansh.csv,Data - Shivansh.csv:1098,legacy_cleaned_corpus,77f4f7a26cd4cc07453e,four year cost of entityschool including housing
268217da7d6a28a0,UC Berkeley tuition vs Harvard tuition,uc berkeley tuition vs harvard tuition,complex,intent_policy,0.98,Recognized intents consistently map to one frozen V1 route,,0.0,1,complex:1,complex:1,,comparison,high_school_student,comparison:1,high_school_student:1,Data - Shivansh.csv,Data - Shivansh.csv:963,legacy_cleaned_corpus,2f64caaf4228bd36bc7c,entityschool tuition vs entityschool tuition
26b0f93b8b26e24e,University of Michigan vs Stanford for psychology,university of michigan vs stanford for psychology,complex,intent_policy,0.98,Recognized intents consistently map to one frozen V1 route,,0.0,1,medium:1,medium:1,,comparison,high_school_student,comparison:1,high_school_student:1,Data - Shivansh.csv,Data - Shivansh.csv:1292,legacy_cleaned_corpus,302760a8b5dd7f263a23,entityschool vs entityschool for entityprogram
26b3703353b64452,Vanderbilt financial aid for out of state,vanderbilt financial aid for out of state,medium,intent_policy,0.98,Recognized intents consistently map to one frozen V1 route,,0.0,1,medium:1,medium:1,,cost_financial_aid,parent,cost_financial_aid:1,parent:1,Data - Shivansh.csv,Data - Shivansh.csv:1748,legacy_cleaned_corpus,c5b667203cefd8b33b33,entityschool financial aid for out of state
289fe113ce91ad54,UC Irvine financial aid for out of state,uc irvine financial aid for out of state,medium,intent_policy,0.98,Recognized intents consistently map to one frozen V1 route,,0.0,1,medium:1,medium:1,,cost_financial_aid,high_school_student,cost_financial_aid:1,high_school_student:1,Data - Shivansh.csv,Data - Shivansh.csv:2132,legacy_cleaned_corpus,c5b667203cefd8b33b33,entityschool financial aid for out of state
28b7fbab0589999a,UCLA financial aid for out of state,ucla financial aid for out of state,medium,intent_policy,0.98,Recognized intents consistently map to one frozen V1 route,,0.0,2,medium:2,medium:2,,cost_financial_aid,high_school_student,cost_financial_aid:2,counselor_teacher:1|high_school_student:1,Data - Shivansh.csv,Data - Shivansh.csv:1256|Data - Shivansh.csv:1444,legacy_cleaned_corpus,c5b667203cefd8b33b33,entityschool financial aid for out of state
2955705e5b6c0a0d,University of Michigan chill campus,university of michigan chill campus,llm_needed,intent_policy,0.98,Recognized intents consistently map to one frozen V1 route,,0.0,2,llm_needed:2,llm_needed:2,,campus_life_fit,parent,campus_life_fit:2,counselor_teacher:1|parent:1,Data - Shivansh.csv,Data - Shivansh.csv:34|Data - Shivansh.csv:748,legacy_cleaned_corpus,c042094b302ecb812a99,entityschool chill campus
2978b2da3b083673,UCLA vibe,ucla vibe,llm_needed,intent_policy,0.98,Recognized intents consistently map to one frozen V1 route,,0.0,2,llm_needed:2,llm_needed:2,,campus_life_fit,high_school_student,campus_life_fit:2,counselor_teacher:1|high_school_student:1,Data - Shivansh.csv,Data - Shivansh.csv:177|Data - Shivansh.csv:2434,legacy_cleaned_corpus,dd3ca97cc2f8d6c117da,entityschool vibe
29aa5c7c310f0e61,Purdue tuition vs UT Austin tuition,purdue tuition vs ut austin tuition,complex,intent_policy,0.98,Recognized intents consistently map to one frozen V1 route,,0.0,1,complex:1,complex:1,,comparison,high_school_student,comparison:1,high_school_student:1,Data - Shivansh.csv,Data - Shivansh.csv:450,legacy_cleaned_corpus,2f64caaf4228bd36bc7c,entityschool tuition vs entityschool tuition
2a22e34a34142f7c,how do i apply to Purdue,how do i apply to purdue,medium,intent_policy,0.98,Recognized intents consistently map to one frozen V1 route,,0.0,2,medium:2,medium:2,,admissions_process,advisor,admissions_process:2,advisor:1|college_student:1,Data - Shivansh.csv,Data - Shivansh.csv:1230|Data - Shivansh.csv:4218,legacy_cleaned_corpus,1496450265c0af168f52,how do i apply to entityschool
2a2c8bfdbd474d09,Vanderbilt scholarships,vanderbilt scholarships,medium,intent_policy,0.98,Recognized intents consistently map to one frozen V1 route,,0.0,2,medium:2,medium:2,,cost_financial_aid,college_student,cost_financial_aid:2,advisor:1|college_student:1,Data - Shivansh.csv,Data - Shivansh.csv:1398|Data - Shivansh.csv:1853,legacy_cleaned_corpus,741b6aa2dae04972e2c3,entityschool scholarships
2a5daa8445b8639d,Northeastern tuition vs University of Washington tuition,northeastern tuition vs university of washington tuition,complex,intent_policy,0.98,Recognized intents consistently map to one frozen V1 route,,0.0,1,complex:1,complex:1,,comparison,college_student,comparison:1,college_student:1,Data - Shivansh.csv,Data - Shivansh.csv:515,legacy_cleaned_corpus,2f64caaf4228bd36bc7c,entityschool tuition vs entityschool tuition
2a8fbf1f557b3030,what essays does UC Berkeley require,what essays does uc berkeley require,medium,intent_policy,0.98,Recognized intents consistently map to one frozen V1 route,,0.0,1,medium:1,medium:1,,admissions_process,advisor,admissions_process:1,advisor:1,Data - Shivansh.csv,Data - Shivansh.csv:2338,legacy_cleaned_corpus,e0880711f28fcb0ccf3b,what essays does entityschool require
2a9ca2e1dd78f751,affordable aerospace engineering schools in California with good internships,affordable aerospace engineering schools in california with good internships,complex,intent_policy,0.98,Recognized intents consistently map to one frozen V1 route,,0.0,1,complex:1,complex:1,,multi_constraint,college_student,multi_constraint:1,college_student:1,Data - Shivansh.csv,Data - Shivansh.csv:3811,legacy_cleaned_corpus,2c4689b53d9ef03f56f3,affordable entityprogram schools in entityplace with good internships
2b1faef525d9f845,UT Austin vs Northwestern,ut austin vs northwestern,complex,intent_policy,0.98,Recognized intents consistently map to one frozen V1 route,,0.0,1,complex:1,complex:1,,comparison,counselor_teacher,comparison:1,counselor_teacher:1,Data - Shivansh.csv,Data - Shivansh.csv:279,legacy_cleaned_corpus,ce0ab34d6e4892dbe532,entityschool vs entityschool
2bd1cf77d12de4f5,job placement for Rice University,job placement for rice university,short_circuit,intent_policy,0.98,Recognized intents consistently map to one frozen V1 route,,0.0,1,medium:1,medium:1,,attribute_lookup,advisor,attribute_lookup:1,advisor:1,Data - Shivansh.csv,Data - Shivansh.csv:4019,legacy_cleaned_corpus,2740e2ad8177799284ea,job placement for entityschool
2bfc3ec533effbb2,Georgia Tech vs MIT engineering,georgia tech vs mit engineering,complex,intent_policy,0.98,Recognized intents consistently map to one frozen V1 route,,0.0,1,medium:1,medium:1,,comparison,high_school_student,comparison:1,high_school_student:1,Data Anthony.csv,Data Anthony.csv:37,legacy_cleaned_corpus,e7b726a3094a0a2a332d,entityschool vs entityschool entityprogram
2c6dcfb9c823a872,rankings for Penn State,rankings for penn state,short_circuit,intent_policy,0.98,Recognized intents consistently map to one frozen V1 route,,0.0,1,short_circuit:1,short_circuit:1,,attribute_lookup,parent,attribute_lookup:1,parent:1,Data - Shivansh.csv,Data - Shivansh.csv:2011,legacy_cleaned_corpus,6bdfd86265913f6b0a0f,rankings for entityschool
2c802ee552c3e0fd,University of Michigan tuition vs Purdue tuition,university of michigan tuition vs purdue tuition,complex,intent_policy,0.98,Recognized intents consistently map to one frozen V1 route,,0.0,2,complex:2,complex:2,,comparison,college_student,comparison:2,college_student:1|counselor_teacher:1,Data - Shivansh.csv,Data - Shivansh.csv:2196|Data - Shivansh.csv:3980,legacy_cleaned_corpus,2f64caaf4228bd36bc7c,entityschool tuition vs entityschool tuition
2c846bda509d7d12,boston university,boston university,short_circuit,intent_policy,0.98,Recognized intents consistently map to one frozen V1 route,,0.0,5,llm_needed:1|short_circuit:4,llm_needed:1|short_circuit:4,short_circuit:1,exact_lookup,counselor_teacher,exact_lookup:5,advisor:1|college_student:1|counselor_teacher:2|parent:1,Data - Anika.csv|Data - Shivansh.csv,Data - Anika.csv:142|Data - Shivansh.csv:106|Data - Shivansh.csv:1039|Data - Shivansh.csv:2113|Data - Shivansh.csv:2133,legacy_cleaned_corpus,5040e700a4b470a4942d,entityschool
2ce12b238674158e,University of Wisconsin financial aid for out of state,university of wisconsin financial aid for out of state,medium,intent_policy,0.98,Recognized intents consistently map to one frozen V1 route,,0.0,2,medium:2,medium:2,,cost_financial_aid,high_school_student,cost_financial_aid:2,high_school_student:2,Data - Shivansh.csv,Data - Shivansh.csv:870|Data - Shivansh.csv:1813,legacy_cleaned_corpus,c5b667203cefd8b33b33,entityschool financial aid for out of state
2e1f0b1322a9ed98,NYU vs Duke for engineering,nyu vs duke for engineering,complex,intent_policy,0.98,Recognized intents consistently map to one frozen V1 route,,0.0,1,complex:1,complex:1,,comparison,parent,comparison:1,parent:1,Data - Shivansh.csv,Data - Shivansh.csv:3554,legacy_cleaned_corpus,302760a8b5dd7f263a23,entityschool vs entityschool for entityprogram
2e2a0a4653e2da97,cheapest philosophy schools near a tech hub,cheapest philosophy schools near a tech hub,medium,intent_policy,0.98,Recognized intents consistently map to one frozen V1 route,,0.0,2,medium:2,medium:2,,cost_financial_aid,advisor,cost_financial_aid:2,advisor:2,Data - Shivansh.csv,Data - Shivansh.csv:4052|Data - Shivansh.csv:4270,legacy_cleaned_corpus,5d626861f40957135305,cheapest entityprogram schools near a tech hub
2ef81430000e3263,what essays does Purdue require,what essays does purdue require,medium,intent_policy,0.98,Recognized intents consistently map to one frozen V1 route,,0.0,2,medium:2,medium:2,,admissions_process,counselor_teacher,admissions_process:2,counselor_teacher:1|parent:1,Data - Shivansh.csv,Data - Shivansh.csv:940|Data - Shivansh.csv:1347,legacy_cleaned_corpus,e0880711f28fcb0ccf3b,what essays does entityschool require
2fa351259a563249,Cornell financial aid for out of state,cornell financial aid for out of state,medium,intent_policy,0.98,Recognized intents consistently map to one frozen V1 route,,0.0,1,medium:1,medium:1,,cost_financial_aid,college_student,cost_financial_aid:1,college_student:1,Data - Shivansh.csv,Data - Shivansh.csv:1204,legacy_cleaned_corpus,c5b667203cefd8b33b33,entityschool financial aid for out of state
2fa576cbfeb180a8,Caltech campus culture,caltech campus culture,llm_needed,intent_policy,0.98,Recognized intents consistently map to one frozen V1 route,,0.0,2,llm_needed:2,llm_needed:2,,campus_life_fit,parent,campus_life_fit:2,counselor_teacher:1|parent:1,Data - Shivansh.csv,Data - Shivansh.csv:2785|Data - Shivansh.csv:3107,legacy_cleaned_corpus,c273440fb1ec037f5992,entityschool campus culture
2fbdc6caa1ab6abb,does UC Berkeley have business,does uc berkeley have business,short_circuit,intent_policy,0.98,Recognized intents consistently map to one frozen V1 route,,0.0,3,medium:1|short_circuit:2,medium:1|short_circuit:2,,attribute_lookup,advisor,attribute_lookup:3,advisor:2|counselor_teacher:1,Data - Shivansh.csv,Data - Shivansh.csv:457|Data - Shivansh.csv:1298|Data - Shivansh.csv:2954,legacy_cleaned_corpus,c219f457f3de750170ac,does entityschool have entityprogram
30131b869b5d1e70,UCLA tuition vs Rice University tuition,ucla tuition vs rice university tuition,complex,intent_policy,0.98,Recognized intents consistently map to one frozen V1 route,,0.0,1,complex:1,complex:1,,comparison,college_student,comparison:1,college_student:1,Data - Shivansh.csv,Data - Shivansh.csv:290,legacy_cleaned_corpus,2f64caaf4228bd36bc7c,entityschool tuition vs entityschool tuition
307ce9a5393a6bee,schools like USC but cheaper,schools like usc but cheaper,complex,intent_policy,0.98,Recognized intents consistently map to one frozen V1 route,,0.0,5,complex:5,complex:5,,recommendation,counselor_teacher,recommendation:5,advisor:1|college_student:1|counselor_teacher:2|parent:1,Data - Shivansh.csv,Data - Shivansh.csv:821|Data - Shivansh.csv:2260|Data - Shivansh.csv:2339|Data - Shivansh.csv:3375|Data - Shivansh.csv:3867,legacy_cleaned_corpus,4cc872421a190decb5f0,schools like entityschool but cheaper
31350d0adfcd7c75,schools like Carnegie Mellon but cheaper,schools like carnegie mellon but cheaper,complex,intent_policy,0.98,Recognized intents consistently map to one frozen V1 route,,0.0,5,complex:3|llm_needed:1|medium:1,complex:3|llm_needed:1|medium:1,,recommendation,parent,recommendation:5,advisor:1|counselor_teacher:1|high_school_student:1|parent:2,Data - Shivansh.csv,Data - Shivansh.csv:202|Data - Shivansh.csv:1241|Data - Shivansh.csv:1795|Data - Shivansh.csv:3891|Data - Shivansh.csv:4017,legacy_cleaned_corpus,4cc872421a190decb5f0,schools like entityschool but cheaper
31d34731f390bd4a,best psychology schools in California,best psychology schools in california,medium,intent_policy,0.98,Recognized intents consistently map to one frozen V1 route,,0.0,1,medium:1,medium:1,,filtered_search,advisor,filtered_search:1,advisor:1,Data - Shivansh.csv,Data - Shivansh.csv:1611,legacy_cleaned_corpus,95c816a8832e9f5b6f9f,best entityprogram schools in entityplace
31e267266f8fa086,Northwestern vs UC San Diego,northwestern vs uc san diego,complex,intent_policy,0.98,Recognized intents consistently map to one frozen V1 route,,0.0,1,complex:1,complex:1,,comparison,counselor_teacher,comparison:1,counselor_teacher:1,Data - Shivansh.csv,Data - Shivansh.csv:488,legacy_cleaned_corpus,ce0ab34d6e4892dbe532,entityschool vs entityschool
320e7a90e02066cc,Northeastern vs University of Michigan for pre-med,northeastern vs university of michigan for pre-med,complex,intent_policy,0.98,Recognized intents consistently map to one frozen V1 route,,0.0,1,complex:1,complex:1,,comparison,advisor,comparison:1,advisor:1,Data - Shivansh.csv,Data - Shivansh.csv:1815,legacy_cleaned_corpus,876bc7065da839053809,entityschool vs entityschool for pre med
325e0a3ea89e97ae,Cornell vs Caltech for economics,cornell vs caltech for economics,complex,intent_policy,0.98,Recognized intents consistently map to one frozen V1 route,,0.0,1,complex:1,complex:1,,comparison,advisor,comparison:1,advisor:1,Data - Shivansh.csv,Data - Shivansh.csv:3995,legacy_cleaned_corpus,302760a8b5dd7f263a23,entityschool vs entityschool for entityprogram
32d4fe13e818c5bf,Caltech average ACT,caltech average act,short_circuit,intent_policy,0.98,Recognized intents consistently map to one frozen V1 route,,0.0,1,medium:1,medium:1,,attribute_lookup,advisor,attribute_lookup:1,advisor:1,Data - Shivansh.csv,Data - Shivansh.csv:2910,legacy_cleaned_corpus,e6f83d01de4c22320c83,entityschool average act
33018ac7906dcb93,University of Florida vs Brown for chemistry,university of florida vs brown for chemistry,complex,intent_policy,0.98,Recognized intents consistently map to one frozen V1 route,,0.0,1,complex:1,complex:1,,comparison,college_student,comparison:1,college_student:1,Data - Shivansh.csv,Data - Shivansh.csv:2652,legacy_cleaned_corpus,302760a8b5dd7f263a23,entityschool vs entityschool for entityprogram
337e5d9d10f92cdb,Harvard job placement for computer science,harvard job placement for computer science,medium,intent_policy,0.98,Recognized intents consistently map to one frozen V1 route,,0.0,3,medium:3,medium:3,,career_outcomes,counselor_teacher,career_outcomes:3,counselor_teacher:2|parent:1,Data - Shivansh.csv,Data - Shivansh.csv:654|Data - Shivansh.csv:985|Data - Shivansh.csv:4331,legacy_cleaned_corpus,d0687d4ccce8a647d6f4,entityschool job placement for entityprogram
33a805c34be08476,affordable data science schools in California with good job placement,affordable data science schools in california with good job placement,complex,intent_policy,0.98,Recognized intents consistently map to one frozen V1 route,,0.0,1,complex:1,complex:1,,multi_constraint,college_student,multi_constraint:1,college_student:1,Data - Shivansh.csv,Data - Shivansh.csv:1099,legacy_cleaned_corpus,72fe78ed7fe75ef13d14,affordable entityprogram schools in entityplace with good job placement
3401783ffb7882ba,affordable aerospace engineering schools near a tech hub with good internships,affordable aerospace engineering schools near a tech hub with good internships,complex,intent_policy,0.98,Recognized intents consistently map to one frozen V1 route,,0.0,1,complex:1,complex:1,,multi_constraint,college_student,multi_constraint:1,college_student:1,Data - Shivansh.csv,Data - Shivansh.csv:2921,legacy_cleaned_corpus,12fe08aee08d41f5c2c7,affordable entityprogram schools near a tech hub with good internships
34021693e4b5aa69,NYU vs Arizona State,nyu vs arizona state,complex,intent_policy,0.98,Recognized intents consistently map to one frozen V1 route,,0.0,1,complex:1,complex:1,,comparison,college_student,comparison:1,college_student:1,Data - Shivansh.csv,Data - Shivansh.csv:3421,legacy_cleaned_corpus,ce0ab34d6e4892dbe532,entityschool vs entityschool
3458792afc66b1d8,Purdue tuition vs Cornell tuition,purdue tuition vs cornell tuition,complex,intent_policy,0.98,Recognized intents consistently map to one frozen V1 route,,0.0,2,complex:2,complex:2,,comparison,high_school_student,comparison:2,advisor:1|high_school_student:1,Data - Shivansh.csv,Data - Shivansh.csv:592|Data - Shivansh.csv:982,legacy_cleaned_corpus,2f64caaf4228bd36bc7c,entityschool tuition vs entityschool tuition
34a88f191ca0016c,does University of Wisconsin have political science,does university of wisconsin have political science,short_circuit,intent_policy,0.98,Recognized intents consistently map to one frozen V1 route,,0.0,1,short_circuit:1,short_circuit:1,,attribute_lookup,high_school_student,attribute_lookup:1,high_school_student:1,Data - Shivansh.csv,Data - Shivansh.csv:1665,legacy_cleaned_corpus,c219f457f3de750170ac,does entityschool have entityprogram
34d757539689d6ff,how do i apply to Vanderbilt,how do i apply to vanderbilt,medium,intent_policy,0.98,Recognized intents consistently map to one frozen V1 route,,0.0,1,medium:1,medium:1,,admissions_process,advisor,admissions_process:1,advisor:1,Data - Shivansh.csv,Data - Shivansh.csv:849,legacy_cleaned_corpus,1496450265c0af168f52,how do i apply to entityschool
352581543e5e6603,job placement for Columbia,job placement for columbia,short_circuit,intent_policy,0.98,Recognized intents consistently map to one frozen V1 route,,0.0,1,medium:1,medium:1,,attribute_lookup,counselor_teacher,attribute_lookup:1,counselor_teacher:1,Data - Shivansh.csv,Data - Shivansh.csv:4383,legacy_cleaned_corpus,2740e2ad8177799284ea,job placement for entityschool
36083b5401c6abe3,NYU job placement for mechanical engineering,nyu job placement for mechanical engineering,medium,intent_policy,0.98,Recognized intents consistently map to one frozen V1 route,,0.0,1,medium:1,medium:1,,career_outcomes,counselor_teacher,career_outcomes:1,counselor_teacher:1,Data - Shivansh.csv,Data - Shivansh.csv:3713,legacy_cleaned_corpus,d0687d4ccce8a647d6f4,entityschool job placement for entityprogram
36daae9da1ae91a8,affordable engineering schools near a tech hub with good internships,affordable engineering schools near a tech hub with good internships,complex,intent_policy,0.98,Recognized intents consistently map to one frozen V1 route,,0.0,1,complex:1,complex:1,,multi_constraint,parent,multi_constraint:1,parent:1,Data - Shivansh.csv,Data - Shivansh.csv:2661,legacy_cleaned_corpus,12fe08aee08d41f5c2c7,affordable entityprogram schools near a tech hub with good internships
36fe5f6f21ad85a4,Stanford job placement for business,stanford job placement for business,medium,intent_policy,0.98,Recognized intents consistently map to one frozen V1 route,,0.0,1,medium:1,medium:1,,career_outcomes,counselor_teacher,career_outcomes:1,counselor_teacher:1,Data - Shivansh.csv,Data - Shivansh.csv:1041,legacy_cleaned_corpus,d0687d4ccce8a647d6f4,entityschool job placement for entityprogram
3790dc804c2391e5,small electrical engineering colleges near Chicago under 40k,small electrical engineering colleges near chicago under 40k,complex,intent_policy,0.98,Recognized intents consistently map to one frozen V1 route,,0.0,1,complex:1,complex:1,,multi_constraint,counselor_teacher,multi_constraint:1,counselor_teacher:1,Data - Shivansh.csv,Data - Shivansh.csv:2904,legacy_cleaned_corpus,0746d031147fb2d0e803,small entityprogram colleges near entityplace under entitynumber
37a7292a52a738e6,Brown tuition vs University of Florida tuition,brown tuition vs university of florida tuition,complex,intent_policy,0.98,Recognized intents consistently map to one frozen V1 route,,0.0,1,complex:1,complex:1,,comparison,high_school_student,comparison:1,high_school_student:1,Data - Shivansh.csv,Data - Shivansh.csv:744,legacy_cleaned_corpus,2f64caaf4228bd36bc7c,entityschool tuition vs entityschool tuition
3801bd23e09b39d8,Brown vs Harvard,brown vs harvard,complex,intent_policy,0.98,Recognized intents consistently map to one frozen V1 route,,0.0,1,complex:1,complex:1,,comparison,college_student,comparison:1,college_student:1,Data - Shivansh.csv,Data - Shivansh.csv:3751,legacy_cleaned_corpus,ce0ab34d6e4892dbe532,entityschool vs entityschool
38f3be8b6d115fe0,does Cornell have psychology,does cornell have psychology,short_circuit,intent_policy,0.98,Recognized intents consistently map to one frozen V1 route,,0.0,1,medium:1,medium:1,,attribute_lookup,parent,attribute_lookup:1,parent:1,Data - Shivansh.csv,Data - Shivansh.csv:3177,legacy_cleaned_corpus,c219f457f3de750170ac,does entityschool have entityprogram
395b3c1f1c26b7f3,does Rice University have business,does rice university have business,short_circuit,intent_policy,0.98,Recognized intents consistently map to one frozen V1 route,,0.0,1,short_circuit:1,short_circuit:1,,attribute_lookup,high_school_student,attribute_lookup:1,high_school_student:1,Data - Shivansh.csv,Data - Shivansh.csv:1276,legacy_cleaned_corpus,c219f457f3de750170ac,does entityschool have entityprogram
398c02918296a276,Cornell research opportunities,cornell research opportunities,short_circuit,intent_policy,0.98,Recognized intents consistently map to one frozen V1 route,,0.0,1,medium:1,medium:1,,attribute_lookup,parent,attribute_lookup:1,parent:1,Data - Shivansh.csv,Data - Shivansh.csv:2706,legacy_cleaned_corpus,1d107249ab27e7f6b88a,entityschool research opportunities
39cf4d427c46d92e,Caltech,caltech,short_circuit,intent_policy,0.98,Recognized intents consistently map to one frozen V1 route,,0.0,8,short_circuit:8,short_circuit:8,,exact_lookup,counselor_teacher,exact_lookup:8,advisor:2|college_student:1|counselor_teacher:2|high_school_student:1|parent:2,Data - Shivansh.csv,Data - Shivansh.csv:774|Data - Shivansh.csv:797|Data - Shivansh.csv:1503|Data - Shivansh.csv:1823|Data - Shivansh.csv:2439|Data - Shivansh.csv:2499|Data - Shivansh.csv:3602|Data - Shivansh.csv:4169,legacy_cleaned_corpus,5040e700a4b470a4942d,entityschool
3a66fc4bdd6c2dbf,best psychology schools in Texas,best psychology schools in texas,medium,intent_policy,0.98,Recognized intents consistently map to one frozen V1 route,,0.0,1,medium:1,medium:1,,filtered_search,college_student,filtered_search:1,college_student:1,Data - Shivansh.csv,Data - Shivansh.csv:3921,legacy_cleaned_corpus,95c816a8832e9f5b6f9f,best entityprogram schools in entityplace
3acee2bbe22a7811,Purdue vs MIT for political science,purdue vs mit for political science,complex,intent_policy,0.98,Recognized intents consistently map to one frozen V1 route,,0.0,1,complex:1,complex:1,,comparison,high_school_student,comparison:1,high_school_student:1,Data - Shivansh.csv,Data - Shivansh.csv:205,legacy_cleaned_corpus,302760a8b5dd7f263a23,entityschool vs entityschool for entityprogram
3b388b3945a670da,four year cost of Brown including housing,four year cost of brown including housing,complex,intent_policy,0.98,Recognized intents consistently map to one frozen V1 route,,0.0,1,complex:1,complex:1,,rewrite_needed,parent,rewrite_needed:1,parent:1,Data - Shivansh.csv,Data - Shivansh.csv:884,legacy_cleaned_corpus,77f4f7a26cd4cc07453e,four year cost of entityschool including housing
3b640f247a9e4ad3,Stanford acceptance rate,stanford acceptance rate,short_circuit,intent_policy,0.98,Recognized intents consistently map to one frozen V1 route,,0.0,1,short_circuit:1,short_circuit:1,,attribute_lookup,college_student,attribute_lookup:1,college_student:1,Data - Shivansh.csv,Data - Shivansh.csv:1684,legacy_cleaned_corpus,c478df48842744c7afae,entityschool acceptance rate
3c23f27ace819e41,UC Berkeley vs Penn State for business,uc berkeley vs penn state for business,complex,intent_policy,0.98,Recognized intents consistently map to one frozen V1 route,,0.0,1,complex:1,complex:1,,comparison,parent,comparison:1,parent:1,Data - Shivansh.csv,Data - Shivansh.csv:3851,legacy_cleaned_corpus,302760a8b5dd7f263a23,entityschool vs entityschool for entityprogram
3c2a1eed206b5e88,schools like University of Michigan but cheaper,schools like university of michigan but cheaper,complex,intent_policy,0.98,Recognized intents consistently map to one frozen V1 route,,0.0,7,complex:7,complex:7,,recommendation,counselor_teacher,recommendation:7,advisor:1|counselor_teacher:5|parent:1,Data - Shivansh.csv,Data - Shivansh.csv:1086|Data - Shivansh.csv:2450|Data - Shivansh.csv:2977|Data - Shivansh.csv:3832|Data - Shivansh.csv:3837|Data - Shivansh.csv:4068|Data - Shivansh.csv:4262,legacy_cleaned_corpus,4cc872421a190decb5f0,schools like entityschool but cheaper
3c2c9b81eae3368f,what essays does Arizona State require,what essays does arizona state require,medium,intent_policy,0.98,Recognized intents consistently map to one frozen V1 route,,0.0,2,medium:2,medium:2,,admissions_process,counselor_teacher,admissions_process:2,counselor_teacher:1|high_school_student:1,Data - Shivansh.csv,Data - Shivansh.csv:194|Data - Shivansh.csv:1149,legacy_cleaned_corpus,e0880711f28fcb0ccf3b,what essays does entityschool require
3cc96a0419014a85,universities with strong neuroscience,universities with strong neuroscience,medium,intent_policy,0.98,Recognized intents consistently map to one frozen V1 route,,0.0,1,medium:1,medium:1,,filtered_search,high_school_student,filtered_search:1,high_school_student:1,Data - Shivansh.csv,Data - Shivansh.csv:1414,legacy_cleaned_corpus,1222be73eac85d2d69e0,universities with strong entityprogram
3d12ab9f6702a0f2,does MIT have biology,does mit have biology,short_circuit,intent_policy,0.98,Recognized intents consistently map to one frozen V1 route,,0.0,1,medium:1,medium:1,,attribute_lookup,college_student,attribute_lookup:1,college_student:1,Data - Shivansh.csv,Data - Shivansh.csv:4308,legacy_cleaned_corpus,c219f457f3de750170ac,does entityschool have entityprogram
3db0e9be4bb378fd,rankings for UC Berkeley,rankings for uc berkeley,short_circuit,intent_policy,0.98,Recognized intents consistently map to one frozen V1 route,,0.0,1,short_circuit:1,short_circuit:1,,attribute_lookup,high_school_student,attribute_lookup:1,high_school_student:1,Data - Shivansh.csv,Data - Shivansh.csv:536,legacy_cleaned_corpus,6bdfd86265913f6b0a0f,rankings for entityschool
3e0aa3a72bb99d0e,does Northwestern have engineering,does northwestern have engineering,short_circuit,intent_policy,0.98,Recognized intents consistently map to one frozen V1 route,,0.0,1,short_circuit:1,short_circuit:1,,attribute_lookup,high_school_student,attribute_lookup:1,high_school_student:1,Data - Shivansh.csv,Data - Shivansh.csv:1766,legacy_cleaned_corpus,c219f457f3de750170ac,does entityschool have entityprogram
3e7cd253d00f190b,how do i apply to Duke,how do i apply to duke,medium,intent_policy,0.98,Recognized intents consistently map to one frozen V1 route,,0.0,2,complex:1|medium:1,complex:1|medium:1,,admissions_process,advisor,admissions_process:2,advisor:1|college_student:1,Data - Shivansh.csv,Data - Shivansh.csv:704|Data - Shivansh.csv:1594,legacy_cleaned_corpus,1496450265c0af168f52,how do i apply to entityschool
3ecc109494efd9d3,Penn State tuition vs Cornell tuition,penn state tuition vs cornell tuition,complex,intent_policy,0.98,Recognized intents consistently map to one frozen V1 route,,0.0,1,complex:1,complex:1,,comparison,parent,comparison:1,parent:1,Data - Shivansh.csv,Data - Shivansh.csv:4426,legacy_cleaned_corpus,2f64caaf4228bd36bc7c,entityschool tuition vs entityschool tuition
3f0e9d802fe76395,what essays does UT Austin require,what essays does ut austin require,medium,intent_policy,0.98,Recognized intents consistently map to one frozen V1 route,,0.0,1,medium:1,medium:1,,admissions_process,counselor_teacher,admissions_process:1,counselor_teacher:1,Data - Shivansh.csv,Data - Shivansh.csv:1356,legacy_cleaned_corpus,e0880711f28fcb0ccf3b,what essays does entityschool require
3f8dc483904158e2,Columbia vibe,columbia vibe,llm_needed,intent_policy,0.98,Recognized intents consistently map to one frozen V1 route,,0.0,1,llm_needed:1,llm_needed:1,,campus_life_fit,advisor,campus_life_fit:1,advisor:1,Data - Shivansh.csv,Data - Shivansh.csv:1749,legacy_cleaned_corpus,dd3ca97cc2f8d6c117da,entityschool vibe
3fe00b38a21a5244,University of Maryland admissions profile average sat and gpa,university of maryland admissions profile average sat and gpa,medium,intent_policy,0.98,Recognized intents consistently map to one frozen V1 route,,0.0,1,medium:1,medium:1,,filtered_search,counselor_teacher,filtered_search:1,counselor_teacher:1,Data - Shivansh.csv,Data - Shivansh.csv:1745,legacy_cleaned_corpus,548f4dfe8f885917e7ce,entityschool admissions profile average sat and gpa
4004bde35d03eb3d,princeton,princeton,short_circuit,intent_policy,0.98,Recognized intents consistently map to one frozen V1 route,,0.0,14,short_circuit:14,short_circuit:14,short_circuit:1,exact_lookup,high_school_student,exact_lookup:14,advisor:1|college_student:4|counselor_teacher:1|high_school_student:4|parent:4,Data - Anika.csv|Data - Shivansh.csv|Data Anthony.csv,Data - Anika.csv:122|Data - Shivansh.csv:78|Data - Shivansh.csv:471|Data - Shivansh.csv:532|Data - Shivansh.csv:590|Data - Shivansh.csv:2344|Data - Shivansh.csv:2482|Data - Shivansh.csv:2843|Data - Shivansh.csv:3280|Data - Shivansh.csv:3364|Data - Shivansh.csv:3481|Data - Shivansh.csv:3924|Data - Shivansh.csv:4290|Data Anthony.csv:18,legacy_cleaned_corpus,5040e700a4b470a4942d,entityschool
4004f947e136c0af,does UC San Diego have nursing,does uc san diego have nursing,short_circuit,intent_policy,0.98,Recognized intents consistently map to one frozen V1 route,,0.0,1,short_circuit:1,short_circuit:1,,attribute_lookup,high_school_student,attribute_lookup:1,high_school_student:1,Data - Shivansh.csv,Data - Shivansh.csv:1962,legacy_cleaned_corpus,c219f457f3de750170ac,does entityschool have entityprogram
400750fc3c50933e,University of Maryland job placement for philosophy,university of maryland job placement for philosophy,medium,intent_policy,0.98,Recognized intents consistently map to one frozen V1 route,,0.0,1,medium:1,medium:1,,career_outcomes,high_school_student,career_outcomes:1,high_school_student:1,Data - Shivansh.csv,Data - Shivansh.csv:2436,legacy_cleaned_corpus,d0687d4ccce8a647d6f4,entityschool job placement for entityprogram
4034157bd8d296ab,Caltech financial aid for out of state,caltech financial aid for out of state,medium,intent_policy,0.98,Recognized intents consistently map to one frozen V1 route,,0.0,3,medium:3,medium:3,,cost_financial_aid,high_school_student,cost_financial_aid:3,advisor:1|high_school_student:2,Data - Shivansh.csv,Data - Shivansh.csv:115|Data - Shivansh.csv:1310|Data - Shivansh.csv:1814,legacy_cleaned_corpus,c5b667203cefd8b33b33,entityschool financial aid for out of state
404a925773eb6e86,what essays does UCLA require,what essays does ucla require,medium,intent_policy,0.98,Recognized intents consistently map to one frozen V1 route,,0.0,1,medium:1,medium:1,,admissions_process,high_school_student,admissions_process:1,high_school_student:1,Data - Shivansh.csv,Data - Shivansh.csv:345,legacy_cleaned_corpus,e0880711f28fcb0ccf3b,what essays does entityschool require
413470da784089bb,does Georgia Tech have architecture,does georgia tech have architecture,short_circuit,intent_policy,0.98,Recognized intents consistently map to one frozen V1 route,,0.0,1,short_circuit:1,short_circuit:1,,attribute_lookup,college_student,attribute_lookup:1,college_student:1,Data - Shivansh.csv,Data - Shivansh.csv:758,legacy_cleaned_corpus,c219f457f3de750170ac,does entityschool have entityprogram
4172558beaede625,Stanford job placement for computer science,stanford job placement for computer science,medium,intent_policy,0.98,Recognized intents consistently map to one frozen V1 route,,0.0,1,medium:1,medium:1,,career_outcomes,advisor,career_outcomes:1,advisor:1,Data - Shivansh.csv,Data - Shivansh.csv:1498,legacy_cleaned_corpus,d0687d4ccce8a647d6f4,entityschool job placement for entityprogram
41744de6a6c30745,Duke vs USC,duke vs usc,complex,intent_policy,0.98,Recognized intents consistently map to one frozen V1 route,,0.0,3,complex:3,complex:3,,comparison,high_school_student,comparison:3,advisor:1|college_student:1|high_school_student:1,Data - Shivansh.csv,Data - Shivansh.csv:298|Data - Shivansh.csv:1521|Data - Shivansh.csv:4345,legacy_cleaned_corpus,ce0ab34d6e4892dbe532,entityschool vs entityschool
428ad9395507837a,Arizona State vs USC for economics,arizona state vs usc for economics,complex,intent_policy,0.98,Recognized intents consistently map to one frozen V1 route,,0.0,1,complex:1,complex:1,,comparison,high_school_student,comparison:1,high_school_student:1,Data - Shivansh.csv,Data - Shivansh.csv:1513,legacy_cleaned_corpus,302760a8b5dd7f263a23,entityschool vs entityschool for entityprogram
42aac7d6d4b40ec4,how do i apply to Georgia Tech,how do i apply to georgia tech,medium,intent_policy,0.98,Recognized intents consistently map to one frozen V1 route,,0.0,11,medium:11,medium:11,,admissions_process,college_student,admissions_process:11,advisor:1|college_student:6|counselor_teacher:1|high_school_student:1|parent:2,Data - Shivansh.csv,Data - Shivansh.csv:526|Data - Shivansh.csv:676|Data - Shivansh.csv:770|Data - Shivansh.csv:1626|Data - Shivansh.csv:2791|Data - Shivansh.csv:3000|Data - Shivansh.csv:3119|Data - Shivansh.csv:3126|Data - Shivansh.csv:3409|Data - Shivansh.csv:3656|Data - Shivansh.csv:3849,legacy_cleaned_corpus,1496450265c0af168f52,how do i apply to entityschool
42dcbb6196e92ad7,Georgia Tech vs Duke,georgia tech vs duke,complex,intent_policy,0.98,Recognized intents consistently map to one frozen V1 route,,0.0,1,complex:1,complex:1,,comparison,advisor,comparison:1,advisor:1,Data - Shivansh.csv,Data - Shivansh.csv:3643,legacy_cleaned_corpus,ce0ab34d6e4892dbe532,entityschool vs entityschool
42f3322c026fba7d,USC vs University of Florida,usc vs university of florida,complex,intent_policy,0.98,Recognized intents consistently map to one frozen V1 route,,0.0,1,complex:1,complex:1,,comparison,college_student,comparison:1,college_student:1,Data - Shivansh.csv,Data - Shivansh.csv:543,legacy_cleaned_corpus,ce0ab34d6e4892dbe532,entityschool vs entityschool
444c1b55d43aee54,NYU average ACT,nyu average act,short_circuit,intent_policy,0.98,Recognized intents consistently map to one frozen V1 route,,0.0,1,medium:1,medium:1,,attribute_lookup,parent,attribute_lookup:1,parent:1,Data - Shivansh.csv,Data - Shivansh.csv:2835,legacy_cleaned_corpus,e6f83d01de4c22320c83,entityschool average act
444d4eb07f527707,MIT tuition vs University of Wisconsin tuition,mit tuition vs university of wisconsin tuition,complex,intent_policy,0.98,Recognized intents consistently map to one frozen V1 route,,0.0,1,complex:1,complex:1,,comparison,high_school_student,comparison:1,high_school_student:1,Data - Shivansh.csv,Data - Shivansh.csv:1786,legacy_cleaned_corpus,2f64caaf4228bd36bc7c,entityschool tuition vs entityschool tuition
44da8aff9c7d86e5,Arizona State tuition vs UT Austin tuition,arizona state tuition vs ut austin tuition,complex,intent_policy,0.98,Recognized intents consistently map to one frozen V1 route,,0.0,1,complex:1,complex:1,,comparison,college_student,comparison:1,college_student:1,Data - Shivansh.csv,Data - Shivansh.csv:689,legacy_cleaned_corpus,2f64caaf4228bd36bc7c,entityschool tuition vs entityschool tuition
45186df4939206a7,UT Austin vs MIT for computer science,ut austin vs mit for computer science,complex,intent_policy,0.98,Recognized intents consistently map to one frozen V1 route,,0.0,1,complex:1,complex:1,,comparison,counselor_teacher,comparison:1,counselor_teacher:1,Data - Shivansh.csv,Data - Shivansh.csv:2711,legacy_cleaned_corpus,302760a8b5dd7f263a23,entityschool vs entityschool for entityprogram
4596766cfbe324db,how do i apply to MIT,how do i apply to mit,medium,intent_policy,0.98,Recognized intents consistently map to one frozen V1 route,,0.0,3,llm_needed:1|medium:2,llm_needed:1|medium:2,,admissions_process,counselor_teacher,admissions_process:3,counselor_teacher:2|parent:1,Data - Shivansh.csv,Data - Shivansh.csv:949|Data - Shivansh.csv:2564|Data - Shivansh.csv:3908,legacy_cleaned_corpus,1496450265c0af168f52,how do i apply to entityschool
45a5f560cefd06c1,Stanford vs Northwestern for business,stanford vs northwestern for business,complex,intent_policy,0.98,Recognized intents consistently map to one frozen V1 route,,0.0,1,complex:1,complex:1,,comparison,college_student,comparison:1,college_student:1,Data - Shivansh.csv,Data - Shivansh.csv:3293,legacy_cleaned_corpus,302760a8b5dd7f263a23,entityschool vs entityschool for entityprogram
45a89cc2f073e946,how do i apply to Cornell,how do i apply to cornell,medium,intent_policy,0.98,Recognized intents consistently map to one frozen V1 route,,0.0,6,medium:5|short_circuit:1,medium:5|short_circuit:1,,admissions_process,parent,admissions_process:6,advisor:2|college_student:1|counselor_teacher:1|parent:2,Data - Shivansh.csv,Data - Shivansh.csv:296|Data - Shivansh.csv:2261|Data - Shivansh.csv:2514|Data - Shivansh.csv:3123|Data - Shivansh.csv:3301|Data - Shivansh.csv:4167,legacy_cleaned_corpus,1496450265c0af168f52,how do i apply to entityschool
461e85bbb28a7089,Boston University vibe,boston university vibe,llm_needed,intent_policy,0.98,Recognized intents consistently map to one frozen V1 route,,0.0,1,llm_needed:1,llm_needed:1,,campus_life_fit,high_school_student,campus_life_fit:1,high_school_student:1,Data - Shivansh.csv,Data - Shivansh.csv:1283,legacy_cleaned_corpus,dd3ca97cc2f8d6c117da,entityschool vibe
46a593e640fc25ec,create reach target safety list for engineering in California full ride options,create reach target safety list for engineering in california full ride options,llm_needed,intent_policy,0.98,Recognized intents consistently map to one frozen V1 route,,0.0,1,llm_needed:1,llm_needed:1,,campus_life_fit,advisor,campus_life_fit:1,advisor:1,Data - Shivansh.csv,Data - Shivansh.csv:2080,legacy_cleaned_corpus,b205d3c4a76cd86573c5,create reach target safety list for entityprogram in entityplace full ride options
46e427cf230a8496,does Arizona State have electrical engineering,does arizona state have electrical engineering,short_circuit,intent_policy,0.98,Recognized intents consistently map to one frozen V1 route,,0.0,2,medium:2,medium:2,,attribute_lookup,counselor_teacher,attribute_lookup:2,counselor_teacher:1|parent:1,Data - Shivansh.csv,Data - Shivansh.csv:4193|Data - Shivansh.csv:4248,legacy_cleaned_corpus,c219f457f3de750170ac,does entityschool have entityprogram
46ec6262c2cc2b80,University of Michigan vs UC Irvine,university of michigan vs uc irvine,complex,intent_policy,0.98,Recognized intents consistently map to one frozen V1 route,,0.0,1,complex:1,complex:1,,comparison,high_school_student,comparison:1,high_school_student:1,Data - Shivansh.csv,Data - Shivansh.csv:1858,legacy_cleaned_corpus,ce0ab34d6e4892dbe532,entityschool vs entityschool
4702bb9f613c57b6,Penn State admissions profile average sat and gpa,penn state admissions profile average sat and gpa,short_circuit,intent_policy,0.98,Recognized intents consistently map to one frozen V1 route,,0.0,1,short_circuit:1,short_circuit:1,,exact_lookup,counselor_teacher,exact_lookup:1,counselor_teacher:1,Data - Shivansh.csv,Data - Shivansh.csv:775,legacy_cleaned_corpus,548f4dfe8f885917e7ce,entityschool admissions profile average sat and gpa
4727010b0ff5d76e,Harvard,harvard,short_circuit,manual_override,1.0,Exact school lookup,,0.0,12,llm_needed:1|medium:1|short_circuit:10,llm_needed:1|medium:1|short_circuit:10,,exact_lookup,counselor_teacher,exact_lookup:12,college_student:2|counselor_teacher:5|high_school_student:4|parent:1,Data - Shivansh.csv|Data Anthony.csv,Data - Shivansh.csv:242|Data - Shivansh.csv:324|Data - Shivansh.csv:1365|Data - Shivansh.csv:1396|Data - Shivansh.csv:1538|Data - Shivansh.csv:1912|Data - Shivansh.csv:2075|Data - Shivansh.csv:2324|Data - Shivansh.csv:2690|Data - Shivansh.csv:3053|Data - Shivansh.csv:3697|Data Anthony.csv:17,legacy_cleaned_corpus,5040e700a4b470a4942d,entityschool
47530c48549c390e,what essays does Princeton require,what essays does princeton require,medium,intent_policy,0.98,Recognized intents consistently map to one frozen V1 route,,0.0,1,medium:1,medium:1,,admissions_process,advisor,admissions_process:1,advisor:1,Data - Shivansh.csv,Data - Shivansh.csv:1125,legacy_cleaned_corpus,e0880711f28fcb0ccf3b,what essays does entityschool require
4768867177429867,Purdue tuition vs Rice University tuition,purdue tuition vs rice university tuition,complex,intent_policy,0.98,Recognized intents consistently map to one frozen V1 route,,0.0,2,complex:2,complex:2,,comparison,parent,comparison:2,counselor_teacher:1|parent:1,Data - Shivansh.csv,Data - Shivansh.csv:160|Data - Shivansh.csv:3374,legacy_cleaned_corpus,2f64caaf4228bd36bc7c,entityschool tuition vs entityschool tuition
478855bf86131c7f,Georgia Tech financial aid for out of state,georgia tech financial aid for out of state,medium,intent_policy,0.98,Recognized intents consistently map to one frozen V1 route,,0.0,2,llm_needed:1|medium:1,llm_needed:1|medium:1,,cost_financial_aid,college_student,cost_financial_aid:2,advisor:1|college_student:1,Data - Shivansh.csv,Data - Shivansh.csv:469|Data - Shivansh.csv:1559,legacy_cleaned_corpus,c5b667203cefd8b33b33,entityschool financial aid for out of state
48043678f035d89f,Cornell internships,cornell internships,short_circuit,intent_policy,0.98,Recognized intents consistently map to one frozen V1 route,,0.0,1,medium:1,medium:1,,attribute_lookup,advisor,attribute_lookup:1,advisor:1,Data - Shivansh.csv,Data - Shivansh.csv:4231,legacy_cleaned_corpus,bf90bd08f32032d6f763,entityschool internships
4813222adc4b477a,University of Michigan campus culture,university of michigan campus culture,llm_needed,intent_policy,0.98,Recognized intents consistently map to one frozen V1 route,,0.0,2,llm_needed:2,llm_needed:2,,campus_life_fit,parent,campus_life_fit:2,parent:2,Data - Shivansh.csv,Data - Shivansh.csv:3473|Data - Shivansh.csv:3785,legacy_cleaned_corpus,c273440fb1ec037f5992,entityschool campus culture
48504027d1bc4260,Stanford vs MIT computer science,stanford vs mit computer science,complex,intent_policy,0.98,Recognized intents consistently map to one frozen V1 route,,0.0,1,medium:1,medium:1,,comparison,high_school_student,comparison:1,high_school_student:1,Data Anthony.csv,Data Anthony.csv:34,legacy_cleaned_corpus,e7b726a3094a0a2a332d,entityschool vs entityschool entityprogram
48b069001862e6e1,Carnegie Mellon job placement for mechanical engineering,carnegie mellon job placement for mechanical engineering,medium,intent_policy,0.98,Recognized intents consistently map to one frozen V1 route,,0.0,1,short_circuit:1,short_circuit:1,,career_outcomes,college_student,career_outcomes:1,college_student:1,Data - Shivansh.csv,Data - Shivansh.csv:1412,legacy_cleaned_corpus,d0687d4ccce8a647d6f4,entityschool job placement for entityprogram
4908b59002669a48,USC vs Boston University for aerospace engineering,usc vs boston university for aerospace engineering,complex,intent_policy,0.98,Recognized intents consistently map to one frozen V1 route,,0.0,1,complex:1,complex:1,,comparison,high_school_student,comparison:1,high_school_student:1,Data - Shivansh.csv,Data - Shivansh.csv:2256,legacy_cleaned_corpus,302760a8b5dd7f263a23,entityschool vs entityschool for entityprogram
4912762bb76d6d64,Stanford average ACT,stanford average act,short_circuit,intent_policy,0.98,Recognized intents consistently map to one frozen V1 route,,0.0,1,short_circuit:1,short_circuit:1,,attribute_lookup,advisor,attribute_lookup:1,advisor:1,Data - Shivansh.csv,Data - Shivansh.csv:1776,legacy_cleaned_corpus,e6f83d01de4c22320c83,entityschool average act
49c95f8b4c3e228b,Arizona State vs Brown for engineering,arizona state vs brown for engineering,complex,intent_policy,0.98,Recognized intents consistently map to one frozen V1 route,,0.0,1,complex:1,complex:1,,comparison,college_student,comparison:1,college_student:1,Data - Shivansh.csv,Data - Shivansh.csv:4092,legacy_cleaned_corpus,302760a8b5dd7f263a23,entityschool vs entityschool for entityprogram
49fc408c6619b1b8,universities with strong business,universities with strong business,medium,intent_policy,0.98,Recognized intents consistently map to one frozen V1 route,,0.0,3,medium:3,medium:3,,filtered_search,high_school_student,filtered_search:3,college_student:1|counselor_teacher:1|high_school_student:1,Data - Shivansh.csv,Data - Shivansh.csv:844|Data - Shivansh.csv:3585|Data - Shivansh.csv:3789,legacy_cleaned_corpus,1222be73eac85d2d69e0,universities with strong entityprogram
49fe120f790b9d2b,University of Wisconsin job placement for psychology,university of wisconsin job placement for psychology,medium,intent_policy,0.98,Recognized intents consistently map to one frozen V1 route,,0.0,1,medium:1,medium:1,,career_outcomes,high_school_student,career_outcomes:1,high_school_student:1,Data - Shivansh.csv,Data - Shivansh.csv:2064,legacy_cleaned_corpus,d0687d4ccce8a647d6f4,entityschool job placement for entityprogram
4a68f8ceefdf4a7e,UCLA job placement for computer science,ucla job placement for computer science,medium,intent_policy,0.98,Recognized intents consistently map to one frozen V1 route,,0.0,1,medium:1,medium:1,,career_outcomes,parent,career_outcomes:1,parent:1,Data - Shivansh.csv,Data - Shivansh.csv:2960,legacy_cleaned_corpus,d0687d4ccce8a647d6f4,entityschool job placement for entityprogram
4b559af4f91ee1dd,Stanford tuition vs Northwestern tuition,stanford tuition vs northwestern tuition,complex,intent_policy,0.98,Recognized intents consistently map to one frozen V1 route,,0.0,1,complex:1,complex:1,,comparison,college_student,comparison:1,college_student:1,Data - Shivansh.csv,Data - Shivansh.csv:333,legacy_cleaned_corpus,2f64caaf4228bd36bc7c,entityschool tuition vs entityschool tuition
4b591a4867d0a709,Carnegie Mellon vs MIT for nursing,carnegie mellon vs mit for nursing,complex,intent_policy,0.98,Recognized intents consistently map to one frozen V1 route,,0.0,1,complex:1,complex:1,,comparison,advisor,comparison:1,advisor:1,Data - Shivansh.csv,Data - Shivansh.csv:3322,legacy_cleaned_corpus,302760a8b5dd7f263a23,entityschool vs entityschool for entityprogram
4bb2d61f71276fff,Duke job placement for engineering,duke job placement for engineering,medium,intent_policy,0.98,Recognized intents consistently map to one frozen V1 route,,0.0,1,medium:1,medium:1,,career_outcomes,parent,career_outcomes:1,parent:1,Data - Shivansh.csv,Data - Shivansh.csv:3395,legacy_cleaned_corpus,d0687d4ccce8a647d6f4,entityschool job placement for entityprogram
4cabd691f5c3cd93,affordable neuroscience schools in California with good job placement,affordable neuroscience schools in california with good job placement,complex,intent_policy,0.98,Recognized intents consistently map to one frozen V1 route,,0.0,1,complex:1,complex:1,,multi_constraint,counselor_teacher,multi_constraint:1,counselor_teacher:1,Data - Shivansh.csv,Data - Shivansh.csv:422,legacy_cleaned_corpus,72fe78ed7fe75ef13d14,affordable entityprogram schools in entityplace with good job placement
4cde1f5000e5cb02,Brown campus culture,brown campus culture,llm_needed,intent_policy,0.98,Recognized intents consistently map to one frozen V1 route,,0.0,1,llm_needed:1,llm_needed:1,,campus_life_fit,parent,campus_life_fit:1,parent:1,Data - Shivansh.csv,Data - Shivansh.csv:3222,legacy_cleaned_corpus,c273440fb1ec037f5992,entityschool campus culture
4dbe53bf1a25e75a,University of Florida tuition vs Arizona State tuition,university of florida tuition vs arizona state tuition,complex,intent_policy,0.98,Recognized intents consistently map to one frozen V1 route,,0.0,1,complex:1,complex:1,,comparison,counselor_teacher,comparison:1,counselor_teacher:1,Data - Shivansh.csv,Data - Shivansh.csv:3550,legacy_cleaned_corpus,2f64caaf4228bd36bc7c,entityschool tuition vs entityschool tuition
4ddc09d971976e8f,universities with strong nursing,universities with strong nursing,medium,intent_policy,0.98,Recognized intents consistently map to one frozen V1 route,,0.0,5,medium:5,medium:5,,filtered_search,advisor,filtered_search:5,advisor:2|college_student:1|counselor_teacher:1|parent:1,Data - Shivansh.csv,Data - Shivansh.csv:495|Data - Shivansh.csv:875|Data - Shivansh.csv:2544|Data - Shivansh.csv:4073|Data - Shivansh.csv:4201,legacy_cleaned_corpus,1222be73eac85d2d69e0,universities with strong entityprogram
4de356acda621a24,does Cornell have data science,does cornell have data science,short_circuit,intent_policy,0.98,Recognized intents consistently map to one frozen V1 route,,0.0,2,medium:2,medium:2,,attribute_lookup,advisor,attribute_lookup:2,advisor:1|counselor_teacher:1,Data - Shivansh.csv,Data - Shivansh.csv:2542|Data - Shivansh.csv:3649,legacy_cleaned_corpus,c219f457f3de750170ac,does entityschool have entityprogram
4e255d6727305b3c,Penn State vs Brown for computer science,penn state vs brown for computer science,complex,intent_policy,0.98,Recognized intents consistently map to one frozen V1 route,,0.0,1,complex:1,complex:1,,comparison,counselor_teacher,comparison:1,counselor_teacher:1,Data - Shivansh.csv,Data - Shivansh.csv:3450,legacy_cleaned_corpus,302760a8b5dd7f263a23,entityschool vs entityschool for entityprogram
4e7e56c385486606,USC tuition vs Rice University tuition,usc tuition vs rice university tuition,complex,intent_policy,0.98,Recognized intents consistently map to one frozen V1 route,,0.0,1,complex:1,complex:1,,comparison,counselor_teacher,comparison:1,counselor_teacher:1,Data - Shivansh.csv,Data - Shivansh.csv:1337,legacy_cleaned_corpus,2f64caaf4228bd36bc7c,entityschool tuition vs entityschool tuition
4e902bb4bfd26956,Rice University vs Columbia for economics,rice university vs columbia for economics,complex,intent_policy,0.98,Recognized intents consistently map to one frozen V1 route,,0.0,1,complex:1,complex:1,,comparison,parent,comparison:1,parent:1,Data - Shivansh.csv,Data - Shivansh.csv:3669,legacy_cleaned_corpus,302760a8b5dd7f263a23,entityschool vs entityschool for entityprogram
4eec9e1a0176981d,University of Florida job placement for data science,university of florida job placement for data science,medium,intent_policy,0.98,Recognized intents consistently map to one frozen V1 route,,0.0,1,medium:1,medium:1,,career_outcomes,advisor,career_outcomes:1,advisor:1,Data - Shivansh.csv,Data - Shivansh.csv:3256,legacy_cleaned_corpus,d0687d4ccce8a647d6f4,entityschool job placement for entityprogram
4f6dd1a9bff7c04d,create reach target safety list for data science in California under 40k,create reach target safety list for data science in california under 40k,complex,intent_policy,0.98,Recognized intents consistently map to one frozen V1 route,,0.0,1,complex:1,complex:1,,rewrite_needed,advisor,rewrite_needed:1,advisor:1,Data - Shivansh.csv,Data - Shivansh.csv:573,legacy_cleaned_corpus,8f457c66fbb4240dbb95,create reach target safety list for entityprogram in entityplace under entitynumber
4fa667cda900d8d4,how do i apply to University of Michigan,how do i apply to university of michigan,medium,intent_policy,0.98,Recognized intents consistently map to one frozen V1 route,,0.0,3,llm_needed:1|medium:2,llm_needed:1|medium:2,,admissions_process,college_student,admissions_process:3,advisor:1|college_student:2,Data - Shivansh.csv,Data - Shivansh.csv:739|Data - Shivansh.csv:2556|Data - Shivansh.csv:3429,legacy_cleaned_corpus,1496450265c0af168f52,how do i apply to entityschool
4fb8803b2a61ed54,does Virginia Tech have electrical engineering,does virginia tech have electrical engineering,short_circuit,intent_policy,0.98,Recognized intents consistently map to one frozen V1 route,,0.0,1,complex:1,complex:1,,attribute_lookup,advisor,attribute_lookup:1,advisor:1,Data - Shivansh.csv,Data - Shivansh.csv:591,legacy_cleaned_corpus,c219f457f3de750170ac,does entityschool have entityprogram
4fef48c6d2ed2c44,Purdue vs Rice University for biology,purdue vs rice university for biology,complex,intent_policy,0.98,Recognized intents consistently map to one frozen V1 route,,0.0,1,complex:1,complex:1,,comparison,college_student,comparison:1,college_student:1,Data - Shivansh.csv,Data - Shivansh.csv:3824,legacy_cleaned_corpus,302760a8b5dd7f263a23,entityschool vs entityschool for entityprogram
4ff62fe84a3f6e68,Cornell admissions profile average sat and gpa,cornell admissions profile average sat and gpa,short_circuit,intent_policy,0.98,Recognized intents consistently map to one frozen V1 route,,0.0,2,short_circuit:2,short_circuit:2,,exact_lookup,counselor_teacher,exact_lookup:2,counselor_teacher:2,Data - Shivansh.csv,Data - Shivansh.csv:1273|Data - Shivansh.csv:1987,legacy_cleaned_corpus,548f4dfe8f885917e7ce,entityschool admissions profile average sat and gpa
5003938269afe277,how do i apply to Princeton,how do i apply to princeton,medium,intent_policy,0.98,Recognized intents consistently map to one frozen V1 route,,0.0,2,medium:2,medium:2,,admissions_process,high_school_student,admissions_process:2,counselor_teacher:1|high_school_student:1,Data - Shivansh.csv,Data - Shivansh.csv:688|Data - Shivansh.csv:1302,legacy_cleaned_corpus,1496450265c0af168f52,how do i apply to entityschool
507a97544e4a2c38,UCLA research opportunities,ucla research opportunities,short_circuit,intent_policy,0.98,Recognized intents consistently map to one frozen V1 route,,0.0,1,medium:1,medium:1,,attribute_lookup,college_student,attribute_lookup:1,college_student:1,Data - Shivansh.csv,Data - Shivansh.csv:3937,legacy_cleaned_corpus,1d107249ab27e7f6b88a,entityschool research opportunities
512395a8eed60478,MIT vs University of Washington for neuroscience,mit vs university of washington for neuroscience,complex,intent_policy,0.98,Recognized intents consistently map to one frozen V1 route,,0.0,1,complex:1,complex:1,,comparison,counselor_teacher,comparison:1,counselor_teacher:1,Data - Shivansh.csv,Data - Shivansh.csv:2470,legacy_cleaned_corpus,302760a8b5dd7f263a23,entityschool vs entityschool for entityprogram
5130f73d43ec5657,MIT vs Virginia Tech for psychology,mit vs virginia tech for psychology,complex,intent_policy,0.98,Recognized intents consistently map to one frozen V1 route,,0.0,1,complex:1,complex:1,,comparison,high_school_student,comparison:1,high_school_student:1,Data - Shivansh.csv,Data - Shivansh.csv:847,legacy_cleaned_corpus,302760a8b5dd7f263a23,entityschool vs entityschool for entityprogram
516cd8cdfa88a76a,UC San Diego job placement for neuroscience,uc san diego job placement for neuroscience,medium,intent_policy,0.98,Recognized intents consistently map to one frozen V1 route,,0.0,1,medium:1,medium:1,,career_outcomes,college_student,career_outcomes:1,college_student:1,Data - Shivansh.csv,Data - Shivansh.csv:2185,legacy_cleaned_corpus,d0687d4ccce8a647d6f4,entityschool job placement for entityprogram
518184b7ec9ca711,Penn State tuition vs Purdue tuition,penn state tuition vs purdue tuition,complex,intent_policy,0.98,Recognized intents consistently map to one frozen V1 route,,0.0,1,complex:1,complex:1,,comparison,college_student,comparison:1,college_student:1,Data - Shivansh.csv,Data - Shivansh.csv:2935,legacy_cleaned_corpus,2f64caaf4228bd36bc7c,entityschool tuition vs entityschool tuition
5193bbef481732b6,Stanford vs UT Austin,stanford vs ut austin,complex,intent_policy,0.98,Recognized intents consistently map to one frozen V1 route,,0.0,1,complex:1,complex:1,,comparison,college_student,comparison:1,college_student:1,Data - Shivansh.csv,Data - Shivansh.csv:3230,legacy_cleaned_corpus,ce0ab34d6e4892dbe532,entityschool vs entityschool
51a64e68a6fc193f,rankings for Northwestern,rankings for northwestern,short_circuit,intent_policy,0.98,Recognized intents consistently map to one frozen V1 route,,0.0,1,medium:1,medium:1,,attribute_lookup,advisor,attribute_lookup:1,advisor:1,Data - Shivansh.csv,Data - Shivansh.csv:3335,legacy_cleaned_corpus,6bdfd86265913f6b0a0f,rankings for entityschool
51ae4eb4cf0a11c3,Cornell job placement for psychology,cornell job placement for psychology,medium,intent_policy,0.98,Recognized intents consistently map to one frozen V1 route,,0.0,1,medium:1,medium:1,,career_outcomes,advisor,career_outcomes:1,advisor:1,Data - Shivansh.csv,Data - Shivansh.csv:2844,legacy_cleaned_corpus,d0687d4ccce8a647d6f4,entityschool job placement for entityprogram
51cdac3dc97bcfb3,affordable chemistry schools near Chicago with good internships,affordable chemistry schools near chicago with good internships,complex,intent_policy,0.98,Recognized intents consistently map to one frozen V1 route,,0.0,1,complex:1,complex:1,,multi_constraint,parent,multi_constraint:1,parent:1,Data - Shivansh.csv,Data - Shivansh.csv:3601,legacy_cleaned_corpus,f3a168da7625bb926035,affordable entityprogram schools near entityplace with good internships
51cfed316d28c83d,University of Washington tuition vs Arizona State tuition,university of washington tuition vs arizona state tuition,complex,intent_policy,0.98,Recognized intents consistently map to one frozen V1 route,,0.0,1,complex:1,complex:1,,comparison,parent,comparison:1,parent:1,Data - Shivansh.csv,Data - Shivansh.csv:706,legacy_cleaned_corpus,2f64caaf4228bd36bc7c,entityschool tuition vs entityschool tuition
524b7833864aa5c3,Princeton vs Duke,princeton vs duke,complex,intent_policy,0.98,Recognized intents consistently map to one frozen V1 route,,0.0,1,complex:1,complex:1,,comparison,college_student,comparison:1,college_student:1,Data - Shivansh.csv,Data - Shivansh.csv:1245,legacy_cleaned_corpus,ce0ab34d6e4892dbe532,entityschool vs entityschool
52647fb7579aa3a7,UCLA vs Virginia Tech,ucla vs virginia tech,complex,intent_policy,0.98,Recognized intents consistently map to one frozen V1 route,,0.0,1,complex:1,complex:1,,comparison,high_school_student,comparison:1,high_school_student:1,Data - Shivansh.csv,Data - Shivansh.csv:988,legacy_cleaned_corpus,ce0ab34d6e4892dbe532,entityschool vs entityschool
52a8157346cbf1fe,schools like Harvard but cheaper,schools like harvard but cheaper,complex,intent_policy,0.98,Recognized intents consistently map to one frozen V1 route,,0.0,7,complex:7,complex:7,,recommendation,college_student,recommendation:7,advisor:2|college_student:2|high_school_student:1|parent:2,Data - Shivansh.csv,Data - Shivansh.csv:19|Data - Shivansh.csv:468|Data - Shivansh.csv:1155|Data - Shivansh.csv:2152|Data - Shivansh.csv:2525|Data - Shivansh.csv:3261|Data - Shivansh.csv:4005,legacy_cleaned_corpus,4cc872421a190decb5f0,schools like entityschool but cheaper
52ddb9964c81c9ab,Northwestern job placement for aerospace engineering,northwestern job placement for aerospace engineering,medium,intent_policy,0.98,Recognized intents consistently map to one frozen V1 route,,0.0,1,medium:1,medium:1,,career_outcomes,counselor_teacher,career_outcomes:1,counselor_teacher:1,Data - Shivansh.csv,Data - Shivansh.csv:3720,legacy_cleaned_corpus,d0687d4ccce8a647d6f4,entityschool job placement for entityprogram
5367580112c2d8db,create reach target safety list for political science in Texas under 20k,create reach target safety list for political science in texas under 20k,medium,intent_policy,0.98,Recognized intents consistently map to one frozen V1 route,,0.0,1,medium:1,medium:1,,admissions_process,advisor,admissions_process:1,advisor:1,Data - Shivansh.csv,Data - Shivansh.csv:979,legacy_cleaned_corpus,8f457c66fbb4240dbb95,create reach target safety list for entityprogram in entityplace under entitynumber
5379ed3b91b5233b,UC Irvine job placement for psychology,uc irvine job placement for psychology,medium,intent_policy,0.98,Recognized intents consistently map to one frozen V1 route,,0.0,2,medium:2,medium:2,,career_outcomes,parent,career_outcomes:2,college_student:1|parent:1,Data - Shivansh.csv,Data - Shivansh.csv:100|Data - Shivansh.csv:2468,legacy_cleaned_corpus,d0687d4ccce8a647d6f4,entityschool job placement for entityprogram
53de76b276b1cec1,best philosophy schools in California,best philosophy schools in california,medium,intent_policy,0.98,Recognized intents consistently map to one frozen V1 route,,0.0,1,medium:1,medium:1,,filtered_search,advisor,filtered_search:1,advisor:1,Data - Shivansh.csv,Data - Shivansh.csv:2932,legacy_cleaned_corpus,95c816a8832e9f5b6f9f,best entityprogram schools in entityplace
54130c38fe7f436d,Stanford vs Harvard,stanford vs harvard,complex,intent_policy,0.98,Recognized intents consistently map to one frozen V1 route,,0.0,1,medium:1,medium:1,,comparison,advisor,comparison:1,advisor:1,Data - Shivansh.csv,Data - Shivansh.csv:103,legacy_cleaned_corpus,ce0ab34d6e4892dbe532,entityschool vs entityschool
54671e4a2e6bfdaa,how do i apply to Caltech,how do i apply to caltech,medium,intent_policy,0.98,Recognized intents consistently map to one frozen V1 route,,0.0,1,medium:1,medium:1,,admissions_process,parent,admissions_process:1,parent:1,Data - Shivansh.csv,Data - Shivansh.csv:3464,legacy_cleaned_corpus,1496450265c0af168f52,how do i apply to entityschool
54b1051220e46f35,Boston University vs Virginia Tech,boston university vs virginia tech,complex,intent_policy,0.98,Recognized intents consistently map to one frozen V1 route,,0.0,1,complex:1,complex:1,,comparison,college_student,comparison:1,college_student:1,Data - Shivansh.csv,Data - Shivansh.csv:865,legacy_cleaned_corpus,ce0ab34d6e4892dbe532,entityschool vs entityschool
55024d9a738275d2,University of Wisconsin job placement for mechanical engineering,university of wisconsin job placement for mechanical engineering,medium,intent_policy,0.98,Recognized intents consistently map to one frozen V1 route,,0.0,1,medium:1,medium:1,,career_outcomes,advisor,career_outcomes:1,advisor:1,Data - Shivansh.csv,Data - Shivansh.csv:2350,legacy_cleaned_corpus,d0687d4ccce8a647d6f4,entityschool job placement for entityprogram
550510b9c8de33da,job placement for University of Wisconsin,job placement for university of wisconsin,short_circuit,intent_policy,0.98,Recognized intents consistently map to one frozen V1 route,,0.0,1,short_circuit:1,short_circuit:1,,attribute_lookup,parent,attribute_lookup:1,parent:1,Data - Shivansh.csv,Data - Shivansh.csv:1353,legacy_cleaned_corpus,2740e2ad8177799284ea,job placement for entityschool
55432d62745535ed,does Cornell have chemistry,does cornell have chemistry,short_circuit,intent_policy,0.98,Recognized intents consistently map to one frozen V1 route,,0.0,1,medium:1,medium:1,,attribute_lookup,counselor_teacher,attribute_lookup:1,counselor_teacher:1,Data - Shivansh.csv,Data - Shivansh.csv:3251,legacy_cleaned_corpus,c219f457f3de750170ac,does entityschool have entityprogram
556f67a39753a803,does Arizona State have mechanical engineering,does arizona state have mechanical engineering,short_circuit,intent_policy,0.98,Recognized intents consistently map to one frozen V1 route,,0.0,2,short_circuit:2,short_circuit:2,,attribute_lookup,high_school_student,attribute_lookup:2,counselor_teacher:1|high_school_student:1,Data - Shivansh.csv,Data - Shivansh.csv:1010|Data - Shivansh.csv:1317,legacy_cleaned_corpus,c219f457f3de750170ac,does entityschool have entityprogram
5580ba06c4b09821,UC Berkeley vs Duke for business,uc berkeley vs duke for business,complex,intent_policy,0.98,Recognized intents consistently map to one frozen V1 route,,0.0,1,complex:1,complex:1,,comparison,college_student,comparison:1,college_student:1,Data - Shivansh.csv,Data - Shivansh.csv:3226,legacy_cleaned_corpus,302760a8b5dd7f263a23,entityschool vs entityschool for entityprogram
558543a1b43295e4,schools like University of Maryland but cheaper,schools like university of maryland but cheaper,complex,intent_policy,0.98,Recognized intents consistently map to one frozen V1 route,,0.0,1,complex:1,complex:1,,recommendation,college_student,recommendation:1,college_student:1,Data - Shivansh.csv,Data - Shivansh.csv:2267,legacy_cleaned_corpus,4cc872421a190decb5f0,schools like entityschool but cheaper
560776d2baa34b9e,Caltech tuition vs Georgia Tech tuition,caltech tuition vs georgia tech tuition,complex,intent_policy,0.98,Recognized intents consistently map to one frozen V1 route,,0.0,2,complex:2,complex:2,,comparison,college_student,comparison:2,college_student:1|counselor_teacher:1,Data - Shivansh.csv,Data - Shivansh.csv:2804|Data - Shivansh.csv:4361,legacy_cleaned_corpus,2f64caaf4228bd36bc7c,entityschool tuition vs entityschool tuition
571317503a82cb86,UT Austin vs Brown,ut austin vs brown,complex,intent_policy,0.98,Recognized intents consistently map to one frozen V1 route,,0.0,1,complex:1,complex:1,,comparison,high_school_student,comparison:1,high_school_student:1,Data - Shivansh.csv,Data - Shivansh.csv:2392,legacy_cleaned_corpus,ce0ab34d6e4892dbe532,entityschool vs entityschool
5762fb71fa2b2e1f,UC San Diego job placement for philosophy,uc san diego job placement for philosophy,medium,intent_policy,0.98,Recognized intents consistently map to one frozen V1 route,,0.0,1,medium:1,medium:1,,career_outcomes,college_student,career_outcomes:1,college_student:1,Data - Shivansh.csv,Data - Shivansh.csv:899,legacy_cleaned_corpus,d0687d4ccce8a647d6f4,entityschool job placement for entityprogram
576938fd036c35a1,University of Maryland job placement for computer science,university of maryland job placement for computer science,medium,intent_policy,0.98,Recognized intents consistently map to one frozen V1 route,,0.0,1,medium:1,medium:1,,career_outcomes,high_school_student,career_outcomes:1,high_school_student:1,Data - Shivansh.csv,Data - Shivansh.csv:1416,legacy_cleaned_corpus,d0687d4ccce8a647d6f4,entityschool job placement for entityprogram
5792510bf8f0f09b,Caltech vs Stanford,caltech vs stanford,complex,intent_policy,0.98,Recognized intents consistently map to one frozen V1 route,,0.0,1,llm_needed:1,llm_needed:1,,comparison,college_student,comparison:1,college_student:1,Data - Shivansh.csv,Data - Shivansh.csv:1787,legacy_cleaned_corpus,ce0ab34d6e4892dbe532,entityschool vs entityschool
57f52825d9e0f3da,University of Michigan financial aid for out of state,university of michigan financial aid for out of state,medium,intent_policy,0.98,Recognized intents consistently map to one frozen V1 route,,0.0,3,medium:3,medium:3,,cost_financial_aid,college_student,cost_financial_aid:3,advisor:1|college_student:1|high_school_student:1,Data - Shivansh.csv,Data - Shivansh.csv:216|Data - Shivansh.csv:1161|Data - Shivansh.csv:2102,legacy_cleaned_corpus,c5b667203cefd8b33b33,entityschool financial aid for out of state
57fd309b7217cf70,does Cornell have mechanical engineering,does cornell have mechanical engineering,short_circuit,intent_policy,0.98,Recognized intents consistently map to one frozen V1 route,,0.0,1,medium:1,medium:1,,attribute_lookup,advisor,attribute_lookup:1,advisor:1,Data - Shivansh.csv,Data - Shivansh.csv:3197,legacy_cleaned_corpus,c219f457f3de750170ac,does entityschool have entityprogram
58146d544492a33a,schools like Northeastern but cheaper,schools like northeastern but cheaper,complex,intent_policy,0.98,Recognized intents consistently map to one frozen V1 route,,0.0,2,complex:1|short_circuit:1,complex:1|short_circuit:1,,recommendation,parent,recommendation:2,college_student:1|parent:1,Data - Shivansh.csv,Data - Shivansh.csv:386|Data - Shivansh.csv:2495,legacy_cleaned_corpus,4cc872421a190decb5f0,schools like entityschool but cheaper
5828d52072bc9dba,Rice University tuition vs UCLA tuition,rice university tuition vs ucla tuition,complex,intent_policy,0.98,Recognized intents consistently map to one frozen V1 route,,0.0,1,complex:1,complex:1,,comparison,college_student,comparison:1,college_student:1,Data - Shivansh.csv,Data - Shivansh.csv:1631,legacy_cleaned_corpus,2f64caaf4228bd36bc7c,entityschool tuition vs entityschool tuition
583edcedd4fccf98,Rice University tuition vs Arizona State tuition,rice university tuition vs arizona state tuition,complex,intent_policy,0.98,Recognized intents consistently map to one frozen V1 route,,0.0,1,complex:1,complex:1,,comparison,counselor_teacher,comparison:1,counselor_teacher:1,Data - Shivansh.csv,Data - Shivansh.csv:4007,legacy_cleaned_corpus,2f64caaf4228bd36bc7c,entityschool tuition vs entityschool tuition
58811d3cee6f1735,Columbia tuition vs Penn State tuition,columbia tuition vs penn state tuition,complex,intent_policy,0.98,Recognized intents consistently map to one frozen V1 route,,0.0,1,complex:1,complex:1,,comparison,counselor_teacher,comparison:1,counselor_teacher:1,Data - Shivansh.csv,Data - Shivansh.csv:2349,legacy_cleaned_corpus,2f64caaf4228bd36bc7c,entityschool tuition vs entityschool tuition
58b5710b3ffb9185,does MIT have chemistry,does mit have chemistry,short_circuit,intent_policy,0.98,Recognized intents consistently map to one frozen V1 route,,0.0,1,short_circuit:1,short_circuit:1,,attribute_lookup,high_school_student,attribute_lookup:1,high_school_student:1,Data - Shivansh.csv,Data - Shivansh.csv:2310,legacy_cleaned_corpus,c219f457f3de750170ac,does entityschool have entityprogram
58dde65eb53bd666,Northeastern research opportunities,northeastern research opportunities,short_circuit,intent_policy,0.98,Recognized intents consistently map to one frozen V1 route,,0.0,1,short_circuit:1,short_circuit:1,,attribute_lookup,college_student,attribute_lookup:1,college_student:1,Data - Shivansh.csv,Data - Shivansh.csv:757,legacy_cleaned_corpus,1d107249ab27e7f6b88a,entityschool research opportunities
59e65d27400e2bfa,UC San Diego vs Virginia Tech,uc san diego vs virginia tech,complex,intent_policy,0.98,Recognized intents consistently map to one frozen V1 route,,0.0,1,complex:1,complex:1,,comparison,college_student,comparison:1,college_student:1,Data - Shivansh.csv,Data - Shivansh.csv:3790,legacy_cleaned_corpus,ce0ab34d6e4892dbe532,entityschool vs entityschool
5a4a8dd4fdd2843c,Penn State vs Rice University for aerospace engineering,penn state vs rice university for aerospace engineering,complex,intent_policy,0.98,Recognized intents consistently map to one frozen V1 route,,0.0,1,complex:1,complex:1,,comparison,college_student,comparison:1,college_student:1,Data - Shivansh.csv,Data - Shivansh.csv:2859,legacy_cleaned_corpus,302760a8b5dd7f263a23,entityschool vs entityschool for entityprogram
5a895251ee4aef20,Purdue internships,purdue internships,short_circuit,intent_policy,0.98,Recognized intents consistently map to one frozen V1 route,,0.0,1,short_circuit:1,short_circuit:1,,attribute_lookup,counselor_teacher,attribute_lookup:1,counselor_teacher:1,Data - Shivansh.csv,Data - Shivansh.csv:1493,legacy_cleaned_corpus,bf90bd08f32032d6f763,entityschool internships
5aa197dcccac2a24,best philosophy schools in Texas,best philosophy schools in texas,medium,intent_policy,0.98,Recognized intents consistently map to one frozen V1 route,,0.0,2,medium:2,medium:2,,filtered_search,high_school_student,filtered_search:2,counselor_teacher:1|high_school_student:1,Data - Shivansh.csv,Data - Shivansh.csv:1802|Data - Shivansh.csv:3388,legacy_cleaned_corpus,95c816a8832e9f5b6f9f,best entityprogram schools in entityplace
5afaf4e14a74b7cf,universities with strong aerospace engineering,universities with strong aerospace engineering,medium,intent_policy,0.98,Recognized intents consistently map to one frozen V1 route,,0.0,4,medium:4,medium:4,,filtered_search,counselor_teacher,filtered_search:4,college_student:1|counselor_teacher:3,Data - Shivansh.csv,Data - Shivansh.csv:2857|Data - Shivansh.csv:2965|Data - Shivansh.csv:4390|Data - Shivansh.csv:4427,legacy_cleaned_corpus,1222be73eac85d2d69e0,universities with strong entityprogram
5b4969ebd836e180,best nursing schools in Texas,best nursing schools in texas,medium,intent_policy,0.98,Recognized intents consistently map to one frozen V1 route,,0.0,1,medium:1,medium:1,,filtered_search,advisor,filtered_search:1,advisor:1,Data - Shivansh.csv,Data - Shivansh.csv:4010,legacy_cleaned_corpus,95c816a8832e9f5b6f9f,best entityprogram schools in entityplace
5b4cbc7113d280fb,USC vs UC San Diego,usc vs uc san diego,complex,intent_policy,0.98,Recognized intents consistently map to one frozen V1 route,,0.0,1,complex:1,complex:1,,comparison,counselor_teacher,comparison:1,counselor_teacher:1,Data - Shivansh.csv,Data - Shivansh.csv:1060,legacy_cleaned_corpus,ce0ab34d6e4892dbe532,entityschool vs entityschool
5ca7fff970a1874c,Cornell tuition vs University of Wisconsin tuition,cornell tuition vs university of wisconsin tuition,complex,intent_policy,0.98,Recognized intents consistently map to one frozen V1 route,,0.0,1,complex:1,complex:1,,comparison,parent,comparison:1,parent:1,Data - Shivansh.csv,Data - Shivansh.csv:669,legacy_cleaned_corpus,2f64caaf4228bd36bc7c,entityschool tuition vs entityschool tuition
5cf9abf08be25eab,Princeton tuition vs Rice University tuition,princeton tuition vs rice university tuition,complex,intent_policy,0.98,Recognized intents consistently map to one frozen V1 route,,0.0,1,complex:1,complex:1,,comparison,counselor_teacher,comparison:1,counselor_teacher:1,Data - Shivansh.csv,Data - Shivansh.csv:2172,legacy_cleaned_corpus,2f64caaf4228bd36bc7c,entityschool tuition vs entityschool tuition
5d564306b8acf348,Virginia Tech tuition vs Stanford tuition,virginia tech tuition vs stanford tuition,complex,intent_policy,0.98,Recognized intents consistently map to one frozen V1 route,,0.0,3,complex:3,complex:3,,comparison,advisor,comparison:3,advisor:2|counselor_teacher:1,Data - Shivansh.csv,Data - Shivansh.csv:1629|Data - Shivansh.csv:2606|Data - Shivansh.csv:3922,legacy_cleaned_corpus,2f64caaf4228bd36bc7c,entityschool tuition vs entityschool tuition
5d6bbb0c5263ebea,Northeastern tuition vs Virginia Tech tuition,northeastern tuition vs virginia tech tuition,complex,intent_policy,0.98,Recognized intents consistently map to one frozen V1 route,,0.0,1,complex:1,complex:1,,comparison,advisor,comparison:1,advisor:1,Data - Shivansh.csv,Data - Shivansh.csv:612,legacy_cleaned_corpus,2f64caaf4228bd36bc7c,entityschool tuition vs entityschool tuition
5da42dd5cf610f98,Harvard internships,harvard internships,short_circuit,intent_policy,0.98,Recognized intents consistently map to one frozen V1 route,,0.0,1,medium:1,medium:1,,attribute_lookup,parent,attribute_lookup:1,parent:1,Data - Shivansh.csv,Data - Shivansh.csv:2641,legacy_cleaned_corpus,bf90bd08f32032d6f763,entityschool internships
5dc4e81c14dab5c0,Duke scholarships,duke scholarships,medium,intent_policy,0.98,Recognized intents consistently map to one frozen V1 route,,0.0,1,medium:1,medium:1,,cost_financial_aid,parent,cost_financial_aid:1,parent:1,Data - Shivansh.csv,Data - Shivansh.csv:3828,legacy_cleaned_corpus,741b6aa2dae04972e2c3,entityschool scholarships
5dca517fd8e3dd27,does Duke have chemistry,does duke have chemistry,short_circuit,intent_policy,0.98,Recognized intents consistently map to one frozen V1 route,,0.0,1,short_circuit:1,short_circuit:1,,attribute_lookup,counselor_teacher,attribute_lookup:1,counselor_teacher:1,Data - Shivansh.csv,Data - Shivansh.csv:2486,legacy_cleaned_corpus,c219f457f3de750170ac,does entityschool have entityprogram
5e2c37173e4ec3ab,what essays does Virginia Tech require,what essays does virginia tech require,medium,intent_policy,0.98,Recognized intents consistently map to one frozen V1 route,,0.0,1,medium:1,medium:1,,admissions_process,college_student,admissions_process:1,college_student:1,Data - Shivansh.csv,Data - Shivansh.csv:1765,legacy_cleaned_corpus,e0880711f28fcb0ccf3b,what essays does entityschool require
5e57f71d7d6eb586,create reach target safety list for mechanical engineering in California under 40k,create reach target safety list for mechanical engineering in california under 40k,complex,intent_policy,0.98,Recognized intents consistently map to one frozen V1 route,,0.0,1,complex:1,complex:1,,rewrite_needed,advisor,rewrite_needed:1,advisor:1,Data - Shivansh.csv,Data - Shivansh.csv:767,legacy_cleaned_corpus,8f457c66fbb4240dbb95,create reach target safety list for entityprogram in entityplace under entitynumber
5eb67f9f8409b9c3,brown,brown,short_circuit,manual_override,1.0,Exact school lookup,,0.0,16,complex:1|llm_needed:1|short_circuit:14,complex:1|llm_needed:1|short_circuit:14,,exact_lookup,advisor,exact_lookup:16,advisor:5|college_student:2|counselor_teacher:1|high_school_student:3|parent:5,Data - Shivansh.csv,Data - Shivansh.csv:191|Data - Shivansh.csv:423|Data - Shivansh.csv:427|Data - Shivansh.csv:484|Data - Shivansh.csv:540|Data - Shivansh.csv:646|Data - Shivansh.csv:1274|Data - Shivansh.csv:2588|Data - Shivansh.csv:2933|Data - Shivansh.csv:3206|Data - Shivansh.csv:3528|Data - Shivansh.csv:3861|Data - Shivansh.csv:3885|Data - Shivansh.csv:4222|Data - Shivansh.csv:4327|Data - Shivansh.csv:4370,legacy_cleaned_corpus,5040e700a4b470a4942d,entityschool
5f533da3ba252f14,Rice University tuition vs University of Florida tuition,rice university tuition vs university of florida tuition,complex,intent_policy,0.98,Recognized intents consistently map to one frozen V1 route,,0.0,1,complex:1,complex:1,,comparison,counselor_teacher,comparison:1,counselor_teacher:1,Data - Shivansh.csv,Data - Shivansh.csv:3099,legacy_cleaned_corpus,2f64caaf4228bd36bc7c,entityschool tuition vs entityschool tuition
6015808c244aca7c,affordable philosophy schools in California with good internships,affordable philosophy schools in california with good internships,complex,intent_policy,0.98,Recognized intents consistently map to one frozen V1 route,,0.0,1,complex:1,complex:1,,multi_constraint,counselor_teacher,multi_constraint:1,counselor_teacher:1,Data - Shivansh.csv,Data - Shivansh.csv:4168,legacy_cleaned_corpus,2c4689b53d9ef03f56f3,affordable entityprogram schools in entityplace with good internships
60d0e1e057bb32f6,does Northwestern have nursing,does northwestern have nursing,short_circuit,intent_policy,0.98,Recognized intents consistently map to one frozen V1 route,,0.0,1,medium:1,medium:1,,attribute_lookup,counselor_teacher,attribute_lookup:1,counselor_teacher:1,Data - Shivansh.csv,Data - Shivansh.csv:3236,legacy_cleaned_corpus,c219f457f3de750170ac,does entityschool have entityprogram
60fd445bff2214b0,UT Austin vs University of Michigan for nursing,ut austin vs university of michigan for nursing,complex,intent_policy,0.98,Recognized intents consistently map to one frozen V1 route,,0.0,1,complex:1,complex:1,,comparison,parent,comparison:1,parent:1,Data - Shivansh.csv,Data - Shivansh.csv:1088,legacy_cleaned_corpus,302760a8b5dd7f263a23,entityschool vs entityschool for entityprogram
610f76693db1f833,Duke tuition vs UCLA tuition,duke tuition vs ucla tuition,complex,intent_policy,0.98,Recognized intents consistently map to one frozen V1 route,,0.0,1,complex:1,complex:1,,comparison,advisor,comparison:1,advisor:1,Data - Shivansh.csv,Data - Shivansh.csv:3156,legacy_cleaned_corpus,2f64caaf4228bd36bc7c,entityschool tuition vs entityschool tuition
6114de3ac6790d66,NYU job placement for neuroscience,nyu job placement for neuroscience,medium,intent_policy,0.98,Recognized intents consistently map to one frozen V1 route,,0.0,1,medium:1,medium:1,,career_outcomes,counselor_teacher,career_outcomes:1,counselor_teacher:1,Data - Shivansh.csv,Data - Shivansh.csv:660,legacy_cleaned_corpus,d0687d4ccce8a647d6f4,entityschool job placement for entityprogram
611a24922afd316b,does UC Berkeley have electrical engineering,does uc berkeley have electrical engineering,short_circuit,intent_policy,0.98,Recognized intents consistently map to one frozen V1 route,,0.0,1,medium:1,medium:1,,attribute_lookup,parent,attribute_lookup:1,parent:1,Data - Shivansh.csv,Data - Shivansh.csv:2914,legacy_cleaned_corpus,c219f457f3de750170ac,does entityschool have entityprogram
61206fbfcff2d279,NYU admissions profile average sat and gpa,nyu admissions profile average sat and gpa,complex,intent_policy,0.98,Recognized intents consistently map to one frozen V1 route,,0.0,1,complex:1,complex:1,,recommendation,counselor_teacher,recommendation:1,counselor_teacher:1,Data - Shivansh.csv,Data - Shivansh.csv:784,legacy_cleaned_corpus,548f4dfe8f885917e7ce,entityschool admissions profile average sat and gpa
61a46dfa7f9f12bc,how do i apply to Boston University,how do i apply to boston university,medium,intent_policy,0.98,Recognized intents consistently map to one frozen V1 route,,0.0,3,complex:1|medium:2,complex:1|medium:2,,admissions_process,counselor_teacher,admissions_process:3,counselor_teacher:1|high_school_student:1|parent:1,Data - Shivansh.csv,Data - Shivansh.csv:1040|Data - Shivansh.csv:1672|Data - Shivansh.csv:1976,legacy_cleaned_corpus,1496450265c0af168f52,how do i apply to entityschool
6200e85b01e90537,UCLA average SAT,ucla average sat,short_circuit,intent_policy,0.98,Recognized intents consistently map to one frozen V1 route,,0.0,1,short_circuit:1,short_circuit:1,,attribute_lookup,college_student,attribute_lookup:1,college_student:1,Data - Shivansh.csv,Data - Shivansh.csv:1138,legacy_cleaned_corpus,5e65ab17c95c39987c97,entityschool average sat
6267f9b01c0c4e87,UC Irvine job placement for architecture,uc irvine job placement for architecture,medium,intent_policy,0.98,Recognized intents consistently map to one frozen V1 route,,0.0,1,llm_needed:1,llm_needed:1,,career_outcomes,parent,career_outcomes:1,parent:1,Data - Shivansh.csv,Data - Shivansh.csv:541,legacy_cleaned_corpus,d0687d4ccce8a647d6f4,entityschool job placement for entityprogram
626966fec8c4a689,Vanderbilt vibe,vanderbilt vibe,llm_needed,intent_policy,0.98,Recognized intents consistently map to one frozen V1 route,,0.0,1,llm_needed:1,llm_needed:1,,campus_life_fit,high_school_student,campus_life_fit:1,high_school_student:1,Data - Shivansh.csv,Data - Shivansh.csv:1024,legacy_cleaned_corpus,dd3ca97cc2f8d6c117da,entityschool vibe
632a162f3592dbab,Penn State vibe,penn state vibe,llm_needed,intent_policy,0.98,Recognized intents consistently map to one frozen V1 route,,0.0,1,llm_needed:1,llm_needed:1,,campus_life_fit,college_student,campus_life_fit:1,college_student:1,Data - Shivansh.csv,Data - Shivansh.csv:2058,legacy_cleaned_corpus,dd3ca97cc2f8d6c117da,entityschool vibe
63691117f360c24c,Arizona State job placement for psychology,arizona state job placement for psychology,medium,intent_policy,0.98,Recognized intents consistently map to one frozen V1 route,,0.0,2,medium:2,medium:2,,career_outcomes,high_school_student,career_outcomes:2,counselor_teacher:1|high_school_student:1,Data - Shivansh.csv,Data - Shivansh.csv:1484|Data - Shivansh.csv:4146,legacy_cleaned_corpus,d0687d4ccce8a647d6f4,entityschool job placement for entityprogram
63866302165d1f77,yale,yale,short_circuit,intent_policy,0.98,Recognized intents consistently map to one frozen V1 route,,0.0,1,short_circuit:1,short_circuit:1,short_circuit:1,exact_lookup,high_school_student,exact_lookup:1,high_school_student:1,Data - Anika.csv,Data - Anika.csv:182,legacy_cleaned_corpus,5040e700a4b470a4942d,entityschool
6390f99adeb81c4a,job placement for Cornell,job placement for cornell,short_circuit,intent_policy,0.98,Recognized intents consistently map to one frozen V1 route,,0.0,1,medium:1,medium:1,,attribute_lookup,advisor,attribute_lookup:1,advisor:1,Data - Shivansh.csv,Data - Shivansh.csv:3157,legacy_cleaned_corpus,2740e2ad8177799284ea,job placement for entityschool
63fa4075ca58fa22,Vanderbilt chill campus,vanderbilt chill campus,llm_needed,intent_policy,0.98,Recognized intents consistently map to one frozen V1 route,,0.0,1,llm_needed:1,llm_needed:1,,campus_life_fit,college_student,campus_life_fit:1,college_student:1,Data - Shivansh.csv,Data - Shivansh.csv:144,legacy_cleaned_corpus,c042094b302ecb812a99,entityschool chill campus
64340e14e207c842,Harvard acceptance rate,harvard acceptance rate,short_circuit,intent_policy,0.98,Recognized intents consistently map to one frozen V1 route,,0.0,1,medium:1,medium:1,,attribute_lookup,counselor_teacher,attribute_lookup:1,counselor_teacher:1,Data - Shivansh.csv,Data - Shivansh.csv:4298,legacy_cleaned_corpus,c478df48842744c7afae,entityschool acceptance rate
64634419de305781,rankings for Carnegie Mellon,rankings for carnegie mellon,short_circuit,intent_policy,0.98,Recognized intents consistently map to one frozen V1 route,,0.0,2,medium:1|short_circuit:1,medium:1|short_circuit:1,,attribute_lookup,high_school_student,attribute_lookup:2,advisor:1|high_school_student:1,Data - Shivansh.csv,Data - Shivansh.csv:1553|Data - Shivansh.csv:3522,legacy_cleaned_corpus,6bdfd86265913f6b0a0f,rankings for entityschool
64d593097b37f604,Duke vs Princeton,duke vs princeton,complex,intent_policy,0.98,Recognized intents consistently map to one frozen V1 route,,0.0,1,complex:1,complex:1,,comparison,high_school_student,comparison:1,high_school_student:1,Data - Shivansh.csv,Data - Shivansh.csv:1411,legacy_cleaned_corpus,ce0ab34d6e4892dbe532,entityschool vs entityschool
64f1326f1c135ceb,Harvard financial aid for out of state,harvard financial aid for out of state,medium,intent_policy,0.98,Recognized intents consistently map to one frozen V1 route,,0.0,3,medium:3,medium:3,,cost_financial_aid,counselor_teacher,cost_financial_aid:3,advisor:1|counselor_teacher:2,Data - Shivansh.csv,Data - Shivansh.csv:175|Data - Shivansh.csv:1025|Data - Shivansh.csv:2063,legacy_cleaned_corpus,c5b667203cefd8b33b33,entityschool financial aid for out of state
66017ebbee60a88e,UC Irvine vs Caltech for nursing,uc irvine vs caltech for nursing,complex,intent_policy,0.98,Recognized intents consistently map to one frozen V1 route,,0.0,1,complex:1,complex:1,,comparison,high_school_student,comparison:1,high_school_student:1,Data - Shivansh.csv,Data - Shivansh.csv:678,legacy_cleaned_corpus,302760a8b5dd7f263a23,entityschool vs entityschool for entityprogram
66507ab4e6718143,MIT tuition vs USC tuition,mit tuition vs usc tuition,complex,intent_policy,0.98,Recognized intents consistently map to one frozen V1 route,,0.0,1,complex:1,complex:1,,comparison,parent,comparison:1,parent:1,Data - Shivansh.csv,Data - Shivansh.csv:4016,legacy_cleaned_corpus,2f64caaf4228bd36bc7c,entityschool tuition vs entityschool tuition
666679cde29d1521,UCLA vs University of Michigan,ucla vs university of michigan,complex,intent_policy,0.98,Recognized intents consistently map to one frozen V1 route,,0.0,1,complex:1,complex:1,,comparison,college_student,comparison:1,college_student:1,Data - Shivansh.csv,Data - Shivansh.csv:4432,legacy_cleaned_corpus,ce0ab34d6e4892dbe532,entityschool vs entityschool
66724ebd398c1032,Penn State tuition vs Virginia Tech tuition,penn state tuition vs virginia tech tuition,complex,intent_policy,0.98,Recognized intents consistently map to one frozen V1 route,,0.0,1,complex:1,complex:1,,comparison,counselor_teacher,comparison:1,counselor_teacher:1,Data - Shivansh.csv,Data - Shivansh.csv:3328,legacy_cleaned_corpus,2f64caaf4228bd36bc7c,entityschool tuition vs entityschool tuition
669430cb05ced3be,best engineering schools in California,best engineering schools in california,medium,intent_policy,0.98,Recognized intents consistently map to one frozen V1 route,,0.0,1,medium:1,medium:1,,filtered_search,parent,filtered_search:1,parent:1,Data - Shivansh.csv,Data - Shivansh.csv:3988,legacy_cleaned_corpus,95c816a8832e9f5b6f9f,best entityprogram schools in entityplace
6728807d9878c3a0,UC Irvine vs USC,uc irvine vs usc,complex,intent_policy,0.98,Recognized intents consistently map to one frozen V1 route,,0.0,1,complex:1,complex:1,,comparison,parent,comparison:1,parent:1,Data - Shivansh.csv,Data - Shivansh.csv:2012,legacy_cleaned_corpus,ce0ab34d6e4892dbe532,entityschool vs entityschool
6732c60bce5df6fb,four year cost of MIT including housing,four year cost of mit including housing,medium,intent_policy,0.98,Recognized intents consistently map to one frozen V1 route,,0.0,2,medium:2,medium:2,,cost_financial_aid,parent,b2b_partnership:1|cost_financial_aid:1,parent:2,Data - Shivansh.csv,Data - Shivansh.csv:1410|Data - Shivansh.csv:2070,legacy_cleaned_corpus,77f4f7a26cd4cc07453e,four year cost of entityschool including housing
67370bc84aae0191,Caltech vs Carnegie Mellon for electrical engineering,caltech vs carnegie mellon for electrical engineering,complex,intent_policy,0.98,Recognized intents consistently map to one frozen V1 route,,0.0,1,complex:1,complex:1,,comparison,counselor_teacher,comparison:1,counselor_teacher:1,Data - Shivansh.csv,Data - Shivansh.csv:3872,legacy_cleaned_corpus,302760a8b5dd7f263a23,entityschool vs entityschool for entityprogram
6867dfded9e60b8b,Georgia Tech vs Brown,georgia tech vs brown,complex,intent_policy,0.98,Recognized intents consistently map to one frozen V1 route,,0.0,1,complex:1,complex:1,,comparison,advisor,comparison:1,advisor:1,Data - Shivansh.csv,Data - Shivansh.csv:3106,legacy_cleaned_corpus,ce0ab34d6e4892dbe532,entityschool vs entityschool
687773a6eeeeacbc,Boston University financial aid for out of state,boston university financial aid for out of state,medium,intent_policy,0.98,Recognized intents consistently map to one frozen V1 route,,0.0,2,medium:2,medium:2,,cost_financial_aid,advisor,cost_financial_aid:2,advisor:1|college_student:1,Data - Shivansh.csv,Data - Shivansh.csv:1179|Data - Shivansh.csv:1797,legacy_cleaned_corpus,c5b667203cefd8b33b33,entityschool financial aid for out of state
688b1d442cff6ffa,Penn State tuition vs Princeton tuition,penn state tuition vs princeton tuition,complex,intent_policy,0.98,Recognized intents consistently map to one frozen V1 route,,0.0,1,complex:1,complex:1,,comparison,parent,comparison:1,parent:1,Data - Shivansh.csv,Data - Shivansh.csv:30,legacy_cleaned_corpus,2f64caaf4228bd36bc7c,entityschool tuition vs entityschool tuition
68c7dc11bb82e545,UCLA vs Rice University for psychology,ucla vs rice university for psychology,complex,intent_policy,0.98,Recognized intents consistently map to one frozen V1 route,,0.0,1,complex:1,complex:1,,comparison,advisor,comparison:1,advisor:1,Data - Shivansh.csv,Data - Shivansh.csv:2703,legacy_cleaned_corpus,302760a8b5dd7f263a23,entityschool vs entityschool for entityprogram
68ee23a88b73d649,University of Michigan scholarships,university of michigan scholarships,medium,intent_policy,0.98,Recognized intents consistently map to one frozen V1 route,,0.0,6,medium:6,medium:6,,cost_financial_aid,advisor,cost_financial_aid:6,advisor:2|college_student:1|counselor_teacher:2|parent:1,Data - Shivansh.csv,Data - Shivansh.csv:57|Data - Shivansh.csv:342|Data - Shivansh.csv:3152|Data - Shivansh.csv:3171|Data - Shivansh.csv:3243|Data - Shivansh.csv:4197,legacy_cleaned_corpus,741b6aa2dae04972e2c3,entityschool scholarships
690c18ddda230f9e,MIT vibe,mit vibe,llm_needed,intent_policy,0.98,Recognized intents consistently map to one frozen V1 route,,0.0,1,llm_needed:1,llm_needed:1,,campus_life_fit,counselor_teacher,campus_life_fit:1,counselor_teacher:1,Data - Shivansh.csv,Data - Shivansh.csv:1208,legacy_cleaned_corpus,dd3ca97cc2f8d6c117da,entityschool vibe
690e75058a356ccc,Columbia vs Brown,columbia vs brown,complex,intent_policy,0.98,Recognized intents consistently map to one frozen V1 route,,0.0,1,complex:1,complex:1,,comparison,advisor,comparison:1,advisor:1,Data - Shivansh.csv,Data - Shivansh.csv:4436,legacy_cleaned_corpus,ce0ab34d6e4892dbe532,entityschool vs entityschool
69350686d9efffb3,Columbia tuition vs Harvard tuition,columbia tuition vs harvard tuition,complex,intent_policy,0.98,Recognized intents consistently map to one frozen V1 route,,0.0,1,complex:1,complex:1,,comparison,parent,comparison:1,parent:1,Data - Shivansh.csv,Data - Shivansh.csv:4385,legacy_cleaned_corpus,2f64caaf4228bd36bc7c,entityschool tuition vs entityschool tuition
697206115fac8a89,four year cost of Boston University including housing,four year cost of boston university including housing,complex,intent_policy,0.98,Recognized intents consistently map to one frozen V1 route,,0.0,1,complex:1,complex:1,,rewrite_needed,parent,rewrite_needed:1,parent:1,Data - Shivansh.csv,Data - Shivansh.csv:730,legacy_cleaned_corpus,77f4f7a26cd4cc07453e,four year cost of entityschool including housing
69e154176ac8c3ab,Brown tuition vs Carnegie Mellon tuition,brown tuition vs carnegie mellon tuition,complex,intent_policy,0.98,Recognized intents consistently map to one frozen V1 route,,0.0,1,complex:1,complex:1,,comparison,parent,comparison:1,parent:1,Data - Shivansh.csv,Data - Shivansh.csv:753,legacy_cleaned_corpus,2f64caaf4228bd36bc7c,entityschool tuition vs entityschool tuition
6a25c05690738b68,UC Berkeley financial aid for out of state,uc berkeley financial aid for out of state,medium,intent_policy,0.98,Recognized intents consistently map to one frozen V1 route,,0.0,1,medium:1,medium:1,,cost_financial_aid,parent,cost_financial_aid:1,parent:1,Data - Shivansh.csv,Data - Shivansh.csv:707,legacy_cleaned_corpus,c5b667203cefd8b33b33,entityschool financial aid for out of state
6a7adf1ee8d0e99d,penn state vs ohio state,penn state vs ohio state,complex,intent_policy,0.98,Recognized intents consistently map to one frozen V1 route,,0.0,1,complex:1,complex:1,complex:1,comparison,college_student,comparison:1,college_student:1,Data - Anika.csv,Data - Anika.csv:256,legacy_cleaned_corpus,ce0ab34d6e4892dbe532,entityschool vs entityschool
6ab92832a8c7656e,UC San Diego job placement for data science,uc san diego job placement for data science,medium,intent_policy,0.98,Recognized intents consistently map to one frozen V1 route,,0.0,1,medium:1,medium:1,,career_outcomes,college_student,career_outcomes:1,college_student:1,Data - Shivansh.csv,Data - Shivansh.csv:802,legacy_cleaned_corpus,d0687d4ccce8a647d6f4,entityschool job placement for entityprogram
6acac9b104e7933c,UT Austin vs University of Washington,ut austin vs university of washington,complex,intent_policy,0.98,Recognized intents consistently map to one frozen V1 route,,0.0,1,complex:1,complex:1,,comparison,parent,comparison:1,parent:1,Data - Shivansh.csv,Data - Shivansh.csv:2328,legacy_cleaned_corpus,ce0ab34d6e4892dbe532,entityschool vs entityschool
6ba6fb200c538a1d,Northeastern vs Stanford,northeastern vs stanford,complex,intent_policy,0.98,Recognized intents consistently map to one frozen V1 route,,0.0,1,complex:1,complex:1,,comparison,parent,comparison:1,parent:1,Data - Shivansh.csv,Data - Shivansh.csv:1605,legacy_cleaned_corpus,ce0ab34d6e4892dbe532,entityschool vs entityschool
6bd708b1a814123a,University of Florida job placement for economics,university of florida job placement for economics,medium,intent_policy,0.98,Recognized intents consistently map to one frozen V1 route,,0.0,1,medium:1,medium:1,,career_outcomes,parent,career_outcomes:1,parent:1,Data - Shivansh.csv,Data - Shivansh.csv:3498,legacy_cleaned_corpus,d0687d4ccce8a647d6f4,entityschool job placement for entityprogram
6c4d676be904f4f8,does Purdue have engineering,does purdue have engineering,short_circuit,intent_policy,0.98,Recognized intents consistently map to one frozen V1 route,,0.0,2,short_circuit:2,short_circuit:2,,attribute_lookup,counselor_teacher,attribute_lookup:2,counselor_teacher:1|parent:1,Data - Shivansh.csv,Data - Shivansh.csv:1445|Data - Shivansh.csv:2492,legacy_cleaned_corpus,c219f457f3de750170ac,does entityschool have entityprogram
6c629817b8b39f1a,UC Berkeley scholarships,uc berkeley scholarships,medium,intent_policy,0.98,Recognized intents consistently map to one frozen V1 route,,0.0,5,medium:4|short_circuit:1,medium:4|short_circuit:1,,cost_financial_aid,counselor_teacher,cost_financial_aid:5,college_student:1|counselor_teacher:2|parent:2,Data - Shivansh.csv,Data - Shivansh.csv:286|Data - Shivansh.csv:720|Data - Shivansh.csv:1079|Data - Shivansh.csv:3023|Data - Shivansh.csv:4418,legacy_cleaned_corpus,741b6aa2dae04972e2c3,entityschool scholarships
6d3d783df4109c4d,Harvard vs Carnegie Mellon for philosophy,harvard vs carnegie mellon for philosophy,complex,intent_policy,0.98,Recognized intents consistently map to one frozen V1 route,,0.0,1,complex:1,complex:1,,comparison,parent,comparison:1,parent:1,Data - Shivansh.csv,Data - Shivansh.csv:3725,legacy_cleaned_corpus,302760a8b5dd7f263a23,entityschool vs entityschool for entityprogram
6d9fbb9c11afdf9f,Cornell job placement for business,cornell job placement for business,medium,intent_policy,0.98,Recognized intents consistently map to one frozen V1 route,,0.0,1,medium:1,medium:1,,career_outcomes,advisor,career_outcomes:1,advisor:1,Data - Shivansh.csv,Data - Shivansh.csv:3090,legacy_cleaned_corpus,d0687d4ccce8a647d6f4,entityschool job placement for entityprogram
6df4c809b19c1963,University of Wisconsin chill campus,university of wisconsin chill campus,llm_needed,intent_policy,0.98,Recognized intents consistently map to one frozen V1 route,,0.0,2,llm_needed:2,llm_needed:2,,campus_life_fit,counselor_teacher,campus_life_fit:2,counselor_teacher:1|parent:1,Data - Shivansh.csv,Data - Shivansh.csv:978|Data - Shivansh.csv:1833,legacy_cleaned_corpus,c042094b302ecb812a99,entityschool chill campus
6dfe99c7790e447c,does UC San Diego have psychology,does uc san diego have psychology,short_circuit,intent_policy,0.98,Recognized intents consistently map to one frozen V1 route,,0.0,1,medium:1,medium:1,,attribute_lookup,college_student,attribute_lookup:1,college_student:1,Data - Shivansh.csv,Data - Shivansh.csv:4468,legacy_cleaned_corpus,c219f457f3de750170ac,does entityschool have entityprogram
6e13a557db40345e,universities with research in computational neuroscience,universities with research in computational neuroscience,short_circuit,intent_policy,0.98,Recognized intents consistently map to one frozen V1 route,,0.0,1,complex:1,complex:1,,attribute_lookup,highschool_student,attribute_lookup:1,highschool_student:1,Data - Edward.csv,Data - Edward.csv:256,legacy_cleaned_corpus,21a3dc7b50fbab1b17ee,universities with research in computational entityprogram
6e7a9c245a44e001,what essays does Northwestern require,what essays does northwestern require,medium,intent_policy,0.98,Recognized intents consistently map to one frozen V1 route,,0.0,1,medium:1,medium:1,,admissions_process,high_school_student,admissions_process:1,high_school_student:1,Data - Shivansh.csv,Data - Shivansh.csv:1279,legacy_cleaned_corpus,e0880711f28fcb0ccf3b,what essays does entityschool require
6ee470322a703e5a,does Northwestern have biology,does northwestern have biology,short_circuit,intent_policy,0.98,Recognized intents consistently map to one frozen V1 route,,0.0,1,short_circuit:1,short_circuit:1,,attribute_lookup,college_student,attribute_lookup:1,college_student:1,Data - Shivansh.csv,Data - Shivansh.csv:1071,legacy_cleaned_corpus,c219f457f3de750170ac,does entityschool have entityprogram
6f9e54fdd63cec4f,Arizona State campus culture,arizona state campus culture,llm_needed,intent_policy,0.98,Recognized intents consistently map to one frozen V1 route,,0.0,4,llm_needed:4,llm_needed:4,,campus_life_fit,counselor_teacher,campus_life_fit:4,advisor:1|college_student:1|counselor_teacher:2,Data - Shivansh.csv,Data - Shivansh.csv:2502|Data - Shivansh.csv:3570|Data - Shivansh.csv:3741|Data - Shivansh.csv:4111,legacy_cleaned_corpus,c273440fb1ec037f5992,entityschool campus culture
6fbfd41fb02ceb64,Arizona State average ACT,arizona state average act,short_circuit,intent_policy,0.98,Recognized intents consistently map to one frozen V1 route,,0.0,1,medium:1,medium:1,,attribute_lookup,counselor_teacher,attribute_lookup:1,counselor_teacher:1,Data - Shivansh.csv,Data - Shivansh.csv:3044,legacy_cleaned_corpus,e6f83d01de4c22320c83,entityschool average act
715e645770e20a65,Northwestern tuition vs Caltech tuition,northwestern tuition vs caltech tuition,complex,intent_policy,0.98,Recognized intents consistently map to one frozen V1 route,,0.0,1,complex:1,complex:1,,comparison,parent,comparison:1,parent:1,Data - Shivansh.csv,Data - Shivansh.csv:1457,legacy_cleaned_corpus,2f64caaf4228bd36bc7c,entityschool tuition vs entityschool tuition
71c6690103197ba1,University of Michigan vibe,university of michigan vibe,llm_needed,intent_policy,0.98,Recognized intents consistently map to one frozen V1 route,,0.0,1,llm_needed:1,llm_needed:1,,campus_life_fit,counselor_teacher,campus_life_fit:1,counselor_teacher:1,Data - Shivansh.csv,Data - Shivansh.csv:812,legacy_cleaned_corpus,dd3ca97cc2f8d6c117da,entityschool vibe
71d99500f58349c7,schools like Princeton but cheaper,schools like princeton but cheaper,complex,intent_policy,0.98,Recognized intents consistently map to one frozen V1 route,,0.0,4,complex:4,complex:4,,recommendation,counselor_teacher,recommendation:4,counselor_teacher:2|parent:2,Data - Shivansh.csv,Data - Shivansh.csv:113|Data - Shivansh.csv:291|Data - Shivansh.csv:4343|Data - Shivansh.csv:4417,legacy_cleaned_corpus,4cc872421a190decb5f0,schools like entityschool but cheaper
71e573b63cda1d80,what essays does Harvard require,what essays does harvard require,medium,intent_policy,0.98,Recognized intents consistently map to one frozen V1 route,,0.0,1,medium:1,medium:1,,admissions_process,high_school_student,admissions_process:1,high_school_student:1,Data - Shivansh.csv,Data - Shivansh.csv:1345,legacy_cleaned_corpus,e0880711f28fcb0ccf3b,what essays does entityschool require
72ed9f78302d538b,how do i apply to Stanford,how do i apply to stanford,medium,intent_policy,0.98,Recognized intents consistently map to one frozen V1 route,,0.0,3,medium:3,medium:3,,admissions_process,college_student,admissions_process:3,college_student:2|parent:1,Data - Shivansh.csv,Data - Shivansh.csv:193|Data - Shivansh.csv:1388|Data - Shivansh.csv:4389,legacy_cleaned_corpus,1496450265c0af168f52,how do i apply to entityschool
7336b33de6037997,NYU scholarships,nyu scholarships,medium,intent_policy,0.98,Recognized intents consistently map to one frozen V1 route,,0.0,3,medium:3,medium:3,,cost_financial_aid,college_student,cost_financial_aid:3,college_student:1|counselor_teacher:1|high_school_student:1,Data - Shivansh.csv,Data - Shivansh.csv:336|Data - Shivansh.csv:1172|Data - Shivansh.csv:3438,legacy_cleaned_corpus,741b6aa2dae04972e2c3,entityschool scholarships
733854483d6ce05f,universities with strong political science,universities with strong political science,medium,intent_policy,0.98,Recognized intents consistently map to one frozen V1 route,,0.0,2,medium:2,medium:2,,filtered_search,advisor,filtered_search:2,advisor:1|college_student:1,Data - Shivansh.csv,Data - Shivansh.csv:295|Data - Shivansh.csv:365,legacy_cleaned_corpus,1222be73eac85d2d69e0,universities with strong entityprogram
738085b8e5e4e62d,job placement for Harvard,job placement for harvard,short_circuit,intent_policy,0.98,Recognized intents consistently map to one frozen V1 route,,0.0,1,short_circuit:1,short_circuit:1,,attribute_lookup,high_school_student,attribute_lookup:1,high_school_student:1,Data - Shivansh.csv,Data - Shivansh.csv:1674,legacy_cleaned_corpus,2740e2ad8177799284ea,job placement for entityschool
742af9829f354ce8,Cornell job placement for mechanical engineering,cornell job placement for mechanical engineering,medium,intent_policy,0.98,Recognized intents consistently map to one frozen V1 route,,0.0,1,medium:1,medium:1,,career_outcomes,parent,career_outcomes:1,parent:1,Data - Shivansh.csv,Data - Shivansh.csv:3615,legacy_cleaned_corpus,d0687d4ccce8a647d6f4,entityschool job placement for entityprogram
74477e6cbb168a01,University of Washington job placement for economics,university of washington job placement for economics,medium,intent_policy,0.98,Recognized intents consistently map to one frozen V1 route,,0.0,2,medium:2,medium:2,,career_outcomes,parent,career_outcomes:2,counselor_teacher:1|parent:1,Data - Shivansh.csv,Data - Shivansh.csv:2673|Data - Shivansh.csv:3360,legacy_cleaned_corpus,d0687d4ccce8a647d6f4,entityschool job placement for entityprogram
74a82832db7e0a60,Princeton scholarships,princeton scholarships,medium,intent_policy,0.98,Recognized intents consistently map to one frozen V1 route,,0.0,1,medium:1,medium:1,,cost_financial_aid,parent,cost_financial_aid:1,parent:1,Data - Shivansh.csv,Data - Shivansh.csv:2725,legacy_cleaned_corpus,741b6aa2dae04972e2c3,entityschool scholarships
75324b9b70e38346,Rice University vs Duke for business,rice university vs duke for business,complex,intent_policy,0.98,Recognized intents consistently map to one frozen V1 route,,0.0,1,complex:1,complex:1,,comparison,parent,comparison:1,parent:1,Data - Shivansh.csv,Data - Shivansh.csv:3150,legacy_cleaned_corpus,302760a8b5dd7f263a23,entityschool vs entityschool for entityprogram
75cf19d802c6f494,Penn State job placement for engineering,penn state job placement for engineering,medium,intent_policy,0.98,Recognized intents consistently map to one frozen V1 route,,0.0,2,medium:2,medium:2,,career_outcomes,counselor_teacher,career_outcomes:2,advisor:1|counselor_teacher:1,Data - Shivansh.csv,Data - Shivansh.csv:47|Data - Shivansh.csv:641,legacy_cleaned_corpus,d0687d4ccce8a647d6f4,entityschool job placement for entityprogram
763cc8d79238c3ae,best aerospace engineering schools in Texas,best aerospace engineering schools in texas,medium,intent_policy,0.98,Recognized intents consistently map to one frozen V1 route,,0.0,1,medium:1,medium:1,,filtered_search,counselor_teacher,filtered_search:1,counselor_teacher:1,Data - Shivansh.csv,Data - Shivansh.csv:3666,legacy_cleaned_corpus,95c816a8832e9f5b6f9f,best entityprogram schools in entityplace
76a33875da3cfc8d,Cornell scholarships,cornell scholarships,medium,intent_policy,0.98,Recognized intents consistently map to one frozen V1 route,,0.0,4,medium:4,medium:4,,cost_financial_aid,high_school_student,cost_financial_aid:4,advisor:1|counselor_teacher:1|high_school_student:1|parent:1,Data - Shivansh.csv,Data - Shivansh.csv:2035|Data - Shivansh.csv:2238|Data - Shivansh.csv:3376|Data - Shivansh.csv:3425,legacy_cleaned_corpus,741b6aa2dae04972e2c3,entityschool scholarships
76ac9379d4b6bcc7,Caltech vs Penn State,caltech vs penn state,complex,intent_policy,0.98,Recognized intents consistently map to one frozen V1 route,,0.0,1,complex:1,complex:1,,comparison,parent,comparison:1,parent:1,Data - Shivansh.csv,Data - Shivansh.csv:4369,legacy_cleaned_corpus,ce0ab34d6e4892dbe532,entityschool vs entityschool
76ad70524e8195ea,University of Maryland tuition vs Rice University tuition,university of maryland tuition vs rice university tuition,complex,intent_policy,0.98,Recognized intents consistently map to one frozen V1 route,,0.0,1,complex:1,complex:1,,comparison,parent,comparison:1,parent:1,Data - Shivansh.csv,Data - Shivansh.csv:833,legacy_cleaned_corpus,2f64caaf4228bd36bc7c,entityschool tuition vs entityschool tuition
776a357c7f30a829,Carnegie Mellon vs Arizona State,carnegie mellon vs arizona state,complex,intent_policy,0.98,Recognized intents consistently map to one frozen V1 route,,0.0,1,complex:1,complex:1,,comparison,counselor_teacher,comparison:1,counselor_teacher:1,Data - Shivansh.csv,Data - Shivansh.csv:4232,legacy_cleaned_corpus,ce0ab34d6e4892dbe532,entityschool vs entityschool
779d80285286540d,Rice University vs MIT,rice university vs mit,complex,intent_policy,0.98,Recognized intents consistently map to one frozen V1 route,,0.0,1,complex:1,complex:1,,comparison,college_student,comparison:1,college_student:1,Data - Shivansh.csv,Data - Shivansh.csv:2234,legacy_cleaned_corpus,ce0ab34d6e4892dbe532,entityschool vs entityschool
77f951ab59ee0f81,UCLA,ucla,short_circuit,intent_policy,0.98,Recognized intents consistently map to one frozen V1 route,,0.0,9,medium:1|short_circuit:8,medium:1|short_circuit:8,,exact_lookup,college_student,exact_lookup:9,advisor:2|college_student:4|counselor_teacher:2|parent:1,Data - Shivansh.csv,Data - Shivansh.csv:358|Data - Shivansh.csv:918|Data - Shivansh.csv:960|Data - Shivansh.csv:1211|Data - Shivansh.csv:2305|Data - Shivansh.csv:2465|Data - Shivansh.csv:3483|Data - Shivansh.csv:3830|Data - Shivansh.csv:4341,legacy_cleaned_corpus,5040e700a4b470a4942d,entityschool
78198e7ab262449a,MIT,mit,short_circuit,manual_override,1.0,Exact school lookup,,0.0,20,medium:1|short_circuit:19,medium:1|short_circuit:19,short_circuit:1,exact_lookup,high_school_student,exact_lookup:20,advisor:3|college_student:3|counselor_teacher:5|high_school_student:5|parent:4,Data - Anika.csv|Data - Shivansh.csv|Data Anthony.csv,Data - Anika.csv:2|Data - Shivansh.csv:377|Data - Shivansh.csv:403|Data - Shivansh.csv:683|Data - Shivansh.csv:1222|Data - Shivansh.csv:1849|Data - Shivansh.csv:1868|Data - Shivansh.csv:1925|Data - Shivansh.csv:1926|Data - Shivansh.csv:2128|Data - Shivansh.csv:2924|Data - Shivansh.csv:2975|Data - Shivansh.csv:3109|Data - Shivansh.csv:3272|Data - Shivansh.csv:3575|Data - Shivansh.csv:3705|Data - Shivansh.csv:3868|Data - Shivansh.csv:3916|Data - Shivansh.csv:4082|Data Anthony.csv:19,legacy_cleaned_corpus,5040e700a4b470a4942d,entityschool
797e21ebe11eb7d2,Princeton vs Harvard economics,princeton vs harvard economics,complex,intent_policy,0.98,Recognized intents consistently map to one frozen V1 route,,0.0,1,medium:1,medium:1,,comparison,high_school_student,comparison:1,high_school_student:1,Data Anthony.csv,Data Anthony.csv:38,legacy_cleaned_corpus,e7b726a3094a0a2a332d,entityschool vs entityschool entityprogram
797fe3405a9028a1,rankings for UCLA,rankings for ucla,short_circuit,intent_policy,0.98,Recognized intents consistently map to one frozen V1 route,,0.0,1,short_circuit:1,short_circuit:1,,attribute_lookup,counselor_teacher,attribute_lookup:1,counselor_teacher:1,Data - Shivansh.csv,Data - Shivansh.csv:1880,legacy_cleaned_corpus,6bdfd86265913f6b0a0f,rankings for entityschool
79dee3840cebc9bf,universities with strong philosophy,universities with strong philosophy,medium,intent_policy,0.98,Recognized intents consistently map to one frozen V1 route,,0.0,3,medium:3,medium:3,,filtered_search,advisor,filtered_search:3,advisor:2|counselor_teacher:1,Data - Shivansh.csv,Data - Shivansh.csv:814|Data - Shivansh.csv:1343|Data - Shivansh.csv:3342,legacy_cleaned_corpus,1222be73eac85d2d69e0,universities with strong entityprogram
7a2a745299c8263e,Brown vs Rice University,brown vs rice university,complex,intent_policy,0.98,Recognized intents consistently map to one frozen V1 route,,0.0,1,complex:1,complex:1,,comparison,advisor,comparison:1,advisor:1,Data - Shivansh.csv,Data - Shivansh.csv:4035,legacy_cleaned_corpus,ce0ab34d6e4892dbe532,entityschool vs entityschool
7a70a608326288c4,Penn State financial aid for out of state,penn state financial aid for out of state,medium,intent_policy,0.98,Recognized intents consistently map to one frozen V1 route,,0.0,1,medium:1,medium:1,,cost_financial_aid,counselor_teacher,cost_financial_aid:1,counselor_teacher:1,Data - Shivansh.csv,Data - Shivansh.csv:626,legacy_cleaned_corpus,c5b667203cefd8b33b33,entityschool financial aid for out of state
7a97fcc2776c704a,how do i apply to Northeastern,how do i apply to northeastern,medium,intent_policy,0.98,Recognized intents consistently map to one frozen V1 route,,0.0,3,medium:3,medium:3,,admissions_process,counselor_teacher,admissions_process:3,college_student:1|counselor_teacher:1|high_school_student:1,Data - Shivansh.csv,Data - Shivansh.csv:596|Data - Shivansh.csv:1158|Data - Shivansh.csv:1361,legacy_cleaned_corpus,1496450265c0af168f52,how do i apply to entityschool
7ac2ec226077e56c,Brown job placement for business,brown job placement for business,medium,intent_policy,0.98,Recognized intents consistently map to one frozen V1 route,,0.0,1,medium:1,medium:1,,career_outcomes,parent,career_outcomes:1,parent:1,Data - Shivansh.csv,Data - Shivansh.csv:4040,legacy_cleaned_corpus,d0687d4ccce8a647d6f4,entityschool job placement for entityprogram
7acb462b538c63f3,UC Berkeley tuition vs UCLA tuition,uc berkeley tuition vs ucla tuition,complex,intent_policy,0.98,Recognized intents consistently map to one frozen V1 route,,0.0,1,complex:1,complex:1,,comparison,counselor_teacher,comparison:1,counselor_teacher:1,Data - Shivansh.csv,Data - Shivansh.csv:1541,legacy_cleaned_corpus,2f64caaf4228bd36bc7c,entityschool tuition vs entityschool tuition
7b2ddf6da36da82d,does University of Florida have nursing,does university of florida have nursing,short_circuit,intent_policy,0.98,Recognized intents consistently map to one frozen V1 route,,0.0,1,short_circuit:1,short_circuit:1,,attribute_lookup,high_school_student,attribute_lookup:1,high_school_student:1,Data - Shivansh.csv,Data - Shivansh.csv:1956,legacy_cleaned_corpus,c219f457f3de750170ac,does entityschool have entityprogram
7bea29c5ecd39dc0,UCLA vs Duke,ucla vs duke,complex,intent_policy,0.98,Recognized intents consistently map to one frozen V1 route,,0.0,1,complex:1,complex:1,,comparison,advisor,comparison:1,advisor:1,Data - Shivansh.csv,Data - Shivansh.csv:3716,legacy_cleaned_corpus,ce0ab34d6e4892dbe532,entityschool vs entityschool
7c820453a8f3db2b,Columbia vs Carnegie Mellon,columbia vs carnegie mellon,complex,intent_policy,0.98,Recognized intents consistently map to one frozen V1 route,,0.0,1,complex:1,complex:1,,comparison,advisor,comparison:1,advisor:1,Data - Shivansh.csv,Data - Shivansh.csv:4391,legacy_cleaned_corpus,ce0ab34d6e4892dbe532,entityschool vs entityschool
7c999bc0d685b816,four year cost of USC including housing,four year cost of usc including housing,complex,intent_policy,0.98,Recognized intents consistently map to one frozen V1 route,,0.0,1,complex:1,complex:1,,comparison,parent,comparison:1,parent:1,Data - Shivansh.csv,Data - Shivansh.csv:711,legacy_cleaned_corpus,77f4f7a26cd4cc07453e,four year cost of entityschool including housing
7cde476a98f65249,University of Wisconsin,university of wisconsin,short_circuit,intent_policy,0.98,Recognized intents consistently map to one frozen V1 route,,0.0,2,short_circuit:2,short_circuit:2,,exact_lookup,high_school_student,exact_lookup:2,counselor_teacher:1|high_school_student:1,Data - Shivansh.csv,Data - Shivansh.csv:1226|Data - Shivansh.csv:2496,legacy_cleaned_corpus,5040e700a4b470a4942d,entityschool
7d6d8f0274944f7b,internships for Duke,internships for duke,short_circuit,intent_policy,0.98,Recognized intents consistently map to one frozen V1 route,,0.0,1,short_circuit:1,short_circuit:1,,attribute_lookup,college_student,attribute_lookup:1,college_student:1,Data - Shivansh.csv,Data - Shivansh.csv:1678,legacy_cleaned_corpus,843657d043ccb31f83c5,internships for entityschool
7d92da1217bec1df,UC San Diego job placement for engineering,uc san diego job placement for engineering,medium,intent_policy,0.98,Recognized intents consistently map to one frozen V1 route,,0.0,1,medium:1,medium:1,,career_outcomes,advisor,career_outcomes:1,advisor:1,Data - Shivansh.csv,Data - Shivansh.csv:2309,legacy_cleaned_corpus,d0687d4ccce8a647d6f4,entityschool job placement for entityprogram
7e2c0f60d38a4e25,Columbia vs Caltech,columbia vs caltech,complex,intent_policy,0.98,Recognized intents consistently map to one frozen V1 route,,0.0,1,complex:1,complex:1,,comparison,college_student,comparison:1,college_student:1,Data - Shivansh.csv,Data - Shivansh.csv:181,legacy_cleaned_corpus,ce0ab34d6e4892dbe532,entityschool vs entityschool
7e7280626c22f1fb,Boston University internships,boston university internships,short_circuit,intent_policy,0.98,Recognized intents consistently map to one frozen V1 route,,0.0,1,short_circuit:1,short_circuit:1,,attribute_lookup,high_school_student,attribute_lookup:1,high_school_student:1,Data - Shivansh.csv,Data - Shivansh.csv:1500,legacy_cleaned_corpus,bf90bd08f32032d6f763,entityschool internships
7e8739868b2415df,UC Irvine,uc irvine,short_circuit,intent_policy,0.98,Recognized intents consistently map to one frozen V1 route,,0.0,2,medium:1|short_circuit:1,medium:1|short_circuit:1,,exact_lookup,advisor,exact_lookup:2,advisor:2,Data - Shivansh.csv,Data - Shivansh.csv:1426|Data - Shivansh.csv:2463,legacy_cleaned_corpus,5040e700a4b470a4942d,entityschool
7e8f0a0f6c623da1,Brown vs UCLA,brown vs ucla,complex,intent_policy,0.98,Recognized intents consistently map to one frozen V1 route,,0.0,1,complex:1,complex:1,,comparison,counselor_teacher,comparison:1,counselor_teacher:1,Data - Shivansh.csv,Data - Shivansh.csv:2311,legacy_cleaned_corpus,ce0ab34d6e4892dbe532,entityschool vs entityschool
7e96e1080fe27192,Stanford tuition vs University of Washington tuition,stanford tuition vs university of washington tuition,complex,intent_policy,0.98,Recognized intents consistently map to one frozen V1 route,,0.0,1,complex:1,complex:1,,comparison,advisor,comparison:1,advisor:1,Data - Shivansh.csv,Data - Shivansh.csv:3492,legacy_cleaned_corpus,2f64caaf4228bd36bc7c,entityschool tuition vs entityschool tuition
7ed19d5bcdaba857,does Rice University have architecture,does rice university have architecture,short_circuit,intent_policy,0.98,Recognized intents consistently map to one frozen V1 route,,0.0,1,medium:1,medium:1,,attribute_lookup,advisor,attribute_lookup:1,advisor:1,Data - Shivansh.csv,Data - Shivansh.csv:2529,legacy_cleaned_corpus,c219f457f3de750170ac,does entityschool have entityprogram
7efc158b2dc31e73,affordable chemistry schools in California with good internships,affordable chemistry schools in california with good internships,complex,intent_policy,0.98,Recognized intents consistently map to one frozen V1 route,,0.0,2,complex:2,complex:2,,multi_constraint,advisor,multi_constraint:2,advisor:1|parent:1,Data - Shivansh.csv,Data - Shivansh.csv:2969|Data - Shivansh.csv:3139,legacy_cleaned_corpus,2c4689b53d9ef03f56f3,affordable entityprogram schools in entityplace with good internships
7f62296ef6c88b11,Northwestern job placement for computer science,northwestern job placement for computer science,medium,intent_policy,0.98,Recognized intents consistently map to one frozen V1 route,,0.0,1,medium:1,medium:1,,career_outcomes,high_school_student,career_outcomes:1,high_school_student:1,Data - Shivansh.csv,Data - Shivansh.csv:533,legacy_cleaned_corpus,d0687d4ccce8a647d6f4,entityschool job placement for entityprogram
7fd6f31d2ff27ce1,University of Michigan vs UC Berkeley,university of michigan vs uc berkeley,complex,intent_policy,0.98,Recognized intents consistently map to one frozen V1 route,,0.0,1,llm_needed:1,llm_needed:1,,comparison,parent,comparison:1,parent:1,Data - Shivansh.csv,Data - Shivansh.csv:907,legacy_cleaned_corpus,ce0ab34d6e4892dbe532,entityschool vs entityschool
80170657842cb8b8,how do i apply to UC San Diego,how do i apply to uc san diego,medium,intent_policy,0.98,Recognized intents consistently map to one frozen V1 route,,0.0,2,medium:2,medium:2,,admissions_process,high_school_student,admissions_process:2,high_school_student:1|parent:1,Data - Shivansh.csv,Data - Shivansh.csv:101|Data - Shivansh.csv:3947,legacy_cleaned_corpus,1496450265c0af168f52,how do i apply to entityschool
814ad60570206c69,Carnegie Mellon vs Caltech for nursing,carnegie mellon vs caltech for nursing,complex,intent_policy,0.98,Recognized intents consistently map to one frozen V1 route,,0.0,1,complex:1,complex:1,,comparison,advisor,comparison:1,advisor:1,Data - Shivansh.csv,Data - Shivansh.csv:3006,legacy_cleaned_corpus,302760a8b5dd7f263a23,entityschool vs entityschool for entityprogram
81f4f62b79254b21,schools like UC San Diego but cheaper,schools like uc san diego but cheaper,complex,intent_policy,0.98,Recognized intents consistently map to one frozen V1 route,,0.0,3,complex:3,complex:3,,recommendation,advisor,recommendation:3,advisor:2|parent:1,Data - Shivansh.csv,Data - Shivansh.csv:231|Data - Shivansh.csv:1492|Data - Shivansh.csv:1660,legacy_cleaned_corpus,4cc872421a190decb5f0,schools like entityschool but cheaper
821cd9ad506deba2,Northwestern job placement for data science,northwestern job placement for data science,medium,intent_policy,0.98,Recognized intents consistently map to one frozen V1 route,,0.0,1,medium:1,medium:1,,career_outcomes,advisor,career_outcomes:1,advisor:1,Data - Shivansh.csv,Data - Shivansh.csv:1476,legacy_cleaned_corpus,d0687d4ccce8a647d6f4,entityschool job placement for entityprogram
82744fc5e50c510e,Stanford vs UCLA for finance,stanford vs ucla for finance,complex,intent_policy,0.98,Recognized intents consistently map to one frozen V1 route,,0.0,1,complex:1,complex:1,,comparison,counselor_teacher,comparison:1,counselor_teacher:1,Data - Shivansh.csv,Data - Shivansh.csv:1676,legacy_cleaned_corpus,5253539796fbe4ecf010,entityschool vs entityschool for finance
82b3515c92500c03,Carnegie Mellon job placement for chemistry,carnegie mellon job placement for chemistry,medium,intent_policy,0.98,Recognized intents consistently map to one frozen V1 route,,0.0,1,medium:1,medium:1,,career_outcomes,parent,career_outcomes:1,parent:1,Data - Shivansh.csv,Data - Shivansh.csv:2778,legacy_cleaned_corpus,d0687d4ccce8a647d6f4,entityschool job placement for entityprogram
837b8b3d2f19c618,UC Irvine average ACT,uc irvine average act,short_circuit,intent_policy,0.98,Recognized intents consistently map to one frozen V1 route,,0.0,1,short_circuit:1,short_circuit:1,,attribute_lookup,college_student,attribute_lookup:1,college_student:1,Data - Shivansh.csv,Data - Shivansh.csv:691,legacy_cleaned_corpus,e6f83d01de4c22320c83,entityschool average act
837ba8d112c97999,University of Florida vs Princeton for business,university of florida vs princeton for business,complex,intent_policy,0.98,Recognized intents consistently map to one frozen V1 route,,0.0,1,complex:1,complex:1,,comparison,counselor_teacher,comparison:1,counselor_teacher:1,Data - Shivansh.csv,Data - Shivansh.csv:4313,legacy_cleaned_corpus,302760a8b5dd7f263a23,entityschool vs entityschool for entityprogram
839cd84da050c9cb,medium-sized economics colleges near the beach under 30k,medium-sized economics colleges near the beach under 30k,complex,intent_policy,0.98,Recognized intents consistently map to one frozen V1 route,,0.0,1,complex:1,complex:1,,multi_constraint,parent,multi_constraint:1,parent:1,Data - Shivansh.csv,Data - Shivansh.csv:3191,legacy_cleaned_corpus,172d66456a31b638a424,medium sized entityprogram colleges near the beach under entitynumber
84707f79a4217679,Northeastern tuition vs MIT tuition,northeastern tuition vs mit tuition,complex,intent_policy,0.98,Recognized intents consistently map to one frozen V1 route,,0.0,2,complex:1|llm_needed:1,complex:1|llm_needed:1,,comparison,college_student,comparison:2,college_student:1|parent:1,Data - Shivansh.csv,Data - Shivansh.csv:804|Data - Shivansh.csv:1723,legacy_cleaned_corpus,2f64caaf4228bd36bc7c,entityschool tuition vs entityschool tuition
8556364eea5c50ed,Duke vs UC San Diego for economics,duke vs uc san diego for economics,complex,intent_policy,0.98,Recognized intents consistently map to one frozen V1 route,,0.0,1,complex:1,complex:1,,comparison,advisor,comparison:1,advisor:1,Data - Shivansh.csv,Data - Shivansh.csv:4422,legacy_cleaned_corpus,302760a8b5dd7f263a23,entityschool vs entityschool for entityprogram
85cb0c2f5b3c0c3e,Rice University financial aid for out of state,rice university financial aid for out of state,medium,intent_policy,0.98,Recognized intents consistently map to one frozen V1 route,,0.0,2,medium:2,medium:2,,cost_financial_aid,advisor,cost_financial_aid:2,advisor:2,Data - Shivansh.csv,Data - Shivansh.csv:1441|Data - Shivansh.csv:2066,legacy_cleaned_corpus,c5b667203cefd8b33b33,entityschool financial aid for out of state
85d9cba1ccf27724,affordable aerospace engineering schools in Texas with good internships,affordable aerospace engineering schools in texas with good internships,complex,intent_policy,0.98,Recognized intents consistently map to one frozen V1 route,,0.0,1,complex:1,complex:1,,multi_constraint,counselor_teacher,multi_constraint:1,counselor_teacher:1,Data - Shivansh.csv,Data - Shivansh.csv:3612,legacy_cleaned_corpus,2c4689b53d9ef03f56f3,affordable entityprogram schools in entityplace with good internships
8602bc7d7c069c56,affordable neuroscience schools in Texas with good job placement,affordable neuroscience schools in texas with good job placement,complex,intent_policy,0.98,Recognized intents consistently map to one frozen V1 route,,0.0,1,complex:1,complex:1,,multi_constraint,parent,multi_constraint:1,parent:1,Data - Shivansh.csv,Data - Shivansh.csv:1135,legacy_cleaned_corpus,72fe78ed7fe75ef13d14,affordable entityprogram schools in entityplace with good job placement
862f562e00938bc6,schools like Purdue but cheaper,schools like purdue but cheaper,complex,intent_policy,0.98,Recognized intents consistently map to one frozen V1 route,,0.0,6,complex:6,complex:6,,recommendation,advisor,recommendation:6,advisor:3|college_student:1|high_school_student:1|parent:1,Data - Shivansh.csv,Data - Shivansh.csv:620|Data - Shivansh.csv:1582|Data - Shivansh.csv:1694|Data - Shivansh.csv:2714|Data - Shivansh.csv:4145|Data - Shivansh.csv:4371,legacy_cleaned_corpus,4cc872421a190decb5f0,schools like entityschool but cheaper
8637821d52f5ce60,Harvard vs Caltech,harvard vs caltech,complex,intent_policy,0.98,Recognized intents consistently map to one frozen V1 route,,0.0,1,complex:1,complex:1,,comparison,college_student,comparison:1,college_student:1,Data - Shivansh.csv,Data - Shivansh.csv:1818,legacy_cleaned_corpus,ce0ab34d6e4892dbe532,entityschool vs entityschool
867be971822b828c,Columbia internships,columbia internships,short_circuit,intent_policy,0.98,Recognized intents consistently map to one frozen V1 route,,0.0,1,medium:1,medium:1,,attribute_lookup,counselor_teacher,attribute_lookup:1,counselor_teacher:1,Data - Shivansh.csv,Data - Shivansh.csv:4441,legacy_cleaned_corpus,bf90bd08f32032d6f763,entityschool internships
86c1cb78087da4c5,Harvard vs University of Michigan,harvard vs university of michigan,complex,intent_policy,0.98,Recognized intents consistently map to one frozen V1 route,,0.0,1,complex:1,complex:1,,comparison,counselor_teacher,comparison:1,counselor_teacher:1,Data - Shivansh.csv,Data - Shivansh.csv:2601,legacy_cleaned_corpus,ce0ab34d6e4892dbe532,entityschool vs entityschool
873ddc95fc3f5e66,does USC have mechanical engineering,does usc have mechanical engineering,short_circuit,intent_policy,0.98,Recognized intents consistently map to one frozen V1 route,,0.0,2,medium:1|short_circuit:1,medium:1|short_circuit:1,,attribute_lookup,college_student,attribute_lookup:2,college_student:2,Data - Shivansh.csv,Data - Shivansh.csv:2276|Data - Shivansh.csv:3381,legacy_cleaned_corpus,c219f457f3de750170ac,does entityschool have entityprogram
8740e36c220aee1c,University of Washington tuition vs Northwestern tuition,university of washington tuition vs northwestern tuition,complex,intent_policy,0.98,Recognized intents consistently map to one frozen V1 route,,0.0,1,llm_needed:1,llm_needed:1,,comparison,high_school_student,comparison:1,high_school_student:1,Data - Shivansh.csv,Data - Shivansh.csv:883,legacy_cleaned_corpus,2f64caaf4228bd36bc7c,entityschool tuition vs entityschool tuition
87c74e7e07cc8baa,UCLA vs Penn State,ucla vs penn state,complex,intent_policy,0.98,Recognized intents consistently map to one frozen V1 route,,0.0,1,complex:1,complex:1,,comparison,parent,comparison:1,parent:1,Data - Shivansh.csv,Data - Shivansh.csv:807,legacy_cleaned_corpus,ce0ab34d6e4892dbe532,entityschool vs entityschool
880f6b89a8b6b585,University of Michigan tuition vs UC Berkeley tuition,university of michigan tuition vs uc berkeley tuition,complex,intent_policy,0.98,Recognized intents consistently map to one frozen V1 route,,0.0,1,complex:1,complex:1,,comparison,parent,comparison:1,parent:1,Data - Shivansh.csv,Data - Shivansh.csv:792,legacy_cleaned_corpus,2f64caaf4228bd36bc7c,entityschool tuition vs entityschool tuition
886661f2ed1b867b,affordable philosophy schools near a tech hub with good internships,affordable philosophy schools near a tech hub with good internships,complex,intent_policy,0.98,Recognized intents consistently map to one frozen V1 route,,0.0,2,complex:2,complex:2,,multi_constraint,counselor_teacher,multi_constraint:2,advisor:1|counselor_teacher:1,Data - Shivansh.csv,Data - Shivansh.csv:2759|Data - Shivansh.csv:3158,legacy_cleaned_corpus,12fe08aee08d41f5c2c7,affordable entityprogram schools near a tech hub with good internships
888c58cba82b5700,UCLA tuition vs Purdue tuition,ucla tuition vs purdue tuition,complex,intent_policy,0.98,Recognized intents consistently map to one frozen V1 route,,0.0,1,complex:1,complex:1,,comparison,counselor_teacher,comparison:1,counselor_teacher:1,Data - Shivansh.csv,Data - Shivansh.csv:42,legacy_cleaned_corpus,2f64caaf4228bd36bc7c,entityschool tuition vs entityschool tuition
889c3c909856a650,Stanford tuition vs Penn State tuition,stanford tuition vs penn state tuition,complex,intent_policy,0.98,Recognized intents consistently map to one frozen V1 route,,0.0,1,complex:1,complex:1,,comparison,high_school_student,comparison:1,high_school_student:1,Data - Shivansh.csv,Data - Shivansh.csv:1562,legacy_cleaned_corpus,2f64caaf4228bd36bc7c,entityschool tuition vs entityschool tuition
88a2ffa9348cd256,Cornell tuition vs UCLA tuition,cornell tuition vs ucla tuition,complex,intent_policy,0.98,Recognized intents consistently map to one frozen V1 route,,0.0,1,complex:1,complex:1,,comparison,parent,comparison:1,parent:1,Data - Shivansh.csv,Data - Shivansh.csv:3973,legacy_cleaned_corpus,2f64caaf4228bd36bc7c,entityschool tuition vs entityschool tuition
88b0d0fe09c18db6,affordable mechanical engineering schools near Chicago with good internships,affordable mechanical engineering schools near chicago with good internships,complex,intent_policy,0.98,Recognized intents consistently map to one frozen V1 route,,0.0,1,complex:1,complex:1,,multi_constraint,parent,multi_constraint:1,parent:1,Data - Shivansh.csv,Data - Shivansh.csv:2738,legacy_cleaned_corpus,f3a168da7625bb926035,affordable entityprogram schools near entityplace with good internships
88f9a66e9728b115,Northeastern vs USC for pre-med,northeastern vs usc for pre-med,complex,intent_policy,0.98,Recognized intents consistently map to one frozen V1 route,,0.0,1,complex:1,complex:1,,comparison,counselor_teacher,comparison:1,counselor_teacher:1,Data - Shivansh.csv,Data - Shivansh.csv:1023,legacy_cleaned_corpus,876bc7065da839053809,entityschool vs entityschool for pre med
88fe7bfd4c099b4f,Georgia Tech,georgia tech,short_circuit,intent_policy,0.98,Recognized intents consistently map to one frozen V1 route,,0.0,13,short_circuit:13,short_circuit:13,,exact_lookup,high_school_student,exact_lookup:13,advisor:3|college_student:1|counselor_teacher:3|high_school_student:4|parent:2,Data - Shivansh.csv|Data Anthony.csv,Data - Shivansh.csv:438|Data - Shivansh.csv:564|Data - Shivansh.csv:1036|Data - Shivansh.csv:1266|Data - Shivansh.csv:1871|Data - Shivansh.csv:2318|Data - Shivansh.csv:2489|Data - Shivansh.csv:2533|Data - Shivansh.csv:2900|Data - Shivansh.csv:3534|Data - Shivansh.csv:3950|Data - Shivansh.csv:4291|Data Anthony.csv:16,legacy_cleaned_corpus,5040e700a4b470a4942d,entityschool
891a5612f5f4d044,affordable engineering schools in Texas with good internships,affordable engineering schools in texas with good internships,complex,intent_policy,0.98,Recognized intents consistently map to one frozen V1 route,,0.0,1,complex:1,complex:1,,multi_constraint,parent,multi_constraint:1,parent:1,Data - Shivansh.csv,Data - Shivansh.csv:3223,legacy_cleaned_corpus,2c4689b53d9ef03f56f3,affordable entityprogram schools in entityplace with good internships
894b5edeedf51afe,Rice University vs Purdue,rice university vs purdue,complex,intent_policy,0.98,Recognized intents consistently map to one frozen V1 route,,0.0,1,complex:1,complex:1,,comparison,college_student,comparison:1,college_student:1,Data - Shivansh.csv,Data - Shivansh.csv:3770,legacy_cleaned_corpus,ce0ab34d6e4892dbe532,entityschool vs entityschool
897d946303c0df73,Princeton vs Harvard for mechanical engineering,princeton vs harvard for mechanical engineering,complex,intent_policy,0.98,Recognized intents consistently map to one frozen V1 route,,0.0,1,complex:1,complex:1,,comparison,advisor,comparison:1,advisor:1,Data - Shivansh.csv,Data - Shivansh.csv:1861,legacy_cleaned_corpus,302760a8b5dd7f263a23,entityschool vs entityschool for entityprogram
8995913295536f51,Northwestern tuition vs Virginia Tech tuition,northwestern tuition vs virginia tech tuition,complex,intent_policy,0.98,Recognized intents consistently map to one frozen V1 route,,0.0,1,complex:1,complex:1,,comparison,advisor,comparison:1,advisor:1,Data - Shivansh.csv,Data - Shivansh.csv:3330,legacy_cleaned_corpus,2f64caaf4228bd36bc7c,entityschool tuition vs entityschool tuition
89b9b3962b3327c8,university of michigan,university of michigan,short_circuit,intent_policy,0.98,Recognized intents consistently map to one frozen V1 route,,0.0,12,short_circuit:12,short_circuit:12,,exact_lookup,parent,exact_lookup:12,advisor:2|college_student:3|counselor_teacher:2|parent:5,Data - Shivansh.csv,Data - Shivansh.csv:82|Data - Shivansh.csv:538|Data - Shivansh.csv:937|Data - Shivansh.csv:1112|Data - Shivansh.csv:1200|Data - Shivansh.csv:1753|Data - Shivansh.csv:2726|Data - Shivansh.csv:2873|Data - Shivansh.csv:3284|Data - Shivansh.csv:3334|Data - Shivansh.csv:3773|Data - Shivansh.csv:4102,legacy_cleaned_corpus,5040e700a4b470a4942d,entityschool
89d9ed7fb97328a3,affordable biology schools in Texas with good internships,affordable biology schools in texas with good internships,complex,intent_policy,0.98,Recognized intents consistently map to one frozen V1 route,,0.0,2,complex:2,complex:2,,multi_constraint,college_student,multi_constraint:2,advisor:1|college_student:1,Data - Shivansh.csv,Data - Shivansh.csv:2683|Data - Shivansh.csv:4260,legacy_cleaned_corpus,2c4689b53d9ef03f56f3,affordable entityprogram schools in entityplace with good internships
89fdb447c95be72e,Caltech tuition vs Harvard tuition,caltech tuition vs harvard tuition,complex,intent_policy,0.98,Recognized intents consistently map to one frozen V1 route,,0.0,1,complex:1,complex:1,,comparison,parent,comparison:1,parent:1,Data - Shivansh.csv,Data - Shivansh.csv:3949,legacy_cleaned_corpus,2f64caaf4228bd36bc7c,entityschool tuition vs entityschool tuition
8a009cff2c08a5dc,Caltech tuition vs Purdue tuition,caltech tuition vs purdue tuition,complex,intent_policy,0.98,Recognized intents consistently map to one frozen V1 route,,0.0,1,complex:1,complex:1,,comparison,college_student,comparison:1,college_student:1,Data - Shivansh.csv,Data - Shivansh.csv:2971,legacy_cleaned_corpus,2f64caaf4228bd36bc7c,entityschool tuition vs entityschool tuition
8a108dd4b41732bf,UT Austin vs UC Berkeley,ut austin vs uc berkeley,complex,intent_policy,0.98,Recognized intents consistently map to one frozen V1 route,,0.0,1,complex:1,complex:1,,comparison,counselor_teacher,comparison:1,counselor_teacher:1,Data - Shivansh.csv,Data - Shivansh.csv:1000,legacy_cleaned_corpus,ce0ab34d6e4892dbe532,entityschool vs entityschool
8b066a404dbefd83,Harvard vs UT Austin for chemistry,harvard vs ut austin for chemistry,complex,intent_policy,0.98,Recognized intents consistently map to one frozen V1 route,,0.0,1,llm_needed:1,llm_needed:1,,comparison,advisor,comparison:1,advisor:1,Data - Shivansh.csv,Data - Shivansh.csv:1465,legacy_cleaned_corpus,302760a8b5dd7f263a23,entityschool vs entityschool for entityprogram
8b70485416cf9a83,does Columbia have biology,does columbia have biology,short_circuit,intent_policy,0.98,Recognized intents consistently map to one frozen V1 route,,0.0,1,medium:1,medium:1,,attribute_lookup,parent,attribute_lookup:1,parent:1,Data - Shivansh.csv,Data - Shivansh.csv:3624,legacy_cleaned_corpus,c219f457f3de750170ac,does entityschool have entityprogram
8bbba3dbb8c5284b,Cornell vs Northwestern,cornell vs northwestern,complex,intent_policy,0.98,Recognized intents consistently map to one frozen V1 route,,0.0,1,complex:1,complex:1,complex:1,comparison,college_student,comparison:1,college_student:1,Data - Anika.csv,Data - Anika.csv:16,legacy_cleaned_corpus,ce0ab34d6e4892dbe532,entityschool vs entityschool
8bd93baccaba826f,universities with strong mechanical engineering,universities with strong mechanical engineering,medium,intent_policy,0.98,Recognized intents consistently map to one frozen V1 route,,0.0,1,medium:1,medium:1,,filtered_search,counselor_teacher,filtered_search:1,counselor_teacher:1,Data - Shivansh.csv,Data - Shivansh.csv:3092,legacy_cleaned_corpus,1222be73eac85d2d69e0,universities with strong entityprogram
8bee569effff1771,Purdue,purdue,short_circuit,intent_policy,0.98,Recognized intents consistently map to one frozen V1 route,,0.0,14,short_circuit:14,short_circuit:14,,exact_lookup,counselor_teacher,exact_lookup:14,advisor:3|college_student:3|counselor_teacher:4|high_school_student:1|parent:3,Data - Shivansh.csv,Data - Shivansh.csv:390|Data - Shivansh.csv:460|Data - Shivansh.csv:1592|Data - Shivansh.csv:1856|Data - Shivansh.csv:1900|Data - Shivansh.csv:2616|Data - Shivansh.csv:2786|Data - Shivansh.csv:2845|Data - Shivansh.csv:2865|Data - Shivansh.csv:3089|Data - Shivansh.csv:3232|Data - Shivansh.csv:3233|Data - Shivansh.csv:3517|Data - Shivansh.csv:4153,legacy_cleaned_corpus,5040e700a4b470a4942d,entityschool
8d1cbffa4a8b8502,University of Wisconsin scholarships,university of wisconsin scholarships,medium,intent_policy,0.98,Recognized intents consistently map to one frozen V1 route,,0.0,1,medium:1,medium:1,,cost_financial_aid,high_school_student,cost_financial_aid:1,high_school_student:1,Data - Shivansh.csv,Data - Shivansh.csv:1404,legacy_cleaned_corpus,741b6aa2dae04972e2c3,entityschool scholarships
8d6e70222caa2da0,does UC San Diego have engineering,does uc san diego have engineering,short_circuit,intent_policy,0.98,Recognized intents consistently map to one frozen V1 route,,0.0,2,medium:2,medium:2,,attribute_lookup,counselor_teacher,attribute_lookup:2,counselor_teacher:2,Data - Shivansh.csv,Data - Shivansh.csv:3307|Data - Shivansh.csv:3858,legacy_cleaned_corpus,c219f457f3de750170ac,does entityschool have entityprogram
8d71848d23350016,best chemistry schools in Texas,best chemistry schools in texas,medium,intent_policy,0.98,Recognized intents consistently map to one frozen V1 route,,0.0,2,medium:2,medium:2,,filtered_search,parent,filtered_search:2,parent:2,Data - Shivansh.csv,Data - Shivansh.csv:3699|Data - Shivansh.csv:3833,legacy_cleaned_corpus,95c816a8832e9f5b6f9f,best entityprogram schools in entityplace
8d8764cbe197a42b,northeastern,northeastern,short_circuit,intent_policy,0.98,Recognized intents consistently map to one frozen V1 route,,0.0,6,complex:1|short_circuit:5,complex:1|short_circuit:5,,exact_lookup,college_student,exact_lookup:6,advisor:1|college_student:2|counselor_teacher:1|parent:2,Data - Shivansh.csv,Data - Shivansh.csv:212|Data - Shivansh.csv:890|Data - Shivansh.csv:1146|Data - Shivansh.csv:1836|Data - Shivansh.csv:1882|Data - Shivansh.csv:2303,legacy_cleaned_corpus,5040e700a4b470a4942d,entityschool
8dba19b68b46f93c,Columbia vs Georgia Tech,columbia vs georgia tech,complex,intent_policy,0.98,Recognized intents consistently map to one frozen V1 route,,0.0,1,complex:1,complex:1,,comparison,parent,comparison:1,parent:1,Data - Shivansh.csv,Data - Shivansh.csv:2709,legacy_cleaned_corpus,ce0ab34d6e4892dbe532,entityschool vs entityschool
8dbb180a5ca980af,Purdue admissions profile average sat and gpa,purdue admissions profile average sat and gpa,medium,intent_policy,0.98,Recognized intents consistently map to one frozen V1 route,,0.0,1,medium:1,medium:1,,cost_financial_aid,counselor_teacher,cost_financial_aid:1,counselor_teacher:1,Data - Shivansh.csv,Data - Shivansh.csv:45,legacy_cleaned_corpus,548f4dfe8f885917e7ce,entityschool admissions profile average sat and gpa
8dcc474edb0191cb,does Caltech have chemistry,does caltech have chemistry,short_circuit,intent_policy,0.98,Recognized intents consistently map to one frozen V1 route,,0.0,1,short_circuit:1,short_circuit:1,,attribute_lookup,counselor_teacher,attribute_lookup:1,counselor_teacher:1,Data - Shivansh.csv,Data - Shivansh.csv:1062,legacy_cleaned_corpus,c219f457f3de750170ac,does entityschool have entityprogram
8e02b290c502d608,MIT vs Vanderbilt,mit vs vanderbilt,complex,intent_policy,0.98,Recognized intents consistently map to one frozen V1 route,,0.0,1,complex:1,complex:1,,comparison,college_student,comparison:1,college_student:1,Data - Shivansh.csv,Data - Shivansh.csv:2472,legacy_cleaned_corpus,ce0ab34d6e4892dbe532,entityschool vs entityschool
8e2a11d54bb31e1a,University of Maryland vs University of Florida,university of maryland vs university of florida,complex,intent_policy,0.98,Recognized intents consistently map to one frozen V1 route,,0.0,1,complex:1,complex:1,,comparison,counselor_teacher,comparison:1,counselor_teacher:1,Data - Shivansh.csv,Data - Shivansh.csv:1775,legacy_cleaned_corpus,ce0ab34d6e4892dbe532,entityschool vs entityschool
8e35e2a8959443bb,Caltech vs Rice University for electrical engineering,caltech vs rice university for electrical engineering,complex,intent_policy,0.98,Recognized intents consistently map to one frozen V1 route,,0.0,1,complex:1,complex:1,,comparison,parent,comparison:1,parent:1,Data - Shivansh.csv,Data - Shivansh.csv:4304,legacy_cleaned_corpus,302760a8b5dd7f263a23,entityschool vs entityschool for entityprogram
90193e4ef3673f66,Rice University job placement for mechanical engineering,rice university job placement for mechanical engineering,medium,intent_policy,0.98,Recognized intents consistently map to one frozen V1 route,,0.0,1,medium:1,medium:1,,career_outcomes,college_student,career_outcomes:1,college_student:1,Data - Shivansh.csv,Data - Shivansh.csv:1433,legacy_cleaned_corpus,d0687d4ccce8a647d6f4,entityschool job placement for entityprogram
9036e69ae2e79cff,create reach target safety list for business in California under 30k,create reach target safety list for business in california under 30k,medium,intent_policy,0.98,Recognized intents consistently map to one frozen V1 route,,0.0,1,medium:1,medium:1,,filtered_search,advisor,filtered_search:1,advisor:1,Data - Shivansh.csv,Data - Shivansh.csv:2206,legacy_cleaned_corpus,8f457c66fbb4240dbb95,create reach target safety list for entityprogram in entityplace under entitynumber
9052f558d7f5cc09,what essays does Cornell require,what essays does cornell require,medium,intent_policy,0.98,Recognized intents consistently map to one frozen V1 route,,0.0,3,llm_needed:2|medium:1,llm_needed:2|medium:1,,admissions_process,college_student,admissions_process:3,college_student:1|counselor_teacher:1|parent:1,Data - Shivansh.csv,Data - Shivansh.csv:787|Data - Shivansh.csv:2384|Data - Shivansh.csv:2421,legacy_cleaned_corpus,e0880711f28fcb0ccf3b,what essays does entityschool require
9078d0ad69d27e90,Northwestern,northwestern,short_circuit,intent_policy,0.98,Recognized intents consistently map to one frozen V1 route,,0.0,10,llm_needed:2|short_circuit:8,llm_needed:2|short_circuit:8,,exact_lookup,advisor,exact_lookup:10,advisor:4|college_student:3|counselor_teacher:1|parent:2,Data - Shivansh.csv,Data - Shivansh.csv:132|Data - Shivansh.csv:924|Data - Shivansh.csv:943|Data - Shivansh.csv:1341|Data - Shivansh.csv:1409|Data - Shivansh.csv:1549|Data - Shivansh.csv:2949|Data - Shivansh.csv:3500|Data - Shivansh.csv:3801|Data - Shivansh.csv:3890,legacy_cleaned_corpus,5040e700a4b470a4942d,entityschool
90813b52e3704c23,how do i apply to Columbia,how do i apply to columbia,medium,intent_policy,0.98,Recognized intents consistently map to one frozen V1 route,,0.0,3,medium:3,medium:3,,admissions_process,high_school_student,admissions_process:3,college_student:1|high_school_student:1|parent:1,Data - Shivansh.csv,Data - Shivansh.csv:721|Data - Shivansh.csv:3571|Data - Shivansh.csv:3658,legacy_cleaned_corpus,1496450265c0af168f52,how do i apply to entityschool
90af746d03da34d4,Georgia Tech job placement for philosophy,georgia tech job placement for philosophy,medium,intent_policy,0.98,Recognized intents consistently map to one frozen V1 route,,0.0,1,medium:1,medium:1,,career_outcomes,college_student,career_outcomes:1,college_student:1,Data - Shivansh.csv,Data - Shivansh.csv:2493,legacy_cleaned_corpus,d0687d4ccce8a647d6f4,entityschool job placement for entityprogram
90afa58515f58e76,Columbia job placement for electrical engineering,columbia job placement for electrical engineering,medium,intent_policy,0.98,Recognized intents consistently map to one frozen V1 route,,0.0,1,medium:1,medium:1,,career_outcomes,college_student,career_outcomes:1,college_student:1,Data - Shivansh.csv,Data - Shivansh.csv:2306,legacy_cleaned_corpus,d0687d4ccce8a647d6f4,entityschool job placement for entityprogram
9151dbaa991dc015,Stanford scholarships,stanford scholarships,medium,intent_policy,0.98,Recognized intents consistently map to one frozen V1 route,,0.0,4,medium:4,medium:4,,cost_financial_aid,college_student,cost_financial_aid:4,college_student:3|counselor_teacher:1,Data - Shivansh.csv,Data - Shivansh.csv:1267|Data - Shivansh.csv:2834|Data - Shivansh.csv:3048|Data - Shivansh.csv:3432,legacy_cleaned_corpus,741b6aa2dae04972e2c3,entityschool scholarships
9178cd4a79632e6e,affordable nursing schools near a tech hub with good internships,affordable nursing schools near a tech hub with good internships,complex,intent_policy,0.98,Recognized intents consistently map to one frozen V1 route,,0.0,1,complex:1,complex:1,,multi_constraint,college_student,multi_constraint:1,college_student:1,Data - Shivansh.csv,Data - Shivansh.csv:4149,legacy_cleaned_corpus,12fe08aee08d41f5c2c7,affordable entityprogram schools near a tech hub with good internships
91c5a0456b24fe46,MIT scholarships,mit scholarships,medium,intent_policy,0.98,Recognized intents consistently map to one frozen V1 route,,0.0,5,medium:5,medium:5,,cost_financial_aid,parent,cost_financial_aid:5,college_student:1|parent:4,Data - Shivansh.csv,Data - Shivansh.csv:133|Data - Shivansh.csv:159|Data - Shivansh.csv:3163|Data - Shivansh.csv:3748|Data - Shivansh.csv:3944,legacy_cleaned_corpus,741b6aa2dae04972e2c3,entityschool scholarships
91c755fe7d8defd3,UT Austin tuition vs Purdue tuition,ut austin tuition vs purdue tuition,complex,intent_policy,0.98,Recognized intents consistently map to one frozen V1 route,,0.0,1,complex:1,complex:1,,comparison,counselor_teacher,comparison:1,counselor_teacher:1,Data - Shivansh.csv,Data - Shivansh.csv:1661,legacy_cleaned_corpus,2f64caaf4228bd36bc7c,entityschool tuition vs entityschool tuition
9203aa9f75722305,how do i apply to University of Maryland,how do i apply to university of maryland,medium,intent_policy,0.98,Recognized intents consistently map to one frozen V1 route,,0.0,2,medium:2,medium:2,,admissions_process,counselor_teacher,admissions_process:2,college_student:1|counselor_teacher:1,Data - Shivansh.csv,Data - Shivansh.csv:716|Data - Shivansh.csv:1947,legacy_cleaned_corpus,1496450265c0af168f52,how do i apply to entityschool
9207ca69c752a1df,Vanderbilt job placement for nursing,vanderbilt job placement for nursing,medium,intent_policy,0.98,Recognized intents consistently map to one frozen V1 route,,0.0,1,medium:1,medium:1,,career_outcomes,parent,career_outcomes:1,parent:1,Data - Shivansh.csv,Data - Shivansh.csv:1174,legacy_cleaned_corpus,d0687d4ccce8a647d6f4,entityschool job placement for entityprogram
9210a77c17d34a38,Caltech tuition vs Virginia Tech tuition,caltech tuition vs virginia tech tuition,complex,intent_policy,0.98,Recognized intents consistently map to one frozen V1 route,,0.0,1,complex:1,complex:1,,comparison,college_student,comparison:1,college_student:1,Data - Shivansh.csv,Data - Shivansh.csv:135,legacy_cleaned_corpus,2f64caaf4228bd36bc7c,entityschool tuition vs entityschool tuition
926286e343eca61a,schools like Arizona State but cheaper,schools like arizona state but cheaper,complex,intent_policy,0.98,Recognized intents consistently map to one frozen V1 route,,0.0,6,complex:6,complex:6,,recommendation,high_school_student,recommendation:6,advisor:1|college_student:1|counselor_teacher:1|high_school_student:2|parent:1,Data - Shivansh.csv,Data - Shivansh.csv:1469|Data - Shivansh.csv:1618|Data - Shivansh.csv:2135|Data - Shivansh.csv:2776|Data - Shivansh.csv:3204|Data - Shivansh.csv:3551,legacy_cleaned_corpus,4cc872421a190decb5f0,schools like entityschool but cheaper
9269a7d8e248db57,Harvard tuition vs Brown tuition,harvard tuition vs brown tuition,complex,intent_policy,0.98,Recognized intents consistently map to one frozen V1 route,,0.0,1,complex:1,complex:1,,comparison,parent,comparison:1,parent:1,Data - Shivansh.csv,Data - Shivansh.csv:4350,legacy_cleaned_corpus,2f64caaf4228bd36bc7c,entityschool tuition vs entityschool tuition
92b53aa3cc5a8b11,Duke job placement for nursing,duke job placement for nursing,medium,intent_policy,0.98,Recognized intents consistently map to one frozen V1 route,,0.0,1,medium:1,medium:1,,career_outcomes,high_school_student,career_outcomes:1,high_school_student:1,Data - Shivansh.csv,Data - Shivansh.csv:1061,legacy_cleaned_corpus,d0687d4ccce8a647d6f4,entityschool job placement for entityprogram
9315ec16546022af,Arizona State job placement for engineering,arizona state job placement for engineering,medium,intent_policy,0.98,Recognized intents consistently map to one frozen V1 route,,0.0,1,medium:1,medium:1,,career_outcomes,counselor_teacher,career_outcomes:1,counselor_teacher:1,Data - Shivansh.csv,Data - Shivansh.csv:514,legacy_cleaned_corpus,d0687d4ccce8a647d6f4,entityschool job placement for entityprogram
93777458792645a8,Virginia Tech acceptance rate,virginia tech acceptance rate,short_circuit,intent_policy,0.98,Recognized intents consistently map to one frozen V1 route,,0.0,1,short_circuit:1,short_circuit:1,,attribute_lookup,advisor,attribute_lookup:1,advisor:1,Data - Shivansh.csv,Data - Shivansh.csv:497,legacy_cleaned_corpus,c478df48842744c7afae,entityschool acceptance rate
9445ab806887a50a,create reach target safety list for film in California under 20k,create reach target safety list for film in california under 20k,medium,intent_policy,0.98,Recognized intents consistently map to one frozen V1 route,,0.0,1,medium:1,medium:1,,filtered_search,advisor,filtered_search:1,advisor:1,Data - Shivansh.csv,Data - Shivansh.csv:1682,legacy_cleaned_corpus,45c43ccaba61058a7a69,create reach target safety list for film in entityplace under entitynumber
949397233778cacf,what essays does Penn State require,what essays does penn state require,medium,intent_policy,0.98,Recognized intents consistently map to one frozen V1 route,,0.0,2,medium:2,medium:2,,admissions_process,high_school_student,admissions_process:2,advisor:1|high_school_student:1,Data - Shivansh.csv,Data - Shivansh.csv:1194|Data - Shivansh.csv:1576,legacy_cleaned_corpus,e0880711f28fcb0ccf3b,what essays does entityschool require
94d165fe05fd67a5,Virginia Tech job placement for data science,virginia tech job placement for data science,medium,intent_policy,0.98,Recognized intents consistently map to one frozen V1 route,,0.0,1,medium:1,medium:1,,career_outcomes,counselor_teacher,career_outcomes:1,counselor_teacher:1,Data - Shivansh.csv,Data - Shivansh.csv:808,legacy_cleaned_corpus,d0687d4ccce8a647d6f4,entityschool job placement for entityprogram
94fa7eb54910f7ab,create reach target safety list for economics in California full ride options,create reach target safety list for economics in california full ride options,llm_needed,intent_policy,0.98,Recognized intents consistently map to one frozen V1 route,,0.0,1,llm_needed:1,llm_needed:1,,campus_life_fit,advisor,campus_life_fit:1,advisor:1,Data - Shivansh.csv,Data - Shivansh.csv:2312,legacy_cleaned_corpus,b205d3c4a76cd86573c5,create reach target safety list for entityprogram in entityplace full ride options
954358be1eb86209,uc irvine acceptance rate,uc irvine acceptance rate,short_circuit,intent_policy,0.98,Recognized intents consistently map to one frozen V1 route,,0.0,1,short_circuit:1,short_circuit:1,short_circuit:1,attribute_lookup,high_school_student,attribute_lookup:1,high_school_student:1,Data - Anika.csv,Data - Anika.csv:303,legacy_cleaned_corpus,c478df48842744c7afae,entityschool acceptance rate
960adc5386b363c8,UT Austin job placement for nursing,ut austin job placement for nursing,medium,intent_policy,0.98,Recognized intents consistently map to one frozen V1 route,,0.0,1,medium:1,medium:1,,career_outcomes,parent,career_outcomes:1,parent:1,Data - Shivansh.csv,Data - Shivansh.csv:1577,legacy_cleaned_corpus,d0687d4ccce8a647d6f4,entityschool job placement for entityprogram
9682139814aa12f0,Columbia vs University of Maryland for nursing,columbia vs university of maryland for nursing,complex,intent_policy,0.98,Recognized intents consistently map to one frozen V1 route,,0.0,1,complex:1,complex:1,,comparison,college_student,comparison:1,college_student:1,Data - Shivansh.csv,Data - Shivansh.csv:1210,legacy_cleaned_corpus,302760a8b5dd7f263a23,entityschool vs entityschool for entityprogram
96b1bf8dce057516,University of Michigan job placement for chemistry,university of michigan job placement for chemistry,medium,intent_policy,0.98,Recognized intents consistently map to one frozen V1 route,,0.0,1,medium:1,medium:1,,career_outcomes,high_school_student,career_outcomes:1,high_school_student:1,Data - Shivansh.csv,Data - Shivansh.csv:1164,legacy_cleaned_corpus,d0687d4ccce8a647d6f4,entityschool job placement for entityprogram
96e07bdc92fe131a,does Princeton have chemistry,does princeton have chemistry,short_circuit,intent_policy,0.98,Recognized intents consistently map to one frozen V1 route,,0.0,1,short_circuit:1,short_circuit:1,,attribute_lookup,counselor_teacher,attribute_lookup:1,counselor_teacher:1,Data - Shivansh.csv,Data - Shivansh.csv:1686,legacy_cleaned_corpus,c219f457f3de750170ac,does entityschool have entityprogram
96ee200002b3b6eb,Cornell vs Caltech,cornell vs caltech,complex,intent_policy,0.98,Recognized intents consistently map to one frozen V1 route,,0.0,1,complex:1,complex:1,,comparison,parent,comparison:1,parent:1,Data - Shivansh.csv,Data - Shivansh.csv:4408,legacy_cleaned_corpus,ce0ab34d6e4892dbe532,entityschool vs entityschool
9703cbf5197560d2,Brown tuition vs University of Wisconsin tuition,brown tuition vs university of wisconsin tuition,complex,intent_policy,0.98,Recognized intents consistently map to one frozen V1 route,,0.0,1,complex:1,complex:1,,comparison,college_student,comparison:1,college_student:1,Data - Shivansh.csv,Data - Shivansh.csv:338,legacy_cleaned_corpus,2f64caaf4228bd36bc7c,entityschool tuition vs entityschool tuition
97620e0f3fe51153,Princeton vs MIT,princeton vs mit,complex,intent_policy,0.98,Recognized intents consistently map to one frozen V1 route,,0.0,1,complex:1,complex:1,,comparison,advisor,comparison:1,advisor:1,Data - Shivansh.csv,Data - Shivansh.csv:1658,legacy_cleaned_corpus,ce0ab34d6e4892dbe532,entityschool vs entityschool
97d765077e7d73d7,what essays does Caltech require,what essays does caltech require,medium,intent_policy,0.98,Recognized intents consistently map to one frozen V1 route,,0.0,1,complex:1,complex:1,,admissions_process,counselor_teacher,admissions_process:1,counselor_teacher:1,Data - Shivansh.csv,Data - Shivansh.csv:226,legacy_cleaned_corpus,e0880711f28fcb0ccf3b,what essays does entityschool require
9848a1275b84ea32,UT Austin tuition vs Brown tuition,ut austin tuition vs brown tuition,complex,intent_policy,0.98,Recognized intents consistently map to one frozen V1 route,,0.0,1,complex:1,complex:1,,comparison,college_student,comparison:1,college_student:1,Data - Shivansh.csv,Data - Shivansh.csv:4221,legacy_cleaned_corpus,2f64caaf4228bd36bc7c,entityschool tuition vs entityschool tuition
9853cf805e0bb0e6,UCLA job placement for neuroscience,ucla job placement for neuroscience,medium,intent_policy,0.98,Recognized intents consistently map to one frozen V1 route,,0.0,1,medium:1,medium:1,,career_outcomes,college_student,career_outcomes:1,college_student:1,Data - Shivansh.csv,Data - Shivansh.csv:1520,legacy_cleaned_corpus,d0687d4ccce8a647d6f4,entityschool job placement for entityprogram
98b35f2b1177db61,University of Maryland vs Princeton for biology,university of maryland vs princeton for biology,complex,intent_policy,0.98,Recognized intents consistently map to one frozen V1 route,,0.0,1,complex:1,complex:1,,comparison,parent,comparison:1,parent:1,Data - Shivansh.csv,Data - Shivansh.csv:404,legacy_cleaned_corpus,302760a8b5dd7f263a23,entityschool vs entityschool for entityprogram
98e2f351921db5ae,schools like Brown but cheaper,schools like brown but cheaper,complex,intent_policy,0.98,Recognized intents consistently map to one frozen V1 route,,0.0,5,complex:5,complex:5,,recommendation,advisor,recommendation:5,advisor:4|college_student:1,Data - Shivansh.csv,Data - Shivansh.csv:402|Data - Shivansh.csv:2358|Data - Shivansh.csv:3814|Data - Shivansh.csv:3917|Data - Shivansh.csv:4456,legacy_cleaned_corpus,4cc872421a190decb5f0,schools like entityschool but cheaper
99283add77bcc8a2,Princeton vs Harvard,princeton vs harvard,complex,intent_policy,0.98,Recognized intents consistently map to one frozen V1 route,,0.0,1,complex:1,complex:1,,comparison,college_student,comparison:1,college_student:1,Data - Shivansh.csv,Data - Shivansh.csv:232,legacy_cleaned_corpus,ce0ab34d6e4892dbe532,entityschool vs entityschool
9a4d19548804a807,Penn State scholarships,penn state scholarships,medium,intent_policy,0.98,Recognized intents consistently map to one frozen V1 route,,0.0,1,medium:1,medium:1,,cost_financial_aid,college_student,cost_financial_aid:1,college_student:1,Data - Shivansh.csv,Data - Shivansh.csv:603,legacy_cleaned_corpus,741b6aa2dae04972e2c3,entityschool scholarships
9b66b1d7ebb9091f,does UC Berkeley have data science,does uc berkeley have data science,short_circuit,intent_policy,0.98,Recognized intents consistently map to one frozen V1 route,,0.0,1,short_circuit:1,short_circuit:1,,attribute_lookup,college_student,attribute_lookup:1,college_student:1,Data - Shivansh.csv,Data - Shivansh.csv:737,legacy_cleaned_corpus,c219f457f3de750170ac,does entityschool have entityprogram
9bb7bd9bda3db306,best nursing schools in California,best nursing schools in california,medium,intent_policy,0.98,Recognized intents consistently map to one frozen V1 route,,0.0,2,medium:2,medium:2,,filtered_search,college_student,filtered_search:2,college_student:2,Data - Shivansh.csv,Data - Shivansh.csv:969|Data - Shivansh.csv:4257,legacy_cleaned_corpus,95c816a8832e9f5b6f9f,best entityprogram schools in entityplace
9c1c64f229b65411,universities with strong economics,universities with strong economics,medium,intent_policy,0.98,Recognized intents consistently map to one frozen V1 route,,0.0,5,complex:1|medium:4,complex:1|medium:4,,filtered_search,parent,filtered_search:5,advisor:1|college_student:1|counselor_teacher:1|high_school_student:1|parent:1,Data - Shivansh.csv,Data - Shivansh.csv:240|Data - Shivansh.csv:1984|Data - Shivansh.csv:2197|Data - Shivansh.csv:4140|Data - Shivansh.csv:4259,legacy_cleaned_corpus,1222be73eac85d2d69e0,universities with strong entityprogram
9c5967a1ba8065eb,University of Washington campus culture,university of washington campus culture,llm_needed,intent_policy,0.98,Recognized intents consistently map to one frozen V1 route,,0.0,4,llm_needed:4,llm_needed:4,,campus_life_fit,parent,campus_life_fit:4,college_student:1|counselor_teacher:1|parent:2,Data - Shivansh.csv,Data - Shivansh.csv:2574|Data - Shivansh.csv:3427|Data - Shivansh.csv:3472|Data - Shivansh.csv:3886,legacy_cleaned_corpus,c273440fb1ec037f5992,entityschool campus culture
9c8b659945b8b978,UT Austin vs MIT,ut austin vs mit,complex,intent_policy,0.98,Recognized intents consistently map to one frozen V1 route,,0.0,1,complex:1,complex:1,,comparison,counselor_teacher,comparison:1,counselor_teacher:1,Data - Shivansh.csv,Data - Shivansh.csv:589,legacy_cleaned_corpus,ce0ab34d6e4892dbe532,entityschool vs entityschool
9c958767a73d064e,schools like University of Washington but cheaper,schools like university of washington but cheaper,complex,intent_policy,0.98,Recognized intents consistently map to one frozen V1 route,,0.0,2,complex:2,complex:2,,recommendation,counselor_teacher,recommendation:2,counselor_teacher:1|high_school_student:1,Data - Shivansh.csv,Data - Shivansh.csv:658|Data - Shivansh.csv:1206,legacy_cleaned_corpus,4cc872421a190decb5f0,schools like entityschool but cheaper
9cdbbde65c0b119b,Arizona State financial aid for out of state,arizona state financial aid for out of state,medium,intent_policy,0.98,Recognized intents consistently map to one frozen V1 route,,0.0,1,medium:1,medium:1,,cost_financial_aid,counselor_teacher,cost_financial_aid:1,counselor_teacher:1,Data - Shivansh.csv,Data - Shivansh.csv:864,legacy_cleaned_corpus,c5b667203cefd8b33b33,entityschool financial aid for out of state
9d40861214a4be84,University of Wisconsin tuition vs UCLA tuition,university of wisconsin tuition vs ucla tuition,complex,intent_policy,0.98,Recognized intents consistently map to one frozen V1 route,,0.0,1,complex:1,complex:1,,comparison,college_student,comparison:1,college_student:1,Data - Shivansh.csv,Data - Shivansh.csv:781,legacy_cleaned_corpus,2f64caaf4228bd36bc7c,entityschool tuition vs entityschool tuition
9d44c338f762cca6,create reach target safety list for mechanical engineering in Texas under 20k,create reach target safety list for mechanical engineering in texas under 20k,complex,intent_policy,0.98,Recognized intents consistently map to one frozen V1 route,,0.0,1,complex:1,complex:1,,multi_constraint,advisor,multi_constraint:1,advisor:1,Data - Shivansh.csv,Data - Shivansh.csv:860,legacy_cleaned_corpus,8f457c66fbb4240dbb95,create reach target safety list for entityprogram in entityplace under entitynumber
9d759ba09749a860,does Columbia have political science,does columbia have political science,short_circuit,intent_policy,0.98,Recognized intents consistently map to one frozen V1 route,,0.0,1,medium:1,medium:1,,attribute_lookup,counselor_teacher,attribute_lookup:1,counselor_teacher:1,Data - Shivansh.csv,Data - Shivansh.csv:258,legacy_cleaned_corpus,c219f457f3de750170ac,does entityschool have entityprogram
9d9b969a1a1b47a3,cheapest mechanical engineering schools near a tech hub,cheapest mechanical engineering schools near a tech hub,medium,intent_policy,0.98,Recognized intents consistently map to one frozen V1 route,,0.0,1,medium:1,medium:1,,cost_financial_aid,parent,cost_financial_aid:1,parent:1,Data - Shivansh.csv,Data - Shivansh.csv:4046,legacy_cleaned_corpus,5d626861f40957135305,cheapest entityprogram schools near a tech hub
9db3e551a9f63b72,Duke job placement for computer science,duke job placement for computer science,medium,intent_policy,0.98,Recognized intents consistently map to one frozen V1 route,,0.0,1,medium:1,medium:1,,career_outcomes,counselor_teacher,career_outcomes:1,counselor_teacher:1,Data - Shivansh.csv,Data - Shivansh.csv:2870,legacy_cleaned_corpus,d0687d4ccce8a647d6f4,entityschool job placement for entityprogram
9e1636cb97fdcca8,Brown admissions profile average sat and gpa,brown admissions profile average sat and gpa,llm_needed,intent_policy,0.98,Recognized intents consistently map to one frozen V1 route,,0.0,1,llm_needed:1,llm_needed:1,,campus_life_fit,counselor_teacher,campus_life_fit:1,counselor_teacher:1,Data - Shivansh.csv,Data - Shivansh.csv:1350,legacy_cleaned_corpus,548f4dfe8f885917e7ce,entityschool admissions profile average sat and gpa
9e3d42045af5df6a,MIT tuition vs Arizona State tuition,mit tuition vs arizona state tuition,complex,intent_policy,0.98,Recognized intents consistently map to one frozen V1 route,,0.0,1,complex:1,complex:1,,comparison,high_school_student,comparison:1,high_school_student:1,Data - Shivansh.csv,Data - Shivansh.csv:124,legacy_cleaned_corpus,2f64caaf4228bd36bc7c,entityschool tuition vs entityschool tuition
9edff7fcb7d6fabe,Harvard average SAT,harvard average sat,short_circuit,intent_policy,0.98,Recognized intents consistently map to one frozen V1 route,,0.0,1,medium:1,medium:1,,attribute_lookup,college_student,attribute_lookup:1,college_student:1,Data - Shivansh.csv,Data - Shivansh.csv:3969,legacy_cleaned_corpus,5e65ab17c95c39987c97,entityschool average sat
9efd61f08564e005,best political science schools in California,best political science schools in california,medium,intent_policy,0.98,Recognized intents consistently map to one frozen V1 route,,0.0,2,medium:2,medium:2,,filtered_search,parent,filtered_search:2,college_student:1|parent:1,Data - Shivansh.csv,Data - Shivansh.csv:343|Data - Shivansh.csv:1677,legacy_cleaned_corpus,95c816a8832e9f5b6f9f,best entityprogram schools in entityplace
9f11f43a0c78918c,Rice University campus culture,rice university campus culture,llm_needed,intent_policy,0.98,Recognized intents consistently map to one frozen V1 route,,0.0,1,llm_needed:1,llm_needed:1,,campus_life_fit,counselor_teacher,campus_life_fit:1,counselor_teacher:1,Data - Shivansh.csv,Data - Shivansh.csv:2655,legacy_cleaned_corpus,c273440fb1ec037f5992,entityschool campus culture
9f8d2862a190600d,affordable philosophy schools near Chicago with good internships,affordable philosophy schools near chicago with good internships,complex,intent_policy,0.98,Recognized intents consistently map to one frozen V1 route,,0.0,2,complex:2,complex:2,,multi_constraint,counselor_teacher,multi_constraint:2,counselor_teacher:2,Data - Shivansh.csv,Data - Shivansh.csv:3355|Data - Shivansh.csv:4317,legacy_cleaned_corpus,f3a168da7625bb926035,affordable entityprogram schools near entityplace with good internships
9fa6bbfc562b5a64,University of Michigan vs Duke,university of michigan vs duke,complex,intent_policy,0.98,Recognized intents consistently map to one frozen V1 route,,0.0,1,short_circuit:1,short_circuit:1,,comparison,advisor,comparison:1,advisor:1,Data - Shivansh.csv,Data - Shivansh.csv:2397,legacy_cleaned_corpus,ce0ab34d6e4892dbe532,entityschool vs entityschool
9fbe80fe1beaac6b,Northwestern tuition vs Arizona State tuition,northwestern tuition vs arizona state tuition,complex,intent_policy,0.98,Recognized intents consistently map to one frozen V1 route,,0.0,1,complex:1,complex:1,,comparison,college_student,comparison:1,college_student:1,Data - Shivansh.csv,Data - Shivansh.csv:1683,legacy_cleaned_corpus,2f64caaf4228bd36bc7c,entityschool tuition vs entityschool tuition
9fe17bbabd4ba88a,Vanderbilt internships,vanderbilt internships,short_circuit,intent_policy,0.98,Recognized intents consistently map to one frozen V1 route,,0.0,1,short_circuit:1,short_circuit:1,,attribute_lookup,advisor,attribute_lookup:1,advisor:1,Data - Shivansh.csv,Data - Shivansh.csv:927,legacy_cleaned_corpus,bf90bd08f32032d6f763,entityschool internships
a00a31e79066bc42,how do i apply to Harvard,how do i apply to harvard,medium,intent_policy,0.98,Recognized intents consistently map to one frozen V1 route,,0.0,4,medium:4,medium:4,,admissions_process,high_school_student,admissions_process:4,advisor:1|counselor_teacher:1|high_school_student:1|parent:1,Data - Shivansh.csv,Data - Shivansh.csv:1001|Data - Shivansh.csv:1691|Data - Shivansh.csv:2430|Data - Shivansh.csv:4184,legacy_cleaned_corpus,1496450265c0af168f52,how do i apply to entityschool
a020048f57460e6e,how do i apply to University of Washington,how do i apply to university of washington,medium,intent_policy,0.98,Recognized intents consistently map to one frozen V1 route,,0.0,6,medium:6,medium:6,,admissions_process,advisor,admissions_process:6,advisor:3|counselor_teacher:2|high_school_student:1,Data - Shivansh.csv,Data - Shivansh.csv:717|Data - Shivansh.csv:964|Data - Shivansh.csv:1975|Data - Shivansh.csv:3299|Data - Shivansh.csv:4176|Data - Shivansh.csv:4466,legacy_cleaned_corpus,1496450265c0af168f52,how do i apply to entityschool
a0285070664c613d,Brown vs UC Berkeley,brown vs uc berkeley,complex,intent_policy,0.98,Recognized intents consistently map to one frozen V1 route,,0.0,1,complex:1,complex:1,,comparison,high_school_student,comparison:1,high_school_student:1,Data - Shivansh.csv,Data - Shivansh.csv:370,legacy_cleaned_corpus,ce0ab34d6e4892dbe532,entityschool vs entityschool
a08866eab77e1d1b,Purdue vs University of Florida for nursing,purdue vs university of florida for nursing,complex,intent_policy,0.98,Recognized intents consistently map to one frozen V1 route,,0.0,1,complex:1,complex:1,,comparison,college_student,comparison:1,college_student:1,Data - Shivansh.csv,Data - Shivansh.csv:876,legacy_cleaned_corpus,302760a8b5dd7f263a23,entityschool vs entityschool for entityprogram
a0c78ad73316cab1,affordable architecture schools in California with good job placement,affordable architecture schools in california with good job placement,complex,intent_policy,0.98,Recognized intents consistently map to one frozen V1 route,,0.0,1,complex:1,complex:1,,multi_constraint,high_school_student,multi_constraint:1,high_school_student:1,Data - Shivansh.csv,Data - Shivansh.csv:942,legacy_cleaned_corpus,72fe78ed7fe75ef13d14,affordable entityprogram schools in entityplace with good job placement
a0c8e8758fee51c3,Virginia Tech admissions profile average sat and gpa,virginia tech admissions profile average sat and gpa,complex,intent_policy,0.98,Recognized intents consistently map to one frozen V1 route,,0.0,2,medium:1|short_circuit:1,medium:1|short_circuit:1,,multi_constraint,counselor_teacher,comparison:1|multi_constraint:1,counselor_teacher:2,Data - Shivansh.csv,Data - Shivansh.csv:562|Data - Shivansh.csv:1923,legacy_cleaned_corpus,548f4dfe8f885917e7ce,entityschool admissions profile average sat and gpa
a0d2ba0b82309337,medium-sized architecture colleges near the beach under 20k,medium-sized architecture colleges near the beach under 20k,complex,intent_policy,0.98,Recognized intents consistently map to one frozen V1 route,,0.0,1,complex:1,complex:1,,multi_constraint,advisor,multi_constraint:1,advisor:1,Data - Shivansh.csv,Data - Shivansh.csv:3271,legacy_cleaned_corpus,172d66456a31b638a424,medium sized entityprogram colleges near the beach under entitynumber
a0dcc985e9b84dd7,University of Florida scholarships,university of florida scholarships,medium,intent_policy,0.98,Recognized intents consistently map to one frozen V1 route,,0.0,2,medium:2,medium:2,,cost_financial_aid,counselor_teacher,cost_financial_aid:2,college_student:1|counselor_teacher:1,Data - Shivansh.csv,Data - Shivansh.csv:99|Data - Shivansh.csv:3993,legacy_cleaned_corpus,741b6aa2dae04972e2c3,entityschool scholarships
a12df676265abd17,University of Florida vs UC San Diego for computer science,university of florida vs uc san diego for computer science,complex,intent_policy,0.98,Recognized intents consistently map to one frozen V1 route,,0.0,1,complex:1,complex:1,,comparison,counselor_teacher,comparison:1,counselor_teacher:1,Data - Shivansh.csv,Data - Shivansh.csv:2974,legacy_cleaned_corpus,302760a8b5dd7f263a23,entityschool vs entityschool for entityprogram
a1666f1b574bb33b,University of Wisconsin tuition vs UC Berkeley tuition,university of wisconsin tuition vs uc berkeley tuition,complex,intent_policy,0.98,Recognized intents consistently map to one frozen V1 route,,0.0,1,complex:1,complex:1,,comparison,advisor,comparison:1,advisor:1,Data - Shivansh.csv,Data - Shivansh.csv:197,legacy_cleaned_corpus,2f64caaf4228bd36bc7c,entityschool tuition vs entityschool tuition
a17f972d66f770d8,UCLA tuition vs University of Maryland tuition,ucla tuition vs university of maryland tuition,complex,intent_policy,0.98,Recognized intents consistently map to one frozen V1 route,,0.0,1,complex:1,complex:1,,comparison,counselor_teacher,comparison:1,counselor_teacher:1,Data - Shivansh.csv,Data - Shivansh.csv:1218,legacy_cleaned_corpus,2f64caaf4228bd36bc7c,entityschool tuition vs entityschool tuition
a18b160643536992,does Cornell have electrical engineering,does cornell have electrical engineering,short_circuit,intent_policy,0.98,Recognized intents consistently map to one frozen V1 route,,0.0,1,medium:1,medium:1,,attribute_lookup,college_student,attribute_lookup:1,college_student:1,Data - Shivansh.csv,Data - Shivansh.csv:3477,legacy_cleaned_corpus,c219f457f3de750170ac,does entityschool have entityprogram
a193f9395a160d44,Cornell average ACT,cornell average act,short_circuit,intent_policy,0.98,Recognized intents consistently map to one frozen V1 route,,0.0,1,medium:1,medium:1,,attribute_lookup,college_student,attribute_lookup:1,college_student:1,Data - Shivansh.csv,Data - Shivansh.csv:2894,legacy_cleaned_corpus,e6f83d01de4c22320c83,entityschool average act
a24c6779d2796d96,how do i apply to Virginia Tech,how do i apply to virginia tech,medium,intent_policy,0.98,Recognized intents consistently map to one frozen V1 route,,0.0,3,medium:3,medium:3,,admissions_process,counselor_teacher,admissions_process:3,college_student:1|counselor_teacher:1|parent:1,Data - Shivansh.csv,Data - Shivansh.csv:272|Data - Shivansh.csv:2545|Data - Shivansh.csv:3436,legacy_cleaned_corpus,1496450265c0af168f52,how do i apply to entityschool
a26d9e79486973fb,MIT vs University of Wisconsin,mit vs university of wisconsin,complex,intent_policy,0.98,Recognized intents consistently map to one frozen V1 route,,0.0,1,complex:1,complex:1,,comparison,college_student,comparison:1,college_student:1,Data - Shivansh.csv,Data - Shivansh.csv:1922,legacy_cleaned_corpus,ce0ab34d6e4892dbe532,entityschool vs entityschool
a293ec03d766de3f,universities with strong computer science,universities with strong computer science,medium,intent_policy,0.98,Recognized intents consistently map to one frozen V1 route,,0.0,6,medium:6,medium:6,,filtered_search,parent,filtered_search:6,advisor:2|college_student:1|counselor_teacher:1|parent:2,Data - Shivansh.csv,Data - Shivansh.csv:378|Data - Shivansh.csv:634|Data - Shivansh.csv:1692|Data - Shivansh.csv:2294|Data - Shivansh.csv:4266|Data - Shivansh.csv:4447,legacy_cleaned_corpus,1222be73eac85d2d69e0,universities with strong entityprogram
a3313b5032291bf4,Northwestern job placement for philosophy,northwestern job placement for philosophy,medium,intent_policy,0.98,Recognized intents consistently map to one frozen V1 route,,0.0,1,medium:1,medium:1,,career_outcomes,parent,career_outcomes:1,parent:1,Data - Shivansh.csv,Data - Shivansh.csv:1397,legacy_cleaned_corpus,d0687d4ccce8a647d6f4,entityschool job placement for entityprogram
a37f2408e88e4893,what schools should i apply to for aerospace engineering not Florida under 20k,what schools should i apply to for aerospace engineering not florida under 20k,complex,intent_policy,0.98,Recognized intents consistently map to one frozen V1 route,,0.0,1,complex:1,complex:1,,recommendation,parent,recommendation:1,parent:1,Data - Shivansh.csv,Data - Shivansh.csv:1812,legacy_cleaned_corpus,d0dd1e4cd38fd443fe03,what schools should i apply to for entityprogram not entityplace under entitynumber
a3e268184d271b69,NYU vs Columbia,nyu vs columbia,complex,intent_policy,0.98,Recognized intents consistently map to one frozen V1 route,,0.0,1,complex:1,complex:1,,comparison,college_student,comparison:1,college_student:1,Data - Shivansh.csv,Data - Shivansh.csv:1516,legacy_cleaned_corpus,ce0ab34d6e4892dbe532,entityschool vs entityschool
a41143ffaa11fe1f,Brown job placement for electrical engineering,brown job placement for electrical engineering,medium,intent_policy,0.98,Recognized intents consistently map to one frozen V1 route,,0.0,1,medium:1,medium:1,,career_outcomes,college_student,career_outcomes:1,college_student:1,Data - Shivansh.csv,Data - Shivansh.csv:3076,legacy_cleaned_corpus,d0687d4ccce8a647d6f4,entityschool job placement for entityprogram
a4aaafa082117663,job placement for UCLA,job placement for ucla,short_circuit,intent_policy,0.98,Recognized intents consistently map to one frozen V1 route,,0.0,1,medium:1,medium:1,,attribute_lookup,counselor_teacher,attribute_lookup:1,counselor_teacher:1,Data - Shivansh.csv,Data - Shivansh.csv:2947,legacy_cleaned_corpus,2740e2ad8177799284ea,job placement for entityschool
a4be04c3972090ad,Purdue vs Georgia Tech,purdue vs georgia tech,complex,intent_policy,0.98,Recognized intents consistently map to one frozen V1 route,,0.0,1,complex:1,complex:1,complex:1,comparison,high_school_student,comparison:1,high_school_student:1,Data - Anika.csv,Data - Anika.csv:6,legacy_cleaned_corpus,ce0ab34d6e4892dbe532,entityschool vs entityschool
a5721b235b2a5f45,four year cost of Caltech including housing,four year cost of caltech including housing,medium,strong_observed_majority,0.75,Observed route majority 3/4,,0.0,4,complex:1|medium:3,complex:1|medium:3,,cost_financial_aid,parent,admissions_process:1|career_outcomes:1|cost_financial_aid:1|exact_lookup:1,parent:4,Data - Shivansh.csv,Data - Shivansh.csv:256|Data - Shivansh.csv:546|Data - Shivansh.csv:1543|Data - Shivansh.csv:2159,legacy_cleaned_corpus,77f4f7a26cd4cc07453e,four year cost of entityschool including housing
a63052e29068e707,does Virginia Tech have aerospace engineering,does virginia tech have aerospace engineering,short_circuit,intent_policy,0.98,Recognized intents consistently map to one frozen V1 route,,0.0,1,medium:1,medium:1,,attribute_lookup,parent,attribute_lookup:1,parent:1,Data - Shivansh.csv,Data - Shivansh.csv:2575,legacy_cleaned_corpus,c219f457f3de750170ac,does entityschool have entityprogram
a642449e14b6725d,Harvard tuition vs Cornell tuition,harvard tuition vs cornell tuition,complex,intent_policy,0.98,Recognized intents consistently map to one frozen V1 route,,0.0,2,complex:2,complex:2,,comparison,high_school_student,comparison:2,college_student:1|high_school_student:1,Data - Shivansh.csv,Data - Shivansh.csv:1270|Data - Shivansh.csv:4295,legacy_cleaned_corpus,2f64caaf4228bd36bc7c,entityschool tuition vs entityschool tuition
a691b6bc04f1996c,NYU,nyu,short_circuit,manual_override,1.0,Exact school lookup,,0.0,14,complex:1|llm_needed:1|short_circuit:12,complex:1|llm_needed:1|short_circuit:12,,exact_lookup,college_student,exact_lookup:14,advisor:3|college_student:3|counselor_teacher:3|high_school_student:3|parent:2,Data - Shivansh.csv|Data Anthony.csv,Data - Shivansh.csv:713|Data - Shivansh.csv:1271|Data - Shivansh.csv:1383|Data - Shivansh.csv:1472|Data - Shivansh.csv:1527|Data - Shivansh.csv:1698|Data - Shivansh.csv:1852|Data - Shivansh.csv:2497|Data - Shivansh.csv:2501|Data - Shivansh.csv:3071|Data - Shivansh.csv:3238|Data - Shivansh.csv:3398|Data - Shivansh.csv:4328|Data Anthony.csv:15,legacy_cleaned_corpus,5040e700a4b470a4942d,entityschool
a69c39765d6ac23f,schools like boston university but cheaper,schools like boston university but cheaper,complex,intent_policy,0.98,Recognized intents consistently map to one frozen V1 route,,0.0,3,complex:3,complex:3,complex:1,recommendation,college_student,recommendation:3,college_student:2|parent:1,Data - Anika.csv|Data - Shivansh.csv,Data - Anika.csv:77|Data - Shivansh.csv:356|Data - Shivansh.csv:2283,legacy_cleaned_corpus,4cc872421a190decb5f0,schools like entityschool but cheaper
a6ab4a706871016b,NYU job placement for economics,nyu job placement for economics,medium,intent_policy,0.98,Recognized intents consistently map to one frozen V1 route,,0.0,1,medium:1,medium:1,,career_outcomes,parent,career_outcomes:1,parent:1,Data - Shivansh.csv,Data - Shivansh.csv:4435,legacy_cleaned_corpus,d0687d4ccce8a647d6f4,entityschool job placement for entityprogram
a6d1196e16fd779f,UT Austin,ut austin,short_circuit,intent_policy,0.98,Recognized intents consistently map to one frozen V1 route,,0.0,11,short_circuit:11,short_circuit:11,,exact_lookup,college_student,exact_lookup:11,advisor:2|college_student:5|counselor_teacher:2|parent:2,Data - Shivansh.csv,Data - Shivansh.csv:274|Data - Shivansh.csv:1523|Data - Shivansh.csv:1715|Data - Shivansh.csv:2319|Data - Shivansh.csv:2485|Data - Shivansh.csv:2534|Data - Shivansh.csv:3143|Data - Shivansh.csv:3524|Data - Shivansh.csv:3577|Data - Shivansh.csv:4272|Data - Shivansh.csv:4365,legacy_cleaned_corpus,5040e700a4b470a4942d,entityschool
a78c00c447ea5d53,Harvard campus culture,harvard campus culture,llm_needed,intent_policy,0.98,Recognized intents consistently map to one frozen V1 route,,0.0,3,llm_needed:3,llm_needed:3,,campus_life_fit,advisor,campus_life_fit:3,advisor:2|counselor_teacher:1,Data - Shivansh.csv,Data - Shivansh.csv:2648|Data - Shivansh.csv:2832|Data - Shivansh.csv:4080,legacy_cleaned_corpus,c273440fb1ec037f5992,entityschool campus culture
a78d385dcd9f383c,MIT vs University of Michigan,mit vs university of michigan,complex,intent_policy,0.98,Recognized intents consistently map to one frozen V1 route,,0.0,1,complex:1,complex:1,,comparison,parent,comparison:1,parent:1,Data - Shivansh.csv,Data - Shivansh.csv:398,legacy_cleaned_corpus,ce0ab34d6e4892dbe532,entityschool vs entityschool
a8f8c20cbea2b6fb,Rice University vs Purdue for electrical engineering,rice university vs purdue for electrical engineering,complex,intent_policy,0.98,Recognized intents consistently map to one frozen V1 route,,0.0,1,complex:1,complex:1,,comparison,high_school_student,comparison:1,high_school_student:1,Data - Shivansh.csv,Data - Shivansh.csv:1281,legacy_cleaned_corpus,302760a8b5dd7f263a23,entityschool vs entityschool for entityprogram
a97e1e2626b06266,Boston University vs Vanderbilt,boston university vs vanderbilt,complex,intent_policy,0.98,Recognized intents consistently map to one frozen V1 route,,0.0,1,complex:1,complex:1,,comparison,advisor,comparison:1,advisor:1,Data - Shivansh.csv,Data - Shivansh.csv:1499,legacy_cleaned_corpus,ce0ab34d6e4892dbe532,entityschool vs entityschool
a998db6eda921adc,what essays does Rice University require,what essays does rice university require,medium,intent_policy,0.98,Recognized intents consistently map to one frozen V1 route,,0.0,1,medium:1,medium:1,,admissions_process,high_school_student,admissions_process:1,high_school_student:1,Data - Shivansh.csv,Data - Shivansh.csv:1593,legacy_cleaned_corpus,e0880711f28fcb0ccf3b,what essays does entityschool require
a9e95b4bf742efbd,cheapest psychology schools near a tech hub,cheapest psychology schools near a tech hub,medium,intent_policy,0.98,Recognized intents consistently map to one frozen V1 route,,0.0,1,medium:1,medium:1,,cost_financial_aid,parent,cost_financial_aid:1,parent:1,Data - Shivansh.csv,Data - Shivansh.csv:3655,legacy_cleaned_corpus,5d626861f40957135305,cheapest entityprogram schools near a tech hub
aa2d2882a21ca926,Harvard vs Columbia for nursing,harvard vs columbia for nursing,complex,intent_policy,0.98,Recognized intents consistently map to one frozen V1 route,,0.0,1,complex:1,complex:1,,comparison,college_student,comparison:1,college_student:1,Data - Shivansh.csv,Data - Shivansh.csv:361,legacy_cleaned_corpus,302760a8b5dd7f263a23,entityschool vs entityschool for entityprogram
aa35ee42e83cfb77,Rice University scholarships,rice university scholarships,medium,intent_policy,0.98,Recognized intents consistently map to one frozen V1 route,,0.0,3,medium:3,medium:3,,cost_financial_aid,advisor,cost_financial_aid:3,advisor:3,Data - Shivansh.csv,Data - Shivansh.csv:1936|Data - Shivansh.csv:3664|Data - Shivansh.csv:3788,legacy_cleaned_corpus,741b6aa2dae04972e2c3,entityschool scholarships
aa6d6f0ae4213280,Rice University tuition vs UT Austin tuition,rice university tuition vs ut austin tuition,complex,intent_policy,0.98,Recognized intents consistently map to one frozen V1 route,,0.0,1,complex:1,complex:1,,comparison,counselor_teacher,comparison:1,counselor_teacher:1,Data - Shivansh.csv,Data - Shivansh.csv:4236,legacy_cleaned_corpus,2f64caaf4228bd36bc7c,entityschool tuition vs entityschool tuition
aa7d3e3e9daa758a,Georgia Tech scholarships,georgia tech scholarships,medium,intent_policy,0.98,Recognized intents consistently map to one frozen V1 route,,0.0,3,llm_needed:1|medium:2,llm_needed:1|medium:2,,cost_financial_aid,advisor,cost_financial_aid:3,advisor:2|parent:1,Data - Shivansh.csv,Data - Shivansh.csv:547|Data - Shivansh.csv:1681|Data - Shivansh.csv:1854,legacy_cleaned_corpus,741b6aa2dae04972e2c3,entityschool scholarships
aa9624493ca6c6e6,Virginia Tech vs NYU,virginia tech vs nyu,complex,intent_policy,0.98,Recognized intents consistently map to one frozen V1 route,,0.0,1,complex:1,complex:1,,comparison,college_student,comparison:1,college_student:1,Data - Shivansh.csv,Data - Shivansh.csv:1370,legacy_cleaned_corpus,ce0ab34d6e4892dbe532,entityschool vs entityschool
abad48d7b17864dc,affordable psychology schools in California with good internships,affordable psychology schools in california with good internships,complex,intent_policy,0.98,Recognized intents consistently map to one frozen V1 route,,0.0,3,complex:3,complex:3,,multi_constraint,college_student,multi_constraint:3,advisor:1|college_student:1|parent:1,Data - Shivansh.csv,Data - Shivansh.csv:4029|Data - Shivansh.csv:4094|Data - Shivansh.csv:4285,legacy_cleaned_corpus,2c4689b53d9ef03f56f3,affordable entityprogram schools in entityplace with good internships
abf5fa0ef4b84f0e,UC San Diego vs Rice University for engineering,uc san diego vs rice university for engineering,complex,intent_policy,0.98,Recognized intents consistently map to one frozen V1 route,,0.0,1,complex:1,complex:1,,comparison,counselor_teacher,comparison:1,counselor_teacher:1,Data - Shivansh.csv,Data - Shivansh.csv:3620,legacy_cleaned_corpus,302760a8b5dd7f263a23,entityschool vs entityschool for entityprogram
ac844acbd61a0e94,Stanford campus culture,stanford campus culture,llm_needed,intent_policy,0.98,Recognized intents consistently map to one frozen V1 route,,0.0,1,llm_needed:1,llm_needed:1,,campus_life_fit,counselor_teacher,campus_life_fit:1,counselor_teacher:1,Data - Shivansh.csv,Data - Shivansh.csv:2743,legacy_cleaned_corpus,c273440fb1ec037f5992,entityschool campus culture
ac8a3e2d43fd17e4,Carnegie Mellon vs Caltech for economics,carnegie mellon vs caltech for economics,complex,intent_policy,0.98,Recognized intents consistently map to one frozen V1 route,,0.0,1,complex:1,complex:1,,comparison,advisor,comparison:1,advisor:1,Data - Shivansh.csv,Data - Shivansh.csv:2583,legacy_cleaned_corpus,302760a8b5dd7f263a23,entityschool vs entityschool for entityprogram
ac95bd350a588749,Northwestern vs University of Florida for data science,northwestern vs university of florida for data science,complex,intent_policy,0.98,Recognized intents consistently map to one frozen V1 route,,0.0,1,complex:1,complex:1,,comparison,college_student,comparison:1,college_student:1,Data - Shivansh.csv,Data - Shivansh.csv:1778,legacy_cleaned_corpus,302760a8b5dd7f263a23,entityschool vs entityschool for entityprogram
ad0d08677c8f632c,University of Florida job placement for psychology,university of florida job placement for psychology,medium,intent_policy,0.98,Recognized intents consistently map to one frozen V1 route,,0.0,1,medium:1,medium:1,,career_outcomes,college_student,career_outcomes:1,college_student:1,Data - Shivansh.csv,Data - Shivansh.csv:1249,legacy_cleaned_corpus,d0687d4ccce8a647d6f4,entityschool job placement for entityprogram
ad35796ec206185b,affordable chemistry schools in Texas with good job placement,affordable chemistry schools in texas with good job placement,complex,intent_policy,0.98,Recognized intents consistently map to one frozen V1 route,,0.0,1,complex:1,complex:1,,multi_constraint,college_student,multi_constraint:1,college_student:1,Data - Shivansh.csv,Data - Shivansh.csv:389,legacy_cleaned_corpus,72fe78ed7fe75ef13d14,affordable entityprogram schools in entityplace with good job placement
adcaa91e0dda60ad,UCLA vs UC Berkeley,ucla vs uc berkeley,complex,intent_policy,0.98,Recognized intents consistently map to one frozen V1 route,,0.0,1,medium:1,medium:1,,comparison,high_school_student,comparison:1,high_school_student:1,Data Anthony.csv,Data Anthony.csv:31,legacy_cleaned_corpus,ce0ab34d6e4892dbe532,entityschool vs entityschool
adf17828f0975ee3,UCLA vs Columbia,ucla vs columbia,complex,intent_policy,0.98,Recognized intents consistently map to one frozen V1 route,,0.0,1,complex:1,complex:1,,comparison,counselor_teacher,comparison:1,counselor_teacher:1,Data - Shivansh.csv,Data - Shivansh.csv:446,legacy_cleaned_corpus,ce0ab34d6e4892dbe532,entityschool vs entityschool
ae2cf25a9fa16ee2,University of Washington vs UT Austin for psychology,university of washington vs ut austin for psychology,complex,intent_policy,0.98,Recognized intents consistently map to one frozen V1 route,,0.0,1,complex:1,complex:1,,comparison,counselor_teacher,comparison:1,counselor_teacher:1,Data - Shivansh.csv,Data - Shivansh.csv:2042,legacy_cleaned_corpus,302760a8b5dd7f263a23,entityschool vs entityschool for entityprogram
ae5b9b51bf8eff10,internships for Caltech,internships for caltech,short_circuit,intent_policy,0.98,Recognized intents consistently map to one frozen V1 route,,0.0,1,medium:1,medium:1,,attribute_lookup,counselor_teacher,attribute_lookup:1,counselor_teacher:1,Data - Shivansh.csv,Data - Shivansh.csv:4297,legacy_cleaned_corpus,843657d043ccb31f83c5,internships for entityschool
aed649ff5fa1cd33,penn state,penn state,short_circuit,manual_override,1.0,Exact school lookup,,0.0,15,medium:1|short_circuit:14,medium:1|short_circuit:14,,exact_lookup,college_student,exact_lookup:15,advisor:2|college_student:5|counselor_teacher:3|high_school_student:3|parent:2,Data - Shivansh.csv|Data Anthony.csv,Data - Shivansh.csv:74|Data - Shivansh.csv:186|Data - Shivansh.csv:348|Data - Shivansh.csv:1656|Data - Shivansh.csv:1885|Data - Shivansh.csv:2644|Data - Shivansh.csv:2812|Data - Shivansh.csv:2908|Data - Shivansh.csv:2999|Data - Shivansh.csv:3001|Data - Shivansh.csv:3278|Data - Shivansh.csv:3887|Data - Shivansh.csv:3915|Data - Shivansh.csv:4399|Data Anthony.csv:20,legacy_cleaned_corpus,5040e700a4b470a4942d,entityschool
aedfade1b906f7fb,University of Maryland vs University of Washington for nursing,university of maryland vs university of washington for nursing,complex,intent_policy,0.98,Recognized intents consistently map to one frozen V1 route,,0.0,1,complex:1,complex:1,,comparison,counselor_teacher,comparison:1,counselor_teacher:1,Data - Shivansh.csv,Data - Shivansh.csv:656,legacy_cleaned_corpus,302760a8b5dd7f263a23,entityschool vs entityschool for entityprogram
af7ad412835847f6,does NYU have data science,does nyu have data science,short_circuit,intent_policy,0.98,Recognized intents consistently map to one frozen V1 route,,0.0,1,medium:1,medium:1,,attribute_lookup,college_student,attribute_lookup:1,college_student:1,Data - Shivansh.csv,Data - Shivansh.csv:2565,legacy_cleaned_corpus,c219f457f3de750170ac,does entityschool have entityprogram
af9aab733aaf777e,does Cornell have economics,does cornell have economics,short_circuit,intent_policy,0.98,Recognized intents consistently map to one frozen V1 route,,0.0,1,medium:1,medium:1,,attribute_lookup,counselor_teacher,attribute_lookup:1,counselor_teacher:1,Data - Shivansh.csv,Data - Shivansh.csv:2737,legacy_cleaned_corpus,c219f457f3de750170ac,does entityschool have entityprogram
afcd1e56a1c77435,Georgia Tech job placement for economics,georgia tech job placement for economics,medium,intent_policy,0.98,Recognized intents consistently map to one frozen V1 route,,0.0,1,medium:1,medium:1,,career_outcomes,counselor_teacher,career_outcomes:1,counselor_teacher:1,Data - Shivansh.csv,Data - Shivansh.csv:4475,legacy_cleaned_corpus,d0687d4ccce8a647d6f4,entityschool job placement for entityprogram
b01ab4d64935547a,Purdue vs Cornell,purdue vs cornell,complex,intent_policy,0.98,Recognized intents consistently map to one frozen V1 route,,0.0,1,complex:1,complex:1,,comparison,counselor_teacher,comparison:1,counselor_teacher:1,Data - Shivansh.csv,Data - Shivansh.csv:993,legacy_cleaned_corpus,ce0ab34d6e4892dbe532,entityschool vs entityschool
b01ebde6ae2bfe1a,Northeastern admissions profile average sat and gpa,northeastern admissions profile average sat and gpa,llm_needed,intent_policy,0.98,Recognized intents consistently map to one frozen V1 route,,0.0,1,llm_needed:1,llm_needed:1,,campus_life_fit,counselor_teacher,campus_life_fit:1,counselor_teacher:1,Data - Shivansh.csv,Data - Shivansh.csv:1600,legacy_cleaned_corpus,548f4dfe8f885917e7ce,entityschool admissions profile average sat and gpa
b0200bf29fabcb0a,does Stanford have economics,does stanford have economics,short_circuit,intent_policy,0.98,Recognized intents consistently map to one frozen V1 route,,0.0,1,short_circuit:1,short_circuit:1,,attribute_lookup,counselor_teacher,attribute_lookup:1,counselor_teacher:1,Data - Shivansh.csv,Data - Shivansh.csv:1213,legacy_cleaned_corpus,c219f457f3de750170ac,does entityschool have entityprogram
b107d5030d4728e0,UC San Diego job placement for mechanical engineering,uc san diego job placement for mechanical engineering,medium,intent_policy,0.98,Recognized intents consistently map to one frozen V1 route,,0.0,1,medium:1,medium:1,,career_outcomes,counselor_teacher,career_outcomes:1,counselor_teacher:1,Data - Shivansh.csv,Data - Shivansh.csv:2015,legacy_cleaned_corpus,d0687d4ccce8a647d6f4,entityschool job placement for entityprogram
b1850a8c03b616e5,affordable engineering schools in California with good internships,affordable engineering schools in california with good internships,complex,intent_policy,0.98,Recognized intents consistently map to one frozen V1 route,,0.0,1,complex:1,complex:1,,multi_constraint,advisor,multi_constraint:1,advisor:1,Data - Shivansh.csv,Data - Shivansh.csv:3960,legacy_cleaned_corpus,2c4689b53d9ef03f56f3,affordable entityprogram schools in entityplace with good internships
b21c916aa544978b,best electrical engineering schools in California,best electrical engineering schools in california,medium,intent_policy,0.98,Recognized intents consistently map to one frozen V1 route,,0.0,1,medium:1,medium:1,,filtered_search,college_student,filtered_search:1,college_student:1,Data - Shivansh.csv,Data - Shivansh.csv:3250,legacy_cleaned_corpus,95c816a8832e9f5b6f9f,best entityprogram schools in entityplace
b246e5ed75ea09c1,uc berkeley vs stanford,uc berkeley vs stanford,complex,intent_policy,0.98,Recognized intents consistently map to one frozen V1 route,,0.0,1,complex:1,complex:1,complex:1,comparison,high_school_student,comparison:1,high_school_student:1,Data - Anika.csv,Data - Anika.csv:306,legacy_cleaned_corpus,ce0ab34d6e4892dbe532,entityschool vs entityschool
b2d0747156271b66,how do i apply to UCLA,how do i apply to ucla,medium,intent_policy,0.98,Recognized intents consistently map to one frozen V1 route,,0.0,3,medium:3,medium:3,,admissions_process,advisor,admissions_process:3,advisor:1|college_student:1|parent:1,Data - Shivansh.csv,Data - Shivansh.csv:3352|Data - Shivansh.csv:4288|Data - Shivansh.csv:4434,legacy_cleaned_corpus,1496450265c0af168f52,how do i apply to entityschool
b30d1337002a0a9d,MIT tuition vs Stanford tuition,mit tuition vs stanford tuition,complex,intent_policy,0.98,Recognized intents consistently map to one frozen V1 route,,0.0,1,short_circuit:1,short_circuit:1,,comparison,high_school_student,comparison:1,high_school_student:1,Data - Shivansh.csv,Data - Shivansh.csv:627,legacy_cleaned_corpus,2f64caaf4228bd36bc7c,entityschool tuition vs entityschool tuition
b31013853b45adcb,Princeton vs Boston University,princeton vs boston university,complex,intent_policy,0.98,Recognized intents consistently map to one frozen V1 route,,0.0,1,complex:1,complex:1,,comparison,parent,comparison:1,parent:1,Data - Shivansh.csv,Data - Shivansh.csv:1140,legacy_cleaned_corpus,ce0ab34d6e4892dbe532,entityschool vs entityschool
b350dd2c74a7052a,University of Maryland financial aid for out of state,university of maryland financial aid for out of state,medium,intent_policy,0.98,Recognized intents consistently map to one frozen V1 route,,0.0,2,medium:2,medium:2,,cost_financial_aid,college_student,cost_financial_aid:2,college_student:1|counselor_teacher:1,Data - Shivansh.csv,Data - Shivansh.csv:837|Data - Shivansh.csv:1572,legacy_cleaned_corpus,c5b667203cefd8b33b33,entityschool financial aid for out of state
b467580162750ef4,does Columbia have mechanical engineering,does columbia have mechanical engineering,short_circuit,intent_policy,0.98,Recognized intents consistently map to one frozen V1 route,,0.0,2,short_circuit:2,short_circuit:2,,attribute_lookup,advisor,attribute_lookup:2,advisor:1|college_student:1,Data - Shivansh.csv,Data - Shivansh.csv:238|Data - Shivansh.csv:1727,legacy_cleaned_corpus,c219f457f3de750170ac,does entityschool have entityprogram
b4b5973d4e7d94cc,University of Florida financial aid for out of state,university of florida financial aid for out of state,medium,intent_policy,0.98,Recognized intents consistently map to one frozen V1 route,,0.0,1,medium:1,medium:1,,cost_financial_aid,advisor,cost_financial_aid:1,advisor:1,Data - Shivansh.csv,Data - Shivansh.csv:459,legacy_cleaned_corpus,c5b667203cefd8b33b33,entityschool financial aid for out of state
b5024a6c39f7f4fc,University of Maryland vs Arizona State,university of maryland vs arizona state,complex,intent_policy,0.98,Recognized intents consistently map to one frozen V1 route,,0.0,1,complex:1,complex:1,,comparison,high_school_student,comparison:1,high_school_student:1,Data - Shivansh.csv,Data - Shivansh.csv:1107,legacy_cleaned_corpus,ce0ab34d6e4892dbe532,entityschool vs entityschool
b539a986812b6c1c,Arizona State tuition vs Harvard tuition,arizona state tuition vs harvard tuition,complex,intent_policy,0.98,Recognized intents consistently map to one frozen V1 route,,0.0,1,complex:1,complex:1,,comparison,college_student,comparison:1,college_student:1,Data - Shivansh.csv,Data - Shivansh.csv:1326,legacy_cleaned_corpus,2f64caaf4228bd36bc7c,entityschool tuition vs entityschool tuition
b53c02fec9406d26,schools like Duke but cheaper,schools like duke but cheaper,complex,intent_policy,0.98,Recognized intents consistently map to one frozen V1 route,,0.0,4,complex:4,complex:4,,recommendation,parent,recommendation:4,advisor:1|college_student:1|counselor_teacher:1|parent:1,Data - Shivansh.csv,Data - Shivansh.csv:2372|Data - Shivansh.csv:3294|Data - Shivansh.csv:3378|Data - Shivansh.csv:4271,legacy_cleaned_corpus,4cc872421a190decb5f0,schools like entityschool but cheaper
b553068304e165a2,Virginia Tech job placement for chemistry,virginia tech job placement for chemistry,medium,intent_policy,0.98,Recognized intents consistently map to one frozen V1 route,,0.0,1,medium:1,medium:1,,career_outcomes,advisor,career_outcomes:1,advisor:1,Data - Shivansh.csv,Data - Shivansh.csv:3476,legacy_cleaned_corpus,d0687d4ccce8a647d6f4,entityschool job placement for entityprogram
b5b9a0b2d9927d98,UC San Diego scholarships,uc san diego scholarships,medium,intent_policy,0.98,Recognized intents consistently map to one frozen V1 route,,0.0,5,medium:5,medium:5,,cost_financial_aid,advisor,cost_financial_aid:5,advisor:1|college_student:1|counselor_teacher:1|high_school_student:1|parent:1,Data - Shivansh.csv,Data - Shivansh.csv:2134|Data - Shivansh.csv:2402|Data - Shivansh.csv:2595|Data - Shivansh.csv:2962|Data - Shivansh.csv:4353,legacy_cleaned_corpus,741b6aa2dae04972e2c3,entityschool scholarships
b5f5b8c2d185ba5b,Princeton campus culture,princeton campus culture,llm_needed,intent_policy,0.98,Recognized intents consistently map to one frozen V1 route,,0.0,3,llm_needed:3,llm_needed:3,,campus_life_fit,college_student,campus_life_fit:3,college_student:2|parent:1,Data - Shivansh.csv,Data - Shivansh.csv:3459|Data - Shivansh.csv:3558|Data - Shivansh.csv:3842,legacy_cleaned_corpus,c273440fb1ec037f5992,entityschool campus culture
b62ce354b9638474,Rice University job placement for electrical engineering,rice university job placement for electrical engineering,medium,intent_policy,0.98,Recognized intents consistently map to one frozen V1 route,,0.0,1,medium:1,medium:1,,career_outcomes,advisor,career_outcomes:1,advisor:1,Data - Shivansh.csv,Data - Shivansh.csv:420,legacy_cleaned_corpus,d0687d4ccce8a647d6f4,entityschool job placement for entityprogram
b6871075ac6cdf81,Princeton tuition vs University of Florida tuition,princeton tuition vs university of florida tuition,complex,intent_policy,0.98,Recognized intents consistently map to one frozen V1 route,,0.0,1,complex:1,complex:1,,comparison,advisor,comparison:1,advisor:1,Data - Shivansh.csv,Data - Shivansh.csv:1405,legacy_cleaned_corpus,2f64caaf4228bd36bc7c,entityschool tuition vs entityschool tuition
b6dc433b4f158eea,schools like Rice University but cheaper,schools like rice university but cheaper,complex,intent_policy,0.98,Recognized intents consistently map to one frozen V1 route,,0.0,5,complex:4|short_circuit:1,complex:4|short_circuit:1,,recommendation,advisor,recommendation:5,advisor:2|college_student:1|high_school_student:1|parent:1,Data - Shivansh.csv,Data - Shivansh.csv:705|Data - Shivansh.csv:1466|Data - Shivansh.csv:1785|Data - Shivansh.csv:2190|Data - Shivansh.csv:3802,legacy_cleaned_corpus,4cc872421a190decb5f0,schools like entityschool but cheaper
b6e4b0ee336afc00,UC San Diego vs University of Washington,uc san diego vs university of washington,complex,intent_policy,0.98,Recognized intents consistently map to one frozen V1 route,,0.0,1,complex:1,complex:1,,comparison,advisor,comparison:1,advisor:1,Data - Shivansh.csv,Data - Shivansh.csv:1643,legacy_cleaned_corpus,ce0ab34d6e4892dbe532,entityschool vs entityschool
b74904bf02d08247,four year cost of Vanderbilt including housing,four year cost of vanderbilt including housing,medium,intent_policy,0.98,Recognized intents consistently map to one frozen V1 route,,0.0,2,medium:2,medium:2,,filtered_search,parent,admissions_process:1|filtered_search:1,parent:2,Data - Shivansh.csv,Data - Shivansh.csv:709|Data - Shivansh.csv:1304,legacy_cleaned_corpus,77f4f7a26cd4cc07453e,four year cost of entityschool including housing
b7d0bfd9c009ba85,UC San Diego admissions profile average sat and gpa,uc san diego admissions profile average sat and gpa,medium,intent_policy,0.98,Recognized intents consistently map to one frozen V1 route,,0.0,1,medium:1,medium:1,,filtered_search,counselor_teacher,filtered_search:1,counselor_teacher:1,Data - Shivansh.csv,Data - Shivansh.csv:1109,legacy_cleaned_corpus,548f4dfe8f885917e7ce,entityschool admissions profile average sat and gpa
b86c2c5fad1a7292,Vanderbilt tuition vs University of Michigan tuition,vanderbilt tuition vs university of michigan tuition,complex,intent_policy,0.98,Recognized intents consistently map to one frozen V1 route,,0.0,1,complex:1,complex:1,,comparison,high_school_student,comparison:1,high_school_student:1,Data - Shivansh.csv,Data - Shivansh.csv:2021,legacy_cleaned_corpus,2f64caaf4228bd36bc7c,entityschool tuition vs entityschool tuition
b87b887999e3db10,University of Washington job placement for nursing,university of washington job placement for nursing,medium,intent_policy,0.98,Recognized intents consistently map to one frozen V1 route,,0.0,1,medium:1,medium:1,,career_outcomes,advisor,career_outcomes:1,advisor:1,Data - Shivansh.csv,Data - Shivansh.csv:2636,legacy_cleaned_corpus,d0687d4ccce8a647d6f4,entityschool job placement for entityprogram
b87e3b95ce96dcf3,how do i apply to Northwestern,how do i apply to northwestern,medium,intent_policy,0.98,Recognized intents consistently map to one frozen V1 route,,0.0,7,medium:7,medium:7,,admissions_process,counselor_teacher,admissions_process:7,advisor:1|college_student:2|counselor_teacher:2|parent:2,Data - Shivansh.csv,Data - Shivansh.csv:983|Data - Shivansh.csv:1839|Data - Shivansh.csv:2787|Data - Shivansh.csv:3510|Data - Shivansh.csv:3542|Data - Shivansh.csv:3914|Data - Shivansh.csv:4347,legacy_cleaned_corpus,1496450265c0af168f52,how do i apply to entityschool
b8968189de93a3bf,Penn State vs UC San Diego,penn state vs uc san diego,complex,intent_policy,0.98,Recognized intents consistently map to one frozen V1 route,,0.0,1,complex:1,complex:1,,comparison,high_school_student,comparison:1,high_school_student:1,Data - Shivansh.csv,Data - Shivansh.csv:871,legacy_cleaned_corpus,ce0ab34d6e4892dbe532,entityschool vs entityschool
b8e76baf8187b751,Duke vs Carnegie Mellon,duke vs carnegie mellon,complex,intent_policy,0.98,Recognized intents consistently map to one frozen V1 route,,0.0,1,complex:1,complex:1,,comparison,college_student,comparison:1,college_student:1,Data - Shivansh.csv,Data - Shivansh.csv:1467,legacy_cleaned_corpus,ce0ab34d6e4892dbe532,entityschool vs entityschool
b992d9ec51daabcb,how do i apply to Arizona State,how do i apply to arizona state,medium,intent_policy,0.98,Recognized intents consistently map to one frozen V1 route,,0.0,2,medium:2,medium:2,,admissions_process,parent,admissions_process:2,counselor_teacher:1|parent:1,Data - Shivansh.csv,Data - Shivansh.csv:273|Data - Shivansh.csv:1120,legacy_cleaned_corpus,1496450265c0af168f52,how do i apply to entityschool
b99456bd25a3b918,Northeastern vs UC San Diego for mechanical engineering,northeastern vs uc san diego for mechanical engineering,complex,intent_policy,0.98,Recognized intents consistently map to one frozen V1 route,,0.0,1,complex:1,complex:1,,comparison,college_student,comparison:1,college_student:1,Data - Shivansh.csv,Data - Shivansh.csv:1255,legacy_cleaned_corpus,302760a8b5dd7f263a23,entityschool vs entityschool for entityprogram
bac5d42055858d92,UC Irvine admissions profile average sat and gpa,uc irvine admissions profile average sat and gpa,complex,intent_policy,0.98,Recognized intents consistently map to one frozen V1 route,,0.0,1,complex:1,complex:1,,comparison,counselor_teacher,comparison:1,counselor_teacher:1,Data - Shivansh.csv,Data - Shivansh.csv:1981,legacy_cleaned_corpus,548f4dfe8f885917e7ce,entityschool admissions profile average sat and gpa
bb87d1d0919877f7,does Georgia Tech have philosophy,does georgia tech have philosophy,short_circuit,intent_policy,0.98,Recognized intents consistently map to one frozen V1 route,,0.0,1,short_circuit:1,short_circuit:1,,attribute_lookup,parent,attribute_lookup:1,parent:1,Data - Shivansh.csv,Data - Shivansh.csv:190,legacy_cleaned_corpus,c219f457f3de750170ac,does entityschool have entityprogram
bc04dbf141d84989,Caltech vs UC San Diego,caltech vs uc san diego,complex,intent_policy,0.98,Recognized intents consistently map to one frozen V1 route,,0.0,1,complex:1,complex:1,,comparison,counselor_teacher,comparison:1,counselor_teacher:1,Data - Shivansh.csv,Data - Shivansh.csv:2053,legacy_cleaned_corpus,ce0ab34d6e4892dbe532,entityschool vs entityschool
bc79aaace5952475,University of Florida campus culture,university of florida campus culture,llm_needed,intent_policy,0.98,Recognized intents consistently map to one frozen V1 route,,0.0,3,llm_needed:3,llm_needed:3,,campus_life_fit,advisor,campus_life_fit:3,advisor:2|counselor_teacher:1,Data - Shivansh.csv,Data - Shivansh.csv:2630|Data - Shivansh.csv:2981|Data - Shivansh.csv:3295,legacy_cleaned_corpus,c273440fb1ec037f5992,entityschool campus culture
bc8c1e775cf7e4ea,affordable chemistry schools in California with good job placement,affordable chemistry schools in california with good job placement,complex,intent_policy,0.98,Recognized intents consistently map to one frozen V1 route,,0.0,1,complex:1,complex:1,,multi_constraint,high_school_student,multi_constraint:1,high_school_student:1,Data - Shivansh.csv,Data - Shivansh.csv:652,legacy_cleaned_corpus,72fe78ed7fe75ef13d14,affordable entityprogram schools in entityplace with good job placement
bd2881b70f35f7d2,what essays does University of Michigan require,what essays does university of michigan require,medium,intent_policy,0.98,Recognized intents consistently map to one frozen V1 route,,0.0,2,medium:2,medium:2,,admissions_process,college_student,admissions_process:2,advisor:1|college_student:1,Data - Shivansh.csv,Data - Shivansh.csv:1165|Data - Shivansh.csv:1622,legacy_cleaned_corpus,e0880711f28fcb0ccf3b,what essays does entityschool require
bd3f2995aa69a9a9,Purdue job placement for philosophy,purdue job placement for philosophy,medium,intent_policy,0.98,Recognized intents consistently map to one frozen V1 route,,0.0,2,medium:2,medium:2,,career_outcomes,college_student,career_outcomes:2,college_student:2,Data - Shivansh.csv,Data - Shivansh.csv:980|Data - Shivansh.csv:3220,legacy_cleaned_corpus,d0687d4ccce8a647d6f4,entityschool job placement for entityprogram
bd660be33c22dbc0,Vanderbilt vs Virginia Tech for pre-med,vanderbilt vs virginia tech for pre-med,complex,intent_policy,0.98,Recognized intents consistently map to one frozen V1 route,,0.0,1,complex:1,complex:1,,comparison,parent,comparison:1,parent:1,Data - Shivansh.csv,Data - Shivansh.csv:1308,legacy_cleaned_corpus,876bc7065da839053809,entityschool vs entityschool for pre med
bdc586b7c143bc66,Columbia job placement for computer science,columbia job placement for computer science,medium,intent_policy,0.98,Recognized intents consistently map to one frozen V1 route,,0.0,1,medium:1,medium:1,,career_outcomes,parent,career_outcomes:1,parent:1,Data - Shivansh.csv,Data - Shivansh.csv:1902,legacy_cleaned_corpus,d0687d4ccce8a647d6f4,entityschool job placement for entityprogram
bdcada7caaa1eaa9,Penn State vs MIT,penn state vs mit,complex,intent_policy,0.98,Recognized intents consistently map to one frozen V1 route,,0.0,1,complex:1,complex:1,,comparison,counselor_teacher,comparison:1,counselor_teacher:1,Data - Shivansh.csv,Data - Shivansh.csv:3493,legacy_cleaned_corpus,ce0ab34d6e4892dbe532,entityschool vs entityschool
be1d1770cd96ff75,universities with strong architecture,universities with strong architecture,medium,intent_policy,0.98,Recognized intents consistently map to one frozen V1 route,,0.0,8,medium:8,medium:8,,filtered_search,parent,filtered_search:8,college_student:2|counselor_teacher:2|parent:4,Data - Shivansh.csv,Data - Shivansh.csv:337|Data - Shivansh.csv:3110|Data - Shivansh.csv:3385|Data - Shivansh.csv:3756|Data - Shivansh.csv:3777|Data - Shivansh.csv:3913|Data - Shivansh.csv:4053|Data - Shivansh.csv:4108,legacy_cleaned_corpus,1222be73eac85d2d69e0,universities with strong entityprogram
bee07b74424ad722,how do i apply to UC Irvine,how do i apply to uc irvine,medium,intent_policy,0.98,Recognized intents consistently map to one frozen V1 route,,0.0,2,medium:2,medium:2,,admissions_process,counselor_teacher,admissions_process:2,counselor_teacher:2,Data - Shivansh.csv,Data - Shivansh.csv:687|Data - Shivansh.csv:2280,legacy_cleaned_corpus,1496450265c0af168f52,how do i apply to entityschool
bf300f573f4ba690,affordable computer science schools near a tech hub with good internships,affordable computer science schools near a tech hub with good internships,complex,intent_policy,0.98,Recognized intents consistently map to one frozen V1 route,,0.0,1,complex:1,complex:1,,multi_constraint,counselor_teacher,multi_constraint:1,counselor_teacher:1,Data - Shivansh.csv,Data - Shivansh.csv:4292,legacy_cleaned_corpus,12fe08aee08d41f5c2c7,affordable entityprogram schools near a tech hub with good internships
bf47ab79bdddbaa5,NYU tuition vs Arizona State tuition,nyu tuition vs arizona state tuition,complex,intent_policy,0.98,Recognized intents consistently map to one frozen V1 route,,0.0,1,complex:1,complex:1,,comparison,parent,comparison:1,parent:1,Data - Shivansh.csv,Data - Shivansh.csv:2917,legacy_cleaned_corpus,2f64caaf4228bd36bc7c,entityschool tuition vs entityschool tuition
bfd90cf2b120ec50,Rice University job placement for business,rice university job placement for business,medium,intent_policy,0.98,Recognized intents consistently map to one frozen V1 route,,0.0,1,short_circuit:1,short_circuit:1,,career_outcomes,high_school_student,career_outcomes:1,high_school_student:1,Data - Shivansh.csv,Data - Shivansh.csv:1458,legacy_cleaned_corpus,d0687d4ccce8a647d6f4,entityschool job placement for entityprogram
c0336d57c75a31ac,affordable aerospace engineering schools in Texas with good job placement,affordable aerospace engineering schools in texas with good job placement,complex,intent_policy,0.98,Recognized intents consistently map to one frozen V1 route,,0.0,1,complex:1,complex:1,,multi_constraint,counselor_teacher,multi_constraint:1,counselor_teacher:1,Data - Shivansh.csv,Data - Shivansh.csv:1625,legacy_cleaned_corpus,72fe78ed7fe75ef13d14,affordable entityprogram schools in entityplace with good job placement
c117fe2f2d6eb4c1,Virginia Tech tuition vs USC tuition,virginia tech tuition vs usc tuition,complex,intent_policy,0.98,Recognized intents consistently map to one frozen V1 route,,0.0,1,complex:1,complex:1,,comparison,counselor_teacher,comparison:1,counselor_teacher:1,Data - Shivansh.csv,Data - Shivansh.csv:2160,legacy_cleaned_corpus,2f64caaf4228bd36bc7c,entityschool tuition vs entityschool tuition
c1518964f92686f4,NYU job placement for computer science,nyu job placement for computer science,medium,intent_policy,0.98,Recognized intents consistently map to one frozen V1 route,,0.0,1,medium:1,medium:1,,career_outcomes,high_school_student,career_outcomes:1,high_school_student:1,Data - Shivansh.csv,Data - Shivansh.csv:285,legacy_cleaned_corpus,d0687d4ccce8a647d6f4,entityschool job placement for entityprogram
c17548c617611d9c,Brown financial aid for out of state,brown financial aid for out of state,medium,intent_policy,0.98,Recognized intents consistently map to one frozen V1 route,,0.0,3,medium:3,medium:3,,cost_financial_aid,high_school_student,cost_financial_aid:3,advisor:1|counselor_teacher:1|high_school_student:1,Data - Shivansh.csv,Data - Shivansh.csv:406|Data - Shivansh.csv:661|Data - Shivansh.csv:2167,legacy_cleaned_corpus,c5b667203cefd8b33b33,entityschool financial aid for out of state
c1f88176de0218eb,Caltech job placement for economics,caltech job placement for economics,medium,intent_policy,0.98,Recognized intents consistently map to one frozen V1 route,,0.0,1,medium:1,medium:1,,career_outcomes,counselor_teacher,career_outcomes:1,counselor_teacher:1,Data - Shivansh.csv,Data - Shivansh.csv:1299,legacy_cleaned_corpus,d0687d4ccce8a647d6f4,entityschool job placement for entityprogram
c20c3a16d1c86ac1,University of Michigan average ACT,university of michigan average act,short_circuit,intent_policy,0.98,Recognized intents consistently map to one frozen V1 route,,0.0,1,medium:1,medium:1,,attribute_lookup,advisor,attribute_lookup:1,advisor:1,Data - Shivansh.csv,Data - Shivansh.csv:4033,legacy_cleaned_corpus,e6f83d01de4c22320c83,entityschool average act
c32d5d4273ec1793,Northwestern vs UC San Diego for psychology,northwestern vs uc san diego for psychology,complex,intent_policy,0.98,Recognized intents consistently map to one frozen V1 route,,0.0,1,complex:1,complex:1,,comparison,parent,comparison:1,parent:1,Data - Shivansh.csv,Data - Shivansh.csv:587,legacy_cleaned_corpus,302760a8b5dd7f263a23,entityschool vs entityschool for entityprogram
c33251a97a7335c7,affordable biology schools near a tech hub with good internships,affordable biology schools near a tech hub with good internships,complex,intent_policy,0.98,Recognized intents consistently map to one frozen V1 route,,0.0,1,complex:1,complex:1,,multi_constraint,parent,multi_constraint:1,parent:1,Data - Shivansh.csv,Data - Shivansh.csv:2712,legacy_cleaned_corpus,12fe08aee08d41f5c2c7,affordable entityprogram schools near a tech hub with good internships
c36ab0eb9afd0aba,UC San Diego financial aid for out of state,uc san diego financial aid for out of state,medium,intent_policy,0.98,Recognized intents consistently map to one frozen V1 route,,0.0,2,medium:2,medium:2,,cost_financial_aid,college_student,cost_financial_aid:2,college_student:1|high_school_student:1,Data - Shivansh.csv,Data - Shivansh.csv:888|Data - Shivansh.csv:1571,legacy_cleaned_corpus,c5b667203cefd8b33b33,entityschool financial aid for out of state
c3da74a25fa22ba4,MIT vs Northwestern for computer science,mit vs northwestern for computer science,complex,intent_policy,0.98,Recognized intents consistently map to one frozen V1 route,,0.0,1,complex:1,complex:1,,comparison,high_school_student,comparison:1,high_school_student:1,Data - Shivansh.csv,Data - Shivansh.csv:1796,legacy_cleaned_corpus,302760a8b5dd7f263a23,entityschool vs entityschool for entityprogram
c40b400d8486aab9,Caltech vs University of Washington for economics,caltech vs university of washington for economics,complex,intent_policy,0.98,Recognized intents consistently map to one frozen V1 route,,0.0,1,complex:1,complex:1,,comparison,college_student,comparison:1,college_student:1,Data - Shivansh.csv,Data - Shivansh.csv:1114,legacy_cleaned_corpus,302760a8b5dd7f263a23,entityschool vs entityschool for entityprogram
c4b7f63588730102,duke vs vanderbilt,duke vs vanderbilt,complex,intent_policy,0.98,Recognized intents consistently map to one frozen V1 route,,0.0,1,complex:1,complex:1,complex:1,comparison,high_school_student,comparison:1,high_school_student:1,Data - Anika.csv,Data - Anika.csv:66,legacy_cleaned_corpus,ce0ab34d6e4892dbe532,entityschool vs entityschool
c52dffb847bfeefb,Princeton job placement for computer science,princeton job placement for computer science,medium,intent_policy,0.98,Recognized intents consistently map to one frozen V1 route,,0.0,1,medium:1,medium:1,,career_outcomes,advisor,career_outcomes:1,advisor:1,Data - Shivansh.csv,Data - Shivansh.csv:2963,legacy_cleaned_corpus,d0687d4ccce8a647d6f4,entityschool job placement for entityprogram
c53b1b9102a5b654,does UC Berkeley have computer science,does uc berkeley have computer science,short_circuit,intent_policy,0.98,Recognized intents consistently map to one frozen V1 route,,0.0,1,short_circuit:1,short_circuit:1,,attribute_lookup,college_student,attribute_lookup:1,college_student:1,Data - Shivansh.csv,Data - Shivansh.csv:2361,legacy_cleaned_corpus,c219f457f3de750170ac,does entityschool have entityprogram
c5b80d395ee0b261,uc berkeley,uc berkeley,short_circuit,intent_policy,0.98,Recognized intents consistently map to one frozen V1 route,,0.0,11,medium:1|short_circuit:10,medium:1|short_circuit:10,,exact_lookup,counselor_teacher,exact_lookup:11,advisor:2|college_student:2|counselor_teacher:4|parent:3,Data - Shivansh.csv,Data - Shivansh.csv:503|Data - Shivansh.csv:796|Data - Shivansh.csv:819|Data - Shivansh.csv:1464|Data - Shivansh.csv:1479|Data - Shivansh.csv:2549|Data - Shivansh.csv:2990|Data - Shivansh.csv:3002|Data - Shivansh.csv:3203|Data - Shivansh.csv:3933|Data - Shivansh.csv:4240,legacy_cleaned_corpus,5040e700a4b470a4942d,entityschool
c5ead26bd51874b4,Northwestern campus culture,northwestern campus culture,llm_needed,intent_policy,0.98,Recognized intents consistently map to one frozen V1 route,,0.0,1,llm_needed:1,llm_needed:1,,campus_life_fit,parent,campus_life_fit:1,parent:1,Data - Shivansh.csv,Data - Shivansh.csv:2849,legacy_cleaned_corpus,c273440fb1ec037f5992,entityschool campus culture
c5f6e066b427e64f,four year cost of Virginia Tech including housing,four year cost of virginia tech including housing,complex,intent_policy,0.98,Recognized intents consistently map to one frozen V1 route,,0.0,3,complex:3,complex:3,,comparison,parent,comparison:1|recommendation:1|rewrite_needed:1,parent:3,Data - Shivansh.csv,Data - Shivansh.csv:818|Data - Shivansh.csv:1360|Data - Shivansh.csv:2404,legacy_cleaned_corpus,77f4f7a26cd4cc07453e,four year cost of entityschool including housing
c60a9e04413c27e7,four year cost of UT Austin including housing,four year cost of ut austin including housing,medium,intent_policy,0.98,Recognized intents consistently map to one frozen V1 route,,0.0,1,medium:1,medium:1,,cost_financial_aid,parent,cost_financial_aid:1,parent:1,Data - Shivansh.csv,Data - Shivansh.csv:2355,legacy_cleaned_corpus,77f4f7a26cd4cc07453e,four year cost of entityschool including housing
c636030862a0d6c7,does Princeton have economics,does princeton have economics,short_circuit,intent_policy,0.98,Recognized intents consistently map to one frozen V1 route,,0.0,1,medium:1,medium:1,,attribute_lookup,advisor,attribute_lookup:1,advisor:1,Data - Shivansh.csv,Data - Shivansh.csv:4281,legacy_cleaned_corpus,c219f457f3de750170ac,does entityschool have entityprogram
c750f4f4c93604ec,rankings for Cornell,rankings for cornell,short_circuit,intent_policy,0.98,Recognized intents consistently map to one frozen V1 route,,0.0,1,medium:1,medium:1,,attribute_lookup,advisor,attribute_lookup:1,advisor:1,Data - Shivansh.csv,Data - Shivansh.csv:3059,legacy_cleaned_corpus,6bdfd86265913f6b0a0f,rankings for entityschool
c7ea505ce9a14abb,Caltech vs University of Maryland for mechanical engineering,caltech vs university of maryland for mechanical engineering,complex,intent_policy,0.98,Recognized intents consistently map to one frozen V1 route,,0.0,1,short_circuit:1,short_circuit:1,,comparison,advisor,comparison:1,advisor:1,Data - Shivansh.csv,Data - Shivansh.csv:1318,legacy_cleaned_corpus,302760a8b5dd7f263a23,entityschool vs entityschool for entityprogram
c819d0f6bd58f258,UT Austin campus culture,ut austin campus culture,llm_needed,intent_policy,0.98,Recognized intents consistently map to one frozen V1 route,,0.0,1,llm_needed:1,llm_needed:1,,campus_life_fit,parent,campus_life_fit:1,parent:1,Data - Shivansh.csv,Data - Shivansh.csv:4443,legacy_cleaned_corpus,c273440fb1ec037f5992,entityschool campus culture
c828e1055e43d489,USC tuition vs UC Irvine tuition,usc tuition vs uc irvine tuition,complex,intent_policy,0.98,Recognized intents consistently map to one frozen V1 route,,0.0,1,complex:1,complex:1,,comparison,college_student,comparison:1,college_student:1,Data - Shivansh.csv,Data - Shivansh.csv:996,legacy_cleaned_corpus,2f64caaf4228bd36bc7c,entityschool tuition vs entityschool tuition
c8d573f9d7d2ed89,affordable political science schools in California with good job placement,affordable political science schools in california with good job placement,complex,intent_policy,0.98,Recognized intents consistently map to one frozen V1 route,,0.0,1,complex:1,complex:1,,multi_constraint,advisor,multi_constraint:1,advisor:1,Data - Shivansh.csv,Data - Shivansh.csv:2405,legacy_cleaned_corpus,72fe78ed7fe75ef13d14,affordable entityprogram schools in entityplace with good job placement
c952c230e682ec1e,University of Michigan vs Harvard for business,university of michigan vs harvard for business,complex,intent_policy,0.98,Recognized intents consistently map to one frozen V1 route,,0.0,1,complex:1,complex:1,,comparison,college_student,comparison:1,college_student:1,Data - Shivansh.csv,Data - Shivansh.csv:2105,legacy_cleaned_corpus,302760a8b5dd7f263a23,entityschool vs entityschool for entityprogram
c9bcf75098ea8fe1,uc san diego acceptance rate,uc san diego acceptance rate,short_circuit,intent_policy,0.98,Recognized intents consistently map to one frozen V1 route,,0.0,3,medium:1|short_circuit:2,medium:1|short_circuit:2,short_circuit:1,attribute_lookup,high_school_student,attribute_lookup:3,advisor:1|college_student:1|high_school_student:1,Data - Anika.csv|Data - Shivansh.csv,Data - Anika.csv:723|Data - Shivansh.csv:51|Data - Shivansh.csv:4501,legacy_cleaned_corpus,c478df48842744c7afae,entityschool acceptance rate
ca192d527849aec2,affordable economics schools in Texas with good internships,affordable economics schools in texas with good internships,complex,intent_policy,0.98,Recognized intents consistently map to one frozen V1 route,,0.0,1,complex:1,complex:1,,multi_constraint,parent,multi_constraint:1,parent:1,Data - Shivansh.csv,Data - Shivansh.csv:3208,legacy_cleaned_corpus,2c4689b53d9ef03f56f3,affordable entityprogram schools in entityplace with good internships
ca485d3f13923e64,job placement for UC San Diego,job placement for uc san diego,short_circuit,intent_policy,0.98,Recognized intents consistently map to one frozen V1 route,,0.0,2,medium:1|short_circuit:1,medium:1|short_circuit:1,,attribute_lookup,advisor,attribute_lookup:2,advisor:1|college_student:1,Data - Shivansh.csv,Data - Shivansh.csv:645|Data - Shivansh.csv:3282,legacy_cleaned_corpus,2740e2ad8177799284ea,job placement for entityschool
ca70cc5203e6fbc5,University of Washington tuition vs USC tuition,university of washington tuition vs usc tuition,complex,intent_policy,0.98,Recognized intents consistently map to one frozen V1 route,,0.0,2,complex:2,complex:2,,comparison,advisor,comparison:2,advisor:1|counselor_teacher:1,Data - Shivansh.csv,Data - Shivansh.csv:3860|Data - Shivansh.csv:4437,legacy_cleaned_corpus,2f64caaf4228bd36bc7c,entityschool tuition vs entityschool tuition
cace92dc42cd9c3c,Columbia campus culture,columbia campus culture,llm_needed,intent_policy,0.98,Recognized intents consistently map to one frozen V1 route,,0.0,2,llm_needed:2,llm_needed:2,,campus_life_fit,parent,campus_life_fit:2,college_student:1|parent:1,Data - Shivansh.csv,Data - Shivansh.csv:3881|Data - Shivansh.csv:4414,legacy_cleaned_corpus,c273440fb1ec037f5992,entityschool campus culture
cadd37576e108e72,does Virginia Tech have mechanical engineering,does virginia tech have mechanical engineering,short_circuit,intent_policy,0.98,Recognized intents consistently map to one frozen V1 route,,0.0,1,short_circuit:1,short_circuit:1,,attribute_lookup,advisor,attribute_lookup:1,advisor:1,Data - Shivansh.csv,Data - Shivansh.csv:544,legacy_cleaned_corpus,c219f457f3de750170ac,does entityschool have entityprogram
caec6688027665e1,University of Washington tuition vs Boston University tuition,university of washington tuition vs boston university tuition,complex,intent_policy,0.98,Recognized intents consistently map to one frozen V1 route,,0.0,1,complex:1,complex:1,,comparison,high_school_student,comparison:1,high_school_student:1,Data - Shivansh.csv,Data - Shivansh.csv:891,legacy_cleaned_corpus,2f64caaf4228bd36bc7c,entityschool tuition vs entityschool tuition
cb54f467b98f397c,Duke campus culture,duke campus culture,llm_needed,intent_policy,0.98,Recognized intents consistently map to one frozen V1 route,,0.0,1,llm_needed:1,llm_needed:1,,campus_life_fit,advisor,campus_life_fit:1,advisor:1,Data - Shivansh.csv,Data - Shivansh.csv:3876,legacy_cleaned_corpus,c273440fb1ec037f5992,entityschool campus culture
cd0f5bbd9e3c2e98,Vanderbilt admissions profile average sat and gpa,vanderbilt admissions profile average sat and gpa,complex,intent_policy,0.98,Recognized intents consistently map to one frozen V1 route,,0.0,1,complex:1,complex:1,,rewrite_needed,counselor_teacher,rewrite_needed:1,counselor_teacher:1,Data - Shivansh.csv,Data - Shivansh.csv:512,legacy_cleaned_corpus,548f4dfe8f885917e7ce,entityschool admissions profile average sat and gpa
cd27179d24ea1afa,Carnegie Mellon average ACT,carnegie mellon average act,short_circuit,intent_policy,0.98,Recognized intents consistently map to one frozen V1 route,,0.0,1,short_circuit:1,short_circuit:1,,attribute_lookup,parent,attribute_lookup:1,parent:1,Data - Shivansh.csv,Data - Shivansh.csv:1359,legacy_cleaned_corpus,e6f83d01de4c22320c83,entityschool average act
cd533f625376f3d4,Boston University tuition vs USC tuition,boston university tuition vs usc tuition,complex,intent_policy,0.98,Recognized intents consistently map to one frozen V1 route,,0.0,1,complex:1,complex:1,,comparison,parent,comparison:1,parent:1,Data - Shivansh.csv,Data - Shivansh.csv:734,legacy_cleaned_corpus,2f64caaf4228bd36bc7c,entityschool tuition vs entityschool tuition
cd9624c529a879f8,Rice University job placement for nursing,rice university job placement for nursing,medium,intent_policy,0.98,Recognized intents consistently map to one frozen V1 route,,0.0,1,medium:1,medium:1,,career_outcomes,college_student,career_outcomes:1,college_student:1,Data - Shivansh.csv,Data - Shivansh.csv:1663,legacy_cleaned_corpus,d0687d4ccce8a647d6f4,entityschool job placement for entityprogram
cde4b780580091c9,does University of Florida have engineering,does university of florida have engineering,short_circuit,intent_policy,0.98,Recognized intents consistently map to one frozen V1 route,,0.0,2,short_circuit:2,short_circuit:2,,attribute_lookup,college_student,attribute_lookup:2,college_student:1|counselor_teacher:1,Data - Shivansh.csv,Data - Shivansh.csv:1101|Data - Shivansh.csv:2170,legacy_cleaned_corpus,c219f457f3de750170ac,does entityschool have entityprogram
ce19fc28b1de00dc,Georgia Tech campus culture,georgia tech campus culture,llm_needed,intent_policy,0.98,Recognized intents consistently map to one frozen V1 route,,0.0,3,llm_needed:3,llm_needed:3,,campus_life_fit,counselor_teacher,campus_life_fit:3,advisor:1|counselor_teacher:2,Data - Shivansh.csv,Data - Shivansh.csv:3101|Data - Shivansh.csv:3455|Data - Shivansh.csv:3961,legacy_cleaned_corpus,c273440fb1ec037f5992,entityschool campus culture
cea3a08ba53258e6,does Purdue have neuroscience,does purdue have neuroscience,short_circuit,intent_policy,0.98,Recognized intents consistently map to one frozen V1 route,,0.0,2,short_circuit:2,short_circuit:2,,attribute_lookup,parent,attribute_lookup:2,counselor_teacher:1|parent:1,Data - Shivansh.csv,Data - Shivansh.csv:1037|Data - Shivansh.csv:1841,legacy_cleaned_corpus,c219f457f3de750170ac,does entityschool have entityprogram
cf3b7422636c69ed,UC San Diego vs Arizona State for economics,uc san diego vs arizona state for economics,complex,intent_policy,0.98,Recognized intents consistently map to one frozen V1 route,,0.0,1,complex:1,complex:1,,comparison,parent,comparison:1,parent:1,Data - Shivansh.csv,Data - Shivansh.csv:936,legacy_cleaned_corpus,302760a8b5dd7f263a23,entityschool vs entityschool for entityprogram
cf97b76152b7555d,large electrical engineering colleges near a major tech hub under 20k not too competitive,large electrical engineering colleges near a major tech hub under 20k not too competitive,complex,intent_policy,0.98,Recognized intents consistently map to one frozen V1 route,,0.0,1,complex:1,complex:1,,multi_constraint,college_student,multi_constraint:1,college_student:1,Data - Shivansh.csv,Data - Shivansh.csv:1578,legacy_cleaned_corpus,77448f39156f35b216f0,large entityprogram colleges near a major tech hub under entitynumber not too competitive
d00d60054f69a893,best political science schools in Texas,best political science schools in texas,medium,intent_policy,0.98,Recognized intents consistently map to one frozen V1 route,,0.0,1,medium:1,medium:1,,filtered_search,parent,filtered_search:1,parent:1,Data - Shivansh.csv,Data - Shivansh.csv:28,legacy_cleaned_corpus,95c816a8832e9f5b6f9f,best entityprogram schools in entityplace
d09bbdec19aaa10a,how do i apply to University of Wisconsin,how do i apply to university of wisconsin,medium,intent_policy,0.98,Recognized intents consistently map to one frozen V1 route,,0.0,1,medium:1,medium:1,,admissions_process,parent,admissions_process:1,parent:1,Data - Shivansh.csv,Data - Shivansh.csv:305,legacy_cleaned_corpus,1496450265c0af168f52,how do i apply to entityschool
d15d845a326ca98e,schools like Northwestern but cheaper,schools like northwestern but cheaper,complex,intent_policy,0.98,Recognized intents consistently map to one frozen V1 route,,0.0,3,complex:2|medium:1,complex:2|medium:1,,recommendation,college_student,recommendation:3,college_student:1|counselor_teacher:1|parent:1,Data - Shivansh.csv,Data - Shivansh.csv:353|Data - Shivansh.csv:995|Data - Shivansh.csv:3897,legacy_cleaned_corpus,4cc872421a190decb5f0,schools like entityschool but cheaper
d21c3067d975e9e6,USC scholarships,usc scholarships,medium,intent_policy,0.98,Recognized intents consistently map to one frozen V1 route,,0.0,3,llm_needed:1|medium:2,llm_needed:1|medium:2,,cost_financial_aid,counselor_teacher,cost_financial_aid:3,college_student:1|counselor_teacher:2,Data - Shivansh.csv,Data - Shivansh.csv:1251|Data - Shivansh.csv:3065|Data - Shivansh.csv:3831,legacy_cleaned_corpus,741b6aa2dae04972e2c3,entityschool scholarships
d2aafca19f54dd5e,University of Washington vs UC San Diego,university of washington vs uc san diego,complex,intent_policy,0.98,Recognized intents consistently map to one frozen V1 route,,0.0,1,complex:1,complex:1,,comparison,advisor,comparison:1,advisor:1,Data - Shivansh.csv,Data - Shivansh.csv:1357,legacy_cleaned_corpus,ce0ab34d6e4892dbe532,entityschool vs entityschool
d33627abf707ca46,University of Michigan vs USC for nursing,university of michigan vs usc for nursing,complex,intent_policy,0.98,Recognized intents consistently map to one frozen V1 route,,0.0,1,complex:1,complex:1,,comparison,high_school_student,comparison:1,high_school_student:1,Data - Shivansh.csv,Data - Shivansh.csv:644,legacy_cleaned_corpus,302760a8b5dd7f263a23,entityschool vs entityschool for entityprogram
d342c13739e6ce67,NYU tuition vs Columbia tuition,nyu tuition vs columbia tuition,complex,intent_policy,0.98,Recognized intents consistently map to one frozen V1 route,,0.0,1,complex:1,complex:1,,comparison,high_school_student,comparison:1,high_school_student:1,Data - Shivansh.csv,Data - Shivansh.csv:1009,legacy_cleaned_corpus,2f64caaf4228bd36bc7c,entityschool tuition vs entityschool tuition
d38344ce7e264a24,Columbia vs University of Maryland,columbia vs university of maryland,complex,intent_policy,0.98,Recognized intents consistently map to one frozen V1 route,,0.0,1,complex:1,complex:1,,comparison,high_school_student,comparison:1,high_school_student:1,Data - Shivansh.csv,Data - Shivansh.csv:473,legacy_cleaned_corpus,ce0ab34d6e4892dbe532,entityschool vs entityschool
d3976aba05b69dbc,create reach target safety list for chemistry in Texas under 20k,create reach target safety list for chemistry in texas under 20k,medium,intent_policy,0.98,Recognized intents consistently map to one frozen V1 route,,0.0,1,medium:1,medium:1,,cost_financial_aid,advisor,cost_financial_aid:1,advisor:1,Data - Shivansh.csv,Data - Shivansh.csv:1012,legacy_cleaned_corpus,8f457c66fbb4240dbb95,create reach target safety list for entityprogram in entityplace under entitynumber
d3bdd48dd7eee883,Columbia tuition vs University of Maryland tuition,columbia tuition vs university of maryland tuition,complex,intent_policy,0.98,Recognized intents consistently map to one frozen V1 route,,0.0,1,complex:1,complex:1,,comparison,high_school_student,comparison:1,high_school_student:1,Data - Shivansh.csv,Data - Shivansh.csv:1307,legacy_cleaned_corpus,2f64caaf4228bd36bc7c,entityschool tuition vs entityschool tuition
d4aa7463278c0bff,Cornell vs Penn State,cornell vs penn state,complex,intent_policy,0.98,Recognized intents consistently map to one frozen V1 route,,0.0,1,complex:1,complex:1,,comparison,college_student,comparison:1,college_student:1,Data - Shivansh.csv,Data - Shivansh.csv:485,legacy_cleaned_corpus,ce0ab34d6e4892dbe532,entityschool vs entityschool
d4bbeadb694caef8,Brown acceptance rate,brown acceptance rate,short_circuit,intent_policy,0.98,Recognized intents consistently map to one frozen V1 route,,0.0,1,medium:1,medium:1,,attribute_lookup,counselor_teacher,attribute_lookup:1,counselor_teacher:1,Data - Shivansh.csv,Data - Shivansh.csv:4095,legacy_cleaned_corpus,c478df48842744c7afae,entityschool acceptance rate
d5931323ce3aaae9,Purdue tuition vs Duke tuition,purdue tuition vs duke tuition,complex,intent_policy,0.98,Recognized intents consistently map to one frozen V1 route,,0.0,1,complex:1,complex:1,,comparison,college_student,comparison:1,college_student:1,Data - Shivansh.csv,Data - Shivansh.csv:1534,legacy_cleaned_corpus,2f64caaf4228bd36bc7c,entityschool tuition vs entityschool tuition
d5acf5371296b09f,Duke vs UCLA,duke vs ucla,complex,intent_policy,0.98,Recognized intents consistently map to one frozen V1 route,,0.0,1,complex:1,complex:1,,comparison,college_student,comparison:1,college_student:1,Data - Shivansh.csv,Data - Shivansh.csv:3958,legacy_cleaned_corpus,ce0ab34d6e4892dbe532,entityschool vs entityschool
d5e3b6658d01daa4,University of Washington,university of washington,short_circuit,intent_policy,0.98,Recognized intents consistently map to one frozen V1 route,,0.0,10,short_circuit:10,short_circuit:10,,exact_lookup,college_student,exact_lookup:10,advisor:2|college_student:3|counselor_teacher:2|high_school_student:2|parent:1,Data - Shivansh.csv,Data - Shivansh.csv:505|Data - Shivansh.csv:815|Data - Shivansh.csv:893|Data - Shivansh.csv:1156|Data - Shivansh.csv:2942|Data - Shivansh.csv:3160|Data - Shivansh.csv:3968|Data - Shivansh.csv:3983|Data - Shivansh.csv:4192|Data - Shivansh.csv:4446,legacy_cleaned_corpus,5040e700a4b470a4942d,entityschool
d68769e66e0e185e,does Penn State have economics,does penn state have economics,short_circuit,intent_policy,0.98,Recognized intents consistently map to one frozen V1 route,,0.0,1,short_circuit:1,short_circuit:1,,attribute_lookup,parent,attribute_lookup:1,parent:1,Data - Shivansh.csv,Data - Shivansh.csv:743,legacy_cleaned_corpus,c219f457f3de750170ac,does entityschool have entityprogram
d6e74fc4ba61b84b,schools like UT Austin but cheaper,schools like ut austin but cheaper,complex,intent_policy,0.98,Recognized intents consistently map to one frozen V1 route,,0.0,3,complex:2|short_circuit:1,complex:2|short_circuit:1,,recommendation,college_student,recommendation:3,college_student:2|parent:1,Data - Shivansh.csv,Data - Shivansh.csv:2202|Data - Shivansh.csv:4225|Data - Shivansh.csv:4497,legacy_cleaned_corpus,4cc872421a190decb5f0,schools like entityschool but cheaper
d701cc1baeb0524c,Duke vs Harvard for biology,duke vs harvard for biology,complex,intent_policy,0.98,Recognized intents consistently map to one frozen V1 route,,0.0,1,complex:1,complex:1,,comparison,college_student,comparison:1,college_student:1,Data - Shivansh.csv,Data - Shivansh.csv:3458,legacy_cleaned_corpus,302760a8b5dd7f263a23,entityschool vs entityschool for entityprogram
d7376a4033f78413,USC vs Columbia for architecture,usc vs columbia for architecture,complex,intent_policy,0.98,Recognized intents consistently map to one frozen V1 route,,0.0,1,complex:1,complex:1,,comparison,parent,comparison:1,parent:1,Data - Shivansh.csv,Data - Shivansh.csv:3093,legacy_cleaned_corpus,302760a8b5dd7f263a23,entityschool vs entityschool for entityprogram
d73e6a3242cf9c53,uiuc acceptance rate,uiuc acceptance rate,short_circuit,intent_policy,0.98,Recognized intents consistently map to one frozen V1 route,,0.0,1,short_circuit:1,short_circuit:1,short_circuit:1,attribute_lookup,high_school_student,attribute_lookup:1,high_school_student:1,Data - Anika.csv,Data - Anika.csv:243,legacy_cleaned_corpus,c478df48842744c7afae,entityschool acceptance rate
d7f91692bdbe2564,Northwestern financial aid for out of state,northwestern financial aid for out of state,medium,intent_policy,0.98,Recognized intents consistently map to one frozen V1 route,,0.0,1,medium:1,medium:1,,cost_financial_aid,college_student,cost_financial_aid:1,college_student:1,Data - Shivansh.csv,Data - Shivansh.csv:1141,legacy_cleaned_corpus,c5b667203cefd8b33b33,entityschool financial aid for out of state
d82b3815b7065def,Cornell chill campus,cornell chill campus,llm_needed,intent_policy,0.98,Recognized intents consistently map to one frozen V1 route,,0.0,1,llm_needed:1,llm_needed:1,,campus_life_fit,parent,campus_life_fit:1,parent:1,Data - Shivansh.csv,Data - Shivansh.csv:2230,legacy_cleaned_corpus,c042094b302ecb812a99,entityschool chill campus
d83b24c30fec00c2,Cornell vs Stanford for computer science,cornell vs stanford for computer science,complex,intent_policy,0.98,Recognized intents consistently map to one frozen V1 route,,0.0,1,complex:1,complex:1,,comparison,advisor,comparison:1,advisor:1,Data - Shivansh.csv,Data - Shivansh.csv:3462,legacy_cleaned_corpus,302760a8b5dd7f263a23,entityschool vs entityschool for entityprogram
d8d601a16494e841,Boston University vs Northeastern,boston university vs northeastern,complex,intent_policy,0.98,Recognized intents consistently map to one frozen V1 route,,0.0,1,complex:1,complex:1,,comparison,counselor_teacher,comparison:1,counselor_teacher:1,Data - Shivansh.csv,Data - Shivansh.csv:1305,legacy_cleaned_corpus,ce0ab34d6e4892dbe532,entityschool vs entityschool
d90087d0ff4c98df,Harvard scholarships,harvard scholarships,medium,intent_policy,0.98,Recognized intents consistently map to one frozen V1 route,,0.0,2,medium:2,medium:2,,cost_financial_aid,advisor,cost_financial_aid:2,advisor:2,Data - Shivansh.csv,Data - Shivansh.csv:2855|Data - Shivansh.csv:3552,legacy_cleaned_corpus,741b6aa2dae04972e2c3,entityschool scholarships
d927fd4fefe50f99,does Arizona State have aerospace engineering,does arizona state have aerospace engineering,short_circuit,intent_policy,0.98,Recognized intents consistently map to one frozen V1 route,,0.0,1,medium:1,medium:1,,attribute_lookup,advisor,attribute_lookup:1,advisor:1,Data - Shivansh.csv,Data - Shivansh.csv:3578,legacy_cleaned_corpus,c219f457f3de750170ac,does entityschool have entityprogram
d9323ee7ed309f67,Vanderbilt vs University of Maryland,vanderbilt vs university of maryland,complex,intent_policy,0.98,Recognized intents consistently map to one frozen V1 route,,0.0,1,complex:1,complex:1,,comparison,counselor_teacher,comparison:1,counselor_teacher:1,Data - Shivansh.csv,Data - Shivansh.csv:2084,legacy_cleaned_corpus,ce0ab34d6e4892dbe532,entityschool vs entityschool
d96a08168d04e73a,Caltech scholarships,caltech scholarships,medium,intent_policy,0.98,Recognized intents consistently map to one frozen V1 route,,0.0,3,complex:1|medium:2,complex:1|medium:2,,cost_financial_aid,college_student,cost_financial_aid:3,college_student:2|counselor_teacher:1,Data - Shivansh.csv,Data - Shivansh.csv:374|Data - Shivansh.csv:2036|Data - Shivansh.csv:3037,legacy_cleaned_corpus,741b6aa2dae04972e2c3,entityschool scholarships
d982fa4fe53893a2,does Northeastern have data science,does northeastern have data science,short_circuit,intent_policy,0.98,Recognized intents consistently map to one frozen V1 route,,0.0,1,short_circuit:1,short_circuit:1,,attribute_lookup,advisor,attribute_lookup:1,advisor:1,Data - Shivansh.csv,Data - Shivansh.csv:613,legacy_cleaned_corpus,c219f457f3de750170ac,does entityschool have entityprogram
d9a5735b0b3859f4,University of Maryland vs UCLA for electrical engineering,university of maryland vs ucla for electrical engineering,complex,intent_policy,0.98,Recognized intents consistently map to one frozen V1 route,,0.0,1,complex:1,complex:1,,comparison,counselor_teacher,comparison:1,counselor_teacher:1,Data - Shivansh.csv,Data - Shivansh.csv:1212,legacy_cleaned_corpus,302760a8b5dd7f263a23,entityschool vs entityschool for entityprogram
d9aa25b208ae5316,Cornell vs Arizona State for psychology,cornell vs arizona state for psychology,complex,intent_policy,0.98,Recognized intents consistently map to one frozen V1 route,,0.0,1,short_circuit:1,short_circuit:1,,comparison,advisor,comparison:1,advisor:1,Data - Shivansh.csv,Data - Shivansh.csv:2313,legacy_cleaned_corpus,302760a8b5dd7f263a23,entityschool vs entityschool for entityprogram
d9d4724001205f49,does Brown have business,does brown have business,short_circuit,intent_policy,0.98,Recognized intents consistently map to one frozen V1 route,,0.0,1,short_circuit:1,short_circuit:1,,attribute_lookup,counselor_teacher,attribute_lookup:1,counselor_teacher:1,Data - Shivansh.csv,Data - Shivansh.csv:349,legacy_cleaned_corpus,c219f457f3de750170ac,does entityschool have entityprogram
da583caa8524c0be,NYU vs Penn State,nyu vs penn state,complex,intent_policy,0.98,Recognized intents consistently map to one frozen V1 route,,0.0,1,complex:1,complex:1,,comparison,college_student,comparison:1,college_student:1,Data - Shivansh.csv,Data - Shivansh.csv:3729,legacy_cleaned_corpus,ce0ab34d6e4892dbe532,entityschool vs entityschool
dae2a5e9ae60487e,UC Berkeley tuition vs University of Florida tuition,uc berkeley tuition vs university of florida tuition,complex,intent_policy,0.98,Recognized intents consistently map to one frozen V1 route,,0.0,1,complex:1,complex:1,,comparison,parent,comparison:1,parent:1,Data - Shivansh.csv,Data - Shivansh.csv:4032,legacy_cleaned_corpus,2f64caaf4228bd36bc7c,entityschool tuition vs entityschool tuition
dc36c1618d8be59b,Arizona State vs Harvard for biology,arizona state vs harvard for biology,complex,intent_policy,0.98,Recognized intents consistently map to one frozen V1 route,,0.0,1,complex:1,complex:1,,comparison,counselor_teacher,comparison:1,counselor_teacher:1,Data - Shivansh.csv,Data - Shivansh.csv:3584,legacy_cleaned_corpus,302760a8b5dd7f263a23,entityschool vs entityschool for entityprogram
dc4037ec8fdebf78,Duke tuition vs University of Michigan tuition,duke tuition vs university of michigan tuition,complex,intent_policy,0.98,Recognized intents consistently map to one frozen V1 route,,0.0,1,complex:1,complex:1,,comparison,high_school_student,comparison:1,high_school_student:1,Data - Shivansh.csv,Data - Shivansh.csv:2148,legacy_cleaned_corpus,2f64caaf4228bd36bc7c,entityschool tuition vs entityschool tuition
dc46ee0e57151103,Rice University vs Brown,rice university vs brown,complex,intent_policy,0.98,Recognized intents consistently map to one frozen V1 route,,0.0,1,complex:1,complex:1,,comparison,counselor_teacher,comparison:1,counselor_teacher:1,Data - Shivansh.csv,Data - Shivansh.csv:2905,legacy_cleaned_corpus,ce0ab34d6e4892dbe532,entityschool vs entityschool
dcd39029bc0b908b,universities with strong data science,universities with strong data science,medium,intent_policy,0.98,Recognized intents consistently map to one frozen V1 route,,0.0,7,medium:7,medium:7,,filtered_search,advisor,filtered_search:7,advisor:2|college_student:1|counselor_teacher:1|high_school_student:1|parent:2,Data - Shivansh.csv,Data - Shivansh.csv:1355|Data - Shivansh.csv:2597|Data - Shivansh.csv:3196|Data - Shivansh.csv:3386|Data - Shivansh.csv:3511|Data - Shivansh.csv:4107|Data - Shivansh.csv:4212,legacy_cleaned_corpus,1222be73eac85d2d69e0,universities with strong entityprogram
dd5cd14347399173,University of Maryland tuition vs USC tuition,university of maryland tuition vs usc tuition,complex,intent_policy,0.98,Recognized intents consistently map to one frozen V1 route,,0.0,1,complex:1,complex:1,,comparison,college_student,comparison:1,college_student:1,Data - Shivansh.csv,Data - Shivansh.csv:1879,legacy_cleaned_corpus,2f64caaf4228bd36bc7c,entityschool tuition vs entityschool tuition
dd7749598f757387,small biology colleges in California low tuition,small biology colleges in california low tuition,complex,intent_policy,0.98,Recognized intents consistently map to one frozen V1 route,,0.0,1,complex:1,complex:1,,multi_constraint,college_student,multi_constraint:1,college_student:1,Data - Shivansh.csv,Data - Shivansh.csv:3518,legacy_cleaned_corpus,56f80282dea8fa05450b,small entityprogram colleges in entityplace low tuition
ddaca46f828546de,UCLA acceptance rate,ucla acceptance rate,short_circuit,intent_policy,0.98,Recognized intents consistently map to one frozen V1 route,,0.0,2,short_circuit:2,short_circuit:2,,attribute_lookup,college_student,attribute_lookup:2,college_student:1|parent:1,Data - Shivansh.csv,Data - Shivansh.csv:445|Data - Shivansh.csv:962,legacy_cleaned_corpus,c478df48842744c7afae,entityschool acceptance rate
ddf30d0205ab15b8,Virginia Tech tuition vs Princeton tuition,virginia tech tuition vs princeton tuition,complex,intent_policy,0.98,Recognized intents consistently map to one frozen V1 route,,0.0,1,complex:1,complex:1,,comparison,high_school_student,comparison:1,high_school_student:1,Data - Shivansh.csv,Data - Shivansh.csv:437,legacy_cleaned_corpus,2f64caaf4228bd36bc7c,entityschool tuition vs entityschool tuition
de19c97d557a0e8a,stanford,stanford,short_circuit,intent_policy,0.98,Recognized intents consistently map to one frozen V1 route,,0.0,6,short_circuit:6,short_circuit:6,short_circuit:1,exact_lookup,high_school_student,exact_lookup:6,college_student:1|counselor_teacher:1|high_school_student:3|parent:1,Data - Anika.csv|Data - Shivansh.csv|Data Anthony.csv,Data - Anika.csv:62|Data - Shivansh.csv:142|Data - Shivansh.csv:1265|Data - Shivansh.csv:2005|Data - Shivansh.csv:4098|Data Anthony.csv:11,legacy_cleaned_corpus,5040e700a4b470a4942d,entityschool
deeab515ae447e43,UC Berkeley tuition vs Carnegie Mellon tuition,uc berkeley tuition vs carnegie mellon tuition,complex,intent_policy,0.98,Recognized intents consistently map to one frozen V1 route,,0.0,1,complex:1,complex:1,,comparison,parent,comparison:1,parent:1,Data - Shivansh.csv,Data - Shivansh.csv:3174,legacy_cleaned_corpus,2f64caaf4228bd36bc7c,entityschool tuition vs entityschool tuition
defb09578980becd,does USC have aerospace engineering,does usc have aerospace engineering,short_circuit,intent_policy,0.98,Recognized intents consistently map to one frozen V1 route,,0.0,1,short_circuit:1,short_circuit:1,,attribute_lookup,counselor_teacher,attribute_lookup:1,counselor_teacher:1,Data - Shivansh.csv,Data - Shivansh.csv:1207,legacy_cleaned_corpus,c219f457f3de750170ac,does entityschool have entityprogram
df4ea6f32a9ba7a2,Cornell average SAT,cornell average sat,short_circuit,intent_policy,0.98,Recognized intents consistently map to one frozen V1 route,,0.0,1,medium:1,medium:1,,attribute_lookup,counselor_teacher,attribute_lookup:1,counselor_teacher:1,Data - Shivansh.csv,Data - Shivansh.csv:3394,legacy_cleaned_corpus,5e65ab17c95c39987c97,entityschool average sat
df77c5138ae76098,USC,usc,short_circuit,manual_override,1.0,Exact school lookup,,0.0,11,llm_needed:1|medium:1|short_circuit:9,llm_needed:1|medium:1|short_circuit:9,,exact_lookup,counselor_teacher,exact_lookup:11,advisor:3|college_student:2|counselor_teacher:3|high_school_student:3,Data - Shivansh.csv|Data Anthony.csv,Data - Shivansh.csv:287|Data - Shivansh.csv:306|Data - Shivansh.csv:848|Data - Shivansh.csv:2157|Data - Shivansh.csv:2171|Data - Shivansh.csv:2188|Data - Shivansh.csv:2365|Data - Shivansh.csv:3548|Data - Shivansh.csv:3903|Data - Shivansh.csv:4275|Data Anthony.csv:14,legacy_cleaned_corpus,5040e700a4b470a4942d,entityschool
dfa1673bd3212e72,NYU vs Columbia for pre-med,nyu vs columbia for pre-med,complex,intent_policy,0.98,Recognized intents consistently map to one frozen V1 route,,0.0,1,medium:1,medium:1,,comparison,high_school_student,comparison:1,high_school_student:1,Data Anthony.csv,Data Anthony.csv:32,legacy_cleaned_corpus,876bc7065da839053809,entityschool vs entityschool for pre med
dff95efd44fdd46d,what essays does Vanderbilt require,what essays does vanderbilt require,medium,intent_policy,0.98,Recognized intents consistently map to one frozen V1 route,,0.0,2,medium:2,medium:2,,admissions_process,parent,admissions_process:2,high_school_student:1|parent:1,Data - Shivansh.csv,Data - Shivansh.csv:1073|Data - Shivansh.csv:1909,legacy_cleaned_corpus,e0880711f28fcb0ccf3b,what essays does entityschool require
e051c613326e3449,UC Berkeley tuition vs MIT tuition,uc berkeley tuition vs mit tuition,complex,intent_policy,0.98,Recognized intents consistently map to one frozen V1 route,,0.0,2,complex:2,complex:2,,comparison,college_student,comparison:2,college_student:1|counselor_teacher:1,Data - Shivansh.csv,Data - Shivansh.csv:1634|Data - Shivansh.csv:2642,legacy_cleaned_corpus,2f64caaf4228bd36bc7c,entityschool tuition vs entityschool tuition
e0e3a4029d4bcd83,does Duke have psychology,does duke have psychology,short_circuit,intent_policy,0.98,Recognized intents consistently map to one frozen V1 route,,0.0,2,complex:1|medium:1,complex:1|medium:1,,attribute_lookup,college_student,attribute_lookup:2,advisor:1|college_student:1,Data - Shivansh.csv,Data - Shivansh.csv:1453|Data - Shivansh.csv:3399,legacy_cleaned_corpus,c219f457f3de750170ac,does entityschool have entityprogram
e13fd9bb1f94b2c3,UC Berkeley tuition vs Cornell tuition,uc berkeley tuition vs cornell tuition,complex,intent_policy,0.98,Recognized intents consistently map to one frozen V1 route,,0.0,1,complex:1,complex:1,,comparison,parent,comparison:1,parent:1,Data - Shivansh.csv,Data - Shivansh.csv:3038,legacy_cleaned_corpus,2f64caaf4228bd36bc7c,entityschool tuition vs entityschool tuition
e18fb987893d1e2c,does Carnegie Mellon have engineering,does carnegie mellon have engineering,short_circuit,intent_policy,0.98,Recognized intents consistently map to one frozen V1 route,,0.0,1,short_circuit:1,short_circuit:1,,attribute_lookup,advisor,attribute_lookup:1,advisor:1,Data - Shivansh.csv,Data - Shivansh.csv:519,legacy_cleaned_corpus,c219f457f3de750170ac,does entityschool have entityprogram
e1bf367a1ed20f4c,UC San Diego campus culture,uc san diego campus culture,llm_needed,intent_policy,0.98,Recognized intents consistently map to one frozen V1 route,,0.0,6,llm_needed:6,llm_needed:6,,campus_life_fit,college_student,campus_life_fit:6,college_student:3|counselor_teacher:1|parent:2,Data - Shivansh.csv,Data - Shivansh.csv:3088|Data - Shivansh.csv:3279|Data - Shivansh.csv:3657|Data - Shivansh.csv:3737|Data - Shivansh.csv:4054|Data - Shivansh.csv:4289,legacy_cleaned_corpus,c273440fb1ec037f5992,entityschool campus culture
e1e3e711008b788a,UC Berkeley job placement for economics,uc berkeley job placement for economics,medium,intent_policy,0.98,Recognized intents consistently map to one frozen V1 route,,0.0,2,medium:2,medium:2,,career_outcomes,counselor_teacher,career_outcomes:2,advisor:1|counselor_teacher:1,Data - Shivansh.csv,Data - Shivansh.csv:681|Data - Shivansh.csv:2841,legacy_cleaned_corpus,d0687d4ccce8a647d6f4,entityschool job placement for entityprogram
e20e8a0b69daa810,schools like Stanford but cheaper,schools like stanford but cheaper,complex,intent_policy,0.98,Recognized intents consistently map to one frozen V1 route,,0.0,4,complex:3|medium:1,complex:3|medium:1,,recommendation,high_school_student,recommendation:4,college_student:1|counselor_teacher:1|high_school_student:1|parent:1,Data - Shivansh.csv,Data - Shivansh.csv:926|Data - Shivansh.csv:1102|Data - Shivansh.csv:2992|Data - Shivansh.csv:3888,legacy_cleaned_corpus,4cc872421a190decb5f0,schools like entityschool but cheaper
e320ed6db43c3d7d,Cornell,cornell,short_circuit,intent_policy,0.98,Recognized intents consistently map to one frozen V1 route,,0.0,10,medium:1|short_circuit:9,medium:1|short_circuit:9,short_circuit:1,exact_lookup,counselor_teacher,exact_lookup:10,advisor:1|college_student:3|counselor_teacher:4|parent:2,Data - Anika.csv|Data - Shivansh.csv,Data - Anika.csv:12|Data - Shivansh.csv:14|Data - Shivansh.csv:321|Data - Shivansh.csv:618|Data - Shivansh.csv:823|Data - Shivansh.csv:2369|Data - Shivansh.csv:2607|Data - Shivansh.csv:3022|Data - Shivansh.csv:3796|Data - Shivansh.csv:4062,legacy_cleaned_corpus,5040e700a4b470a4942d,entityschool
e435928a9d445a97,NYU job placement for engineering,nyu job placement for engineering,medium,intent_policy,0.98,Recognized intents consistently map to one frozen V1 route,,0.0,1,medium:1,medium:1,,career_outcomes,advisor,career_outcomes:1,advisor:1,Data - Shivansh.csv,Data - Shivansh.csv:2988,legacy_cleaned_corpus,d0687d4ccce8a647d6f4,entityschool job placement for entityprogram
e48edcc42d0ad0b7,job placement for Georgia Tech,job placement for georgia tech,short_circuit,intent_policy,0.98,Recognized intents consistently map to one frozen V1 route,,0.0,1,short_circuit:1,short_circuit:1,,attribute_lookup,parent,attribute_lookup:1,parent:1,Data - Shivansh.csv,Data - Shivansh.csv:1774,legacy_cleaned_corpus,2740e2ad8177799284ea,job placement for entityschool
e49e0d933b637cec,does Harvard have architecture,does harvard have architecture,short_circuit,intent_policy,0.98,Recognized intents consistently map to one frozen V1 route,,0.0,1,medium:1,medium:1,,attribute_lookup,advisor,attribute_lookup:1,advisor:1,Data - Shivansh.csv,Data - Shivansh.csv:3068,legacy_cleaned_corpus,c219f457f3de750170ac,does entityschool have entityprogram
e5d169964f4a2082,job placement for University of Maryland,job placement for university of maryland,short_circuit,intent_policy,0.98,Recognized intents consistently map to one frozen V1 route,,0.0,1,short_circuit:1,short_circuit:1,,attribute_lookup,counselor_teacher,attribute_lookup:1,counselor_teacher:1,Data - Shivansh.csv,Data - Shivansh.csv:2394,legacy_cleaned_corpus,2740e2ad8177799284ea,job placement for entityschool
e63b9641f880cc33,Vanderbilt,vanderbilt,short_circuit,intent_policy,0.98,Recognized intents consistently map to one frozen V1 route,,0.0,9,complex:1|short_circuit:8,complex:1|short_circuit:8,short_circuit:1,exact_lookup,parent,exact_lookup:9,college_student:1|counselor_teacher:2|high_school_student:1|parent:5,Data - Anika.csv|Data - Shivansh.csv,Data - Anika.csv:22|Data - Shivansh.csv:26|Data - Shivansh.csv:134|Data - Shivansh.csv:500|Data - Shivansh.csv:639|Data - Shivansh.csv:882|Data - Shivansh.csv:1258|Data - Shivansh.csv:1609|Data - Shivansh.csv:1773,legacy_cleaned_corpus,5040e700a4b470a4942d,entityschool
e65d8118aee1b9f6,Purdue vs Northwestern,purdue vs northwestern,complex,intent_policy,0.98,Recognized intents consistently map to one frozen V1 route,,0.0,1,complex:1,complex:1,,comparison,counselor_teacher,comparison:1,counselor_teacher:1,Data - Shivansh.csv,Data - Shivansh.csv:2580,legacy_cleaned_corpus,ce0ab34d6e4892dbe532,entityschool vs entityschool
e698637adf16f3d9,does USC have business,does usc have business,short_circuit,intent_policy,0.98,Recognized intents consistently map to one frozen V1 route,,0.0,1,medium:1,medium:1,,attribute_lookup,advisor,attribute_lookup:1,advisor:1,Data - Shivansh.csv,Data - Shivansh.csv:3465,legacy_cleaned_corpus,c219f457f3de750170ac,does entityschool have entityprogram
e6c723be397af721,Harvard vs University of Florida for neuroscience,harvard vs university of florida for neuroscience,complex,intent_policy,0.98,Recognized intents consistently map to one frozen V1 route,,0.0,1,complex:1,complex:1,,comparison,parent,comparison:1,parent:1,Data - Shivansh.csv,Data - Shivansh.csv:1046,legacy_cleaned_corpus,302760a8b5dd7f263a23,entityschool vs entityschool for entityprogram
e6cbc2831b0b5fad,Columbia financial aid for out of state,columbia financial aid for out of state,medium,intent_policy,0.98,Recognized intents consistently map to one frozen V1 route,,0.0,4,medium:3|short_circuit:1,medium:3|short_circuit:1,,cost_financial_aid,counselor_teacher,cost_financial_aid:4,counselor_teacher:3|high_school_student:1,Data - Shivansh.csv,Data - Shivansh.csv:328|Data - Shivansh.csv:1080|Data - Shivansh.csv:2040|Data - Shivansh.csv:2180,legacy_cleaned_corpus,c5b667203cefd8b33b33,entityschool financial aid for out of state
e6e0616261cef4d0,Duke job placement for psychology,duke job placement for psychology,medium,intent_policy,0.98,Recognized intents consistently map to one frozen V1 route,,0.0,2,medium:2,medium:2,,career_outcomes,parent,career_outcomes:2,college_student:1|parent:1,Data - Shivansh.csv,Data - Shivansh.csv:2645|Data - Shivansh.csv:4276,legacy_cleaned_corpus,d0687d4ccce8a647d6f4,entityschool job placement for entityprogram
e723ed2f2dd779cc,Purdue job placement for electrical engineering,purdue job placement for electrical engineering,medium,intent_policy,0.98,Recognized intents consistently map to one frozen V1 route,,0.0,2,medium:2,medium:2,,career_outcomes,college_student,career_outcomes:2,college_student:1|parent:1,Data - Shivansh.csv,Data - Shivansh.csv:3397|Data - Shivansh.csv:4358,legacy_cleaned_corpus,d0687d4ccce8a647d6f4,entityschool job placement for entityprogram
e7cea5586444972d,University of Wisconsin tuition vs Carnegie Mellon tuition,university of wisconsin tuition vs carnegie mellon tuition,complex,intent_policy,0.98,Recognized intents consistently map to one frozen V1 route,,0.0,1,complex:1,complex:1,,comparison,high_school_student,comparison:1,high_school_student:1,Data - Shivansh.csv,Data - Shivansh.csv:2420,legacy_cleaned_corpus,2f64caaf4228bd36bc7c,entityschool tuition vs entityschool tuition
e7f003e38ff051db,rankings for Caltech,rankings for caltech,short_circuit,intent_policy,0.98,Recognized intents consistently map to one frozen V1 route,,0.0,1,medium:1,medium:1,,attribute_lookup,college_student,attribute_lookup:1,college_student:1,Data - Shivansh.csv,Data - Shivansh.csv:2006,legacy_cleaned_corpus,6bdfd86265913f6b0a0f,rankings for entityschool
e80d8f4a35afbe62,Northwestern tuition vs Rice University tuition,northwestern tuition vs rice university tuition,complex,intent_policy,0.98,Recognized intents consistently map to one frozen V1 route,,0.0,1,complex:1,complex:1,,comparison,high_school_student,comparison:1,high_school_student:1,Data - Shivansh.csv,Data - Shivansh.csv:917,legacy_cleaned_corpus,2f64caaf4228bd36bc7c,entityschool tuition vs entityschool tuition
e840c9059f646664,Carnegie Mellon vs Columbia,carnegie mellon vs columbia,complex,intent_policy,0.98,Recognized intents consistently map to one frozen V1 route,,0.0,1,complex:1,complex:1,,comparison,counselor_teacher,comparison:1,counselor_teacher:1,Data - Shivansh.csv,Data - Shivansh.csv:1633,legacy_cleaned_corpus,ce0ab34d6e4892dbe532,entityschool vs entityschool
e8984ad10e69b7b5,best business schools in California,best business schools in california,medium,intent_policy,0.98,Recognized intents consistently map to one frozen V1 route,,0.0,2,medium:2,medium:2,,filtered_search,parent,filtered_search:2,counselor_teacher:1|parent:1,Data - Shivansh.csv,Data - Shivansh.csv:2680|Data - Shivansh.csv:2892,legacy_cleaned_corpus,95c816a8832e9f5b6f9f,best entityprogram schools in entityplace
e8b8c85b138a44c7,how do i apply to Rice University,how do i apply to rice university,medium,intent_policy,0.98,Recognized intents consistently map to one frozen V1 route,,0.0,3,medium:3,medium:3,,admissions_process,advisor,admissions_process:3,advisor:1|college_student:1|parent:1,Data - Shivansh.csv,Data - Shivansh.csv:3202|Data - Shivansh.csv:3242|Data - Shivansh.csv:3544,legacy_cleaned_corpus,1496450265c0af168f52,how do i apply to entityschool
e8e4c3c6bdd509a6,Purdue campus culture,purdue campus culture,llm_needed,intent_policy,0.98,Recognized intents consistently map to one frozen V1 route,,0.0,2,llm_needed:2,llm_needed:2,,campus_life_fit,college_student,campus_life_fit:2,college_student:1|counselor_teacher:1,Data - Shivansh.csv,Data - Shivansh.csv:3030|Data - Shivansh.csv:3414,legacy_cleaned_corpus,c273440fb1ec037f5992,entityschool campus culture
e95b6636887a48cf,what schools should i apply to for economics not Florida under 20k,what schools should i apply to for economics not florida under 20k,complex,intent_policy,0.98,Recognized intents consistently map to one frozen V1 route,,0.0,1,complex:1,complex:1,,recommendation,counselor_teacher,recommendation:1,counselor_teacher:1,Data - Shivansh.csv,Data - Shivansh.csv:1645,legacy_cleaned_corpus,d0dd1e4cd38fd443fe03,what schools should i apply to for entityprogram not entityplace under entitynumber
e9c6811ab551521f,how do i apply to University of Florida,how do i apply to university of florida,medium,intent_policy,0.98,Recognized intents consistently map to one frozen V1 route,,0.0,5,medium:5,medium:5,,admissions_process,college_student,admissions_process:5,advisor:1|college_student:2|counselor_teacher:1|parent:1,Data - Shivansh.csv,Data - Shivansh.csv:302|Data - Shivansh.csv:699|Data - Shivansh.csv:1064|Data - Shivansh.csv:2531|Data - Shivansh.csv:4306,legacy_cleaned_corpus,1496450265c0af168f52,how do i apply to entityschool
ea2aa82a08229f76,schools like UC Berkeley but cheaper,schools like uc berkeley but cheaper,complex,intent_policy,0.98,Recognized intents consistently map to one frozen V1 route,,0.0,2,complex:2,complex:2,,recommendation,high_school_student,recommendation:2,college_student:1|high_school_student:1,Data - Shivansh.csv,Data - Shivansh.csv:1751|Data - Shivansh.csv:4245,legacy_cleaned_corpus,4cc872421a190decb5f0,schools like entityschool but cheaper
ea4aaaa5c79d1bda,Brown vs Virginia Tech for mechanical engineering,brown vs virginia tech for mechanical engineering,complex,intent_policy,0.98,Recognized intents consistently map to one frozen V1 route,,0.0,1,complex:1,complex:1,,comparison,parent,comparison:1,parent:1,Data - Shivansh.csv,Data - Shivansh.csv:3884,legacy_cleaned_corpus,302760a8b5dd7f263a23,entityschool vs entityschool for entityprogram
eaf6de38790f6eb6,UC Irvine vs Brown,uc irvine vs brown,complex,intent_policy,0.98,Recognized intents consistently map to one frozen V1 route,,0.0,1,llm_needed:1,llm_needed:1,,comparison,college_student,comparison:1,college_student:1,Data - Shivansh.csv,Data - Shivansh.csv:431,legacy_cleaned_corpus,ce0ab34d6e4892dbe532,entityschool vs entityschool
eb30138e428703dd,Cornell job placement for engineering,cornell job placement for engineering,medium,intent_policy,0.98,Recognized intents consistently map to one frozen V1 route,,0.0,1,medium:1,medium:1,,career_outcomes,college_student,career_outcomes:1,college_student:1,Data - Shivansh.csv,Data - Shivansh.csv:2161,legacy_cleaned_corpus,d0687d4ccce8a647d6f4,entityschool job placement for entityprogram
eb8b09d36f7f733f,University of Washington job placement for philosophy,university of washington job placement for philosophy,medium,intent_policy,0.98,Recognized intents consistently map to one frozen V1 route,,0.0,1,medium:1,medium:1,,career_outcomes,advisor,career_outcomes:1,advisor:1,Data - Shivansh.csv,Data - Shivansh.csv:3594,legacy_cleaned_corpus,d0687d4ccce8a647d6f4,entityschool job placement for entityprogram
ec05ff2351bfe620,affordable data science schools near Chicago with good internships,affordable data science schools near chicago with good internships,complex,intent_policy,0.98,Recognized intents consistently map to one frozen V1 route,,0.0,1,complex:1,complex:1,,multi_constraint,college_student,multi_constraint:1,college_student:1,Data - Shivansh.csv,Data - Shivansh.csv:2730,legacy_cleaned_corpus,f3a168da7625bb926035,affordable entityprogram schools near entityplace with good internships
eca67c74ccc13031,what essays does University of Washington require,what essays does university of washington require,medium,intent_policy,0.98,Recognized intents consistently map to one frozen V1 route,,0.0,2,medium:2,medium:2,,admissions_process,advisor,admissions_process:2,advisor:1|college_student:1,Data - Shivansh.csv,Data - Shivansh.csv:2136|Data - Shivansh.csv:2379,legacy_cleaned_corpus,e0880711f28fcb0ccf3b,what essays does entityschool require
ed1dcde9268983b7,USC campus culture,usc campus culture,llm_needed,intent_policy,0.98,Recognized intents consistently map to one frozen V1 route,,0.0,4,llm_needed:4,llm_needed:4,,campus_life_fit,advisor,campus_life_fit:4,advisor:2|college_student:1|parent:1,Data - Shivansh.csv,Data - Shivansh.csv:2532|Data - Shivansh.csv:2831|Data - Shivansh.csv:2956|Data - Shivansh.csv:4207,legacy_cleaned_corpus,c273440fb1ec037f5992,entityschool campus culture
ee0a6975a7524847,does UC Berkeley have biology,does uc berkeley have biology,short_circuit,intent_policy,0.98,Recognized intents consistently map to one frozen V1 route,,0.0,1,medium:1,medium:1,,attribute_lookup,parent,attribute_lookup:1,parent:1,Data - Shivansh.csv,Data - Shivansh.csv:4323,legacy_cleaned_corpus,c219f457f3de750170ac,does entityschool have entityprogram
ee3663825eb54a04,affordable biology schools in Texas with good job placement,affordable biology schools in texas with good job placement,complex,intent_policy,0.98,Recognized intents consistently map to one frozen V1 route,,0.0,1,complex:1,complex:1,,multi_constraint,high_school_student,multi_constraint:1,high_school_student:1,Data - Shivansh.csv,Data - Shivansh.csv:972,legacy_cleaned_corpus,72fe78ed7fe75ef13d14,affordable entityprogram schools in entityplace with good job placement
ee630137e3119900,Duke research opportunities,duke research opportunities,short_circuit,intent_policy,0.98,Recognized intents consistently map to one frozen V1 route,,0.0,1,short_circuit:1,short_circuit:1,,attribute_lookup,counselor_teacher,attribute_lookup:1,counselor_teacher:1,Data - Shivansh.csv,Data - Shivansh.csv:228,legacy_cleaned_corpus,1d107249ab27e7f6b88a,entityschool research opportunities
eed2b117e76a0cfb,does Vanderbilt have philosophy,does vanderbilt have philosophy,short_circuit,intent_policy,0.98,Recognized intents consistently map to one frozen V1 route,,0.0,1,short_circuit:1,short_circuit:1,,attribute_lookup,college_student,attribute_lookup:1,college_student:1,Data - Shivansh.csv,Data - Shivansh.csv:920,legacy_cleaned_corpus,c219f457f3de750170ac,does entityschool have entityprogram
ef910d4106f4ab72,does Brown have chemistry,does brown have chemistry,short_circuit,intent_policy,0.98,Recognized intents consistently map to one frozen V1 route,,0.0,1,short_circuit:1,short_circuit:1,,attribute_lookup,high_school_student,attribute_lookup:1,high_school_student:1,Data - Shivansh.csv,Data - Shivansh.csv:108,legacy_cleaned_corpus,c219f457f3de750170ac,does entityschool have entityprogram
efd142071ed8d99d,Vanderbilt job placement for political science,vanderbilt job placement for political science,medium,intent_policy,0.98,Recognized intents consistently map to one frozen V1 route,,0.0,1,medium:1,medium:1,,career_outcomes,parent,career_outcomes:1,parent:1,Data - Shivansh.csv,Data - Shivansh.csv:1490,legacy_cleaned_corpus,d0687d4ccce8a647d6f4,entityschool job placement for entityprogram
f00d5c6d7f968199,Northeastern tuition vs Georgia Tech tuition,northeastern tuition vs georgia tech tuition,complex,intent_policy,0.98,Recognized intents consistently map to one frozen V1 route,,0.0,1,complex:1,complex:1,,comparison,counselor_teacher,comparison:1,counselor_teacher:1,Data - Shivansh.csv,Data - Shivansh.csv:1059,legacy_cleaned_corpus,2f64caaf4228bd36bc7c,entityschool tuition vs entityschool tuition
f07e0ac30cc93844,University of Florida,university of florida,short_circuit,intent_policy,0.98,Recognized intents consistently map to one frozen V1 route,,0.0,9,short_circuit:9,short_circuit:9,,exact_lookup,parent,exact_lookup:9,college_student:1|counselor_teacher:2|high_school_student:2|parent:4,Data - Shivansh.csv,Data - Shivansh.csv:270|Data - Shivansh.csv:866|Data - Shivansh.csv:932|Data - Shivansh.csv:955|Data - Shivansh.csv:1030|Data - Shivansh.csv:1720|Data - Shivansh.csv:1874|Data - Shivansh.csv:2377|Data - Shivansh.csv:3618,legacy_cleaned_corpus,5040e700a4b470a4942d,entityschool
f0bf52cf9855393d,Princeton job placement for mechanical engineering,princeton job placement for mechanical engineering,medium,intent_policy,0.98,Recognized intents consistently map to one frozen V1 route,,0.0,1,medium:1,medium:1,,career_outcomes,advisor,career_outcomes:1,advisor:1,Data - Shivansh.csv,Data - Shivansh.csv:2621,legacy_cleaned_corpus,d0687d4ccce8a647d6f4,entityschool job placement for entityprogram
f142dbb5926e5978,how do i apply to UT Austin,how do i apply to ut austin,medium,intent_policy,0.98,Recognized intents consistently map to one frozen V1 route,,0.0,1,medium:1,medium:1,,admissions_process,counselor_teacher,admissions_process:1,counselor_teacher:1,Data - Shivansh.csv,Data - Shivansh.csv:3566,legacy_cleaned_corpus,1496450265c0af168f52,how do i apply to entityschool
f18ecd5a40542f2f,colleges on the East Coast under 40k with strong research and internships,colleges on the east coast under 40k with strong research and internships,complex,intent_policy,0.98,Recognized intents consistently map to one frozen V1 route,,0.0,3,complex:3,complex:3,,multi_constraint,counselor_teacher,multi_constraint:3,advisor:1|counselor_teacher:1|high_school_student:1,Data - Shivansh.csv,Data - Shivansh.csv:869|Data - Shivansh.csv:2390|Data - Shivansh.csv:2396,legacy_cleaned_corpus,dd71589f898c8a8bf697,colleges on the entityplace under entitynumber with strong research and internships
f198485aec68f692,Vanderbilt research opportunities,vanderbilt research opportunities,short_circuit,intent_policy,0.98,Recognized intents consistently map to one frozen V1 route,,0.0,1,short_circuit:1,short_circuit:1,,attribute_lookup,high_school_student,attribute_lookup:1,high_school_student:1,Data - Shivansh.csv,Data - Shivansh.csv:1590,legacy_cleaned_corpus,1d107249ab27e7f6b88a,entityschool research opportunities
f1988ab917094c90,UC Berkeley job placement for computer science,uc berkeley job placement for computer science,medium,intent_policy,0.98,Recognized intents consistently map to one frozen V1 route,,0.0,2,medium:2,medium:2,,career_outcomes,high_school_student,career_outcomes:2,advisor:1|high_school_student:1,Data - Shivansh.csv,Data - Shivansh.csv:1192|Data - Shivansh.csv:3918,legacy_cleaned_corpus,d0687d4ccce8a647d6f4,entityschool job placement for entityprogram
f19d472af983519e,Arizona State scholarships,arizona state scholarships,medium,intent_policy,0.98,Recognized intents consistently map to one frozen V1 route,,0.0,5,medium:5,medium:5,,cost_financial_aid,college_student,cost_financial_aid:5,advisor:1|college_student:2|counselor_teacher:2,Data - Shivansh.csv,Data - Shivansh.csv:732|Data - Shivansh.csv:2994|Data - Shivansh.csv:3703|Data - Shivansh.csv:4163|Data - Shivansh.csv:4425,legacy_cleaned_corpus,741b6aa2dae04972e2c3,entityschool scholarships
f216bcd0c457a867,USC job placement for political science,usc job placement for political science,medium,intent_policy,0.98,Recognized intents consistently map to one frozen V1 route,,0.0,1,medium:1,medium:1,,career_outcomes,college_student,career_outcomes:1,college_student:1,Data - Shivansh.csv,Data - Shivansh.csv:1449,legacy_cleaned_corpus,d0687d4ccce8a647d6f4,entityschool job placement for entityprogram
f22922e8fcfa28ca,USC vs Vanderbilt,usc vs vanderbilt,complex,intent_policy,0.98,Recognized intents consistently map to one frozen V1 route,,0.0,1,complex:1,complex:1,,comparison,high_school_student,comparison:1,high_school_student:1,Data - Shivansh.csv,Data - Shivansh.csv:1488,legacy_cleaned_corpus,ce0ab34d6e4892dbe532,entityschool vs entityschool
f2642997047b4ffe,Arizona State job placement for business,arizona state job placement for business,medium,intent_policy,0.98,Recognized intents consistently map to one frozen V1 route,,0.0,1,medium:1,medium:1,,career_outcomes,parent,career_outcomes:1,parent:1,Data - Shivansh.csv,Data - Shivansh.csv:2165,legacy_cleaned_corpus,d0687d4ccce8a647d6f4,entityschool job placement for entityprogram
f2e88a0e016101b7,UC San Diego research opportunities,uc san diego research opportunities,short_circuit,intent_policy,0.98,Recognized intents consistently map to one frozen V1 route,,0.0,1,medium:1,medium:1,,attribute_lookup,parent,attribute_lookup:1,parent:1,Data - Shivansh.csv,Data - Shivansh.csv:2727,legacy_cleaned_corpus,1d107249ab27e7f6b88a,entityschool research opportunities
f2f69f2af1191bb9,UCLA job placement for aerospace engineering,ucla job placement for aerospace engineering,medium,intent_policy,0.98,Recognized intents consistently map to one frozen V1 route,,0.0,1,medium:1,medium:1,,career_outcomes,counselor_teacher,career_outcomes:1,counselor_teacher:1,Data - Shivansh.csv,Data - Shivansh.csv:3003,legacy_cleaned_corpus,d0687d4ccce8a647d6f4,entityschool job placement for entityprogram
f2f712ca55484a05,University of Florida job placement for mechanical engineering,university of florida job placement for mechanical engineering,medium,intent_policy,0.98,Recognized intents consistently map to one frozen V1 route,,0.0,1,medium:1,medium:1,,career_outcomes,counselor_teacher,career_outcomes:1,counselor_teacher:1,Data - Shivansh.csv,Data - Shivansh.csv:1989,legacy_cleaned_corpus,d0687d4ccce8a647d6f4,entityschool job placement for entityprogram
f323da87939e3180,create reach target safety list for philosophy in California full ride options,create reach target safety list for philosophy in california full ride options,llm_needed,intent_policy,0.98,Recognized intents consistently map to one frozen V1 route,,0.0,1,short_circuit:1,short_circuit:1,,campus_life_fit,advisor,campus_life_fit:1,advisor:1,Data - Shivansh.csv,Data - Shivansh.csv:1949,legacy_cleaned_corpus,b205d3c4a76cd86573c5,create reach target safety list for entityprogram in entityplace full ride options
f368a7bf2e556227,does Carnegie Mellon have neuroscience,does carnegie mellon have neuroscience,short_circuit,intent_policy,0.98,Recognized intents consistently map to one frozen V1 route,,0.0,1,short_circuit:1,short_circuit:1,,attribute_lookup,high_school_student,attribute_lookup:1,high_school_student:1,Data - Shivansh.csv,Data - Shivansh.csv:1598,legacy_cleaned_corpus,c219f457f3de750170ac,does entityschool have entityprogram
f3bdbada399a1db1,best business schools in Texas,best business schools in texas,medium,intent_policy,0.98,Recognized intents consistently map to one frozen V1 route,,0.0,1,medium:1,medium:1,,filtered_search,high_school_student,filtered_search:1,high_school_student:1,Data - Shivansh.csv,Data - Shivansh.csv:1998,legacy_cleaned_corpus,95c816a8832e9f5b6f9f,best entityprogram schools in entityplace
f3f98675909050a0,Harvard job placement for philosophy,harvard job placement for philosophy,medium,intent_policy,0.98,Recognized intents consistently map to one frozen V1 route,,0.0,1,medium:1,medium:1,,career_outcomes,parent,career_outcomes:1,parent:1,Data - Shivansh.csv,Data - Shivansh.csv:3503,legacy_cleaned_corpus,d0687d4ccce8a647d6f4,entityschool job placement for entityprogram
f443066d991cfd3a,Penn State campus culture,penn state campus culture,llm_needed,intent_policy,0.98,Recognized intents consistently map to one frozen V1 route,,0.0,5,llm_needed:5,llm_needed:5,,campus_life_fit,college_student,campus_life_fit:5,college_student:3|counselor_teacher:2,Data - Shivansh.csv,Data - Shivansh.csv:2584|Data - Shivansh.csv:2934|Data - Shivansh.csv:3442|Data - Shivansh.csv:3846|Data - Shivansh.csv:4188,legacy_cleaned_corpus,c273440fb1ec037f5992,entityschool campus culture
f4a3f22d202c30f7,Harvard vs Northwestern,harvard vs northwestern,complex,intent_policy,0.98,Recognized intents consistently map to one frozen V1 route,,0.0,1,complex:1,complex:1,,comparison,advisor,comparison:1,advisor:1,Data - Shivansh.csv,Data - Shivansh.csv:4209,legacy_cleaned_corpus,ce0ab34d6e4892dbe532,entityschool vs entityschool
f4f13b0653a8b900,best economics schools in Texas,best economics schools in texas,medium,intent_policy,0.98,Recognized intents consistently map to one frozen V1 route,,0.0,2,medium:2,medium:2,,filtered_search,advisor,filtered_search:2,advisor:2,Data - Shivansh.csv,Data - Shivansh.csv:3400|Data - Shivansh.csv:3965,legacy_cleaned_corpus,95c816a8832e9f5b6f9f,best entityprogram schools in entityplace
f5465d61b0524c06,USC vs University of Michigan for mechanical engineering,usc vs university of michigan for mechanical engineering,complex,intent_policy,0.98,Recognized intents consistently map to one frozen V1 route,,0.0,1,complex:1,complex:1,,comparison,college_student,comparison:1,college_student:1,Data - Shivansh.csv,Data - Shivansh.csv:4063,legacy_cleaned_corpus,302760a8b5dd7f263a23,entityschool vs entityschool for entityprogram
f572d8f0066db442,USC chill campus,usc chill campus,llm_needed,intent_policy,0.98,Recognized intents consistently map to one frozen V1 route,,0.0,1,llm_needed:1,llm_needed:1,,campus_life_fit,advisor,campus_life_fit:1,advisor:1,Data - Shivansh.csv,Data - Shivansh.csv:1402,legacy_cleaned_corpus,c042094b302ecb812a99,entityschool chill campus
f5b79858a211d803,Georgia Tech vs USC for electrical engineering,georgia tech vs usc for electrical engineering,complex,intent_policy,0.98,Recognized intents consistently map to one frozen V1 route,,0.0,1,complex:1,complex:1,,comparison,counselor_teacher,comparison:1,counselor_teacher:1,Data - Shivansh.csv,Data - Shivansh.csv:3046,legacy_cleaned_corpus,302760a8b5dd7f263a23,entityschool vs entityschool for entityprogram
f5f65e58c1a99db1,affordable computer science schools in Texas with good job placement,affordable computer science schools in texas with good job placement,complex,intent_policy,0.98,Recognized intents consistently map to one frozen V1 route,,0.0,1,complex:1,complex:1,,multi_constraint,parent,multi_constraint:1,parent:1,Data - Shivansh.csv,Data - Shivansh.csv:838,legacy_cleaned_corpus,72fe78ed7fe75ef13d14,affordable entityprogram schools in entityplace with good job placement
f64962d172582e37,University of Washington vs USC for biology,university of washington vs usc for biology,complex,intent_policy,0.98,Recognized intents consistently map to one frozen V1 route,,0.0,1,complex:1,complex:1,,comparison,high_school_student,comparison:1,high_school_student:1,Data - Shivansh.csv,Data - Shivansh.csv:1532,legacy_cleaned_corpus,302760a8b5dd7f263a23,entityschool vs entityschool for entityprogram
f6804460f509a765,Duke,duke,short_circuit,intent_policy,0.98,Recognized intents consistently map to one frozen V1 route,,0.0,7,complex:1|short_circuit:6,complex:1|short_circuit:6,,exact_lookup,college_student,exact_lookup:7,advisor:3|college_student:3|counselor_teacher:1,Data - Shivansh.csv,Data - Shivansh.csv:1013|Data - Shivansh.csv:1104|Data - Shivansh.csv:1275|Data - Shivansh.csv:1501|Data - Shivansh.csv:1528|Data - Shivansh.csv:3685|Data - Shivansh.csv:3743,legacy_cleaned_corpus,5040e700a4b470a4942d,entityschool
f6d27a23d3230860,dartmouth,dartmouth,short_circuit,intent_policy,0.98,Recognized intents consistently map to one frozen V1 route,,0.0,1,short_circuit:1,short_circuit:1,short_circuit:1,exact_lookup,college_student,exact_lookup:1,college_student:1,Data - Anika.csv,Data - Anika.csv:132,legacy_cleaned_corpus,5040e700a4b470a4942d,entityschool
f6e48b33c5efe83d,rankings for Duke,rankings for duke,short_circuit,intent_policy,0.98,Recognized intents consistently map to one frozen V1 route,,0.0,1,medium:1,medium:1,,attribute_lookup,parent,attribute_lookup:1,parent:1,Data - Shivansh.csv,Data - Shivansh.csv:3679,legacy_cleaned_corpus,6bdfd86265913f6b0a0f,rankings for entityschool
f717fef7a8955852,Harvard vs UC San Diego,harvard vs uc san diego,complex,intent_policy,0.98,Recognized intents consistently map to one frozen V1 route,,0.0,2,complex:2,complex:2,,comparison,parent,comparison:2,parent:2,Data - Shivansh.csv,Data - Shivansh.csv:3433|Data - Shivansh.csv:4020,legacy_cleaned_corpus,ce0ab34d6e4892dbe532,entityschool vs entityschool
f7466ae5fdf809fb,internships for UC Berkeley,internships for uc berkeley,short_circuit,intent_policy,0.98,Recognized intents consistently map to one frozen V1 route,,0.0,2,medium:1|short_circuit:1,medium:1|short_circuit:1,,attribute_lookup,college_student,attribute_lookup:2,college_student:1|parent:1,Data - Shivansh.csv,Data - Shivansh.csv:1777|Data - Shivansh.csv:3665,legacy_cleaned_corpus,843657d043ccb31f83c5,internships for entityschool
f7d0d6affbc84ede,Arizona State vs Caltech for psychology,arizona state vs caltech for psychology,complex,intent_policy,0.98,Recognized intents consistently map to one frozen V1 route,,0.0,1,complex:1,complex:1,,comparison,parent,comparison:1,parent:1,Data - Shivansh.csv,Data - Shivansh.csv:3862,legacy_cleaned_corpus,302760a8b5dd7f263a23,entityschool vs entityschool for entityprogram
f7f3aadfecdd826b,does Virginia Tech have engineering,does virginia tech have engineering,short_circuit,intent_policy,0.98,Recognized intents consistently map to one frozen V1 route,,0.0,1,medium:1,medium:1,,attribute_lookup,college_student,attribute_lookup:1,college_student:1,Data - Shivansh.csv,Data - Shivansh.csv:3809,legacy_cleaned_corpus,c219f457f3de750170ac,does entityschool have entityprogram
f8fde1aa58a2fd74,Arizona State admissions profile average sat and gpa,arizona state admissions profile average sat and gpa,complex,intent_policy,0.98,Recognized intents consistently map to one frozen V1 route,,0.0,1,complex:1,complex:1,,comparison,counselor_teacher,comparison:1,counselor_teacher:1,Data - Shivansh.csv,Data - Shivansh.csv:556,legacy_cleaned_corpus,548f4dfe8f885917e7ce,entityschool admissions profile average sat and gpa
f92bcdf113797516,does University of Florida have biology,does university of florida have biology,short_circuit,intent_policy,0.98,Recognized intents consistently map to one frozen V1 route,,0.0,1,medium:1,medium:1,,attribute_lookup,advisor,attribute_lookup:1,advisor:1,Data - Shivansh.csv,Data - Shivansh.csv:2527,legacy_cleaned_corpus,c219f457f3de750170ac,does entityschool have entityprogram
f92d8a4fb81cc7cd,universities with strong chemistry,universities with strong chemistry,medium,intent_policy,0.98,Recognized intents consistently map to one frozen V1 route,,0.0,6,medium:6,medium:6,,filtered_search,counselor_teacher,filtered_search:6,advisor:1|college_student:1|counselor_teacher:4,Data - Shivansh.csv,Data - Shivansh.csv:2008|Data - Shivansh.csv:2056|Data - Shivansh.csv:2719|Data - Shivansh.csv:3403|Data - Shivansh.csv:4047|Data - Shivansh.csv:4293,legacy_cleaned_corpus,1222be73eac85d2d69e0,universities with strong entityprogram
f9353e0b84dde832,NYU campus culture,nyu campus culture,llm_needed,intent_policy,0.98,Recognized intents consistently map to one frozen V1 route,,0.0,3,llm_needed:3,llm_needed:3,,campus_life_fit,parent,campus_life_fit:3,advisor:1|parent:2,Data - Shivansh.csv,Data - Shivansh.csv:3424|Data - Shivansh.csv:3572|Data - Shivansh.csv:3714,legacy_cleaned_corpus,c273440fb1ec037f5992,entityschool campus culture
f981d0e5f7550715,UC San Diego vs Northwestern,uc san diego vs northwestern,complex,intent_policy,0.98,Recognized intents consistently map to one frozen V1 route,,0.0,2,complex:2,complex:2,,comparison,parent,comparison:2,college_student:1|parent:1,Data - Shivansh.csv,Data - Shivansh.csv:2672|Data - Shivansh.csv:3336,legacy_cleaned_corpus,ce0ab34d6e4892dbe532,entityschool vs entityschool
f99b226a60914ea2,Harvard admissions profile average sat and gpa,harvard admissions profile average sat and gpa,llm_needed,intent_policy,0.98,Recognized intents consistently map to one frozen V1 route,,0.0,1,llm_needed:1,llm_needed:1,,campus_life_fit,counselor_teacher,campus_life_fit:1,counselor_teacher:1,Data - Shivansh.csv,Data - Shivansh.csv:1485,legacy_cleaned_corpus,548f4dfe8f885917e7ce,entityschool admissions profile average sat and gpa
fa4d704658a54cb3,does NYU have nursing,does nyu have nursing,short_circuit,intent_policy,0.98,Recognized intents consistently map to one frozen V1 route,,0.0,1,short_circuit:1,short_circuit:1,,attribute_lookup,high_school_student,attribute_lookup:1,high_school_student:1,Data Anthony.csv,Data Anthony.csv:23,legacy_cleaned_corpus,c219f457f3de750170ac,does entityschool have entityprogram
fa50eb007406502c,Columbia vs UCLA,columbia vs ucla,complex,intent_policy,0.98,Recognized intents consistently map to one frozen V1 route,,0.0,2,complex:2,complex:2,,comparison,parent,comparison:2,college_student:1|parent:1,Data - Shivansh.csv,Data - Shivansh.csv:3051|Data - Shivansh.csv:3981,legacy_cleaned_corpus,ce0ab34d6e4892dbe532,entityschool vs entityschool
fa631d7d3dcaf75d,University of Washington vs Vanderbilt for political science,university of washington vs vanderbilt for political science,complex,intent_policy,0.98,Recognized intents consistently map to one frozen V1 route,,0.0,1,llm_needed:1,llm_needed:1,,comparison,college_student,comparison:1,college_student:1,Data - Shivansh.csv,Data - Shivansh.csv:442,legacy_cleaned_corpus,302760a8b5dd7f263a23,entityschool vs entityschool for entityprogram
fb263a709250b874,Purdue tuition vs University of Washington tuition,purdue tuition vs university of washington tuition,complex,intent_policy,0.98,Recognized intents consistently map to one frozen V1 route,,0.0,1,complex:1,complex:1,,comparison,counselor_teacher,comparison:1,counselor_teacher:1,Data - Shivansh.csv,Data - Shivansh.csv:440,legacy_cleaned_corpus,2f64caaf4228bd36bc7c,entityschool tuition vs entityschool tuition
fb59533c5c928abf,Columbia vs UC Irvine,columbia vs uc irvine,complex,intent_policy,0.98,Recognized intents consistently map to one frozen V1 route,,0.0,1,complex:1,complex:1,,comparison,counselor_teacher,comparison:1,counselor_teacher:1,Data - Shivansh.csv,Data - Shivansh.csv:2347,legacy_cleaned_corpus,ce0ab34d6e4892dbe532,entityschool vs entityschool
fba902e6c3167108,best chemistry schools in California,best chemistry schools in california,medium,intent_policy,0.98,Recognized intents consistently map to one frozen V1 route,,0.0,1,medium:1,medium:1,,filtered_search,counselor_teacher,filtered_search:1,counselor_teacher:1,Data - Shivansh.csv,Data - Shivansh.csv:3463,legacy_cleaned_corpus,95c816a8832e9f5b6f9f,best entityprogram schools in entityplace
fd2c45fb39343267,what schools should i apply to for architecture not Florida under 20k,what schools should i apply to for architecture not florida under 20k,complex,intent_policy,0.98,Recognized intents consistently map to one frozen V1 route,,0.0,1,medium:1,medium:1,,recommendation,parent,recommendation:1,parent:1,Data - Shivansh.csv,Data - Shivansh.csv:278,legacy_cleaned_corpus,d0dd1e4cd38fd443fe03,what schools should i apply to for entityprogram not entityplace under entitynumber
fd89d9a9fdc9f4c0,University of Washington job placement for data science,university of washington job placement for data science,medium,intent_policy,0.98,Recognized intents consistently map to one frozen V1 route,,0.0,1,medium:1,medium:1,,career_outcomes,advisor,career_outcomes:1,advisor:1,Data - Shivansh.csv,Data - Shivansh.csv:3015,legacy_cleaned_corpus,d0687d4ccce8a647d6f4,entityschool job placement for entityprogram
fdd132b553b359e4,how do i apply to Penn State,how do i apply to penn state,medium,intent_policy,0.98,Recognized intents consistently map to one frozen V1 route,,0.0,3,complex:1|medium:2,complex:1|medium:2,,admissions_process,counselor_teacher,admissions_process:3,advisor:1|college_student:1|counselor_teacher:1,Data - Shivansh.csv,Data - Shivansh.csv:862|Data - Shivansh.csv:2734|Data - Shivansh.csv:2797,legacy_cleaned_corpus,1496450265c0af168f52,how do i apply to entityschool
fe733ba8f4129b98,Rice University tuition vs MIT tuition,rice university tuition vs mit tuition,complex,intent_policy,0.98,Recognized intents consistently map to one frozen V1 route,,0.0,1,complex:1,complex:1,,comparison,advisor,comparison:1,advisor:1,Data - Shivansh.csv,Data - Shivansh.csv:1636,legacy_cleaned_corpus,2f64caaf4228bd36bc7c,entityschool tuition vs entityschool tuition
fecc33b6fe1485cb,how do i apply to Carnegie Mellon,how do i apply to carnegie mellon,medium,intent_policy,0.98,Recognized intents consistently map to one frozen V1 route,,0.0,2,medium:2,medium:2,,admissions_process,counselor_teacher,admissions_process:2,advisor:1|counselor_teacher:1,Data - Shivansh.csv,Data - Shivansh.csv:3283|Data - Shivansh.csv:4299,legacy_cleaned_corpus,1496450265c0af168f52,how do i apply to entityschool
ff4b9c22aecd727e,four year cost of Penn State including housing,four year cost of penn state including housing,complex,intent_policy,0.98,Recognized intents consistently map to one frozen V1 route,,0.0,1,complex:1,complex:1,,rewrite_needed,parent,rewrite_needed:1,parent:1,Data - Shivansh.csv,Data - Shivansh.csv:877,legacy_cleaned_corpus,77f4f7a26cd4cc07453e,four year cost of entityschool including housing
ff9d3024779c776d,Boston University tuition vs NYU tuition,boston university tuition vs nyu tuition,complex,intent_policy,0.98,Recognized intents consistently map to one frozen V1 route,,0.0,1,complex:1,complex:1,,comparison,advisor,comparison:1,advisor:1,Data - Shivansh.csv,Data - Shivansh.csv:277,legacy_cleaned_corpus,2f64caaf4228bd36bc7c,entityschool tuition vs entityschool tuition
ffae8a6599a43aa8,schools like UCLA but cheaper,schools like ucla but cheaper,complex,intent_policy,0.98,Recognized intents consistently map to one frozen V1 route,,0.0,1,complex:1,complex:1,,recommendation,college_student,recommendation:1,college_student:1,Data - Shivansh.csv,Data - Shivansh.csv:2901,legacy_cleaned_corpus,4cc872421a190decb5f0,schools like entityschool but cheaper
ffdef483cca96081,Stanford vs USC for chemistry,stanford vs usc for chemistry,complex,intent_policy,0.98,Recognized intents consistently map to one frozen V1 route,,0.0,1,complex:1,complex:1,,comparison,counselor_teacher,comparison:1,counselor_teacher:1,Data - Shivansh.csv,Data - Shivansh.csv:1157,legacy_cleaned_corpus,302760a8b5dd7f263a23,entityschool vs entityschool for entityprogram
f7b296a0fa98a46d,Caltech admissions profile average sat and gpa,caltech admissions profile average sat and gpa,medium,,,,,,,,,,multi_constraint,counselor_teacher,,,Data - Shivansh.csv,Data - Shivansh.csv:233|Data - Shivansh.csv:1588,closeout_policy_review_of_submitted_annotation,548f4dfe8f885917e7ce,entityschool admissions profile average sat and gpa
0eadd9e476799266,Carnegie Mellon admissions profile average sat and gpa,carnegie mellon admissions profile average sat and gpa,medium,,,,,,,,,,attribute_lookup,counselor_teacher,,,Data - Shivansh.csv,Data - Shivansh.csv:235|Data - Shivansh.csv:1236|Data - Shivansh.csv:1263,closeout_policy_review_of_submitted_annotation,548f4dfe8f885917e7ce,entityschool admissions profile average sat and gpa
0568d9250e8800a0,Columbia admissions profile average sat and gpa,columbia admissions profile average sat and gpa,medium,,,,,,,,,,b2b_partnership,counselor_teacher,,,Data - Shivansh.csv,Data - Shivansh.csv:1632|Data - Shivansh.csv:1688,closeout_policy_review_of_submitted_annotation,548f4dfe8f885917e7ce,entityschool admissions profile average sat and gpa
79949a5c679fb1b8,Duke admissions profile average sat and gpa,duke admissions profile average sat and gpa,medium,,,,,,,,,,recommendation,counselor_teacher,,,Data - Shivansh.csv,Data - Shivansh.csv:957|Data - Shivansh.csv:1321,closeout_policy_review_of_submitted_annotation,548f4dfe8f885917e7ce,entityschool admissions profile average sat and gpa
b5db16c5567f9d59,four year cost of Carnegie Mellon including housing,four year cost of carnegie mellon including housing,complex,,,,,,,,,,multi_constraint,parent,,,Data - Shivansh.csv,Data - Shivansh.csv:372|Data - Shivansh.csv:579|Data - Shivansh.csv:1764,closeout_policy_review_of_submitted_annotation,77f4f7a26cd4cc07453e,four year cost of entityschool including housing
493cd56579566398,four year cost of Duke including housing,four year cost of duke including housing,complex,,,,,,,,,,campus_life_fit,parent,,,Data - Shivansh.csv,Data - Shivansh.csv:268|Data - Shivansh.csv:1555,closeout_policy_review_of_submitted_annotation,77f4f7a26cd4cc07453e,four year cost of entityschool including housing
2945a2062918b4cf,four year cost of Harvard including housing,four year cost of harvard including housing,complex,,,,,,,,,,attribute_lookup,parent,,,Data - Shivansh.csv,Data - Shivansh.csv:537|Data - Shivansh.csv:1171,closeout_policy_review_of_submitted_annotation,77f4f7a26cd4cc07453e,four year cost of entityschool including housing
aac9d8f2f48e1c58,four year cost of Stanford including housing,four year cost of stanford including housing,complex,,,,,,,,,,campus_life_fit,parent,,,Data - Shivansh.csv,Data - Shivansh.csv:731|Data - Shivansh.csv:1982,closeout_policy_review_of_submitted_annotation,77f4f7a26cd4cc07453e,four year cost of entityschool including housing
74170f3043ae8e98,four year cost of UC Berkeley including housing,four year cost of uc berkeley including housing,complex,,,,,,,,,,multi_constraint,parent,,,Data - Shivansh.csv,Data - Shivansh.csv:84|Data - Shivansh.csv:765|Data - Shivansh.csv:1970|Data - Shivansh.csv:2380,closeout_policy_review_of_submitted_annotation,77f4f7a26cd4cc07453e,four year cost of entityschool including housing
d7b7a6bb0a4c4ad8,four year cost of UC Irvine including housing,four year cost of uc irvine including housing,complex,,,,,,,,,,multi_constraint,parent,,,Data - Shivansh.csv,Data - Shivansh.csv:554|Data - Shivansh.csv:1711,closeout_policy_review_of_submitted_annotation,77f4f7a26cd4cc07453e,four year cost of entityschool including housing
395fc1b9fdd4c572,four year cost of UCLA including housing,four year cost of ucla including housing,complex,,,,,,,,,,rewrite_needed,parent,,,Data - Shivansh.csv,Data - Shivansh.csv:257|Data - Shivansh.csv:1068,closeout_policy_review_of_submitted_annotation,77f4f7a26cd4cc07453e,four year cost of entityschool including housing
d364ebd3b71ad571,four year cost of University of Florida including housing,four year cost of university of florida including housing,complex,,,,,,,,,,b2b_partnership,parent,,,Data - Shivansh.csv,Data - Shivansh.csv:281|Data - Shivansh.csv:1100,closeout_policy_review_of_submitted_annotation,77f4f7a26cd4cc07453e,four year cost of entityschool including housing
4868038c253cb27e,four year cost of University of Maryland including housing,four year cost of university of maryland including housing,complex,,,,,,,,,,b2b_partnership,parent,,,Data - Shivansh.csv,Data - Shivansh.csv:282|Data - Shivansh.csv:545|Data - Shivansh.csv:1567,closeout_policy_review_of_submitted_annotation,77f4f7a26cd4cc07453e,four year cost of entityschool including housing
6ab96bb3b718cf3b,four year cost of University of Wisconsin including housing,four year cost of university of wisconsin including housing,complex,,,,,,,,,,admissions_process,parent,,,Data - Shivansh.csv,Data - Shivansh.csv:359|Data - Shivansh.csv:832|Data - Shivansh.csv:1332,closeout_policy_review_of_submitted_annotation,77f4f7a26cd4cc07453e,four year cost of entityschool including housing
6fc88b2b5eb51b46,Georgia Tech admissions profile average sat and gpa,georgia tech admissions profile average sat and gpa,medium,,,,,,,,,,b2b_partnership,counselor_teacher,,,Data - Shivansh.csv,Data - Shivansh.csv:604|Data - Shivansh.csv:1130|Data - Shivansh.csv:1145|Data - Shivansh.csv:1262,closeout_policy_review_of_submitted_annotation,548f4dfe8f885917e7ce,entityschool admissions profile average sat and gpa
7343209aae89b2ff,MIT admissions profile average sat and gpa,mit admissions profile average sat and gpa,medium,,,,,,,,,,attribute_lookup,counselor_teacher,,,Data - Shivansh.csv,Data - Shivansh.csv:341|Data - Shivansh.csv:1032|Data - Shivansh.csv:1659,closeout_policy_review_of_submitted_annotation,548f4dfe8f885917e7ce,entityschool admissions profile average sat and gpa
0b4ec33bab58e1e9,Rice University admissions profile average sat and gpa,rice university admissions profile average sat and gpa,medium,,,,,,,,,,multi_constraint,counselor_teacher,,,Data - Shivansh.csv,Data - Shivansh.csv:88|Data - Shivansh.csv:128|Data - Shivansh.csv:625|Data - Shivansh.csv:1076|Data - Shivansh.csv:1760,closeout_policy_review_of_submitted_annotation,548f4dfe8f885917e7ce,entityschool admissions profile average sat and gpa
845269fd08ec9571,UC Berkeley admissions profile average sat and gpa,uc berkeley admissions profile average sat and gpa,medium,,,,,,,,,,attribute_lookup,counselor_teacher,,,Data - Shivansh.csv,Data - Shivansh.csv:211|Data - Shivansh.csv:1614,closeout_policy_review_of_submitted_annotation,548f4dfe8f885917e7ce,entityschool admissions profile average sat and gpa
17ee16c31bea6389,UC Irvine scholarships,uc irvine scholarships,medium,,,,,,,,,,cost_financial_aid,college_student,,,Data - Shivansh.csv,Data - Shivansh.csv:15|Data - Shivansh.csv:1329|Data - Shivansh.csv:1400,closeout_policy_review_of_submitted_annotation,741b6aa2dae04972e2c3,entityschool scholarships
4466b2500cf1e588,University of Michigan admissions profile average sat and gpa,university of michigan admissions profile average sat and gpa,medium,,,,,,,,,,attribute_lookup,counselor_teacher,,,Data - Shivansh.csv,Data - Shivansh.csv:1184|Data - Shivansh.csv:2110,closeout_policy_review_of_submitted_annotation,548f4dfe8f885917e7ce,entityschool admissions profile average sat and gpa
100274eab9119919,University of Washington admissions profile average sat and gpa,university of washington admissions profile average sat and gpa,medium,,,,,,,,,,admissions_process,counselor_teacher,,,Data - Shivansh.csv,Data - Shivansh.csv:44|Data - Shivansh.csv:1369|Data - Shivansh.csv:1389,closeout_policy_review_of_submitted_annotation,548f4dfe8f885917e7ce,entityschool admissions profile average sat and gpa
67c6f10137695270,University of Wisconsin admissions profile average sat and gpa,university of wisconsin admissions profile average sat and gpa,medium,,,,,,,,,,b2b_partnership,counselor_teacher,,,Data - Shivansh.csv,Data - Shivansh.csv:923|Data - Shivansh.csv:1148|Data - Shivansh.csv:1327|Data - Shivansh.csv:2067,closeout_policy_review_of_submitted_annotation,548f4dfe8f885917e7ce,entityschool admissions profile average sat and gpa
