query_id,family_id,fold
0002e0bbb34287ba,0002e0bbb34287ba0213,0
001beacb932da5eb,001beacb932da5ebc37c,0
00237c37add1943d,00237c37add1943d8f8d,0
0044bfc95cb07e0c,0044bfc95cb07e0c2bc7,0
00517f4f2e0018f1,00517f4f2e0018f12895,0
007fe9a6d60ee170,007fe9a6d60ee170fd51,0
0096e25288fe8cb2,0096e25288fe8cb24245,0
00d296dad437d150,00d296dad437d15046c3,0
00e9ade60fd75641,00e9ade60fd75641ffdf,0
0104d83642391e5f,0104d83642391e5fc85f,0
0135975ddf2edd19,0135975ddf2edd19c81b,0
015b56c9d4ae686e,015b56c9d4ae686e1307,0
01910e68d27b3f9d,01910e68d27b3f9d7a7b,0
0197c74ffc08986f,0197c74ffc08986f9240,0
01c07686c2a9a735,01c07686c2a9a735053c,0
01f3abb777198cb9,9a4e0c39ccb25d727bea,0
02178b7588a2dcb6,02178b7588a2dcb6c1a1,0
022849368ab4d9e5,022849368ab4d9e570c0,0
023511f403a51ca0,023511f403a51ca0420a,0
023d5ad01295f799,7eb88dd717811e497e28,0
026f8b5d13db3776,026f8b5d13db37764671,0
027137e467058805,027137e46705880518c2,0
02898323601de4af,02898323601de4afc96a,0
0290dde3efe8879f,1174b4da2961911bacc8,0
029cc2c9de138ca1,029cc2c9de138ca1369e,0
02c42bad06eba276,02c42bad06eba27648e1,0
02d25f3fcee86f66,02d25f3fcee86f66061a,0
0303f1533812409b,0303f1533812409b4c02,0
03094d942c4ca46e,7a63d857d9c4488b49c3,0
0325e66e180b3bc9,0325e66e180b3bc9b691,0
033f506ae6784859,033f506ae6784859fcd3,0
0346a6f6bf26fb44,f78cd3fb306550163bc4,0
034bd37e80a17492,626383c0465ee7a30898,0
035970f7b0d4ebfd,62023df378bb4fc133e6,0
035df90f6b5ae04f,035df90f6b5ae04f8fe3,0
03826bcca26550e3,03826bcca26550e3c484,0
039c80a9319a8d37,51c137a4a6b051ceddcb,0
03a01918d216373c,03a01918d216373cbfff,0
03d579f4a893b1c9,03d579f4a893b1c93925,0
03deefc54e7136d7,03deefc54e7136d75072,0
04164596ad6024f3,997d20a6b7554690964f,0
043fbf28df49727c,7363834f2ecdc19e7f5b,0
04427fc4cd5e2b6f,04427fc4cd5e2b6f86dd,0
0446173d4f5c548d,0446173d4f5c548d8322,0
044ea348d2e1e32d,044ea348d2e1e32df178,0
04633a84998c19b7,04633a84998c19b74b8d,0
047d69985c800daf,047d69985c800daf2a76,0
04b73cb60d094c8e,04b73cb60d094c8e723c,0
04bb80b1049470f0,5fe3cab8e969b09c2fb4,0
04c7726f664d5a21,be8190142942ddf41bae,0
04dea049198e6212,04dea049198e621286ff,0
04ef03e7829df771,c833a2000fb9ee208441,0
04f58a05fda192a8,fdc42c172126dddb2881,0
051c7c8492201153,853dc378c473e49e4308,0
052ee5f93f11a992,052ee5f93f11a9925961,0
0561f42b46d20ccc,fd4f92a7940eb9c23292,0
058a7e0f04ae4d12,058a7e0f04ae4d12a215,0
058de837e6c6f717,058de837e6c6f717b8c7,0
05bac83a78826367,c04019c31e41ac744577,0
05baf54a78567bf1,05baf54a78567bf1145e,0
05ddd776e3e82d40,853dc378c473e49e4308,0
05de8e46393530c1,d1bb2e9753f0f1c1c280,0
05e231073921bfe8,05e231073921bfe88e31,0
05e70a950d2b4d28,3011989fd64d6b9dc995,0
05eb59f255b56e30,05eb59f255b56e308221,0
060de0cfcd70eea4,060de0cfcd70eea4241f,0
06525950a3214957,06525950a3214957bc2d,0
065c3f5a86ef2753,853dc378c473e49e4308,0
0668aa55339216c8,0668aa55339216c8d099,0
066acbfb72585066,066acbfb72585066445b,0
06797c20f3434115,06797c20f3434115dc18,0
0693cd06fea7297f,0693cd06fea7297f53bc,0
069a7c6709942be5,838d114eacba85824b27,0
06a359af86248129,e45c333289b035a93aa3,0
06b0ca77475cfd48,06b0ca77475cfd48e524,0
06c7305305f7d958,06c7305305f7d9584b81,0
06d2fcaa1e16b4ea,06d2fcaa1e16b4ea227b,0
06d43b6d58bfd09d,06d43b6d58bfd09da4d8,0
06eadf0ef9bfe41b,8a5a2713952f20f9b89e,0
070ab8968c032747,30c42bd29cfd11b1e725,0
071dfd977d23a68b,071dfd977d23a68be93d,0
072efa167cec5c61,072efa167cec5c616408,0
073cb8519d2d48c7,a2fbcbdc22dd9130c2ac,0
078f04aa97b50558,0d1dc9001c2514dd2939,0
079cd548b8dff8c1,079cd548b8dff8c122ec,0
07d2d3532910ef64,07d2d3532910ef64e4f3,0
07df1e42b5f61245,07df1e42b5f61245696e,0
082762ad62c44825,082762ad62c44825806f,0
082a60a0c3ad2b5b,082a60a0c3ad2b5bce84,0
083767d3d0205769,d981ea1068dfb0b7269b,0
083c957bf6364b4e,083c957bf6364b4e90af,0
0859bd5dfd6b5a4d,0859bd5dfd6b5a4d0821,0
0863ae50f0239518,0863ae50f0239518b789,0
087bc9b78209af64,d63bdd8f9021298edf71,0
08888f048f8880ad,08888f048f8880ad86a8,0
08900f4c44bbba77,08900f4c44bbba774420,0
08946139440a05c3,08946139440a05c3e3b0,0
0898581263324514,d5cee8a7ea05c37dfd01,0
08a8a2d585de85e0,853dc378c473e49e4308,0
08d9b0e5ed51b53d,bd43ce19c326542aad81,0
08e7384824a453a6,08e7384824a453a6c250,0
0944558235795364,0944558235795364e109,0
0958b17af816a4b0,0958b17af816a4b05914,0
096767f319b6275c,096767f319b6275c7a40,0
09925eccaee2488e,b68434518c3160879133,0
099cf847b3d05f8a,099cf847b3d05f8a2775,0
09a6b276fa300826,c2f4493b921edae23509,0
09ae3452baa0d5a0,09ae3452baa0d5a0aa42,0
09b7d6607681361f,09b7d6607681361f51d0,0
09bc854d6f5acd2c,7aaa7b239ae9afddfb97,0
09eae3eca58dd87e,09eae3eca58dd87e4c43,0
09fa47cf80c334f4,09fa47cf80c334f4fab6,0
09fe07ddf4ead182,5bac3f53a80de9acfece,0
0a2ec618d8bd540f,0a2ec618d8bd540f185e,0
0a33124845d50c48,0a33124845d50c48f640,0
0a3988181652ae92,0a3988181652ae92682b,0
0a515a3feed5bfc8,0a515a3feed5bfc85b03,0
0a62066b05cf45ae,706d7c2d65ff5d651bc8,0
0ab3daf34ff97d25,0ab3daf34ff97d2518b8,0
0ae26d6cc70b4a2e,0ae26d6cc70b4a2e0746,0
0b29dd079dd9b790,0b29dd079dd9b79079d0,0
0b3e01fc9386d281,0b3e01fc9386d281f198,0
0b8a8f5fbfd81de6,853dc378c473e49e4308,0
0b8dd9c44579afea,0b8dd9c44579afea1487,0
0b93c8cd96d8a7ce,f78cd3fb306550163bc4,0
0b941d6f661f964b,0b941d6f661f964b2a3c,0
0bc31a7ef0c43706,0bc31a7ef0c4370631ce,0
0bd705af96fbb2c2,f78cd3fb306550163bc4,0
0be6ed1087949206,0be6ed108794920667c4,0
0bec76a584389893,c13b7c0d849926a3e498,0
0bfd775b236c81c4,0bfd775b236c81c44b22,0
0c025f82ce6d351a,0c025f82ce6d351aab83,0
0c274d2a18f2b88e,0c274d2a18f2b88e4b7d,0
0c3741358be0401b,9b98694d403ef0dd7c9e,0
0c454105b933014b,0c454105b933014b2fb2,0
0c4ef0dbea3f9679,0c4ef0dbea3f96795b58,0
0cb675f272411153,0cb675f2724111530eda,0
0cd8b31878c47f11,0cd8b31878c47f111483,0
0cf2726fddb79bc5,df38ac7010e0450ae3bf,0
0cfe753b4032bcb9,0cfe753b4032bcb95efc,0
0d49ad719a078926,0d49ad719a078926991c,0
0d61333f9ebdb31b,0d61333f9ebdb31b8fc6,0
0db54208e691ba1f,0db54208e691ba1f5cf3,0
0dc46bd5094c080d,0dc46bd5094c080d3e70,0
0dc4d0faef6d588f,6ee03e2f9b68425c8734,0
0ddbf1ecd9f9b84c,0ddbf1ecd9f9b84c5bca,0
0e20f271b2f6f512,701604c8936a980d6f7e,0
0e26dd204d82f2f0,0e26dd204d82f2f0b3ea,0
0e2c2591a5729387,0e2c2591a57293873e28,0
0e47708b3e192eac,0e47708b3e192eacf986,0
0e7515618a47da43,0e7515618a47da4396eb,0
0eb01733cd738ad5,0eb01733cd738ad51702,0
0eb9069df6810b49,0eb9069df6810b49a3f4,0
0ec52e4965e3b52b,0ec52e4965e3b52bff25,0
0ee1d721364dc1cf,0ee1d721364dc1cf37db,0
0ee9a7150733ee69,0ee9a7150733ee69f8d3,0
0ef78dacfdd843ec,0ef78dacfdd843ec706a,0
0efcaac7fb822a0d,0efcaac7fb822a0da1de,0
0f00cf391dceb4a6,0f00cf391dceb4a6d354,0
0f246ef7d54d482b,fe0894a1c93e54e95b4b,0
0f299056f680ed57,0f299056f680ed573963,0
0f787009d28c2885,0f787009d28c2885cd8b,0
0f97b878cdd8f862,0f97b878cdd8f862b8a4,0
0fc92570d450d2c7,0fc92570d450d2c71568,0
0ff0900a5d92d0d1,b2eb539e49d71db5ae6a,0
0ff310a8e26b4f63,0ff310a8e26b4f635e84,0
1003b41d43c0439d,1003b41d43c0439d1d2c,0
1008092f113a63d6,de67d64c4c223cdd6fb5,0
1008d7606632501b,1008d7606632501bba5d,0
1036a8256dd7318b,08c890340b472d8050c6,0
103771f68f0ceafe,103771f68f0ceafebee8,0
104a8c653d7e88ed,c0984323c23a478de617,0
1055ea7f1d033dc3,1055ea7f1d033dc3e2a6,0
107f5b1d1a6aef77,107f5b1d1a6aef77fa9c,0
10984d86ec0469b4,10984d86ec0469b43984,0
10a48d5c9aa58a3a,10a48d5c9aa58a3aca25,0
10f39c746568caf7,10f39c746568caf7adb3,0
10ffe0d52d237c0e,10ffe0d52d237c0ed404,0
11c9dfd948ef9ac0,11c9dfd948ef9ac00062,0
11cdad216a1e6228,6bd1d0fdb691e9995600,0
11dba5e2f12d0ade,3323f559228334968589,0
11dd63f8bdcd3027,11dd63f8bdcd30276022,0
11f1c44c1f81edd3,1c566970b7e6508b9257,0
120ac315c52d9412,120ac315c52d941248c5,0
124e8e26f86831a0,124e8e26f86831a0e5a0,0
125faa42d4455f47,125faa42d4455f47a5b3,0
1279c19d65a75f4e,1279c19d65a75f4ec62c,0
12a676ed7537df6a,12a676ed7537df6a01ba,0
12b0fae14bab7185,12b0fae14bab71859ed1,0
12c9d21fbc55e01e,12c9d21fbc55e01ef2ef,0
12da628291b6842b,12da628291b6842b92cc,0
12ef2d401bd80d19,12ef2d401bd80d198165,0
13001454a7940da3,24f3bae6774900110fad,0
130b9a8e17076b99,130b9a8e17076b99af6a,0
133f4d46b92bade7,133f4d46b92bade7f662,0
134ddefafbbeb28c,134ddefafbbeb28cfe2c,0
1362795701f4984e,e376f1f1ee1980c43f78,0
138303b68f1ba5ec,138303b68f1ba5ecfc3f,0
13b7e298f537f341,13b7e298f537f341bfbf,0
13c3db8da0ac61c9,d7702234e94ed41f14ce,0
13d20e56536e76a9,13d20e56536e76a99f55,0
14069d73470ccfc9,255137584b68b5e7d708,0
140aa616ab86b3e4,140aa616ab86b3e4ddd3,0
140b20424703ecd5,140b20424703ecd5fff4,0
140da3c70fabe7b8,e4433d331a2226ade5a2,0
1465d15e5810abd3,1465d15e5810abd3717b,0
14b182da7412e5be,14b182da7412e5bef5b6,0
14b436a1e4381960,14b436a1e4381960df84,0
14c38bc33be18fd1,14c38bc33be18fd181cf,0
14ca78feec7e75e8,853dc378c473e49e4308,0
14d76550c108f3fd,14d76550c108f3fd634b,0
1527f2859a28d2b7,1527f2859a28d2b765ff,0
152b10dd5c2c994b,74e339af5468be906037,0
1537479a2ef9a298,1537479a2ef9a2983822,0
154afad1613f04b8,3c471e912ea8a51b83c0,0
15619fc5f1076741,15619fc5f10767419afb,0
156d6d5229f9e63d,156d6d5229f9e63d542c,0
15b75f272d764468,3f9a9aff6a672174c521,0
15c416e908015df6,15c416e908015df626c5,0
15edd1063b3aee3a,15edd1063b3aee3abec5,0
15fa7a71a9e57d24,15fa7a71a9e57d24f356,0
160a2eef2848b65b,1fc19c5c8fcc583c09bd,0
162d88f336b60ed5,162d88f336b60ed50e30,0
164f7e2359f65eae,164f7e2359f65eae659d,0
16611d5855c472c0,16611d5855c472c0fe83,0
16720b721d672049,16720b721d67204939cc,0
167c266804ecee6d,f1616bf60b61b70ae3d7,0
1688083c333e46cf,6082e3211b692909510c,0
16a42b8f301252d4,16a42b8f301252d49237,0
16baf0780345d28d,16baf0780345d28d1a85,0
16ea28b066251b3c,16ea28b066251b3ce4ad,0
16fcbc454af55c0c,16fcbc454af55c0c30d2,0
171d058dece8a832,171d058dece8a8324d90,0
1723800a35997ace,1723800a35997ace8c09,0
173abe9110dac76d,173abe9110dac76d1478,0
1770920779111573,1770920779111573b811,0
17ab14a1e49f6221,17ab14a1e49f6221d189,0
17b7a7b96d48684e,65ab5d8cbf2d900ee2db,0
17c47197bb37e4bf,17c47197bb37e4bf903d,0
18035283989c7c7e,18035283989c7c7e2035,0
181500bd3db11185,86b90953b93cf96685b6,0
182644d7d9a8567b,f4c37e96bb2815e5910e,0
182fbc4d79fce0af,182fbc4d79fce0afb38f,0
1894e757435e5fb9,1894e757435e5fb98749,0
18a554b49b17d2e3,18a554b49b17d2e383e0,0
18ad904988022902,18ad90498802290284c8,0
18b07d971db7e581,18b07d971db7e58105a2,0
18e579263069c965,e11c0b93b68e6a245874,0
18f528e7ab44c965,18f528e7ab44c9651928,0
1915c20af295705b,1915c20af295705bf85e,0
1922527705973b1a,1922527705973b1a56aa,0
194c49c34e15dd1d,194c49c34e15dd1d6191,0
1995eb49e78d6070,1995eb49e78d6070abe2,0
199e1d8685721a73,199e1d8685721a73b42e,0
19ca1b9410ad71d4,19ca1b9410ad71d4cec2,0
19edfe71261cc625,19edfe71261cc6254f6b,0
1a0b27b2af582f71,b136b6d1061e249bdd3c,0
1a28830409a9a332,1a28830409a9a33232f3,0
1a4a507dbfb76a91,51c137a4a6b051ceddcb,0
1a4bf87b8c06e1dc,ec99086b3f5c25d577d2,0
1a4d974c0cd234d6,1a4d974c0cd234d6df66,0
1a8e43c769fa09dc,1a8e43c769fa09dc0a54,0
1ab5ab63ae2153d6,1ab5ab63ae2153d665eb,0
1acc29ea7a513a88,1acc29ea7a513a88dd9c,0
1b0f4e1ef045ce7f,1b0f4e1ef045ce7f2306,0
1b3516065e869a86,1b3516065e869a8697b2,0
1b68fa12071bb7b0,1b68fa12071bb7b080b1,0
1b8f9d0babbf7e31,1b8f9d0babbf7e31ca38,0
1b9bb021abba317e,efb7249fe65a8687ad25,0
1bb9f62f1c0cb05a,1bb9f62f1c0cb05ae476,0
1bd4c64a59a80db9,1bd4c64a59a80db983eb,0
1c02facf12d66151,1c02facf12d66151b411,0
1c1c3ffefb93b427,1c1c3ffefb93b427ec64,0
1c3c39478d1c3ce6,1c3c39478d1c3ce667cd,0
1c471ec4a03715b5,1c471ec4a03715b5d30c,0
1c614e993a9a350c,dd624fb9b63e5b7ef5a2,0
1c7530cd79fc760b,1c7530cd79fc760b6590,0
1cbd6e410066700e,86172223b76801701ef3,0
1cc1a47df84a1d7e,6d2d1f8ed34b8e007191,0
1cf7776f10087d2d,8a8ae32d609da9827242,0
1d04ea3090b01809,1d04ea3090b018097ac4,0
1d101d0fffe4d6fa,1d101d0fffe4d6fa1a7a,0
1d11eae7d028b6ea,dd748224539ce229d1da,0
1d2409b1191cfc14,1d2409b1191cfc1482bd,0
1dbb889c69a63c07,1dbb889c69a63c07c469,0
1dd7ce0ff8b53697,5fe3cab8e969b09c2fb4,0
1ddcfca3ac992102,30cc775eff50d81c9700,0
1de5c3ff18c0dc11,1de5c3ff18c0dc1114b3,0
1e1172fca6d732b4,33eef34e523ad5db9cbf,0
1e26b14aa9190573,1cbc287ef4874b1dece7,0
1e331e1f3702731c,1e331e1f3702731c7d1e,0
1e3b1d8e79351898,1e3b1d8e7935189823f8,0
1e64627e63cf791d,1e64627e63cf791daa55,0
1e75af21089006ec,1e75af21089006ecadeb,0
1e83a085365346f6,1e83a085365346f699cd,0
1eab39820d4662e1,b1e1b6b0ca2f69719849,0
1eafc5de901380a6,1eafc5de901380a63751,0
1eb33e507ae5de27,1eb33e507ae5de2790c3,0
1ebef9d69b87bf71,1ebef9d69b87bf710844,0
1ee4c76b3a181cc4,2e65a8d62e7174e4a550,0
1ef2ae466f9849b0,1ef2ae466f9849b09813,0
1f1d039cd32c19a1,1f1d039cd32c19a192c8,0
1f29406c1300417a,5fe3cab8e969b09c2fb4,0
1f42c31cdaa8efb9,1f42c31cdaa8efb96a8b,0
1f827c3e8534c5c3,1f827c3e8534c5c36cc5,0
1f9b45dff6738656,1f9b45dff6738656c27e,0
1f9d304990749745,1f9d3049907497458b6f,0
1fb588c3b06660d1,1fb588c3b06660d1b80a,0
1fdd716294c9a5c5,1d78fcd9f4e201cf9680,0
1fe41e4018c7367d,443304bb67f336435179,0
200eb1f849e850c0,5ee4c2af527a4c59ec42,0
202cff7651bedf7e,202cff7651bedf7e98bd,0
204bad82a3705f11,204bad82a3705f115f36,0
20ae94c98abe9e59,bacc5eec8ca8f006aa6c,0
20b69daad955804a,20b69daad955804a1724,0
20bf34914c979236,20bf34914c979236ab68,0
20c794d7ec5ac4f9,46ed21a097b3b07f8f1a,0
20ddfbdda81e2d3c,20ddfbdda81e2d3c8afb,0
20f9499580a4ec4a,51c137a4a6b051ceddcb,0
20fe58a5c1345117,cae58b47375a8f079ad6,0
210bfa030d018dce,210bfa030d018dce3c70,0
211f042237b3f468,211f042237b3f4683646,0
2187b4625f864598,b345656822c483e2f025,0
2187e0c22798756f,2187e0c22798756fb631,0
2190280ff248f2d9,2190280ff248f2d957b3,0
2196a5d7ae991721,2cfd09256e80cf8b5397,0
219c4cf0627aacf2,219c4cf0627aacf2bdad,0
21b74362d254fd33,21b74362d254fd338eba,0
21d78cde648f0a5c,21d78cde648f0a5cc785,0
220368cf2ee968d6,220368cf2ee968d60a99,0
2209fb3b84b56800,7aaa7b239ae9afddfb97,0
2216e654c1763973,2216e654c17639734c35,0
223680c32281eec3,3323f559228334968589,0
223908e43d0acf14,db73ed571695a192cfb5,0
223fb4f207ff1380,223fb4f207ff138065a1,0
22534d91efc28a58,22534d91efc28a585eea,0
225f330a031a9ab4,225f330a031a9ab4e902,0
22618c2b447b5af9,afa3c7fa6b9a2dcb5493,0
226ed12b741d0de9,226ed12b741d0de95163,0
2292d0538942a68a,2292d0538942a68a1682,0
2295f92ed4fbb140,494702c63be343491de9,0
22aba7ec221f2805,ac54d4375dfd954b3b37,0
22b7e0001e728647,22b7e0001e7286473a87,0
22c31607eae1cd6a,a043a0ef9ad8bdd5ecfd,0
22dc697b641dc89c,22dc697b641dc89cb34b,0
22dfc947889dcac7,c833a2000fb9ee208441,0
22efb234d5811db5,4f6e363f7686934cb417,0
232de1322dbf9e37,232de1322dbf9e3715e1,0
232fb57943ef0f69,5e8d7b502a2f49f6ffe6,0
237a33c30d00e8c8,237a33c30d00e8c849d8,0
23ad4bd75d3bd7ae,23ad4bd75d3bd7ae0a0f,0
23b250ecc22c84f7,1ff468a0dac21e80cd65,0
23b58df564a95a68,2dcc644eb8e95d403b3a,0
23d27dc8e267dae2,2e65a8d62e7174e4a550,0
23d3696b36455b5a,23d3696b36455b5afcb2,0
23f059a3f8beb66a,486e4e67b2bf4fb7d894,0
23fc0e2dd25c54d7,23fc0e2dd25c54d73c60,0
2448a6c247167727,2448a6c247167727317e,0
244adfd018cd51c5,92c219c9a82d9c7b8183,0
24570971435f061c,24570971435f061c49f8,0
245d050ee8ab67da,b9f683a3d78ed6033be1,0
249c84cc5fb3815e,249c84cc5fb3815eb58d,0
24a8ce032bf3fa23,899cd913b4556571c40d,0
24c99d04a61eafa0,24c99d04a61eafa0f81d,0
24e179bcb77579d5,24e179bcb77579d54028,0
24e3e422aa2ac94c,6e9794a6cf183ec10c9b,0
253aa27c3f715719,bf05ce2aa05fefd92cc7,0
2562b195f4cbe5a1,2562b195f4cbe5a127ee,0
2574c432c9646a77,2574c432c9646a773ff2,0
258be8254a7ee2b5,258be8254a7ee2b52c4c,0
259524467ddd44ff,8ead249584fab4fb2bbf,0
25c0660ca7d01a33,25c0660ca7d01a338ae8,0
25c1aefad1351dc6,25c1aefad1351dc60cb9,0
25d1e22881b8a5eb,25d1e22881b8a5eb13da,0
25d3230e765c69a2,25d3230e765c69a24dbb,0
2608e2cbf4326857,2608e2cbf432685724f2,0
2613d3da2b8dfe19,17b94ff88361042e8ac2,0
261cd028bd04e2d1,261cd028bd04e2d1d43a,0
26560ba0850a074b,26560ba0850a074bd95b,0
266b1e4704dc76b3,266b1e4704dc76b32c05,0
2676777eac307273,2676777eac307273582c,0
268682dccb5087ad,268682dccb5087ad5046,0
26dba44ae6d423d2,26dba44ae6d423d2e4ff,0
26e98282212529d4,26e98282212529d42a3f,0
27127f6f7175f83a,27127f6f7175f83a899a,0
27249403c53d3b53,27249403c53d3b537d36,0
275446109d5d2d12,275446109d5d2d121a51,0
277ef0b2e9898f59,277ef0b2e9898f59e7d8,0
27c3e3b8605ff03f,27c3e3b8605ff03f0f23,0
27d963ed9466ca05,27d963ed9466ca059a99,0
27f60a970e615056,27f60a970e615056e269,0
280402691eb0573b,280402691eb0573b285b,0
2809f04e97ef688c,a0284e98e574cc913400,0
280cbf20764593d4,280cbf20764593d40bb8,0
28139ac13d85a928,aef1b358ab2bdaa447d2,0
28374e050b7d194f,28374e050b7d194f69f5,0
2869da89592d6340,2869da89592d63408438,0
28729122be42e752,7b655988608ad2d21ee3,0
287f2710ddf9b4a8,e9721c5623833e822d7d,0
28b5a2262ae86114,28b5a2262ae86114fc6a,0
295141a90a3d3a3e,295141a90a3d3a3e1390,0
2971d8b1653fba0b,c833a2000fb9ee208441,0
298eb7e71dbc13a5,a043a0ef9ad8bdd5ecfd,0
29a783395e688ab8,29a783395e688ab893be,0
29cfa8a552caed49,29cfa8a552caed494248,0
29ea3fde3b71e238,29ea3fde3b71e238a6c2,0
29ffbf1b3a1bf593,29ffbf1b3a1bf5938305,0
2a01cd1955f9bc32,7d3024396fb983cee53f,0
2a3fee4e223b5bf4,2a3fee4e223b5bf467e0,0
2a5703819c698dfa,853dc378c473e49e4308,0
2a76babb5df30e3f,2a76babb5df30e3f4552,0
2a7ec4c2a07f0722,2a7ec4c2a07f0722be86,0
2a8e3135d2316c73,2a8e3135d2316c7366a2,0
2abe4abfc2427c84,2abe4abfc2427c841213,0
2ac05cb0ca4bbc91,2369cf9ed99d32716a2e,0
2aca89d6862ff9d5,2aca89d6862ff9d57275,0
2ae6db0e7c8b7cc0,83050473551bd976995f,0
2b2674dc9c0697bb,2b2674dc9c0697bbbc57,0
2b49c9ea1c0ecf49,2b49c9ea1c0ecf499b86,0
2b6e13f49e75f5d7,f40f71cfc4508a89c5ca,0
2b85b233519ef931,2b85b233519ef931a93b,0
2b98c6f622091d62,c0223c57621540b0a7eb,0
2ba0d96304ce7cc3,2ba0d96304ce7cc32b74,0
2bad46259902489b,ec768b67c97c195aa235,0
2bd11c47d5ee52ea,2bd11c47d5ee52ea9986,0
2bf25b2481b4e032,2bf25b2481b4e03222a5,0
2bf3931b4cd9b0eb,2bf3931b4cd9b0eb776a,0
2c0c6bc52683ecb8,b78231520b21c8efd96c,0
2c36cb98437ff367,2c36cb98437ff3670bf6,0
2c3ef3a2451b5568,5f46cd547899fe3f1957,0
2c472f7f57ae4dca,2c472f7f57ae4dca2740,0
2c533b3cb8ab7193,8064419a860fe0ff6aa8,0
2c68cac5afe4ed99,2c68cac5afe4ed99d933,0
2c6e6f47ccd8225d,2c6e6f47ccd8225d023e,0
2c88752a002953a4,2c88752a002953a440cb,0
2cc24642faec7326,419c74c02cffe0f88e1f,0
2cd70c609f510a2b,55c1b19f447b531005b2,0
2cd876c5a93c795e,2cd876c5a93c795e46a4,0
2cdb6354ce1cc839,2cdb6354ce1cc8398963,0
2d1f7d2fdb91013a,2d1f7d2fdb91013abbaa,0
2d38422b8f7b82a9,2d38422b8f7b82a925ab,0
2d3b4a756900131a,2d3b4a756900131af68b,0
2d434ad42cdc7d91,70be97147577c255eaba,0
2d58445ea7d10450,992c9be4267dcad14c64,0
2d7901591c989974,2d7901591c989974449f,0
2d839ff80a0dfbf8,2d839ff80a0dfbf886e1,0
2da7c8ab2a42200b,2da7c8ab2a42200bf529,0
2db1ae1e2dea7a3b,2db1ae1e2dea7a3b82ec,0
2dd615fa0791ede2,f78cd3fb306550163bc4,0
2dddc9f9b39712d6,2dddc9f9b39712d675d7,0
2df89389f1d017c7,e1a6495d4ba567b3f828,0
2e1f3a251ebfdd71,2e1f3a251ebfdd711e55,0
2e33177cef1e93a7,2e33177cef1e93a7894c,0
2e5c7af32e3f4154,5cad75f1da9168ae48e1,0
2e6eb72f863238d6,2e6eb72f863238d65357,0
2ea5316b16a8e4b1,2ea5316b16a8e4b16e6f,0
2eab47636d3f657a,2eab47636d3f657a9e8b,0
2ee9d2bdc67938a7,2ee9d2bdc67938a751e5,0
2ef572264dced424,ffb7c92503b37bdc67b4,0
2efad01ae47104b6,2efad01ae47104b66a57,0
2f0e33e0437541a1,2f0e33e0437541a18519,0
2f5c3bd4ac773fa3,2f5c3bd4ac773fa3999c,0
2f64250df5aed905,db17fcfa7691601d901d,0
2f6574a96d6d11ac,2f6574a96d6d11ac53af,0
2f94f38a723a2861,2f94f38a723a2861db58,0
2fb03b4695832de6,324d0f600d65e2eb308b,0
2fb604db5927697b,2fb604db5927697b5751,0
2fc9550042a6eeb0,2fc9550042a6eeb013e9,0
2fd67c2611c31279,2fd67c2611c31279a960,0
2ffac89784214012,2ffac897842140127c26,0
3028c1c5effdedc5,0ace3bcf2c4dd8000777,0
3045bffc51be1555,3045bffc51be155510fc,0
3065d0a844147875,3065d0a8441478753948,0
3086c1b19561a687,3086c1b19561a687eed4,0
3097cb0990f0520b,3097cb0990f0520b0548,0
30bae14b9fa59ad1,30bae14b9fa59ad17703,0
30d875e2835a7728,30d875e2835a7728f918,0
30e0097258beb17d,30e0097258beb17d9659,0
30fedde2ee6387f3,30fedde2ee6387f3417f,0
311713b381e3d5d8,311713b381e3d5d86023,0
314982c61775d60b,314982c61775d60b047b,0
31544af98776da24,31544af98776da24b477,0
316d833052b9fa90,316d833052b9fa90f119,0
318d885dc60c3630,318d885dc60c3630aaba,0
31a9bfe3e0771462,a281e24215a6006b72e0,0
31af4a77d773e1bf,31af4a77d773e1bfb65c,0
31cff12c9981dc5b,bd1f7419f57dcf2ff49d,0
31d410b4813646d8,31d410b4813646d8c07a,0
31ed812f76391008,31ed812f763910080e7a,0
3210d5754ba1b364,0b20d0798babcfca992a,0
3216b991b465af11,3216b991b465af114aa2,0
3240d470aadbbaf8,3240d470aadbbaf86106,0
3241cc7aca8880f1,3241cc7aca8880f18bed,0
32a178c66dad0d3d,dd9dc630ae5c58189d07,0
32b03449ba1567a4,32b03449ba1567a4da5c,0
32d9cbd75c3369d0,75d620a76d358cd0280e,0
32e81b4fb95b1731,32e81b4fb95b17319f44,0
32f94067c4d4a0bb,32f94067c4d4a0bb5da3,0
3325dcee5549c8d7,dd748224539ce229d1da,0
3344a3d7a8597984,3344a3d7a8597984886e,0
33729d6cc62034d8,33729d6cc62034d8fd0d,0
337c4fdd741e4373,337c4fdd741e43733d06,0
33b96394372f392f,33b96394372f392f1ab2,0
340dda8aae61046f,340dda8aae61046f069f,0
3410c1184eb5fd76,3410c1184eb5fd76e1ff,0
342c4516a923942a,342c4516a923942ac587,0
342ee75f34ed42e4,342ee75f34ed42e41439,0
344564809ebee83c,a043a0ef9ad8bdd5ecfd,0
3448ffce82bb62f3,720b176d97507cb93bbe,0
345dc6a179244738,db26a594bd196b845906,0
34703afe4500ae30,34703afe4500ae30884e,0
347c3903d47dd21d,347c3903d47dd21d693e,0
34a5e0c14d55c001,34a5e0c14d55c0018884,0
34cd6d7bb8222a13,34cd6d7bb8222a13e0c8,0
352396fe18f32b48,352396fe18f32b48d660,0
352adf8d07bbe919,352adf8d07bbe919cdf9,0
353ff6b84b39e164,50422cfde0c7800cb4ac,0
354705ea9f217028,6ae9d7e043ebabb937f2,0
3560a9e322cd48f3,3560a9e322cd48f326ac,0
3571675599869da3,3571675599869da3273d,0
35778fece8047fa2,5e8d7b502a2f49f6ffe6,0
358474d2a26a4790,26081411077bc28f9262,0
35a2aef916ddc9c7,c504e76a246fee47cbc5,0
35b62ccee06cc800,35b62ccee06cc8007e87,0
35f904f0279ffde6,35f904f0279ffde6fdbf,0
3615835b806ac710,8ecabaa2b52256db691e,0
362e0ef952290c0a,362e0ef952290c0af798,0
363f28379188d566,363f28379188d5660da1,0
368ccb329826bb44,368ccb329826bb445cee,0
36b242383832a4ef,746d9144130f922e5d93,0
36b6e233e3a1fb96,36b6e233e3a1fb966f9d,0
36c20ec3698c2ed1,36c20ec3698c2ed1213e,0
36ca88bb7a5bd4a7,36ca88bb7a5bd4a70d9b,0
36d8d52285109029,997d20a6b7554690964f,0
36fb8d3c8ad925c3,36fb8d3c8ad925c377b7,0
3703c9bf4c35e0d3,3703c9bf4c35e0d3bba0,0
3711eb3076636803,3711eb30766368039e9c,0
3718423c46cdbb46,3718423c46cdbb46e0cd,0
3731b73ac73a99af,3731b73ac73a99afd535,0
3734be472268605b,bb81bb8163a118a5b0a8,0
3755378d8cb25f47,3755378d8cb25f47e471,0
377839f6ac021433,377839f6ac02143373dc,0
377d000d60d6bc8a,377d000d60d6bc8a6805,0
37800196b63741cb,76ac1eb0b0446f45a9c2,0
379e5c316c0b4bf1,379e5c316c0b4bf1ad21,0
37aa25713637b512,37aa25713637b5125afc,0
37d615748056630d,39a35f978fe240f4a9f7,0
3879eebe0bdcef65,3879eebe0bdcef65f071,0
389a6fa7c09e5565,8ce2a630d9de72ef8298,0
38a17a70603f0e65,38a17a70603f0e65ccda,0
38af513af025ecbb,38af513af025ecbb6634,0
38f930daacaaeacd,38f930daacaaeacd8105,0
39086b5e9886833f,03f6f3a3316dbe47d311,0
390ae825f4e3856c,390ae825f4e3856cfd12,0
3916155f388d1adb,3916155f388d1adba1d0,0
391c68a5a35cff73,391c68a5a35cff73199c,0
39354070ff210c96,39354070ff210c96e2dd,0
39601a4f1cd6ae37,39601a4f1cd6ae374058,0
3977919fc38714ef,3977919fc38714efefff,0
39924cec575776b5,39924cec575776b576d9,0
39c299eb020437b8,39c299eb020437b88deb,0
39c7516d2791b516,39c7516d2791b5161a81,0
39f363aa9fbbcf03,39f363aa9fbbcf03595e,0
3a122ce97ae8b96d,62b1437050264326262e,0
3a1d184c52f0df23,8a74918b568188423fc1,0
3a4a0bae652ee612,35d8a6c4ada77524c34e,0
3a6a3c2fef888602,c833a2000fb9ee208441,0
3a85551fd2aa06bb,3a85551fd2aa06bb4269,0
3a9d383c51d995ae,3a9d383c51d995ae6d55,0
3aeca7f5ab050563,edaecde9ebf0c2a7acba,0
3af946308002a3cd,3af946308002a3cd1546,0
3b20faebb5da9d90,3b20faebb5da9d90dbc8,0
3b287de6c437d3ad,9aa2974a4fd230528b88,0
3b50a220bec05159,65187dea6ff8940d9abb,0
3b5394490b4bc129,3b5394490b4bc129c357,0
3b7717565fda9910,691ab27a5838cb33113f,0
3b9f4c0918097ea7,b6bd9c2c29afc228cb65,0
3bb7cf9a852aea2a,3bb7cf9a852aea2a2791,0
3bbd87b711079d4d,3bbd87b711079d4db1a5,0
3bc9adfe55b6d34e,3bc9adfe55b6d34e163f,0
3bcf503accea20bf,3bcf503accea20bf10b0,0
3c0532e6cf0fd284,3c0532e6cf0fd28427a2,0
3c07dbb696556fd4,ea706d3939b209a2ca62,0
3c3fc7a3339034c3,3c3fc7a3339034c3f5d2,0
3c5cbe00bd4a0598,2e65a8d62e7174e4a550,0
3c8fc516ec92fa38,9c15b9de85540d4e1aef,0
3cac66ddbe27f1cf,5e8d7b502a2f49f6ffe6,0
3cb9261d8734c516,3cb9261d8734c516d73b,0
3cc39a61a9baba26,3cc39a61a9baba26afbe,0
3cca4846a2f1f2bc,ce32238f0cafc6b2b0db,0
3cdcc0350eb73b1a,3cdcc0350eb73b1a54eb,0
3cdd2b38b1a3325a,3cdd2b38b1a3325a4dc2,0
3cea906b165c6582,f5c665d4fed22092eea4,0
3cfa5021ca56f18f,3cfa5021ca56f18fed0e,0
3d25c1d4e751cf3a,3d25c1d4e751cf3a1fb3,0
3d306bad8f1c6dd4,abd6281097f3ae559a2f,0
3d474f25a422b4fb,3d474f25a422b4fb21d1,0
3d6189a852686366,3d6189a852686366d373,0
3d7a6932e55d2a5f,34fa18d6e411c844f902,0
3dc5b68663b36c42,3dc5b68663b36c4286ae,0
3dd15be97388ef67,3dd15be97388ef67a28c,0
3e2575f6f8f63a75,3e2575f6f8f63a75af76,0
3e559854cee31816,68bbcefb6eb600eb6f9d,0
3e5ed1043f4c6164,3e5ed1043f4c6164df8f,0
3e91a535bc6a5080,3e91a535bc6a5080d19b,0
3e9be68abe250432,3e9be68abe25043281d1,0
3ee1e1c8a7b9084d,3ee1e1c8a7b9084d6660,0
3ee2aa38336a67c3,3ee2aa38336a67c3aa2d,0
3f17601d674d4961,a9e51974c135299547fa,0
3f231af2866ad3de,3f231af2866ad3de78b0,0
3f32d81ebf23e983,3f32d81ebf23e9837b40,0
3f425006124903c9,3f425006124903c91e73,0
3f5e1f6a1cf6355e,3f5e1f6a1cf6355ed059,0
3f9551bc91a1b91e,3f9551bc91a1b91e5157,0
3fc37985cf1586b7,3fc37985cf1586b7497a,0
3fd8f34d7459f602,3fd8f34d7459f6021bcd,0
3fedbb419943d1ca,1f12a15d19abcade1835,0
3ffcbbf458884808,3ffcbbf4588848082b8c,0
404e5396fef8deba,404e5396fef8deba3737,0
409b7849632bd2d1,409b7849632bd2d179b0,0
40b3934be1e4af66,853dc378c473e49e4308,0
40e084e47d992c92,a043a0ef9ad8bdd5ecfd,0
40e4b082c3519b2a,40e4b082c3519b2a91f9,0
40f894e221af1b1f,8bfce190e58b34b6f655,0
40fff7ab8b934b76,40fff7ab8b934b76695b,0
4107ec191e87da60,4107ec191e87da60e4d7,0
411d130d1e105aa4,11602d612e836e9178f0,0
4133cc0c5ab52cf2,e19fd3419a6ab57d9294,0
4142e3f22689339f,4142e3f22689339f2816,0
414d1db0dd7ee45d,414d1db0dd7ee45da94b,0
419e9a7c0fd22158,88f3deb7adce59f0f126,0
41b59598a9d1a91e,41b59598a9d1a91eefd3,0
41cdfd12888ecf22,41cdfd12888ecf22e1f7,0
41d0988cbda137e4,71b53a50d2a567972fe8,0
41e7f29c8c92481b,41e7f29c8c92481b3c96,0
41f8ecb4a9e54da7,1a8d0641ad2e8ec8a38f,0
4214f9953915c608,4214f9953915c608230e,0
4215b2486992fa35,4215b2486992fa352792,0
4257ae863543a869,4257ae863543a869d8e9,0
42624b4e3d5b1a0b,42624b4e3d5b1a0bc1f4,0
427e5e467cc1dd28,6389d2e47fcb3c127f79,0
427f576cb979fe9c,51c137a4a6b051ceddcb,0
429ecc3d6f63d8ef,429ecc3d6f63d8ef0385,0
42a9da0e17974614,38d6b0378ad867b84a5a,0
42ae5c6b6d5732d7,b6bd9c2c29afc228cb65,0
42c68c406f1fe148,853dc378c473e49e4308,0
42d21391227e2042,42d21391227e20424321,0
4306c68a38e08f33,4306c68a38e08f3333b8,0
4314d47522048bb8,4314d47522048bb8b9c9,0
43267b14650f29ca,43267b14650f29ca02c2,0
4375696fea422a23,c2f4493b921edae23509,0
4375cb33a45df20e,4375cb33a45df20ececd,0
438bd6bc1152c03f,438bd6bc1152c03f6291,0
439fccc3cebbe855,439fccc3cebbe855aeb4,0
43b9912da5ddacd2,43b9912da5ddacd20c78,0
43be589d7a780abe,abd6281097f3ae559a2f,0
43d3488f84b31111,f7cc6a78176caf88d59c,0
43e0088390d2d264,43e0088390d2d2649138,0
43edf566a0836bec,43edf566a0836becadf7,0
44006765c3c005f7,2f5057556a271448f267,0
4410b0f913a79ab3,4410b0f913a79ab324d1,0
442b6905bc3fb253,853dc378c473e49e4308,0
4457e1c85554f572,4457e1c85554f572b420,0
446df1ef33f2b61c,446df1ef33f2b61cfe2c,0
447277798c49bccc,701604c8936a980d6f7e,0
447bc99f2ccab39c,447bc99f2ccab39ce1a2,0
44c59024c34fed39,44c59024c34fed3915b8,0
44c7b0db7415f7a7,3273a5b527e9ae0ffd93,0
44deb0f00777836d,44deb0f00777836d5d2f,0
44e039ffeb865082,5e665991556409b7207e,0
44e03c0039684387,5a424046ea0afd4d889b,0
45056359c6dc5e02,45056359c6dc5e02f9a4,0
450b74249e3520ab,450b74249e3520ab40c1,0
4523676fbaa28614,4523676fbaa286149c7c,0
4557cf7023956d47,4557cf7023956d47eccd,0
459b186ec4834b72,8725df90071a63828b94,0
459eaa1ce5c12f9c,3816afffc85aee3bafec,0
45c19478ab1a0569,45c19478ab1a05693943,0
45e3cd33e447ecfd,45e3cd33e447ecfd4ff8,0
460b44a0bbe4cd26,60d3f8ce6a21888aaaa4,0
462078e78621c573,462078e78621c5734dce,0
4635478236e5c1d6,7c92c65b730976262f7d,0
464d4b9eab498b77,464d4b9eab498b77ecce,0
465f4a2307fd1bac,17b94ff88361042e8ac2,0
4697ee2f490151a5,4697ee2f490151a55d57,0
46b8c115a6ae3eab,46b8c115a6ae3eab667b,0
46cb558cccbe504a,46cb558cccbe504af968,0
4711ed0ee18cce5d,8161baa1b6653e92b1bf,0
4732079eacd78deb,4732079eacd78debc49a,0
474f61605d74a75c,f712978812d262e24802,0
4760a8923b498ba3,4760a8923b498ba389a3,0
4767ad5c81c5a345,49f30ebae6b78df8ac79,0
476a6e7a7d6e6943,476a6e7a7d6e6943b419,0
4774aa4ce1b6e0ea,4774aa4ce1b6e0eaa0b4,0
478bb2bec75618a1,478bb2bec75618a14169,0
47aec7318987e65a,47aec7318987e65ab169,0
47b9e77b6596cea3,853dc378c473e49e4308,0
47d9e3801796716b,47d9e3801796716bbb02,0
48233ded29fc7b0e,3323f559228334968589,0
4825135a039cc662,4825135a039cc66229a2,0
4836d457ec67a8e2,4836d457ec67a8e2a157,0
4858b0ca94754e0c,4858b0ca94754e0c4039,0
487ef760b1613cfa,487ef760b1613cfaf777,0
48db126537358f38,48db126537358f3846bf,0
490c517afc532174,746959b213b61678ab17,0
4910493bc5dda98f,4910493bc5dda98f65c8,0
492ce85ebbf9f843,492ce85ebbf9f8439e72,0
494279bcd7866f84,f78cd3fb306550163bc4,0
495f22840d68626e,f1616bf60b61b70ae3d7,0
4962f0a863146baf,a39d77094ab4aaa5305c,0
496ce27135332148,496ce27135332148c815,0
4972924333bf96b6,4972924333bf96b695ac,0
498bfe87798e34f3,498bfe87798e34f3a322,0
49dc4542f36add74,49dc4542f36add74f4df,0
49e99a56a367107b,49e99a56a367107b90b5,0
49f0f575a125cda3,c5a4976e6591c3cabada,0
4a2108a6ce4e5504,4a2108a6ce4e5504097e,0
4a245a3fd7cfc0fb,4a245a3fd7cfc0fbad52,0
4a400db009768e4b,4a400db009768e4b3a69,0
4a6e259df41b3994,4a6e259df41b3994c9c3,0
4a86da6101663639,fb3b557b2d2e03683b51,0
4aa6b78fb70cac3e,4aa6b78fb70cac3e8e54,0
4aac7afd989293a3,8f17549696540802e968,0
4ab14dc41c2b7bfe,4ab14dc41c2b7bfe8c18,0
4ab9d1b8cc41de6c,16d397fdb7b4c28fd8ab,0
4acc1b14a7e4f6a3,4acc1b14a7e4f6a34872,0
4ad10d1c7224846c,4ad10d1c7224846cef40,0
4ada75f759d1c177,f78cd3fb306550163bc4,0
4b055d376641ffcc,4b055d376641ffcc504f,0
4b0af696a177a9c0,4b0af696a177a9c05d34,0
4b3c76a0e77a7b30,4b3c76a0e77a7b306d47,0
4b4479d1c307b296,4b4479d1c307b296b2d6,0
4b4cec0c043936b1,4b4cec0c043936b1a909,0
4b61500bc510bf37,68758c59606b50dc25dc,0
4b6c031a9cb2aa8c,4b6c031a9cb2aa8c9e52,0
4b866ac98cc62dba,4b866ac98cc62dbaf116,0
4ba6b96d6957cb86,215bad54ef9f95a4f4ea,0
4bbf53aa7735c2dc,4bbf53aa7735c2dc9fdb,0
4bda6ebffb4c98cd,4bda6ebffb4c98cddee9,0
4c34221a7ab8af84,4c34221a7ab8af84badf,0
4c4664ff6defa5e8,4c4664ff6defa5e8bf2c,0
4c56587cfed55070,4c56587cfed550706cab,0
4c5d2bd9aed67371,9999cd8b41a34a8a927d,0
4c7e23a485092a42,4c7e23a485092a42388b,0
4c8947c43bc48717,ebc353f8755b1f14a60f,0
4ca3c05c574e78fd,4ca3c05c574e78fdfa9f,0
4cbb7c26fb83d01c,4cbb7c26fb83d01ca5f7,0
4cd57c2146526ee0,dd748224539ce229d1da,0
4ce07b2837dd4c6c,b136b6d1061e249bdd3c,0
4cea137ae3271ab6,4cea137ae3271ab69441,0
4ceef8ab38e47940,4ceef8ab38e47940fc3f,0
4d07c6fb59a9a3b6,4d07c6fb59a9a3b6d103,0
4d1b72ba93267581,c87a945717fb38a1f610,0
4d1c011656b0ad94,08c890340b472d8050c6,0
4d4e8ff11be4367d,4d4e8ff11be4367d14fc,0
4d9f1c66d5a9981f,f0f539e65c0588d0e51d,0
4dbd0adb968a137a,4746bc36bb3cc6022089,0
4dd0bee9a72b73f5,4dd0bee9a72b73f5df56,0
4ddc01dac777608b,db88379d9e60e8cb46a3,0
4e161c80c3e29485,4b63f5a38df1d77bdbd9,0
4e1ab45255f49776,4e1ab45255f4977649db,0
4e28b7748adb89f9,4e28b7748adb89f9ea4f,0
4e438ce17c5e7545,4e438ce17c5e7545fa46,0
4e80dae492bd5dc5,4e80dae492bd5dc58e85,0
4e929c40d727c9ce,6f7b262e164a9a54bb56,0
4ea44e40a66ec4fb,4ea44e40a66ec4fb8454,0
4ea94627b76e99f1,4ea94627b76e99f158f8,0
4ed263071dfb029c,dd748224539ce229d1da,0
4edec940ed23ca33,853dc378c473e49e4308,0
4f0a84f298e48398,4f0a84f298e483986372,0
4f0bebb3ec9f286f,f1616bf60b61b70ae3d7,0
4f0c22962c5f691f,4f0c22962c5f691f52af,0
4f2eebc8e31a2e61,4f2eebc8e31a2e613117,0
4f38e8ece204db68,4f38e8ece204db684bbb,0
4f3ee5218ecb1144,dd5ebdf291af749db8fa,0
4f4a7cc9e5ca854a,4f4a7cc9e5ca854a4c0d,0
4f9e5ca10e871cdd,4f9e5ca10e871cdd432c,0
4fc78c7698fcb803,6efc90ba973868b62c05,0
4fca15a6a62b5b51,4fca15a6a62b5b51b68e,0
500819759e3f5512,500819759e3f55128a55,0
501043894db8746d,36f3038c08adedf8ef19,0
5042633494523728,50426334945237285420,0
506bedb991bee0d4,51c137a4a6b051ceddcb,0
50756a458783e2b9,50756a458783e2b9a11d,0
508e5a93b3f5428c,2e65a8d62e7174e4a550,0
5090c4f626ceacac,5090c4f626ceacac241e,0
5090ff190b73cadb,fb242f2c0d2d9f62a2c6,0
5098e15d03af9d71,17b94ff88361042e8ac2,0
50991cb3f9750c80,50991cb3f9750c80b96e,0
50b7db2235ec0946,50b7db2235ec09464505,0
50c070e906df205b,50c070e906df205b319e,0
50eabe97cb0418ca,3323f559228334968589,0
513e97fac40808ef,30c42bd29cfd11b1e725,0
51420fc31fb10cc1,51420fc31fb10cc18150,0
51634c8219993a78,51634c8219993a7836c8,0
5185092598e1736d,5185092598e1736d5c01,0
51dea8098f0d875c,51dea8098f0d875ce476,0
51fa4b49109a3d59,93729f9d932a45f250f2,0
52335f4f936aa334,52335f4f936aa334b410,0
527395bcfc8b4f5f,b88df60ed1bc34c98fe8,0
529d2434fa89c1aa,529d2434fa89c1aa23a7,0
52a8de56a5a21aa3,52a8de56a5a21aa3585a,0
52c9c1c3925b884f,52c9c1c3925b884fdb60,0
52fd3144d3eea9b6,52fd3144d3eea9b64392,0
533a931e55766a70,533a931e55766a701cd1,0
533afca65b7e2390,533afca65b7e2390cf0f,0
536054e88e34fb69,c853e5ad1d113574b8b3,0
5362c80bc1cb4d5a,5362c80bc1cb4d5ac7e8,0
53be8714ebd2b855,53be8714ebd2b8555d58,0
53c172b789ed15c5,28aa557a75d8ee801a76,0
53c4c6d4c88c2745,5e8d7b502a2f49f6ffe6,0
53eebc06d37b342f,53eebc06d37b342f5dd7,0
53f47371e294d5d3,b6627861ac8ba9157848,0
542011a92e9081a3,5c94621371fba6838ac8,0
542ba3227b1fda1e,542ba3227b1fda1ec239,0
54463b76f0e92f8b,54463b76f0e92f8b1943,0
544ebf9c995ab1d5,544ebf9c995ab1d586ce,0
5487e398998cd703,a16180e408852b746438,0
548b839a1025e3f9,548b839a1025e3f96be5,0
54a9a566603c282e,282b50ec41bcfebbfb35,0
54b6764e3d99353b,7b295bdf304ce4c824cb,0
54c3f6fe5b122b4b,54c3f6fe5b122b4b5718,0
54cf7a38f3360015,f1616bf60b61b70ae3d7,0
54fcc0b08fc4fc48,54fcc0b08fc4fc4825d3,0
5511a915c8dc1196,5511a915c8dc11963096,0
554aaff15a1ea6cb,554aaff15a1ea6cbefed,0
55567b36e70de6ec,20f2cb4041739fda3df6,0
555821cd6a6ec400,555821cd6a6ec400dc9a,0
55606631a7018ae6,55606631a7018ae6a442,0
55653b0cdc0b83b3,2df06c07291037a0e2b6,0
557b1b68aca81ec4,baa273c7b5b603979b21,0
558a0e798964bbfe,558a0e798964bbfe56a3,0
55961c70eafd6794,8f9c696d068733af6959,0
559cc0194470330b,559cc0194470330b0de6,0
55afc16d8a5bd744,55afc16d8a5bd7442593,0
55b5d9bafaa4b50e,55b5d9bafaa4b50e6208,0
55d90570cc9231e3,c56aacc79c4f631a92e3,0
56162d86a3a5bb79,c264828bc3f8d7d324e5,0
562064705a9cca57,562064705a9cca579330,0
56292f97ef668b5d,df94d7a89190ed3cd18b,0
563903eaa6c4f1b4,563903eaa6c4f1b4e7a5,0
5665c33e29bbe46f,5665c33e29bbe46fc019,0
568429cfc5ff6d22,568429cfc5ff6d221213,0
5688cdcac2709396,fa2252eb386777d7025c,0
56f34be46ec1237a,56f34be46ec1237a3ea2,0
57125608da825d40,57125608da825d4009ba,0
572dc5df384f4ba9,a42896ca83b886b41289,0
5768dcb6c19f94d7,5768dcb6c19f94d7d1a9,0
5797720f02fb0aac,c264828bc3f8d7d324e5,0
57a99c086a65999b,57a99c086a65999b449d,0
57c3c87ea5c4d472,57c3c87ea5c4d4726322,0
57def023a21e5546,57def023a21e5546654d,0
582e45f38d173c20,582e45f38d173c2015b3,0
5855b7d7abe69917,c4a02db733c353e44a63,0
586a24f78a52ef55,586a24f78a52ef55692d,0
5885c50f69b78c46,5885c50f69b78c461b2e,0
58ddf040bec83698,58ddf040bec836984d98,0
58efd8e7d62278ef,58efd8e7d62278efbf4f,0
58fd334ed800f720,58fd334ed800f720f24d,0
591d80e8ba94d629,591d80e8ba94d6298085,0
5939777340fad0b9,5939777340fad0b9c18c,0
593cd2deb32de998,593cd2deb32de998164f,0
599d02e9bb9351e6,599d02e9bb9351e697ad,0
5a0402983c2e9ba6,5a0402983c2e9ba6db56,0
5a0d0467ede88dc1,5a0d0467ede88dc19a91,0
5a1eed6249773792,5a1eed6249773792dc61,0
5a4a40e874bbd25f,5e8d7b502a2f49f6ffe6,0
5a5f80a5e0c04320,5a5f80a5e0c043202529,0
5a7ec207862233c1,5a7ec207862233c1384e,0
5aa76960807dd8f2,5aa76960807dd8f27c46,0
5afd93c5844530e1,5afd93c5844530e1f79e,0
5b1a986c6267676a,5b1a986c6267676a22ee,0
5b28ddc6fcdb8fc1,5b28ddc6fcdb8fc13012,0
5b6c3230d1e273b1,5b6c3230d1e273b1bad3,0
5b8703a426079a88,5b8703a426079a88ca21,0
5ba2ee961698af1c,5ba2ee961698af1cb599,0
5bc67c209dd88b07,77bbd3e17b2405e0bb61,0
5be4dbf6697956cd,5be4dbf6697956cdec3c,0
5bf7564325c9b9bb,c978c06ef41f86e021cb,0
5bf7ce4091f0b8b6,ec7c8561b8a1e1a919b6,0
5c008cb8a1e018fb,5c008cb8a1e018fb62ee,0
5c129fecaa2e496b,5c129fecaa2e496bf9c9,0
5c3074f81626bebe,5c3074f81626bebe3f9a,0
5cbebee53c16b41e,5cbebee53c16b41e3156,0
5ce516488136660c,5ce516488136660ccabe,0
5d30e814a054c89f,5d30e814a054c89fa16f,0
5d4c3352e1d10c47,5d4c3352e1d10c4779f2,0
5d7cf96b7eebb5ae,5d7cf96b7eebb5ae4695,0
5d8a57475187112b,5d8a57475187112bbed9,0
5d9cac8659be4bf4,5d9cac8659be4bf4153a,0
5dce2bc497e3b0ef,5dce2bc497e3b0ef70e8,0
5dfb13bd0a86a8db,5dfb13bd0a86a8dbeb19,0
5e3cb79cf781f623,5e3cb79cf781f623d7ff,0
5e5a1382b376ffce,5e5a1382b376ffce2cd8,0
5e83afa09ca7e3c6,5e83afa09ca7e3c6b7c3,0
5ea083c4a9809a8d,9ded2d168d936f3b6c0c,0
5ea0a9ad54db8543,5ea0a9ad54db8543be49,0
5eb530cdc91f2df5,5eb530cdc91f2df5a49c,0
5ee1c93f507d91d5,5ee1c93f507d91d56c06,0
5ee971ec075258d9,5ee971ec075258d9fecf,0
5f062097b0ee3571,5f062097b0ee35710ea8,0
5f0a7582ea6dab02,58b72a4b8ba71483fd9a,0
5f146b2411e68b30,5f146b2411e68b305e26,0
5f19cb5d16509b12,2889b5c2923bf7111637,0
5f504004c3ca231e,5f504004c3ca231e4e06,0
5f771877d2f3adfb,ea8adee90fc7aeee01fe,0
5f7d3da25d5429c5,5f7d3da25d5429c57c15,0
5f93553d2568bd29,5f93553d2568bd290248,0
5fa3c3c136d04cec,5fa3c3c136d04cecd450,0
5fb0228038ba0ae6,a7ecef91fc27645a66aa,0
5fca88790a501311,5fca88790a5013115132,0
5fec4e34e72c8fd1,5fec4e34e72c8fd1b596,0
6007ee76ce8c9ff4,7f66b54b905e1d3dfa32,0
60583f7f0fb4549d,60583f7f0fb4549d6d99,0
6075634915b3b5e1,6075634915b3b5e19a7d,0
607d863dc25b0a72,607d863dc25b0a72109c,0
60b2be6a1a2cb578,60b2be6a1a2cb578b91b,0
60c3a33333f9d327,60c3a33333f9d327c020,0
60c3a661895a0924,60c3a661895a0924d9c4,0
60e1ab2361021ef2,d6831211afec8c377a34,0
60e88e84b3572f14,b2f90a47112a31d81a8d,0
60fe013242cf0340,b8c0f5643457bae8d31f,0
6109fc6b6ce2f55f,dd0d0377c40ec0e59bf0,0
613b34be4a55729d,613b34be4a55729d4bd6,0
6144e8c89b3cc80d,6144e8c89b3cc80d1a3c,0
614f5dc4e97b2191,c9a11634890305cf66c4,0
616084fd4a03c6a7,9b8f76cd31f65e57acf2,0
61c7c415785ecaca,61c7c415785ecacaeda6,0
61d15683c989e70f,6b8c882481eea55c5060,0
61fbd384945e7fa6,61fbd384945e7fa61b06,0
621e6862ec634d9e,8275007286767381d097,0
6234efb511a0b10a,e14aff1427d91e9f1580,0
623b86dd88ddeb5c,5fe3cab8e969b09c2fb4,0
6250aae91e7fa375,6250aae91e7fa3756cda,0
6251281598619f6e,0392475240a45cfe6b58,0
6264a9f9ace15055,6264a9f9ace150552fec,0
628dfd77e873b152,b6bd9c2c29afc228cb65,0
629967c51b96c163,629967c51b96c163cb3b,0
629aa48b98902ac4,39eac905237ed42a8c9b,0
62b6aa5725973c01,33eef34e523ad5db9cbf,0
62cdcc1756d82976,62cdcc1756d82976e67a,0
62ef6ea41d04421f,62ef6ea41d04421f1032,0
63490a12c88ec502,63490a12c88ec502fb61,0
635711eeb7806311,635711eeb78063111fa9,0
639cfd5e24b22a1a,639cfd5e24b22a1aa254,0
63ca5b37dc189b40,63ca5b37dc189b40af54,0
63da533bae3f6943,63da533bae3f6943a8a7,0
63f3e2300e71e6dd,63f3e2300e71e6dd7539,0
63fb3e18e83812ca,63fb3e18e83812ca9d20,0
6415b79b6bc5d2b6,ce800c8e1a5a7749a1a1,0
6421358738bec50e,853dc378c473e49e4308,0
643acec41c21fa35,643acec41c21fa35b70f,0
645e7b79294b2bd4,417f1ff4a0c347a280fe,0
648453108365c471,648453108365c4718752,0
64db09c7c61f6c17,08c890340b472d8050c6,0
64fa12686ebea1be,64fa12686ebea1bed96b,0
64fc715947d0404b,6bb0ee3b457edeb8148d,0
65077c622b04d44d,670b616cafcf7d709e0f,0
651bed3f8764a8ae,c3f67641398c5bb04f52,0
65505cb436c95765,65505cb436c95765e385,0
657ba79ea0abed3e,657ba79ea0abed3ef411,0
65c51caa1a2d0589,65c51caa1a2d0589feba,0
65cd6f177cf3bbc0,cf68547012de05241774,0
65d5aeee235ad55a,65d5aeee235ad55a9df1,0
65e37c021baf5cba,65e37c021baf5cbacec2,0
65ff98eff4e06063,65ff98eff4e06063d99d,0
664f40ad33061af3,da25537ae8a1aecb4e84,0
665338c3fd5023b6,891893612f33d62874b2,0
667fa6fcc2b263bf,667fa6fcc2b263bf349b,0
6697a00d5eecf35a,6697a00d5eecf35a4af0,0
66a9369443401ba2,66a9369443401ba2fec0,0
66b1b93cf2d5931c,66b1b93cf2d5931cf887,0
66c41cfd387d5f0a,005c285ac7d4de82857b,0
66e538058efb7c73,e0a4d00390be94ce3e8b,0
671f24c45d3679d2,671f24c45d3679d2d493,0
67b9c95b4678b086,67b9c95b4678b0861d65,0
67d394c5ea3a9365,67d394c5ea3a9365923a,0
67ea54b6faab1ff8,51c137a4a6b051ceddcb,0
67f680d6e4210936,dc1ca24e2c5ec465aa33,0
67fa05532f59b085,67fa05532f59b085d267,0
6831cbb44c12707c,6831cbb44c12707c1524,0
683edaa3b86502f4,683edaa3b86502f4d458,0
6853fd48fa3aca16,6853fd48fa3aca16783a,0
687850d14cbf1a0a,cfc0b172aee6f353716a,0
68a9e6441c264b3d,692d691b24be2ef9c859,0
68d281a3b470db10,17b94ff88361042e8ac2,0
68d480fb6ee3fe39,68d480fb6ee3fe399de5,0
68d67c96032d80b0,a62a19f20dd506c9a332,0
68ee731bfb69defb,68ee731bfb69defbd281,0
694315aa83981d30,694315aa83981d308770,0
6950576ae9bd7616,6950576ae9bd7616dabb,0
6978f515bc8a28b5,6978f515bc8a28b58b43,0
69b4d7407f1ac385,69b4d7407f1ac38569ad,0
69bedcf7d02ca05c,69bedcf7d02ca05c26ee,0
69c373ca8156492a,69c373ca8156492a0de1,0
69c8101ab92a4298,251e97a37fc6179ce79e,0
69d6c2ac2c671238,69d6c2ac2c67123809fd,0
6a0259cb82186857,f4c37e96bb2815e5910e,0
6a2e315805e325b9,6a2e315805e325b96f89,0
6a4ad84dae512245,6a4ad84dae512245b46e,0
6a53e6bf0a91aeeb,6a53e6bf0a91aeebe547,0
6ab577ec5e6c48d7,6ab577ec5e6c48d75fc9,0
6abc254f98db0d74,86431eb02172d2188272,0
6acccf82a907e155,c7743e24bc3f6d107eab,0
6addbc04d5d9eb89,6addbc04d5d9eb89b604,0
6ae3b0b13c6f10c1,6ae3b0b13c6f10c18926,0
6aed2836df7b0c12,6aed2836df7b0c127d3a,0
6af30ed78c99ae3a,6af30ed78c99ae3a2f0f,0
6b22fde50f380f68,6b22fde50f380f68ba0d,0
6b2ffdaccf5deb6e,6b2ffdaccf5deb6e1461,0
6b54ba88660e2fe5,6b54ba88660e2fe5d202,0
6b5ba4089ac797e4,6b5ba4089ac797e4667f,0
6b6b81e7602a1bd0,6b6b81e7602a1bd0fce5,0
6b7823783b37f13c,6b7823783b37f13c3a91,0
6baed81989e8e288,fce2187a24c8168b3d4a,0
6bc9b21bfed7ca1b,6bc9b21bfed7ca1be0e8,0
6bf2d2139fd31a74,6bf2d2139fd31a74754a,0
6c0c8346a88fd36b,6c0c8346a88fd36b7d77,0
6c288d7193e84305,6c288d7193e843052901,0
6c412540ee29328c,24039fe7b4706933a5f6,0
6c447fe6732ad245,6c447fe6732ad245d52c,0
6c8934f09b227df4,d491654a84abe4ceb66d,0
6c8a820829a981ba,ff14406cdbc3e25cbe94,0
6ca5d54d48f8b2e7,6ca5d54d48f8b2e79f40,0
6cbb292498a62f62,d32273f03b41cda3d09a,0
6cdb69e5f282590d,6cdb69e5f282590d7871,0
6d08e75c5c8d020b,6d08e75c5c8d020bae36,0
6d0a8c1f8f7d51a1,6d0a8c1f8f7d51a106f3,0
6d3780f2066a0a9e,6d3780f2066a0a9e96fc,0
6d468a2e9293cf97,6d468a2e9293cf97b1db,0
6d5b83a2d66834f1,f3734ee02a35932696ca,0
6d6c304053a156d0,6d6c304053a156d027b5,0
6d88aafbc4a68fb3,6d88aafbc4a68fb3dc42,0
6d917eebbf635f4a,6d917eebbf635f4a8625,0
6e0577a4bca66f96,6e0577a4bca66f968fed,0
6e14a9934b0ff269,6e14a9934b0ff2690926,0
6e1bcf6a58f7150d,6e1bcf6a58f7150df1f3,0
6e33ad6d5f47a680,6e33ad6d5f47a6807ecc,0
6e63da4621201a0e,6e63da4621201a0e6216,0
6eabb35ed8c4426b,6eabb35ed8c4426b0bde,0
6ead1914762141ff,6ead1914762141ff6024,0
6ed3d305e94963f5,21e259480ebb91755e66,0
6ed62b9277411b73,6ed62b9277411b73bd34,0
6ef5a5e57f38e016,6ef5a5e57f38e016632c,0
6f38bbb99463444e,6f38bbb99463444e080d,0
6f83ca25aed4958c,6f83ca25aed4958c3449,0
6f8e11ef5547305a,5440e873e45e0836c03a,0
6fbba894ac03538f,6fbba894ac03538f17d4,0
6fe00ae70b503fce,fc21861c508cae59e4f5,0
7003807a013fa11f,51c137a4a6b051ceddcb,0
7036fe15eba46faa,7036fe15eba46faac154,0
704ff06024132d60,704ff06024132d60a003,0
70583cb46b68f0fc,dd9dc630ae5c58189d07,0
70a38e87363cc911,70a38e87363cc9119588,0
70b4965301a34bdc,59de7b8c3a490f492a66,0
70b924de85dc5a62,70b924de85dc5a624346,0
70f61ba2c4cb7fd2,293604fe6edac4c262d9,0
7156c8b1120eed4c,7156c8b1120eed4c7d85,0
7165e6a6cc7e2cdc,7165e6a6cc7e2cdcc099,0
717225a642cedf4c,65ab5d8cbf2d900ee2db,0
71749dc1f6a66282,71749dc1f6a66282073e,0
718bb429b1926aed,718bb429b1926aedcf61,0
71a5ce4519f4c17c,71a5ce4519f4c17ca865,0
71e9236eaf019c67,51c137a4a6b051ceddcb,0
722c64b9e5152d17,50f1c1c035792284bbb3,0
723d058ccdc6d9dc,723d058ccdc6d9dc2183,0
726133c17d42b717,726133c17d42b717aaa0,0
726886c69806c334,726886c69806c334ab6d,0
728144844bcbfdc8,728144844bcbfdc8a879,0
72ac094629cf75d3,72ac094629cf75d3699e,0
72ae4a411155c276,72ae4a411155c276300f,0
7315943c38bdb252,7315943c38bdb252a93d,0
737e8059300f821c,737e8059300f821c06e2,0
7380986a5d5027a9,a72e74b8799bc0ae7381,0
73962cd5fcf66fb3,73962cd5fcf66fb34287,0
73c9b4cca93bcbb4,73c9b4cca93bcbb489a6,0
73d75470e35ee90a,041c613427c6303d99ac,0
73e18e1166250d9b,73e18e1166250d9bde90,0
73e98c38a9c393f6,73e98c38a9c393f69532,0
73fba970be1520a6,9ff4a9e5aad89c457f5c,0
74092e375c820edf,b88df60ed1bc34c98fe8,0
74198134210bc78d,74198134210bc78d8ecf,0
741d5f1275575917,7045651c8f669109b81e,0
741f585f78d11f4d,741f585f78d11f4d230d,0
7422a21b14b20070,d7702234e94ed41f14ce,0
743eb6006e23e2d2,9bacfac1aea4898de718,0
74600e5368667754,2bcc1d0911f0adee7ada,0
7487f00a1c4ba4d8,7487f00a1c4ba4d80d48,0
74a5e0627bb7d9cc,74a5e0627bb7d9cc0642,0
74b8ababb0a71179,74b8ababb0a7117975e8,0
74c11faf58d9ee4c,3323f559228334968589,0
7529977500ba2001,7529977500ba2001222f,0
753dbe588693d4c0,753dbe588693d4c08956,0
754af80382fa6115,754af80382fa6115d52b,0
757c6a3778992c74,9bc7247552ee1918b96d,0
759b8d480a0e6e32,759b8d480a0e6e3270e7,0
75dc0a12e3b06cce,6768447b2cbe67b41faf,0
75e044d84705eabd,75e044d84705eabd37c1,0
75e650338acd9564,2300aa768bd3b362d3fe,0
75e68dd6c54344e2,6da8332cb87dd128e959,0
75f702821480f2fb,75f702821480f2fb35df,0
762073494ed1d3ed,0102c9e512f48b7c2d94,0
7627f9bdd34a3a4a,7627f9bdd34a3a4ad00d,0
764c07f6a4067f4d,764c07f6a4067f4dd3c0,0
765fab30e85bef49,765fab30e85bef49fa87,0
766a368cf50c249a,766a368cf50c249a043a,0
76868c76d628b280,292f325b1b6578dd01e1,0
76987b299f054b4f,76987b299f054b4f51bf,0
76ac40522abc00ac,76c10d94b90eb16ad771,0
76b5b85233fb6cf3,22c9ebde2bf463bc9d29,0
76cf8351fedbf934,76cf8351fedbf934be98,0
76eabf0152298f50,76eabf0152298f500be2,0
7725161b5bdd229d,7725161b5bdd229ddf5f,0
7733c5659adb3792,7733c5659adb37926b8c,0
775ba367ea63de08,775ba367ea63de08a490,0
775c4fea7d0458b0,775c4fea7d0458b04d23,0
77ab09baf935662c,77ab09baf935662c2c37,0
77b1fefbe37aee0d,77b1fefbe37aee0d5364,0
77fe0449bc96965c,77fe0449bc96965c643c,0
7801b8fdd3f7a85c,7801b8fdd3f7a85c29f3,0
783b3686e1e5157f,783b3686e1e5157f2b92,0
785052946a56f78d,785052946a56f78d6cf9,0
7864840df2888d71,7864840df2888d71e9e4,0
786831d6c7bd622b,786831d6c7bd622bf3d9,0
7893623f303aff5f,b0c2fe845cb985fc5025,0
789703ce7e310fbf,4d428b0aa0c011eb02ca,0
789731f9df088b95,789731f9df088b95e13d,0
789e26fddbe6d712,789e26fddbe6d712585d,0
78b6312c94891638,8d9c9b08d40551563fdf,0
78c3dd2a8973b5e7,701604c8936a980d6f7e,0
78e06bd7628f48b0,78e06bd7628f48b0225e,0
78ebf55dd1226445,78ebf55dd12264458008,0
791312b948f8ee19,791312b948f8ee192f98,0
7958aac9600cbac5,7958aac9600cbac52e31,0
798033d39813b04a,798033d39813b04af3b7,0
798879a19feb91af,8b1e29c915f24332ede3,0
7998674644f1b36f,7998674644f1b36f4ec8,0
79a424c4f32db84c,e9f9352943b24d9a86c1,0
79a4bc2864d4b542,79a4bc2864d4b5426296,0
79f146f2511424fd,79f146f2511424fd9841,0
7a047c3e66542798,ecd6a8f22069475539b9,0
7a14460df3f83850,853dc378c473e49e4308,0
7a1b11911500469d,7a1b11911500469d78e9,0
7a4da9cf9f7c284c,7a4da9cf9f7c284c8ea0,0
7a69e6a70d6c469d,7a69e6a70d6c469d48a1,0
7ad5cb477d82623b,46fa3f1b8125dccab92f,0
7adc0529af576394,7adc0529af5763949c66,0
7af1b9e9964cc0df,7af1b9e9964cc0df76d8,0
7b07d62928177d26,7a6441738b56addc5a46,0
7b450019dea20ef9,7b450019dea20ef9226a,0
7b6bf9c42288aecf,e7a2d84f2c4f230b17c8,0
7bcd7840cb66a5f4,7bcd7840cb66a5f42668,0
7bf1259c40610442,7bf1259c406104425a88,0
7c1c9b98f2aebc34,7c1c9b98f2aebc34d9b2,0
7c3601c641d049e0,7c3601c641d049e078dd,0
7c3ba41e118f645f,d28322ba19840c623add,0
7c4a1d32ab0d57bb,7c4a1d32ab0d57bb7156,0
7c9d3dc75bfc031e,7c9d3dc75bfc031e958a,0
7ca3123657af687c,3be18485289929a0acfa,0
7cabe99bddca08fa,3b7fee7816e984e25456,0
7cdc2448955d98ac,7cdc2448955d98ac2512,0
7d0fd10468b6c9be,188a5afbb5158e7240fd,0
7d2b29bf3f4fa29f,7d2b29bf3f4fa29f898b,0
7d34343920a32001,7d34343920a320013a9e,0
7d37e212cdf71252,7d37e212cdf712523426,0
7d469717964382cb,7d469717964382cba739,0
7d5cceb5a6ab2be3,5e8d7b502a2f49f6ffe6,0
7d6ea34f21883d18,7d6ea34f21883d18623f,0
7dd923721a54a395,cbdcab5956ce3a224c4b,0
7ddfb7bd6ace40de,7ddfb7bd6ace40de419c,0
7e0469fc977d5bb7,62f3b63c3e36c0ab16ec,0
7e17acb770b35cca,7e17acb770b35ccaeb74,0
7e46d5e4c501e3fe,b3ea68008d1f20b23a21,0
7e4f6a689b0d5905,7e4f6a689b0d5905236b,0
7e5be5953bb05409,c833a2000fb9ee208441,0
7e7a113824123e7b,7e7a113824123e7b020d,0
7e7b43a2e3f6de17,7e7b43a2e3f6de17a2ea,0
7e82eba5cd38d412,7e82eba5cd38d41254e5,0
7e9e4bd96e885987,7e9e4bd96e8859870e8a,0
7ec2f389f033e858,7ec2f389f033e85820b9,0
7eca5a9b74badd8a,fe3ca354ca067865a310,0
7ef4216456ad1a46,7ef4216456ad1a468440,0
7f0c34b97b098b2f,7f0c34b97b098b2f2046,0
7f25f5b011a7787a,7f25f5b011a7787a70ef,0
7f2a91c07aaf39cf,33eef34e523ad5db9cbf,0
7f4cc6a47a69fad1,7f4cc6a47a69fad196ef,0
7f6a65ec7e324045,2cbf1fa044b175b213e8,0
7faac8cb065c07a4,7a06b45a090619fcd234,0
7fcc22a901b7f149,7fcc22a901b7f149de39,0
7fdbed760bbe6aac,7fdbed760bbe6aac0ca5,0
7ff18f5b5fea130a,7ff18f5b5fea130abb1d,0
8020180ad7666142,8020180ad7666142a673,0
8029ccf29ae197a8,da95ab7b0623362bba6a,0
802bef827ab60eaf,802bef827ab60eaf0056,0
803e7879c091a37e,803e7879c091a37e5c81,0
80450efecd0d6463,b1d86b0e1afc7b31f0ce,0
804b58f5c526fd4d,e33911e03cfca71a08ac,0
8080490354206052,8080490354206052df58,0
80a081fd6096e745,80a081fd6096e745c647,0
80c6dda738013246,80c6dda7380132468b3b,0
80db52f330c333c8,80db52f330c333c8ae0a,0
80f77ddaf6c0d1d5,80f77ddaf6c0d1d5cba7,0
8116f66dcf05e432,701604c8936a980d6f7e,0
811dcd4d2e353c5c,811dcd4d2e353c5cd04b,0
812d3594b5cfcd78,b7a3e3a01031a8aec9f0,0
81306f123d55a649,177e8749db4f6f3363e7,0
8151541ed2749180,8151541ed27491808b30,0
817865ca222e170e,817865ca222e170ec2e5,0
819cd10edc7fbac8,e72a9b45b2104edbc962,0
81a4cb5eaae9b6b3,81a4cb5eaae9b6b37406,0
81bbafb8ccba60bd,81bbafb8ccba60bde7a0,0
81d533c74d32bfe1,81d533c74d32bfe162c7,0
81dd1e751abb8cfe,a6d95155d407c50de2bf,0
81e5b24457d4dc12,81e5b24457d4dc120f38,0
81f3d7c59f785f05,6e415da957512530031e,0
820bca81677f01ef,820bca81677f01ef0feb,0
820e6aaf89d947a3,ed28d71914b62f2a6c75,0
823f14355bd564d7,823f14355bd564d70b67,0
825ceb588f50b170,10c9a40ae966a454ec2e,0
826ea02b2b0a70a5,826ea02b2b0a70a5ec53,0
8288b69654742442,8288b6965474244285ba,0
82a973c195018b90,82a973c195018b901d08,0
82d6d7ecbbb8d3d8,82d6d7ecbbb8d3d84c3f,0
82fee7c9d25dc8b5,82fee7c9d25dc8b50c38,0
831ea17a78b5823f,831ea17a78b5823fc12c,0
83b3b21c16121173,83b3b21c161211739906,0
83d2984a97b100c8,83d2984a97b100c8b11f,0
83e41eccaaab89f2,83e41eccaaab89f29d03,0
840ded95db21542a,840ded95db21542a89c5,0
8425d252daf965f2,8425d252daf965f2fd58,0
84322a6206a7d498,84322a6206a7d4980bf4,0
844dc4d6a1d1f4ed,844dc4d6a1d1f4ed57a6,0
84730d09fc01bcfe,84730d09fc01bcfe4f7c,0
84744b2245ccfe37,d2d16443b6089159b78a,0
8478bf9a0b35169a,65930e72d3cb95cc27d0,0
84a7e4f9cc633df9,84a7e4f9cc633df9b368,0
84cbf0932943a054,853dc378c473e49e4308,0
84d7e00f3411f6f8,84d7e00f3411f6f8c350,0
851786a862618849,5e0a2d8a2d774e928b28,0
851e111f941cd10e,851e111f941cd10e60ea,0
85772afd4d87174b,85772afd4d87174bcd38,0
85ad7559243fa2b9,832eca0c2b565de0b71d,0
85b62b33cfe11594,85b62b33cfe11594ca57,0
85c2004ad8ec3f2d,85c2004ad8ec3f2dd9fe,0
85d59e3ff790b304,85d59e3ff790b304a2e2,0
85e686a350334c6d,36f3038c08adedf8ef19,0
864703e5a138a7d6,864703e5a138a7d6b04a,0
8650cdb4cbbc9194,8650cdb4cbbc9194444f,0
86532c65685883c2,86532c65685883c21343,0
86579bf50bfb9136,86579bf50bfb9136fbce,0
866a68abc6edf137,866a68abc6edf137f0db,0
866bc1d32b0cd5c0,0d1dc9001c2514dd2939,0
86ab5f15544d846f,86ab5f15544d846f4024,0
86d4530c820ecac8,86d4530c820ecac81e64,0
86e99ad1e658cd7a,86e99ad1e658cd7a683e,0
87052b2bb3313f7e,664ed25161b90801051a,0
8710937ee606d82a,8710937ee606d82a6313,0
87216f79e8bd60de,bd8cbfc5935c55e67ed6,0
8745f86d2c376297,8745f86d2c3762971bc0,0
874ffc629a0d1c56,3843e2cce2397166f910,0
8754fd4e36465f5c,8754fd4e36465f5c6dc9,0
87578ed13202a8e4,7b2e7d02bd3245f81a03,0
876a1c49b1e96510,876a1c49b1e965108edc,0
879e6f1b2652a654,879e6f1b2652a65434d7,0
87c31018931938ce,ff4883085d3393543a1f,0
87df0538b58802fd,87df0538b58802fd5b84,0
87e1aab8a8100789,87e1aab8a81007893f2e,0
880c68e031a1ce24,b2513eca129b87e0fcad,0
881be1ebf5b15003,881be1ebf5b150037259,0
88245f7e0ead1e93,bfddd0ead47031c34aa9,0
88281fb78ffd6976,88281fb78ffd6976c746,0
8856c31896bb743f,8856c31896bb743f74b2,0
88742b0543b6a5c6,88742b0543b6a5c6d52d,0
8883fa9f485279ad,8883fa9f485279ad99dd,0
888b37dce011cbbc,5e8d7b502a2f49f6ffe6,0
88abd08894a5012c,88abd08894a5012c828c,0
88e5f06cde59b0fd,88e5f06cde59b0fd25c3,0
89041a08cd746f6e,c2d18650025ae2304ea6,0
8921c6031ae78799,8921c6031ae78799ae82,0
8923d302b840bb60,1e308369fb1339281e92,0
8923efe26492fa39,8923efe26492fa39b862,0
893fc3857baaa47a,893fc3857baaa47ae0a5,0
89661b28d8363a0b,89661b28d8363a0bf6d1,0
89735fbf47d8e706,89735fbf47d8e7064deb,0
89748a29c8d71e5a,701332ac7cfb8f8ca470,0
89805fc981c57ef5,5182416f0a40ca6f86f8,0
89c5ceafb01e3645,fc102507cbdaf4659271,0
89deed0e3003a22d,e0b8400bce669e958716,0
89e8d39927a16a51,89e8d39927a16a51e877,0
89ef9be71d3aaca1,89ef9be71d3aaca155e8,0
8a0692c21d50aea3,8a0692c21d50aea3a2c1,0
8a16a0c1ab96c7a9,8a16a0c1ab96c7a90d2f,0
8a228b05c72bfe45,8a228b05c72bfe450e49,0
8a29c5363bc3b4ff,c2f4493b921edae23509,0
8a43b877b0724c84,8a43b877b0724c8470e4,0
8a50a88babbee77a,31ca5d2d4d3e9d4b74a9,0
8a513f9d2016e0d6,8a513f9d2016e0d6ddd7,0
8aff5432a44c69c8,9418cf6ea01771b9ae22,0
8b0929128ac3937e,8b0929128ac3937ea94e,0
8b3108fadac70aab,8b3108fadac70aabd41e,0
8b620fcbe55da2d0,8b620fcbe55da2d08bbc,0
8b642ad93b30e489,e61229323d3cba493726,0
8b925c17a6669696,8b925c17a6669696c0fe,0
8ba7434c5ca35eaa,8ba7434c5ca35eaaaa3d,0
8bb278f4279abfc9,0bafb7bb0354bea31618,0
8bdc482729d81b13,41788c7b27c4727d4390,0
8bdf3c9c7a330e4f,b27c53be3b78e9f62854,0
8be2a079d1eb3bfa,8be2a079d1eb3bfac249,0
8c4033e04913c564,649fd2fcbf72877e0e0e,0
8c528a42ba35ebec,8c528a42ba35ebecc475,0
8c62cdc83f68d12f,8c62cdc83f68d12f3e71,0
8c843e2d61a65ec1,8c843e2d61a65ec17415,0
8caff3d3e83375e8,8caff3d3e83375e847bc,0
8cb9e0cf7bd32a97,8cb9e0cf7bd32a97a8da,0
8cd583eeee517fc8,8ad0a40aeba4692648da,0
8cd9f7520c99991c,8cd9f7520c99991c633f,0
8d008e9c46a739cb,8d008e9c46a739cbce0a,0
8d219785425d9cb1,8d219785425d9cb11135,0
8d40e81549442aae,8d40e81549442aae0391,0
8d6a4f81ab44b504,5212443bb0abb19239a3,0
8d716d7eb5fe61e5,8d716d7eb5fe61e5c979,0
8d7fd92403457207,ffe115b06ae34d264070,0
8d988d6e4a0e1527,8d988d6e4a0e1527beea,0
8db0ae960b7c9e48,5e8d7b502a2f49f6ffe6,0
8db4ab2d948e670b,b61d216e44cdd5b03610,0
8de0154db1cfe06c,8de0154db1cfe06cb171,0
8e0a7d33b3cf6def,8e0a7d33b3cf6deff3cb,0
8e3ef7b022cb96aa,5fe3cab8e969b09c2fb4,0
8e537dea13d60eab,8e537dea13d60eab0a45,0
8e66f5ca92625701,8e66f5ca92625701a73a,0
8e8017a91ae9899b,8e8017a91ae9899bf5d9,0
8e8aeb0e2ae4d646,8e8aeb0e2ae4d646dc2d,0
8e9cdc448da44637,8e9cdc448da446370157,0
8ed854f4e2446b92,8ed854f4e2446b92683f,0
8ef50a4edb1ccd58,8ef50a4edb1ccd587319,0
8f14ae9ef9dc60fd,8f14ae9ef9dc60fd32cb,0
8f57172f3ec8a89f,8f57172f3ec8a89f7f20,0
8f75b6629e21f71d,b543fbc2e9e82367a2f5,0
8f954bee56adf83d,8f954bee56adf83d6bc3,0
8fb44cd12f925942,8fb44cd12f925942050b,0
8fde555ce0f7e2f6,8fde555ce0f7e2f62b22,0
908ce92ee5baa509,9bf87ad1f3a1718500f6,0
908e081e9c45a0b9,9cc18478eed820eb24f9,0
909da35d9217323a,909da35d9217323a280e,0
90c8f354df3febf7,90c8f354df3febf712e7,0
90d09b7223749ecc,882f67083e40f4f9e7e6,0
90deb7edd03e1d9c,90deb7edd03e1d9c99e2,0
90ff88e48cd53fda,90ff88e48cd53fda2e24,0
91303fd06d0f3a4f,91303fd06d0f3a4fc9d7,0
91342f1695d72643,91342f1695d726439932,0
91694643d50271f2,91694643d50271f202b5,0
9169f91a6e9536ba,7c556b6a19a7cba4d47e,0
917d0856abaaa322,917d0856abaaa322b2f8,0
918b36ee053fe7ff,918b36ee053fe7ffc702,0
919ea14647925e7c,919ea14647925e7caa9d,0
91a6f307f90e19a1,72d7c6229a3e2282f69c,0
91d52ea6fc8347a9,91d52ea6fc8347a97a89,0
91e9d9836efe5d4f,91e9d9836efe5d4f80a6,0
91f0bb11a920af2b,91f0bb11a920af2b978d,0
9242583ee19b3ffb,9242583ee19b3ffba6de,0
926e904baf2b6ddd,926e904baf2b6dddf00b,0
92ca25515b901ef9,92ca25515b901ef9a194,0
92d9d1cac66fdab4,92d9d1cac66fdab4a145,0
92e9e3e8a08373c0,92e9e3e8a08373c0e59b,0
932938e702c63488,932938e702c634881dec,0
933d32ea7bc6ca73,933d32ea7bc6ca736a84,0
934dbb4efa3b32a0,934dbb4efa3b32a0c5ec,0
93583986f1fc8ee7,20d11bb5e668012bee02,0
9361297430e96577,9361297430e96577e55e,0
93737cff9a49caed,93737cff9a49caed319a,0
93a606dbcbc6dbe1,93a606dbcbc6dbe1c44a,0
93ca1770f64319ae,93ca1770f64319ae999d,0
93e7d5d8f6d75814,9f397f631327144d069d,0
93f74c8e0602838d,93f74c8e0602838dfc17,0
9406a27a3c60ab31,9406a27a3c60ab31082f,0
940b66b29f573db0,e2bc36c62e1a19e0b333,0
9431972ec689c8fd,9431972ec689c8fdf326,0
94532baec53caad2,94532baec53caad2f887,0
94565600b848dadd,eebf1db5629c24dd25c8,0
949c21f8ee65e62e,28dfa630b8a4c1d8aa4b,0
949fd89d0ebcdfcc,3a72d24c6c331d2a2ba3,0
94a5a35732426054,8c78390043f8c64966db,0
94b280e67ad84a02,94b280e67ad84a0233a7,0
94c4fb06de4f4cec,3d743ae6841ee7bf0334,0
94cdc68c8a0753c7,94cdc68c8a0753c7367b,0
94e1655490e64bd7,94e1655490e64bd7b5b6,0
94ff855e0c347bc5,04fbee55c3e4bc6ff937,0
952d8b642690eb13,952d8b642690eb13f4d8,0
95445f3962a56d27,95445f3962a56d274e86,0
956f1b99b29999b7,956f1b99b29999b74867,0
95897c19e7d755f9,2b595a4a468d383196b1,0
958ca05560dab578,958ca05560dab578e337,0
95d90d5f6d1466f3,95d90d5f6d1466f3e7df,0
95e9cc491972c2d4,95e9cc491972c2d4d430,0
95f45d3195ae42b9,b6bd9c2c29afc228cb65,0
9619427c70e08f0a,9619427c70e08f0aea2c,0
962d393530ad477e,962d393530ad477e84bc,0
963de0669201321c,963de0669201321c0c8d,0
965c4e00ed662266,965c4e00ed6622662062,0
9680455bc010e33b,9680455bc010e33bac2f,0
969d9adff05e9294,969d9adff05e92941ac8,0
96c8c1b4b8dde607,96c8c1b4b8dde6073e19,0
96cfb8af1e476698,96cfb8af1e476698b3f1,0
9707b6b2ba4c0e1c,9707b6b2ba4c0e1c44bb,0
9731ddb93163bf6f,9731ddb93163bf6ffc66,0
974ec6a130273fbb,974ec6a130273fbbcbf9,0
9762b2e243652b59,9762b2e243652b59791f,0
976476ecb75e366d,11acf08c0980fedd7e01,0
977f9630d747fd87,977f9630d747fd87a9ec,0
97929084d064849c,97929084d064849cd333,0
97969387492daa4c,97969387492daa4c8ce9,0
979e86a5bd89497b,979e86a5bd89497b4597,0
97bc07ff01936081,97bc07ff019360812047,0
97d6fef01785cb6c,97d6fef01785cb6cfb3e,0
97d798f5a24fbf6e,6fb88d48cfd2ba8b9ff4,0
97df37c4ad555d9c,853dc378c473e49e4308,0
97f763594bcde723,97f763594bcde7230481,0
981c2fb56d0cb05f,981c2fb56d0cb05fb1ef,0
9825d802309eeec1,4a68974e08f7699debd2,0
9841a31b0c6b1dae,9841a31b0c6b1daec84d,0
988e56202dec1aa7,988e56202dec1aa7b436,0
988f63a84053633f,988f63a84053633f895e,0
98ad26fe9de5baaf,98ad26fe9de5baafb26c,0
98b1ac843a6e5864,98b1ac843a6e58644c0b,0
98ec22f641a35154,17ef748d8fd3e21e1bf7,0
98f249f549199621,98f249f549199621c885,0
992b35227557b8d5,992b35227557b8d5011f,0
9937eb2f29d6e574,c2434716429b7dc2cca4,0
993dbe3b82ca2bc5,f4c37e96bb2815e5910e,0
99413bd14a3121a1,99413bd14a3121a1ccc3,0
994d54ffff3546d4,5bac3f53a80de9acfece,0
99802353a3369ee7,d442c2188c22c0ac4022,0
998670d61e91e9c7,998670d61e91e9c74136,0
99d5462291d034bb,99d5462291d034bbad79,0
99dfcf7ba02c2851,99dfcf7ba02c2851a938,0
99fe55c51658a278,99fe55c51658a278868c,0
9a262bbae8a0a60b,9a262bbae8a0a60b1c4c,0
9a2d74afff184329,9a2d74afff1843291042,0
9aafa3f16934e35e,9aafa3f16934e35e7708,0
9ab2b34bcdbd99bb,13a92db44df906fa8256,0
9ab65c1be460d14b,9ab65c1be460d14b871c,0
9ace6f94a1c4edbe,9ace6f94a1c4edbe51c6,0
9aebce2c0ae5fa76,de67d64c4c223cdd6fb5,0
9aed0464569de035,853dc378c473e49e4308,0
9b105cdebb0cae5f,9b105cdebb0cae5fc1ba,0
9b3ca7c3060da382,9b3ca7c3060da382e972,0
9b40ac00a998ffed,51c137a4a6b051ceddcb,0
9b40dea5a45c4f64,9b40dea5a45c4f6465f8,0
9b64cc8b39d65704,11463883d02f8c7dbeef,0
9b6b06aed8d12b87,9b6b06aed8d12b87f757,0
9b87449063b2f19d,133a7a3b08a4a163ef16,0
9b8f53d5f444ecdb,f48adac10e01fcfd62b6,0
9b988d6a60afbc63,d25c38099a828f532c84,0
9bbd4fd06facc264,9bbd4fd06facc2640fc4,0
9bde99cf2eef8d61,9bde99cf2eef8d610e97,0
9bf62235ca59c2e7,9bf62235ca59c2e7c514,0
9c5ae3e297326a46,9c5ae3e297326a46db84,0
9c8103c26f646544,9c8103c26f6465448b12,0
9c901ea2638f0ed6,9c901ea2638f0ed6dac7,0
9cc52671108b7f9a,9cc52671108b7f9ad2e7,0
9ce27983763f58f9,9ce27983763f58f945af,0
9d116bcb8102f6a8,9d116bcb8102f6a8caad,0
9d2027b1096eefb6,9d2027b1096eefb684ab,0
9d4ad2760b32f48e,9d4ad2760b32f48e8940,0
9d632eee93b2831e,9d632eee93b2831ebd20,0
9d820d9dd6319711,1dbe203ea82439880c9f,0
9da2eb023f357c4e,9da2eb023f357c4edd62,0
9da4bae54267bc1e,9da4bae54267bc1e0981,0
9dc7e3ff1b32cb65,9dc7e3ff1b32cb65c4c9,0
9de0a73ff78222ed,f649357303db2adc3a5f,0
9df3bf19e296f89a,6b5ed0c13536646f84d6,0
9e0a07e9d12cfc97,a043a0ef9ad8bdd5ecfd,0
9e1587833a162e1a,9e1587833a162e1ae3c0,0
9e189598973c39e0,7dde6b5b379996e16111,0
9e398e0a1e7d5b5a,9e398e0a1e7d5b5a979f,0
9e4fb58df31a6ab8,9e4fb58df31a6ab8b55c,0
9e7855c56b6ca3d5,ac1314fb2c14fc8e35d2,0
9e78e39ed9ba9259,9e78e39ed9ba9259192f,0
9e92f1626a76a040,9e92f1626a76a040fc1e,0
9eeb9f9610c9ddd7,9eeb9f9610c9ddd77a88,0
9f011430ee192718,9f011430ee1927183326,0
9f2186430aacb62f,9f2186430aacb62ff589,0
9f44018ca40a0177,9f44018ca40a01774c3a,0
9f5515cf23b5378d,9f5515cf23b5378d3080,0
9f78dcc7e7065f12,9f78dcc7e7065f127872,0
a00e28f533051192,a00e28f5330511929faa,0
a032aa566cc23c61,a489b7ac2a3bbe072128,0
a04279d3947b206a,dd748224539ce229d1da,0
a0443f49acb1e9ce,c2f4493b921edae23509,0
a05942615c5e526d,c1bd94baa4a6530d8d57,0
a072eaba1c9916b8,a072eaba1c9916b86bda,0
a08c95fc52dd3512,a08c95fc52dd35121e96,0
a0971e995b95f5ab,ca8a99243c1afb7ee4d6,0
a0a7ce1b031edc98,a0a7ce1b031edc9854cb,0
a0b94f8fe8aed540,a0b94f8fe8aed540a8e2,0
a0f85207603d3f9e,a0f85207603d3f9eaf20,0
a0ff9d4336cd3a33,a0ff9d4336cd3a33fa1e,0
a1130ab7c317af00,a1130ab7c317af0094f7,0
a123c9ce8c7e25e7,5c2833561bfe19ddbcb7,0
a144ce55a4fa289e,a144ce55a4fa289e83d8,0
a14fd6e94475cf68,65ab5d8cbf2d900ee2db,0
a17337c3fd71512d,a17337c3fd71512dac20,0
a1a3215e8af5975b,a1a3215e8af5975b7785,0
a1b416473dc96399,a1b416473dc9639968e5,0
a1c7d2b5f18063d1,fd5d87648e87bd36a055,0
a1cd5138ba7d7a56,a1cd5138ba7d7a560a30,0
a1f70e6b57babe13,a1f70e6b57babe13b491,0
a1fbf61535c0d320,7007df654f8f993359c6,0
a20ce633bef82d38,a20ce633bef82d3886fe,0
a211ec3f50a34f72,853dc378c473e49e4308,0
a22ca371251901fd,38051c55ae80c3918db6,0
a28ae742e1eb2341,a28ae742e1eb2341dafb,0
a2d279ac211bcc2d,7ba984b55d0c6390c811,0
a2d6c1f4aa4dc5d1,653a59740e08f2c6fda5,0
a3228d89d2631583,a3228d89d2631583e270,0
a33ef7ef1ebd0b00,a33ef7ef1ebd0b0005f8,0
a38b4f11ee8420f1,a38b4f11ee8420f1c760,0
a3ab2cd4e4023e01,e3bad93c89d79da03072,0
a3b25fe63410a038,853dc378c473e49e4308,0
a3bc25e1b8552e35,a3bc25e1b8552e358898,0
a3ebccfd01965933,a3ebccfd01965933ebaf,0
a3f9a9f26fea5038,4c036c389933cd3cfbb8,0
a40443710482f320,a40443710482f3204859,0
a456548d0e88597c,a456548d0e88597c58f6,0
a4681d92030998bd,a4681d92030998bdc161,0
a48b762b1ed8c660,a48b762b1ed8c660805f,0
a4aa01afa7075726,0909e2402c0984f5384a,0
a4ad689fff59d349,a4ad689fff59d3497d60,0
a4bd56f207ff1947,a4bd56f207ff194741e7,0
a4e4d9fb1eeae220,a4e4d9fb1eeae220d6c1,0
a4f815a3e30e2eab,a4f815a3e30e2eabfbe3,0
a4fe39555c90aec6,a4fe39555c90aec627b5,0
a55426ea2b817747,a55426ea2b817747c548,0
a565f3c95cda481c,a565f3c95cda481c1339,0
a58828a7befeaa91,c26b08205bb2cb5b9d39,0
a59a87c287396bb6,a59a87c287396bb68cdf,0
a5a46eb6c219cf55,462cb4e3bbb69f1417a5,0
a5bda1491fee3c47,a5bda1491fee3c47f5a4,0
a5fdf8df058510e9,a5fdf8df058510e9eeed,0
a5ff3e9cb78e163d,6667ff6aa40d46a45843,0
a604f4ed28a0ab45,6b5ed0c13536646f84d6,0
a63cc77517535253,a63cc7751753525333e0,0
a6506a84b87c0998,3367791e9afb745e75e1,0
a6740117d4f0580a,e7cd3fc169d9fd84b91a,0
a683ed54fce3ba66,a2a20cf891265e4d5bdb,0
a6a5588f3acce815,a6a5588f3acce81521ce,0
a6ac18a94bd4030a,a6ac18a94bd4030a0b10,0
a6bf587ceff1c9ac,a6bf587ceff1c9acb6fc,0
a6dde189f541f544,d5655881936901a51c9c,0
a6e220ba2973068c,a6e220ba2973068c6148,0
a700add860cb5c9d,a700add860cb5c9dd6c7,0
a70c61c2b4d35f2d,a70c61c2b4d35f2d79e8,0
a75d2bf988f7337b,f077eea0ec1a037a0202,0
a761f4e23e564506,a761f4e23e564506c42e,0
a774e77c107223eb,a774e77c107223eb3930,0
a77ce2da380f5603,a77ce2da380f5603079f,0
a791d54b3ecc61ec,a791d54b3ecc61ec8d4c,0
a79d48546e96ef51,a79d48546e96ef51f727,0
a7a7ddcc37c0b362,b83ed729863ac3230e0f,0
a7b78a98ba1b5e82,a7b78a98ba1b5e824e2d,0
a7c5531c02b8f0fc,a7c5531c02b8f0fc4388,0
a7d41e6b90066545,a7d41e6b90066545174c,0
a7f8cd2be094fef3,b4ed102081dc1b16d4a5,0
a83f8601740ef10f,a83f8601740ef10f222b,0
a874f367f3afd0d1,a874f367f3afd0d1f657,0
a87d82b34dbee653,a87d82b34dbee653666c,0
a896dcf26b9a34f4,a896dcf26b9a34f4409e,0
a8ab5b3dc63a9998,a8ab5b3dc63a999894e5,0
a8dd0539ad0117e6,a8dd0539ad0117e6ad82,0
a8efefaaeaabadeb,a8efefaaeaabadebbe1e,0
a92da5af39bfa91a,a05bcbf1fe49b2a6a86f,0
a931d380b3e162ad,a931d380b3e162ad1b7d,0
a93370591437c9e0,a93370591437c9e0d875,0
a962741b52484170,a962741b52484170021c,0
a98ebc00f7983b18,a98ebc00f7983b180204,0
a9b1615ead451426,1db987251f71f8efcc41,0
a9b5eeabdbfc6152,a9b5eeabdbfc615241b7,0
a9becc4a292e34b5,a9becc4a292e34b5ea97,0
a9f76a8a375bbb6c,17b94ff88361042e8ac2,0
a9ff0188637b32ea,a9ff0188637b32eaba51,0
aa26eb51103d37ce,aa26eb51103d37ce866a,0
aa5ef13e4ef0e503,aa5ef13e4ef0e5036bb2,0
aa89bce02934815e,aa89bce02934815ee06c,0
aaa6bcc2fceb5221,c336aa59276e6fa5feaa,0
aab913cf997022ab,aab913cf997022ab0ca4,0
aac82a8e8515fffb,aac82a8e8515fffbfc51,0
aaeaf4288e1ac54a,aaeaf4288e1ac54a96d3,0
ab23829feb5dc84d,4c1e2287477db49e782a,0
ab3e05a655683aa7,ab3e05a655683aa7f25a,0
ab64fd01897c4e7f,ab64fd01897c4e7f4019,0
ab6662827786cae1,ab6662827786cae1aa97,0
abc623fdc82d2180,abc623fdc82d21802cf4,0
abd294ff88691562,17ef748d8fd3e21e1bf7,0
abe2178badea895e,65ab5d8cbf2d900ee2db,0
ac0d80eb75c2844b,ac0d80eb75c2844b555e,0
ac6cd965550ce8bb,e45bce24bd38a95213f2,0
ac7a994cb65bcbf6,ac7a994cb65bcbf650b4,0
ac8e8f2d08826a69,ac8e8f2d08826a696c9e,0
acb1b31a42edf5b8,f266352576d059d04c95,0
acce00c39c94fd4d,acce00c39c94fd4d9740,0
acf84254e4ab30c8,acf84254e4ab30c8b624,0
ad058d5b995253c1,853dc378c473e49e4308,0
ad51641c83eee6a3,ad51641c83eee6a3b2c3,0
ad62861de9855969,ad62861de9855969b476,0
ad7cf85fb3e1060b,ad7cf85fb3e1060b4d58,0
ada4bf99c560aaaa,f78cd3fb306550163bc4,0
ade8539abc87452c,ade8539abc87452c27c8,0
adfc7440f5329f53,adfc7440f5329f53397e,0
ae1dfecf4258b9dc,ae1dfecf4258b9dc691d,0
ae68998f44eda48d,ae68998f44eda48db7be,0
ae7e4bf84fe459e6,b2eb539e49d71db5ae6a,0
ae8208c77ec165e5,233db543273af2ed9caa,0
aecdfe2a748cbf4a,d2a62d3f431afb9d05c6,0
aed3a459e6455edd,aed3a459e6455edd1eef,0
aed9a2089853c9f9,aed9a2089853c9f9b4d5,0
aef757d1e57cb9b0,d489512d265888a15b86,0
aef80e46992fcc7a,0da7ceaf1b8aaccb63a2,0
af0ef71c75537408,af0ef71c7553740818e7,0
af1f7ebde5a48929,af1f7ebde5a4892973e7,0
af392e2cc4a71a6a,af392e2cc4a71a6af913,0
af42d3a42447298d,af42d3a42447298d9d8e,0
af6c0fed396e3b11,af6c0fed396e3b11d53e,0
af87eae1a30e85b6,af87eae1a30e85b60c08,0
af9082e3d51617da,af9082e3d51617da6d61,0
afa63ea105516c41,afa63ea105516c41c2d7,0
afb84d040b292613,afb84d040b2926137ff1,0
afe64ecb1943ed23,cb9be754c1a2297cea11,0
aff184b49f82a403,aff184b49f82a403a05f,0
b01cf3a05631ef8f,b01cf3a05631ef8f4497,0
b03ffd6a24b48cee,b03ffd6a24b48cee2cef,0
b04825363b93665a,b04825363b93665abcd4,0
b0c754380f1a8170,057b6e65c1a84bfffc1f,0
b0d6c289dd45a3b5,b0d6c289dd45a3b5dd9f,0
b0e45693c07f18fd,3323f559228334968589,0
b110ec5c5e1fe0a3,b110ec5c5e1fe0a3c3a2,0
b11e71bc2f70bfaf,36f3038c08adedf8ef19,0
b12a28c0331ddedf,b12a28c0331ddedf098a,0
b12f2268d397d738,65ab5d8cbf2d900ee2db,0
b1521812e35da0bc,b1521812e35da0bccdd0,0
b16ccd71061e9def,853dc378c473e49e4308,0
b18747492d29e342,3a3888b5316e54d80fa5,0
b19aef0d1c110bc0,b19aef0d1c110bc0c706,0
b19c5f2b211a30fc,d003d77afb9dd869c183,0
b1b1e00ab6b223e2,b1b1e00ab6b223e2249d,0
b22fd3b31c1f6c70,b22fd3b31c1f6c70128a,0
b25b419e3aa04a10,b25b419e3aa04a10dc2f,0
b29ae57897718f74,b29ae57897718f749370,0
b2a52c11e4050928,c765804e50911b47914e,0
b2ab2272c56961cf,b6bd9c2c29afc228cb65,0
b2bf8d3439b76ecc,b2bf8d3439b76ecca333,0
b2c2f950ea4a9fd4,b2c2f950ea4a9fd4fc80,0
b2ccdcc1ec602934,99329de5b84f968934f4,0
b30ada77ecd25a2e,b30ada77ecd25a2ea44c,0
b354df09c0f5c54e,b354df09c0f5c54e3642,0
b360aeade68ea6d2,51c137a4a6b051ceddcb,0
b3684163950fae2c,71b53a50d2a567972fe8,0
b371a6fca4405754,b371a6fca440575460b5,0
b38e4de69dfb7cd4,3fc6db374c7a7f5262b4,0
b38fd924a6b6b4ce,b38fd924a6b6b4ce1170,0
b3c7fb59b1afc854,b3c7fb59b1afc854c14c,0
b3d24f1ff8a87b40,72fa53c6650757cf0805,0
b400c151f1586e29,b400c151f1586e29801c,0
b408853cea13c912,b408853cea13c912bf88,0
b41b4cc4b043b1a3,b41b4cc4b043b1a3268c,0
b43a335cdf854b2c,b43a335cdf854b2cffd7,0
b480a24cdd1fadad,b480a24cdd1fadada09a,0
b4a2be344cf4a2e6,b4a2be344cf4a2e6f924,0
b4af86360e2668dd,b4af86360e2668dd1642,0
b4bc8833353a2209,b4bc8833353a22096d95,0
b4cecce8d1288fec,b4cecce8d1288fec492c,0
b4d1af45ca05f314,b4d1af45ca05f314b368,0
b4e7beced2883170,c222098471a30520945e,0
b4f9b7acb7711f98,3323f559228334968589,0
b4fa0b6cd4fb001b,b4fa0b6cd4fb001bbcc6,0
b51257ba473f0bad,b51257ba473f0bad58b1,0
b52174c0ec6b1501,d701c88913ca8834350d,0
b522e02a90c2d464,b522e02a90c2d46452b1,0
b53005b105b5c428,6389d2e47fcb3c127f79,0
b56b0ebc74b8b763,b56b0ebc74b8b763cefc,0
b57e904c4ff75c12,e10bd140a32405b3b394,0
b580b8b1c1356825,b580b8b1c13568251b3f,0
b58a3cacbe8f06ae,b58a3cacbe8f06ae1b0b,0
b5bc81ff56e430eb,b5bc81ff56e430eb9893,0
b5df94a754f11132,879cd17b509fd7ab4ddb,0
b5eb86dbdedf9e88,acffac10be0e311d58d8,0
b60aa519c021ee04,b60aa519c021ee04504d,0
b62cef327111bb09,b62cef327111bb0945e8,0
b64c494038f0d39a,b64c494038f0d39aa771,0
b682ab76f54215bc,b682ab76f54215bc7feb,0
b6bcc63c39d96054,b6bcc63c39d9605452d8,0
b6ce9c62dac2a219,177e8749db4f6f3363e7,0
b6e8cf0d73bbbc13,b6e8cf0d73bbbc13d1e1,0
b70fcd2bbc786b32,d30ad330fc39d1dd479f,0
b71fc73e427c1e09,b71fc73e427c1e093b58,0
b75dc725c5ff317b,b75dc725c5ff317b9e15,0
b78c066c5cee3e36,b1710785f2895d979497,0
b7a0db28d231eeca,e90985e9221e12f86737,0
b7c4cc2744595ba0,b7c4cc2744595ba01870,0
b7ec8ca8e0859c29,07964885b6d9fb126aca,0
b80bd587f7c4b625,b80bd587f7c4b6256ff7,0
b80c501f8fe300d2,b80c501f8fe300d2f85b,0
b80d4e8f4f113bd0,95c6fbfcdf835b2c298d,0
b856489476906d19,b856489476906d19f640,0
b86fc7d604db00c6,5ff5140e156f3a804b9a,0
b896fb42e739a135,b896fb42e739a13525f3,0
b8ca6304c7b9fcc2,b8ca6304c7b9fcc26939,0
b8d4b91f87771343,b8d4b91f877713435e13,0
b90e22181ce665ad,e1e458304ea7a24081ad,0
b92318cc8b34416d,b92318cc8b34416d57fd,0
b934239efa33fc0b,b934239efa33fc0b059f,0
b94890b5c18de641,853dc378c473e49e4308,0
b95960cee1ec8ac5,b95960cee1ec8ac5cb91,0
b97063f71ec52e4a,b97063f71ec52e4a343a,0
b97513c861cdc5d4,56ca37c521c09c5014f5,0
b978fc7cb7c691c6,b978fc7cb7c691c69d7b,0
b97c0cf4692bff31,6ca3bcd81ea913e2e073,0
b9910a4d322eced0,b9910a4d322eced089a3,0
b9aa9f8a99754d7f,b9aa9f8a99754d7f7b82,0
b9b8b17865acdb0f,b9b8b17865acdb0faf32,0
b9d760b58c5b6a72,b9d760b58c5b6a72b137,0
ba09e9f3e94df0e3,fcca5a0c8dd25861fde6,0
ba35c9eba6b20424,f1616bf60b61b70ae3d7,0
ba45cfd6551783c4,ba45cfd6551783c4bf5e,0
ba505f83ec2556ae,853dc378c473e49e4308,0
ba6f637e79a6a8e5,ba6f637e79a6a8e590dd,0
ba704281f2c2b3f5,574df015c9504f18ab59,0
ba801db3f28b1cbf,ba801db3f28b1cbf7970,0
bacde66ec12949d5,bacde66ec12949d5f734,0
bae749248c79713b,1356a01c9bfb1b437332,0
bb0afa5d13bad5bb,bb0afa5d13bad5bb52f6,0
bb18b81d050a1d1f,bb18b81d050a1d1f05e6,0
bb3e4dff06624833,bb3e4dff066248331b26,0
bb49855870288183,bb49855870288183bf6d,0
bb60075e23d007b6,bb60075e23d007b639e7,0
bb72a9b0ae131a77,bb72a9b0ae131a770dd9,0
bb9ff304d648651b,bb9ff304d648651be3ae,0
bbb3449dee818647,bbb3449dee8186476829,0
bbc32fbf6c9b94b1,853dc378c473e49e4308,0
bc2d9cf2f84d6726,bc2d9cf2f84d672662e4,0
bc4398277c12d8bc,bc4398277c12d8bc8d29,0
bc58eb2931bf0a54,c3cc42807e908ce3e5f6,0
bc65c40dbf457b44,5212443bb0abb19239a3,0
bc7b1efc382c81b5,dc7f230cb2bd3155c932,0
bc8e120e524f7139,bc8e120e524f713912ba,0
bc9391773e59420f,be5412a0feb6a05d3863,0
bcb73e6bf85cb030,bcb73e6bf85cb030dc9d,0
bce3c1ea923559fa,d5c1f8508aeba4713212,0
bcec54e97fc5f92c,bcec54e97fc5f92c2a15,0
bd155f02a8792db0,bd155f02a8792db0d4bb,0
bd3a9e1a53b80bf2,bd3a9e1a53b80bf2f348,0
bd5ed3b4736cceff,bd5ed3b4736cceffca3d,0
bd9c546685d6b952,bd9c546685d6b952f8ef,0
bdb45b73cd2e7609,bdb45b73cd2e760939d3,0
bdc8fb4f4fed8a18,bdc8fb4f4fed8a18f239,0
bdd5337be5d5d305,bdd5337be5d5d30513a9,0
be1199334030a5a6,be1199334030a5a6c177,0
be1aacf26556ed8e,d996636c2aee8996036b,0
be243c141c70605c,f78cd3fb306550163bc4,0
be2d9f7759c67f50,2c55eca0d1e759e67605,0
be43104f183876da,be43104f183876daad15,0
be61fd451ee78c27,be61fd451ee78c271643,0
be744e0bf93302c3,be744e0bf93302c3e1f2,0
beb23ca206683fec,beb23ca206683fec5b90,0
becc4753fb32cebd,becc4753fb32cebdbf42,0
bed4ed229bb88db2,bed4ed229bb88db2ffd1,0
bee82f078ebfafda,bee82f078ebfafdad3b9,0
bf1a13e6a6f2334a,bf1a13e6a6f2334a5bcc,0
bf4dc3c097eab05a,bf4dc3c097eab05a6284,0
bf5f5b03897f8394,bf5f5b03897f8394db3b,0
bf91157e2cf5bc53,f0aacf79877e32840708,0
bfa0e6922917a30d,bfa0e6922917a30d4fd5,0
bfa10fde71374273,3323f559228334968589,0
bfa6283aff41f340,3aeabe61af5a6e59ab77,0
bfdad32ee9c8b5d6,bfdad32ee9c8b5d665ab,0
bfe5256734d1c2ea,7e2c70066f1a1dc150ac,0
c0066ba372f6bc52,c0066ba372f6bc526221,0
c006a22f251e2f6d,e0ff5e3ec8b7340c6d87,0
c013461c3a16fd13,38111b093c5c6832d214,0
c033841e7ad84a32,c033841e7ad84a320614,0
c03d5f981ba4f12b,c03d5f981ba4f12bf667,0
c07bbc290ecf71da,c07bbc290ecf71daa0df,0
c0c67f60db91ed0d,c0c67f60db91ed0d741f,0
c0dccb3de8b2e906,c0dccb3de8b2e9060987,0
c0e2456e39f98af0,c0e2456e39f98af00fd7,0
c0ec6ceee8e21707,c0ec6ceee8e2170779eb,0
c11aaeaac7b646c8,c11aaeaac7b646c8db74,0
c14979350c887999,c14979350c887999e540,0
c14facac632dbeda,c978c06ef41f86e021cb,0
c15dfb78fa76293f,c15dfb78fa76293f48d7,0
c195f90742377e04,c195f90742377e04bc66,0
c1f9230a2f3c1977,c1f9230a2f3c197795af,0
c23e98c447c0908e,ee072ada8e0189b05859,0
c261ecba94279c31,e3c2900f3a6fce071e2a,0
c285d217485c2dd8,d4d1bcd1ea89855f5cd6,0
c2873d34c0c0c327,c2873d34c0c0c3274e14,0
c28f7615e153ffb1,c28f7615e153ffb1649d,0
c2983fa56c456123,a43869c9353f111c08c1,0
c29a55d53f192675,c2588c4cff0d52092240,0
c29e11e06b654c84,b9ff1a09a726cf9d2ae6,0
c2c143e197fcfecc,c2c143e197fcfecc0aa8,0
c2d0adcd2048dd6b,acffac10be0e311d58d8,0
c2dc9c651bb15171,c2dc9c651bb15171f556,0
c2e9c04031c38c6f,26bedd89e22cd2349678,0
c30b194524bf3520,c30b194524bf352071f0,0
c32e62df48b632eb,c32e62df48b632eb8a94,0
c352d6021f346575,c352d6021f346575be5c,0
c373f26b01031d08,c373f26b01031d08516c,0
c39585ed9953dc7c,70da7a2c26d0931ad9a5,0
c39c4640b93f6985,84c41422d611414eca00,0
c3c281b16fa5c637,c3c281b16fa5c637d1ce,0
c3caa3cf92013f9c,c3caa3cf92013f9c17f7,0
c3d789d48edab966,4a4a7e2899dc9f296e9d,0
c40647c867f927b5,526f966b51aa62ed08c0,0
c441a1be2d02f373,c441a1be2d02f373716c,0
c4666dc6f957041e,c4666dc6f957041ee5b6,0
c46d2dd19690fa57,c46d2dd19690fa5723dc,0
c48034dae46f919c,c48034dae46f919c236d,0
c481307af1a5b986,c481307af1a5b9865d8a,0
c48ea1e9b6fea3ea,c48ea1e9b6fea3ea50f0,0
c4b3e5c2003f376e,c4b3e5c2003f376e2dd1,0
c4e42631f46f9cfa,d26fac03501c245fd664,0
c4f057365b79e9bf,c4f057365b79e9bf7da3,0
c5197a7c2e816f7a,c5197a7c2e816f7abd4f,0
c53378b196997a43,c53378b196997a430781,0
c56507cb4484bcd7,f4c37e96bb2815e5910e,0
c56f6b978161df52,c56f6b978161df5240fb,0
c5b0120732e5cf83,c5b0120732e5cf830de5,0
c5bb8483be3a6a7c,c5bb8483be3a6a7c6b64,0
c5d58255eef4b670,42deee12ec56118ad890,0
c5da6ad960741340,c5da6ad9607413409626,0
c5e9493813249be3,cb9483ba52100aec39ea,0
c6044cac44bd2149,c6044cac44bd2149894c,0
c61028159e7d8183,c61028159e7d81839bb2,0
c63bd64d0b7f9348,c63bd64d0b7f93482d8a,0
c644c1c061f87b7e,c644c1c061f87b7e51fb,0
c65ec86588266a06,c65ec86588266a06fac6,0
c6684a27ae995e45,c833a2000fb9ee208441,0
c6c8811605f5c8b2,c6c8811605f5c8b25668,0
c6dffb95bfe73297,c6dffb95bfe732971f3c,0
c70a580d004a4f18,c70a580d004a4f1821af,0
c725cb74f0e28bfb,ebdfb571d7611cb4b295,0
c73b1803ea075823,c73b1803ea0758236620,0
c73b58cc189a2421,11b6a24368a60ce87126,0
c7450f5761ca6952,c7450f5761ca695205c8,0
c7a881eac68782f8,c7a881eac68782f8853f,0
c7af0f4a194b05ca,c7af0f4a194b05cab155,0
c7c5c79b3f9de37d,c7c5c79b3f9de37de551,0
c7cc215bac5b6c2b,c7cc215bac5b6c2b0c80,0
c81601ad177caf91,c81601ad177caf91c5e9,0
c81bc799057b57df,c81bc799057b57df0cf8,0
c823e06ae97eec11,c823e06ae97eec118a24,0
c8b797ee6011cde0,c8b797ee6011cde09476,0
c8d03ad04d196e9c,c8d03ad04d196e9c9c9b,0
c8e3b0a2c87029b5,c8e3b0a2c87029b51b81,0
c8ebea7a4775e505,177e8749db4f6f3363e7,0
c91b6b8ddb27d9fc,c91b6b8ddb27d9fc280a,0
c91d9d894f1e6d65,c91d9d894f1e6d6523d6,0
c927ca7af0ff88f3,38b86dc013514c0dd662,0
c964d5148ed0785e,c964d5148ed0785e7c69,0
c984ce40326fc82c,f6723d30e07b76795fde,0
c98cbdce08250583,c98cbdce082505837aa3,0
c99130fbebed4d28,c99130fbebed4d28a5aa,0
c9ebb39006469e6a,c9ebb39006469e6a47d8,0
ca438cbab5a906f2,ca438cbab5a906f2e50a,0
ca4a67c853af3509,ba50b8a15de2981f8043,0
ca5cc1c6becfdfac,ca5cc1c6becfdfac2df0,0
ca7fe63d41349989,ca7fe63d413499898050,0
cab2ebaa23c128bd,2e65a8d62e7174e4a550,0
cab6fb843eb4562f,cab6fb843eb4562f763c,0
cab813285ae8ecde,cab813285ae8ecdeaa57,0
cac51f1d037c621a,0de595f7d96a46449336,0
caee878e9d4a2e59,caee878e9d4a2e599e56,0
caf3afc2d05e9cfe,caf3afc2d05e9cfed977,0
cb01d4b026cae8c6,cb01d4b026cae8c671d4,0
cb21c36d69b7f99e,7f383693a6c1d43dbe54,0
cb2a2ac1745f5994,cb2a2ac1745f5994ecdc,0
cb55ff274a3c286b,cb55ff274a3c286bdeb2,0
cb61a6e08703e154,93d1febc384b7ea23932,0
cb746f27e4a312fe,08c890340b472d8050c6,0
cba42568a66ee98d,cba42568a66ee98db0c5,0
cbb3e85d13627f30,cbb3e85d13627f304878,0
cc0f56b37a3bedc5,cc0f56b37a3bedc52107,0
cc12ea7106b272a0,cc12ea7106b272a0c415,0
cc2737356c0be996,cc2737356c0be996c217,0
cc4dc762cc1ba642,b8a3e17fc874ac596157,0
cc5dd246ddcd48fb,cc5dd246ddcd48fb196d,0
cc80ca278f3b69aa,cc80ca278f3b69aad757,0
cc9f2da0a7ca5045,cc9f2da0a7ca50458ba7,0
ccc002092580b4f7,ccc002092580b4f710de,0
cce90391e392f6a5,cce90391e392f6a59eff,0
cd2d1ff76e8acc97,cd2d1ff76e8acc971f13,0
cd6e9d2c0d67b0fe,cd6e9d2c0d67b0fef22d,0
cdc29e1055e8765c,0f4fa10dbf6b48f14c99,0
cdc90fdb1f34ba73,cdc90fdb1f34ba739eea,0
ce111f7aa101a517,ce111f7aa101a51777d0,0
ce4d0abe3b8bb4b9,ce4d0abe3b8bb4b93056,0
ce54f8114e173926,ce54f8114e17392618d9,0
ce80ec9e304fa456,ce80ec9e304fa4569e21,0
cea6c70f025d3856,cea6c70f025d3856f45a,0
ceaf90c9382c39f2,ceaf90c9382c39f2d5a6,0
cee319db5d0ea47e,cee319db5d0ea47ea549,0
cef72ba0d2db98ee,d2a62d3f431afb9d05c6,0
cefbf88f2914acbd,cefbf88f2914acbd75a7,0
cf230d104c0b6ae9,75671f74c82e5459644b,0
cf38f16ca18a05e3,cf38f16ca18a05e3529a,0
cf418b70cec7c803,cf418b70cec7c8034737,0
cf7c71eed31f4ac2,cf7c71eed31f4ac2ac5b,0
cfa5bb075193c9ce,cfa5bb075193c9ceb1d0,0
cfafcafbca91f6c5,d3b0fb99100a44d1153a,0
cfb831ce47d8c36b,f78cd3fb306550163bc4,0
cfd174c54204b61c,cfd174c54204b61cfc6d,0
cfd243a4021cf2c9,214ae544b77c1317cf4a,0
cfda1b6c82c1b2b9,2ecb702a7e51c4ebfef7,0
cfe8a5d9aca76db4,cfe8a5d9aca76db47d9e,0
cfe9ce816f561477,cfe9ce816f5614777585,0
d013448362c3cd78,d013448362c3cd78b9d4,0
d0146043a90594d5,2227e55c9706104b6aa7,0
d01d5202c5cc0cbc,d01d5202c5cc0cbc59d0,0
d035bc4a5540de5e,5ea28c59758d266025d6,0
d04a3fd412bc95a5,d04a3fd412bc95a5cded,0
d0631601542aed83,d0631601542aed8305c2,0
d06f288e1568e358,d06f288e1568e358c4ab,0
d078d9bf268c155c,d078d9bf268c155cb0f2,0
d09f537a42c6fd89,443304bb67f336435179,0
d0a69217959ad9a5,d0a69217959ad9a5cbf7,0
d0b471051482c541,fdec2e5158aac8932aec,0
d0c24829529a48ac,d0c24829529a48acc03d,0
d0ca3ad6db233e77,3323f559228334968589,0
d0deab03690ea8f6,b136b6d1061e249bdd3c,0
d0e8b318b3601cd6,598fbcf388d2a049eb18,0
d0f462121b5474b2,d0f462121b5474b250be,0
d11f1b7e637029db,d11f1b7e637029db3719,0
d1224e261dcaa1ba,d1224e261dcaa1bac669,0
d15fc936581d725f,d15fc936581d725f6064,0
d169196e4369257a,d169196e4369257a8199,0
d191933c5154a1aa,d191933c5154a1aa2f7d,0
d193aff4d6d3ba8d,d193aff4d6d3ba8d49ab,0
d1dbb529816ac3e6,d1dbb529816ac3e60994,0
d1dbdb9fd71c6b6e,b136b6d1061e249bdd3c,0
d201006c10ff2cd1,d201006c10ff2cd1e213,0
d2040f568f9817ef,949da761ee4c2e8d796c,0
d2141eac5b9ed840,d2141eac5b9ed84078b1,0
d22a8844101e3f18,207d15fd50495b22d1e4,0
d230ae1a7e1bdb19,cd0f436a4c802cf00b04,0
d23ad9bbf1cdf3ee,d23ad9bbf1cdf3eed7d4,0
d2a7933e79cde124,858cb81f5a0e7da6cb53,0
d2dd777bd9b3847e,d2dd777bd9b3847e99b0,0
d2f445bf9ce99165,d2f445bf9ce991656d46,0
d310a0026fe72e3b,527cb3c7ef635a22af10,0
d319d52054994443,c2f4493b921edae23509,0
d3200dd2b95ebcaa,d3200dd2b95ebcaa2b3c,0
d34c3a20c044e4a7,d34c3a20c044e4a70e38,0
d37f8688700b46c6,d37f8688700b46c627cd,0
d39076cef07387b4,d39076cef07387b46277,0
d3addcb9c1d37640,c7e125ea110f5f3c50ea,0
d3c31852cd2807c4,d3c31852cd2807c49ba0,0
d3c6cf8229b9f08f,943a5cacd606fc2043a7,0
d3e6625671ecf9b2,d3e6625671ecf9b231a4,0
d3ecf3bddd35d519,d3ecf3bddd35d5198fa8,0
d43a291d4c70a69f,8691e6500a858fb61d97,0
d43aee1ec2bf212f,e4a711c93a925c814e70,0
d44ec6ec62c55474,5e8d7b502a2f49f6ffe6,0
d467156c84b42485,632090451eab17f3ece0,0
d4693b3e4038b613,d4693b3e4038b6130054,0
d4a0605c77f770a1,d4a0605c77f770a1e01b,0
d4bbaaca9fc8d81c,d4bbaaca9fc8d81cc09f,0
d4e5ff37792b12ed,d4e5ff37792b12ed2077,0
d504b68631febaa5,d504b68631febaa504de,0
d522ccb8677fa745,d522ccb8677fa745c6a3,0
d5531b59672d4ec4,d5531b59672d4ec453d3,0
d579d8dbf4c461fe,e9290b4d5f35fdfa582b,0
d58d35036c66f719,d58d35036c66f719b79a,0
d5c66283452da6b1,1d3419cb8522865e757e,0
d603f4396da9a871,d603f4396da9a871b4d7,0
d60f101b37950adb,552bd97b48c38601790e,0
d62fb07fe52d38e9,9656bc542e390bb54b8a,0
d644c93c4be5ecfb,d644c93c4be5ecfb2dea,0
d6962dfcd843b0cd,d6962dfcd843b0cd9c3b,0
d69cbdbe414fe424,835ebb48cdb5ece9a8da,0
d6e51d048d547bc3,d6e51d048d547bc3ecf9,0
d6f1e3dba7e7f905,66ff433abe9e59b82f5c,0
d73dd3e8469cfa62,6ee03e2f9b68425c8734,0
d744096e0d4d6400,d744096e0d4d6400c451,0
d75e74a27c493d49,46ad3324fab4e07404c0,0
d7633521f8a0baa4,d7633521f8a0baa419d8,0
d7794629380de1d8,dd748224539ce229d1da,0
d782bfaa170480fe,d782bfaa170480fe745b,0
d78b6ad046689d42,d78b6ad046689d424722,0
d7a47e9f64b7345b,d7a47e9f64b7345befc7,0
d7b618d747c045c8,d7b618d747c045c8b1e3,0
d7c04ecec518a1df,d7c04ecec518a1df9092,0
d7f7075d8d957000,d7f7075d8d9570003286,0
d7fae098e1e45fa4,d7fae098e1e45fa4bc6a,0
d800b70f9e0e1cc7,d800b70f9e0e1cc7a619,0
d805dac31c84955e,d805dac31c84955ee60b,0
d824b681da93a136,d824b681da93a1364838,0
d84b1f54b26e8112,d84b1f54b26e8112fe37,0
d85b80b03c41a7f6,d85b80b03c41a7f6afd7,0
d8795300ebe70545,d8795300ebe705455354,0
d88594877041e497,d88594877041e497bceb,0
d8a1f93f62c1efb7,d8a1f93f62c1efb75133,0
d8b771e0ecd7f147,d8b771e0ecd7f147d0a6,0
d8cb931380629270,3e064a83f94be2b96a48,0
d8dae99563f0f5ee,d8dae99563f0f5ee7771,0
d8e546e8ee06fac3,d8e546e8ee06fac37397,0
d8ed76922d83b3b3,d5fe445be8abb154faa5,0
d909efcaa89d80c6,d909efcaa89d80c6b343,0
d94a0799bc84aa3a,d94a0799bc84aa3a8bb4,0
d9860ff1c3f9bfbe,69952b70236a25b02a90,0
d9a8a4aa89d64607,d9a8a4aa89d646079fac,0
d9b3dcfd368cd623,d9b3dcfd368cd62362a7,0
d9d39af67c45dfe3,d9d39af67c45dfe318db,0
d9febf93facc8434,d9febf93facc84347e4d,0
da0778e5bc31ba13,da0778e5bc31ba1383ed,0
da30cfd61b27af03,bf96b64c059199dc2ccb,0
da590cc0e2629359,da590cc0e26293592d82,0
da6d5a3114e13622,da6d5a3114e136227497,0
da7e35f243a57995,da7e35f243a57995861a,0
dabd2bab96fb5500,5e8d7b502a2f49f6ffe6,0
dad4ac1d2b6c718a,dad4ac1d2b6c718ac97f,0
daed34e3e4faef3a,daed34e3e4faef3a3434,0
dafa4627bea98bbe,dafa4627bea98bbe7a7c,0
db0ce974d41f0634,db0ce974d41f063441f4,0
db2836febb1af72c,bf94e0fc708a00ff35b6,0
db41999641f33aaf,db41999641f33aafb4fc,0
db52df236b6a4178,db52df236b6a41789590,0
dbc9e7ec723aaa0d,dbc9e7ec723aaa0df0d9,0
dbe9a35b4a7caea9,51c137a4a6b051ceddcb,0
dbfe8dd5d16fe160,dbfe8dd5d16fe16079a4,0
dc3bdad1e444aaa9,dc3bdad1e444aaa947c3,0
dc4f06f8cef9cbdc,853dc378c473e49e4308,0
dc691c05e66dfa57,ce32238f0cafc6b2b0db,0
dc868be4ea1cb909,dc868be4ea1cb9099afe,0
dc99f5661668a64f,7e47c095e7523ece03e2,0
dca1988a37b4afa9,1fc19c5c8fcc583c09bd,0
dca8c0c52cc38fa8,dca8c0c52cc38fa80197,0
dcb3bd9fca57dccb,dcb3bd9fca57dccb902a,0
dcc5a1eb37e540cb,dcc5a1eb37e540cb66ba,0
dcc7c54746bbe911,dcc7c54746bbe91119d1,0
dcc866f376a0314f,2a5c040d6dd1c25e5945,0
dcd8f9e4aedef3fc,dcd8f9e4aedef3fc0d6b,0
dce6c5c9fa91b66a,dce6c5c9fa91b66a0b01,0
dcfb96aa485f7ce2,dcfb96aa485f7ce2f397,0
ddb6d8576b52cf12,62b763e19cdf7aac49f6,0
dddefc0787a8afab,dddefc0787a8afab8a74,0
ddf759de957cc9a1,51c137a4a6b051ceddcb,0
de12a1434ba47d58,de12a1434ba47d583709,0
de3df662398f12fe,de3df662398f12fed5d5,0
de5eaa78ca765e48,aec1d763f239699457d5,0
de7f5c0099867413,de7f5c0099867413f1c0,0
de827a827bfe31b8,611ef20c5a64808b37b3,0
de9acb1404084477,de9acb14040844779aa3,0
dea5b307d980979f,de67d64c4c223cdd6fb5,0
deb15529b0f6e8d3,deb15529b0f6e8d3c995,0
deb2763eb9ade502,adca20f2c5f7a8f03f65,0
deca89f1b21e3128,5bac3f53a80de9acfece,0
dedae1f8ebe3308c,dedae1f8ebe3308cc809,0
dee6979551447ced,dee6979551447cedea8a,0
def7b384434840f3,def7b384434840f368a2,0
df3304a75aca4e92,fd5d87648e87bd36a055,0
df583763d87076ea,df583763d87076eaa7f0,0
df5fecf2567ea7af,df5fecf2567ea7af3dd7,0
df6069c769012cd5,59b004b5ddda5afaac82,0
df9918ded1178788,51c137a4a6b051ceddcb,0
dfad6c870544c72b,b5f2af6406b4108fa229,0
dfc2a4985430e01f,dfc2a4985430e01fc4f9,0
dff40b2042ec8a40,dd9dc630ae5c58189d07,0
e01cc7a8c4416a84,e01cc7a8c4416a84424e,0
e038b023faf62a45,e038b023faf62a457d3b,0
e0603404648aebe9,c833a2000fb9ee208441,0
e0813036ac79dd18,5c4086ed4329ed797f33,0
e0833342e1289106,6742975bd8c21891ee26,0
e08ef5f3c4de54da,e08ef5f3c4de54da5609,0
e0a85d0b9a30213d,9ac6f585460664f70736,0
e0aa086de942120a,e0aa086de942120a553d,0
e0d927ed5546b103,5c2833561bfe19ddbcb7,0
e0dd957e724d66c9,e0dd957e724d66c97768,0
e156f54f58c2cf83,e156f54f58c2cf83c416,0
e158016233a6122c,f8116f70f44fa02cde15,0
e1839d4baa9d179b,7898bb79ecd6ab085f33,0
e19fb2e5c220fdd1,e61bc8fd0185826b20a7,0
e1eff7b060e2838e,e1eff7b060e2838e81fa,0
e1fa8a117b0ce28c,904083a2c7c58451401e,0
e23201b0de32cd66,e23201b0de32cd6699bd,0
e2936e20f516b7db,e2936e20f516b7db04b5,0
e2a68bbceee4f5fe,e2a68bbceee4f5fe4052,0
e2b3f2a02775fc0b,e2b3f2a02775fc0b7f1f,0
e2ca7e1e6372d728,e2ca7e1e6372d7286157,0
e2d060c51d96a6a7,a1d85bc0133b884e03f8,0
e2ed0dadbd20fd38,6a0ffbeb209d6c8af88d,0
e2ed9a0057edd13a,e2ed9a0057edd13a1051,0
e2fc97f50b39083d,e2fc97f50b39083db2f0,0
e31a7e23f1881eec,d03037e5e3946f06e8b2,0
e31ee4f883b99238,e31ee4f883b9923867fd,0
e368dd7d959d8de9,e368dd7d959d8de9eadb,0
e3849a49da85e687,63e1c205aae6b41773ca,0
e3f6e469a1696817,e3f6e469a16968177f56,0
e41bd3f192012511,e41bd3f1920125116f9b,0
e42d8e36d6ec127c,e42d8e36d6ec127c7cae,0
e485f90fe2a7ad23,8a5a2713952f20f9b89e,0
e488f2077057c003,e488f2077057c0032f99,0
e4af4ccf499bc7ff,e4af4ccf499bc7ff014f,0
e4ecbd08ce8848ef,e4ecbd08ce8848eff5df,0
e5267cd388cdeeae,53a8bb9fbeb175803d1d,0
e52b91ac4336ac4f,141db20f1eb310d7cb40,0
e551af10ccbcc156,e551af10ccbcc1560bb3,0
e555cdb4ef80340c,e555cdb4ef80340cd55c,0
e57bb5752c47b381,e57bb5752c47b381cab0,0
e57e199e13ad15f4,e57e199e13ad15f4c21a,0
e589351dba5a6e3f,e589351dba5a6e3f783a,0
e5a72004928ff51c,e5a72004928ff51c365b,0
e5b7ea920136e107,e5b7ea920136e1075267,0
e5bc676d7367ba82,e5bc676d7367ba82ae52,0
e5ec1d70efa5ae8e,e5ec1d70efa5ae8e3a0b,0
e62ecdd27b8b245f,e62ecdd27b8b245f21ea,0
e65fdc4901ed6aee,dc5b1c7309890ff2ce74,0
e670141124dbb90e,e670141124dbb90ee754,0
e67807a0d5ab2016,e67807a0d5ab20164590,0
e6a838246891891f,e6a838246891891f7e07,0
e6ab1795ae41dfc6,e6ab1795ae41dfc6e523,0
e6c67d6b9d0810d2,e6c67d6b9d0810d29fbe,0
e6dd2c6448057ccf,e6dd2c6448057ccf26ee,0
e70491cfdefc3ffd,e70491cfdefc3ffd3bb9,0
e7256e91676a0ac7,e7256e91676a0ac72b23,0
e73cf1bba7d7dd1a,e73cf1bba7d7dd1ad051,0
e748fcd83be03011,2cfd09256e80cf8b5397,0
e7515de5f03b0a42,d2a62d3f431afb9d05c6,0
e7641c1824aa517d,e7641c1824aa517d5a1c,0
e777bb499bf22e78,e777bb499bf22e789bbc,0
e782290452f9ae43,f85f6c7fbeeb16a97b69,0
e7896cb9b605ffa2,e7896cb9b605ffa2b5fb,0
e78a7e1e34f5e1cf,befe8a25bdb4f11b8432,0
e7933143dddc5bc8,e7933143dddc5bc89c79,0
e7cd074b2462cb59,853dc378c473e49e4308,0
e81f2549e709f3c9,e81f2549e709f3c9e815,0
e84a3be8b371c60a,e84a3be8b371c60a5cd8,0
e868350c53589d6b,db767ecd554c6f1f18cc,0
e88ac529830450e4,e88ac529830450e4d02d,0
e8b78fe70f2c21e8,e8b78fe70f2c21e85248,0
e8bc74694648a9c1,e8bc74694648a9c1a6a1,0
e8f04bce47e43673,e8f04bce47e436734aed,0
e90100529878f707,e90100529878f7078d65,0
e919e5f94e3bedf6,e919e5f94e3bedf615b1,0
e99b89720cdc666f,583e010cd9bc6f2ba205,0
e9a23a047c440293,e9a23a047c4402930f06,0
ea00cbb3c40f2c71,5e29e1352decd0d42e73,0
ea159d7dc5b135b0,ea159d7dc5b135b0cc52,0
ea1a2c3e797eb44b,ea1a2c3e797eb44b5764,0
ea4afdb44802f7f9,b6bd9c2c29afc228cb65,0
ea4f01c9a64e746e,ea4f01c9a64e746eb441,0
ea4ff7566b3b3ffb,85e7236e52757d6349d1,0
ea5da7c1ad9c0d5a,ea5da7c1ad9c0d5a0372,0
ea7c6d5b71017bc8,de67d64c4c223cdd6fb5,0
eab4fdce7d6f829e,eab4fdce7d6f829e7884,0
eab840a83eb2d0c8,eab840a83eb2d0c899fc,0
eab8728a212b7837,eab8728a212b7837ded8,0
eac901a3b30fa062,eac901a3b30fa0625604,0
eaea41d64e44fa39,eaea41d64e44fa39f8ac,0
eb0145e12544aef2,eb0145e12544aef201e2,0
eb1a030de4288e21,37fc63493a05aa2f72f2,0
eb3e9e68eec0517e,eb3e9e68eec0517e4420,0
eb3f355cce25ef4e,eb3f355cce25ef4e0181,0
eb4df2ebd9945a99,eb4df2ebd9945a997879,0
eb80f7d96de61203,eb80f7d96de612038ec6,0
eb97f9be7ff1e424,eb97f9be7ff1e42499c3,0
ebb78520819fc619,ebb78520819fc61915bc,0
ebe976ea53665f6c,c55306084488e6d519e4,0
ec0b4d2b12c62ab0,ec0b4d2b12c62ab0c47b,0
ec5e8168dcf18783,ec5e8168dcf18783c84f,0
ec619e87816bbfc1,ec619e87816bbfc11ac0,0
ec6e471e38fb10f3,a043a0ef9ad8bdd5ecfd,0
eccb9c2d92fa9024,b5f2af6406b4108fa229,0
ece6b0aaae0b2e49,ece6b0aaae0b2e494604,0
ed05a325a09c678c,8275007286767381d097,0
ed1a718152ca34b9,ed1a718152ca34b97ba5,0
ed3c7b8cc9b87396,ed3c7b8cc9b87396bb25,0
ed478336dd9007ea,ed478336dd9007eafd5b,0
ed63e9e69e9e90e7,46728bdb0ff72560edf7,0
ed6ff0469b60cc30,b30fa9fb416c15ee6877,0
ed851b1de1b7fd25,ed851b1de1b7fd250cc7,0
ed95d4ee3e35b64d,ed95d4ee3e35b64db4f8,0
eda4c078d535145d,eda4c078d535145d2c8d,0
edb49fc4c117ebde,0ace3bcf2c4dd8000777,0
edf686945b70d5a1,edf686945b70d5a11598,0
ee21d5c09c0ce0b3,900ebde99d3efb0930ee,0
ee24fa11aff2dfc8,f1616bf60b61b70ae3d7,0
ee2df414198fbd7b,1b10e2ac7d4681612cb3,0
ee80b308ebbdd345,ee80b308ebbdd3458006,0
eed4774ee46b00e7,b88df60ed1bc34c98fe8,0
eed643684fc19d8c,eed643684fc19d8c1ecc,0
ef22fec2f80efa97,ef22fec2f80efa970cd4,0
ef2d9887583620de,5fe3cab8e969b09c2fb4,0
ef4ea6d84053fcee,701604c8936a980d6f7e,0
ef5c3f922f54fc7d,ef5c3f922f54fc7d61af,0
ef7e9eaa47d43b90,ef7e9eaa47d43b90a1a1,0
ef8c31ffd0fd7c32,814edc8d94ea48bdb77d,0
ef91dd92717bea80,ef91dd92717bea8007cf,0
ef975f6959b7c0d6,ef975f6959b7c0d6b375,0
ef9efd34ed80c0fe,d0a37453ec92c1040d35,0
efa6de83a0ee7547,efa6de83a0ee7547291f,0
efc46be17ee9c890,490fabdc12702e6f17c4,0
efecbbf38017feaa,efecbbf38017feaaba81,0
efeeefbeb9ec054f,efeeefbeb9ec054ff43c,0
f02a4c9d6a185e9a,f02a4c9d6a185e9a0d1e,0
f08b7071ac0c6c24,f08b7071ac0c6c24925c,0
f0a9870266524eaf,f0a9870266524eaf5f83,0
f0bcf46f469cd65b,9ded2d168d936f3b6c0c,0
f0cc454d97ed2c9f,f0cc454d97ed2c9f5f50,0
f0f2bf6c2d99d1de,f0f2bf6c2d99d1def01a,0
f1087c546b3b7bd3,f1087c546b3b7bd3a744,0
f14a73a05c18733d,f14a73a05c18733d1c02,0
f1547867eab6ae34,f1547867eab6ae34eda6,0
f1c4099b4deb7d07,f1c4099b4deb7d07dbd5,0
f20f789409b88675,f20f789409b886750428,0
f24c5b1207522a7d,f24c5b1207522a7d09d9,0
f24d33a9edb1a4cb,f24d33a9edb1a4cbf7be,0
f28e9411ad6e643e,a2c38f7054fc42675148,0
f29a4f02b45f00e7,f29a4f02b45f00e78d9c,0
f2e83da86fd246d6,692d691b24be2ef9c859,0
f2ee1a109d54f322,f2ee1a109d54f32233c7,0
f30cc3184f7debaf,f30cc3184f7debaf344f,0
f3170e2a3913f59c,33eef34e523ad5db9cbf,0
f32c6ebc8c3fcb42,f32c6ebc8c3fcb425886,0
f3450d31ec04a4d1,f3450d31ec04a4d15ba1,0
f3b967ce8df016e8,f3b967ce8df016e822e5,0
f3c2e2e978bab4b4,f3c2e2e978bab4b4f2c2,0
f3c99c9e1635b4ca,b6bd9c2c29afc228cb65,0
f3d1cb69d6e2e9c9,f3d1cb69d6e2e9c9d727,0
f3e42290e206e723,e10bd140a32405b3b394,0
f3ea94d7231ec027,853dc378c473e49e4308,0
f3ebf12f5d9f977e,f3ebf12f5d9f977e41c5,0
f4081cf1890297c9,f4081cf1890297c99c13,0
f4292a18437df48f,01ce70d226da59d11a66,0
f44f2d43b1d29915,f44f2d43b1d29915a81a,0
f458b4285eda3e1e,914d49e2683b98a785fb,0
f458e0e0d2a961b1,f458e0e0d2a961b1a5fd,0
f47a41aacda185d9,f47a41aacda185d9bee1,0
f48ddcaa26c4c172,f48ddcaa26c4c1724eed,0
f4ad8813cbfd6a7e,f4ad8813cbfd6a7e797c,0
f4d9bfc3530ed0d5,f4d9bfc3530ed0d59c99,0
f4f375ddd18f74fb,0c8ab63d20f478cbeffe,0
f5137bc758757d29,f5137bc758757d29da20,0
f5273195f71e6b8a,f5273195f71e6b8acdd1,0
f52b3bd1f0a97056,f52b3bd1f0a97056378a,0
f53dcaa9dd9842b5,f53dcaa9dd9842b5351d,0
f55117b7cec78da5,f55117b7cec78da54715,0
f584574fb71b3aa9,f584574fb71b3aa96efd,0
f59f92db273ba161,f59f92db273ba161c434,0
f5a93285d8ab0e3e,f5a93285d8ab0e3e98c4,0
f5e231b93b339d73,f5e231b93b339d73dba5,0
f5fc94e68dde298d,f5fc94e68dde298d97f2,0
f5fe66c95ae5b72d,9d82779b715b4a641df5,0
f602832bf71c7fef,ae6fefe38577a3655b07,0
f604b4a32d78b1f9,17b94ff88361042e8ac2,0
f6355192c12793bd,f6355192c12793bdda62,0
f6403f676d898222,f6403f676d8982221a55,0
f646111d4fcca3ce,b136b6d1061e249bdd3c,0
f6974720717e1b2e,f6974720717e1b2e187f,0
f6a5988571d4db9a,f6a5988571d4db9a5ba4,0
f6b5e297f2ca5939,f6b5e297f2ca5939bc9b,0
f6e07e5f9180ab20,f6e07e5f9180ab2091ec,0
f6eef0988c7375fe,f6eef0988c7375feb0c1,0
f726f0264b0470c9,8fc6a4139ec1fb6df743,0
f755c3d9d43cdc57,f755c3d9d43cdc574a63,0
f771d034a72fa208,f771d034a72fa2087020,0
f7b8cd82a0853ba9,f7b8cd82a0853ba91c28,0
f7e03682455e8c1e,f7e03682455e8c1e168e,0
f7f206603cd4cb3a,f7f206603cd4cb3ab361,0
f7fb2ffcd6f7834f,f7fb2ffcd6f7834fb3b5,0
f8013a5cb5c1cb9d,55e336fb6ae7d1a5b681,0
f822fc10b831fd15,f822fc10b831fd15ffb3,0
f886df9c878b6a47,7f383693a6c1d43dbe54,0
f892a3c7f317ee54,f892a3c7f317ee54aeaf,0
f8a79e30151b3894,f8a79e30151b3894d3fe,0
f8b1d5c8747ee78c,b446d01bdebc972b7933,0
f8d89ceb418af1fa,59de7b8c3a490f492a66,0
f8daf1086b0beebc,f8daf1086b0beebc3c58,0
f8ee0107c7bd830b,f8ee0107c7bd830b1c87,0
f90d633fd47f15c1,a68b3d1aedeeac2f8b49,0
f9165e7d6f565442,f9165e7d6f5654429e83,0
f940cd733380c9ec,f940cd733380c9ec806f,0
f9530629f0ce26ad,adb791ad7c81537c170d,0
f95ddc77a2db20c8,5e8d7b502a2f49f6ffe6,0
f960539451a7aaf9,e25579184bc3de9c2363,0
f977338e0308c4bd,f977338e0308c4bd6e39,0
f98b60c4b4bc9d89,f98b60c4b4bc9d89fbdb,0
f9b0e06ab637d9c0,641da87bea1704771213,0
f9b3eb20dcee9458,f9b3eb20dcee94582144,0
f9c60d34770adea9,f9c60d34770adea99a4c,0
f9c80621d6cd795f,f9c80621d6cd795f4fdc,0
f9ca9d4630304243,a866a7d278485e881131,0
f9d121cb703111c6,f9d121cb703111c6820c,0
f9d1ab3d03a272a6,3b616f4333aa1045253c,0
f9f36a4762d4759b,f9f36a4762d4759b54b1,0
fa5211995f1fa1b0,fa5211995f1fa1b0b759,0
fa6fb484812d72bb,6ab704a336e62d136442,0
fa7be66e1e297af0,fa7be66e1e297af0edac,0
fa8235fc807da9d4,acc16125dbc07949f5c7,0
fa86514a5a48a8f9,fa86514a5a48a8f9fdd2,0
fadf5b729c5cb2af,fadf5b729c5cb2afe4a6,0
fb340b634bed82b5,ae51c28c8aed9d0f3996,0
fb69c0514aba25a3,9dea40bad38a4be8ce0b,0
fb77e3975d604955,fb77e3975d604955e253,0
fba5bf92e302708f,fba5bf92e302708fc4f4,0
fbb1e756dd422cce,fbb1e756dd422cce0e8f,0
fc0a2fcc8c90a95d,b43a814adcedaa40e842,0
fc68838d07f686f8,fc68838d07f686f81b3f,0
fc7da8c14c3eee97,fc7da8c14c3eee97bff4,0
fc8b8b31a70ec629,fc8b8b31a70ec6291fac,0
fc9d9c0ff3124d07,fc9d9c0ff3124d07c351,0
fcd51f9b95565670,fcd51f9b9556567046d0,0
fd13676dfa09c88b,319d74f3bba407824a0c,0
fd164a87621d1d2e,fd164a87621d1d2e5eaa,0
fd2866b0125e7ba2,6f4b2004eb088db4a7bd,0
fd68c3856491955f,fd68c3856491955ffb8e,0
fd71b843cb8945fa,99e57c1e4a18ee46187d,0
fd8cd453cd666301,fd8cd453cd6663015bb8,0
fdc78fec49445c47,a0284e98e574cc913400,0
fdd2e1a6c39bf37c,fdd2e1a6c39bf37c72f3,0
fdd990e181c64baa,fdd990e181c64baa6461,0
fe087ecc19c3bf14,c2f4493b921edae23509,0
fe257ced6fcf6a31,fe257ced6fcf6a318ad2,0
fe34182fb6a8cbda,44518dcfa0f418415d7f,0
fe34d0af190e0852,fe34d0af190e0852cdcf,0
fe483f95d2cb78ad,5212443bb0abb19239a3,0
fe8c4ea6e750d085,fe8c4ea6e750d0851572,0
feb7686444e0ff4e,feb7686444e0ff4eaa6c,0
fee7aca0e7fe0566,fee7aca0e7fe0566e550,0
fefc33aa93434f07,1ae61afea5829b4e35f3,0
ff0daa91a5bdfdbd,51c137a4a6b051ceddcb,0
ff17b4e3d14bcf17,dfbf2ce291367c26b7f8,0
ff22c76b0c8b73a3,ff22c76b0c8b73a36d5b,0
ff41da65d03fb012,ff41da65d03fb0123493,0
ff607110f3042809,3605ae364ad7dfe51d01,0
ff8411f299265deb,ff8411f299265debbeda,0
ff937ffb8e4bd96f,ff937ffb8e4bd96fbb1b,0
ffc5605abca962eb,17ef748d8fd3e21e1bf7,0
ffd94c2b16e46b26,ffd94c2b16e46b26e85d,0
fffb54d3a4c49a0b,0736dad61991a5bc07e3,0
7dddbda280d9a36b,51c137a4a6b051ceddcb,0
9cfac4e4df3fb3a0,51c137a4a6b051ceddcb,0
b023b79af85bfcd6,51c137a4a6b051ceddcb,0
df8f40e9a8ca703c,51c137a4a6b051ceddcb,0
3162ae8a9d3c894f,51c137a4a6b051ceddcb,0
ff27d36d86256166,51c137a4a6b051ceddcb,0
89df52e938368c1b,51c137a4a6b051ceddcb,0
f0279241475dd4bf,51c137a4a6b051ceddcb,0
9dea39c519dbd296,51c137a4a6b051ceddcb,0
6d56ddd0819ae9b2,51c137a4a6b051ceddcb,0
364021165819c103,51c137a4a6b051ceddcb,0
a492fcb9f3f5bd63,51c137a4a6b051ceddcb,0
24e0422647a0ef5d,51c137a4a6b051ceddcb,0
fd3c21bec1d5ad03,51c137a4a6b051ceddcb,0
2ac9e3a656b7b1c5,51c137a4a6b051ceddcb,0
0023782c9b280b23,0023782c9b280b236c6f,1
003e88ba8bc4b79c,003e88ba8bc4b79c1111,1
0044e1f3f1b34f0b,11de1d51eb8872889ceb,1
0070a0abd1a162f4,0070a0abd1a162f4320c,1
00def9b4bf92d0de,00def9b4bf92d0de9313,1
00f6652ec462fee1,00f6652ec462fee1785e,1
00fe2f0af7b4b4d8,00fe2f0af7b4b4d88231,1
012b2d0c5fea30c1,012b2d0c5fea30c1615a,1
0173a76c94f4f6db,0173a76c94f4f6dba296,1
01966f7af93d0a13,01966f7af93d0a132957,1
01c5e2e3160f4674,01c5e2e3160f46749355,1
01e8abd8f35652bb,01e8abd8f35652bbca3b,1
020d27e2dd5e4d54,aa10ff65a95fbefc10f4,1
0240f48f2ded503e,0240f48f2ded503ea891,1
0244cdffb7166db7,5e329ffe2c1d465bac46,1
024cfdc70cf3fc38,024cfdc70cf3fc380184,1
02582e9b85791588,ce1cea13b46b1ab19fc1,1
0278a16a4d6cd44c,0278a16a4d6cd44c7029,1
028fe7d7b75aff42,028fe7d7b75aff42498b,1
02aa38372592e02d,02aa38372592e02d3041,1
02b29264a7409aeb,02b29264a7409aebd78d,1
02f24cb27ccc8925,02f24cb27ccc8925dbd0,1
02f9e78fbad80c5a,02f9e78fbad80c5a8d85,1
031f9f9abae96479,031f9f9abae964793ce5,1
03210b2c37ae0660,b640cfb033683500cf41,1
03555c3d080dd20a,03555c3d080dd20af2f1,1
035e9ed51a791a88,035e9ed51a791a883d4b,1
038704d41b986f0e,038704d41b986f0e845a,1
039512410f90ed2a,039512410f90ed2a4384,1
03db4f639e4e0ab2,03db4f639e4e0ab232e3,1
03e2191e01f2c764,03e2191e01f2c764edf2,1
041a3c1222c36ccd,df603492b1ef10c30361,1
042ff09bcb0a8098,042ff09bcb0a809826aa,1
0442e661595086cc,0442e661595086ccf58d,1
044af03279ecf05d,044af03279ecf05d74e7,1
0462ef130c8c270d,0462ef130c8c270d7277,1
04814101e3272d04,04814101e3272d043a32,1
04d972e31013a62c,04d972e31013a62c7aa2,1
04f2ba1c2b73bbdc,04f2ba1c2b73bbdcbd88,1
0507d2e90a58494a,0507d2e90a58494ab482,1
0521bfe2e4ca7490,df91e56788894ddbb00d,1
05380a34ff6d2702,05380a34ff6d270285a7,1
054bbf09bbdca8f6,34c17ebed364329330d8,1
056706becbcda2ae,056706becbcda2aed40a,1
057a78a60aa4a5d6,458c87d29ced777f5c01,1
05a699a01ae4a12f,05a699a01ae4a12ff5ad,1
05bb05c560915c54,05bb05c560915c5439c1,1
05bf5d6a14d6f25a,05bf5d6a14d6f25a05d1,1
05d686678ede501d,36ffb0f5a29b11479a3b,1
05db3bd58c641078,f4618e514a4f6f1b0832,1
05e40e28e38703be,05e40e28e38703be83e1,1
05f3caee0ea9a93c,05f3caee0ea9a93c6844,1
0614b58ea8ac753f,0614b58ea8ac753f3c30,1
0634d64804c7ca13,0634d64804c7ca135864,1
064db46271ea0e49,6d893bdc82347a475186,1
066ddf81af9292db,066ddf81af9292dbafcb,1
068d7c316e2bea19,068d7c316e2bea1907e0,1
0697008e7dd34307,0697008e7dd3430747f0,1
06a93c12f46fb829,2c50023b6431f897c715,1
06d3194ef0e4f68a,06d3194ef0e4f68aa1dc,1
06ec3fd5e022b124,06ec3fd5e022b124a5fe,1
0705d9fdcddd56cf,1eb2cdacb89041294e6b,1
0709120c56a33018,38d83daaa1f180daa719,1
070e9168ffe26a07,070e9168ffe26a0755bc,1
072ba3c48d1fb838,0459c8450367abfb77dd,1
0775943a5e83aeb0,0775943a5e83aeb039e3,1
077ca42745a38d48,b640cfb033683500cf41,1
0808335e459181bb,0808335e459181bb94fd,1
0814205a9f09efe0,982144d3171681f9f416,1
081fc036cfde7986,081fc036cfde7986d32a,1
083195bfe72ac64c,083195bfe72ac64c81bc,1
08420460a18f2986,08420460a18f29868eb8,1
085f72b25a0e32cc,a737ef3ab19ac08dbce4,1
086ed1e378871d6f,9ab185e7c87bc27ad3f7,1
0892e3f3104eb5cc,0892e3f3104eb5cc4201,1
08a0e3c9e9c5bab4,08a0e3c9e9c5bab4d975,1
08c60fff5f126da3,08c60fff5f126da32440,1
08da7087d0afba02,9444b8743ed4bf4a0f47,1
092fe8777e8a42f0,092fe8777e8a42f0f4db,1
0948da533a3971bf,c76e39429e089f749d6a,1
094c342f707fe09c,094c342f707fe09c659d,1
095b5faa1f8916b0,095b5faa1f8916b0b29d,1
095de46c444c6de8,50bed0b7e89abb84e2b3,1
09b9177eca5e874b,09b9177eca5e874bf432,1
09fa15fd77db9a17,09fa15fd77db9a17c7b6,1
0a05b78aa5863b7d,0a05b78aa5863b7da1cf,1
0a17a7ff1b7d7dcd,458c87d29ced777f5c01,1
0a3b6d776536e961,0a3b6d776536e961189a,1
0a53af1153a2887d,0a53af1153a2887da93e,1
0ac6cf5fdfdaf218,0ac6cf5fdfdaf218484a,1
0ae0f4eab95ebbad,0ae0f4eab95ebbad6559,1
0ae44fe5480766dc,9388fc3170e42b3d7b42,1
0af0c39095c8aa79,0af0c39095c8aa7976b0,1
0af51de6afb81e25,0af51de6afb81e251684,1
0b2c4e39928d7c32,42ae72babdf9875f2298,1
0b3abedddf2fc688,0b3abedddf2fc6880fd2,1
0b4e0801a2743cda,0b4e0801a2743cda7461,1
0b699f89ca740bcf,ac3f1a8efe0e362196c4,1
0b8a14c5eb984329,0b8a14c5eb984329632b,1
0bb31393b41e56af,0bb31393b41e56af00a4,1
0bc7c1d33a7b3e3c,0bc7c1d33a7b3e3cb39c,1
0bc8f6818fc87752,38d83daaa1f180daa719,1
0befdfcc65885e2d,0befdfcc65885e2db583,1
0bf6e4f6bc931f87,9388fc3170e42b3d7b42,1
0bfff9f30601ea1c,0bfff9f30601ea1caa6a,1
0c01cef93a7510c8,0c01cef93a7510c8ffb5,1
0c44d7743f7c2078,0c44d7743f7c2078b435,1
0c59530632f47587,0c59530632f475879d3b,1
0c7a9b6c183f011f,84697f70c80a1650bcdb,1
0c80d69c2c0b4a34,4af3118f269c07945953,1
0c82509c7f59fb37,0c82509c7f59fb37ec47,1
0cb94c4b9232a48a,0cb94c4b9232a48abc4f,1
0ccc6eb537eb00e8,db1bc27aa62b83cf1be0,1
0cf2ffb2c2b65b87,39ab793c337053271391,1
0cfa55454d4dd233,0cfa55454d4dd233df4b,1
0cfa5f25d897048c,0cfa5f25d897048ccf0d,1
0d20cf3b30bb624f,0d20cf3b30bb624f1838,1
0d41fd8d4c963b0d,0d41fd8d4c963b0d116d,1
0d6806924dcd489e,44c82e03a78d0b46e88c,1
0da0ebb241d168ab,0da0ebb241d168ab8829,1
0dc326330e5a63c2,c7b101f5516cb77ced2e,1
0dc4c692a6653790,0dc4c692a66537908631,1
0dd44ebd26764c59,0dd44ebd26764c59965c,1
0dde5a386a19b04b,0dde5a386a19b04b28ba,1
0dfb4fe8472be028,d976c7bbdd93e7a2d642,1
0e2fc19f9247de0d,0e2fc19f9247de0dc2c6,1
0e35483bd8442c19,0e35483bd8442c190a4d,1
0e59e1d5f1e7f14b,8c9c0e205d21f8404f87,1
0e65bf42a46db60e,0e65bf42a46db60e8806,1
0e82e5970613e33f,0e82e5970613e33f6a8f,1
0eb3df7a0965fd78,0eb3df7a0965fd783a35,1
0ef70fd6a12723c1,0ef70fd6a12723c15016,1
0ef7d74c7aa7e189,0ef7d74c7aa7e189ea64,1
0efdc1c3c26a18ef,0efdc1c3c26a18ef2467,1
0f0f11308337870a,0f0f11308337870a8f74,1
0f21e7268f6a6bbd,e258fffd286140e58cd6,1
0f41a91f9a5f3879,0f41a91f9a5f3879f918,1
0f4994b69b7f9e9f,d0832dd09646905fff1c,1
0f6dcd0648391e8e,0f6dcd0648391e8eb3e1,1
0f7a058f1d9ff48e,0f7a058f1d9ff48eec1c,1
0f8cad439fa8d04e,6e50aaff29ce9274e0bc,1
0f9352b896e7d743,d03bf48db5b60fc2cedb,1
0fa601d23b0a70f1,584924aa4b761929331b,1
0fa74f997ce4eb18,0fa74f997ce4eb18e9b8,1
0fe632e655e3f237,0fe632e655e3f2374549,1
0ff8138b7b32704d,0ff8138b7b32704d480f,1
100fa9bfed73bfee,100fa9bfed73bfeee59b,1
101601b811179a49,95a9f9176057a0b12d56,1
1065a6d2ee1f203d,1065a6d2ee1f203dc945,1
1075e0c6d5275db9,1075e0c6d5275db9fba8,1
1085d12e4820ff47,1085d12e4820ff47a5f5,1
10a3710b6f214de0,10a3710b6f214de061b9,1
10bdee26b2bc31b4,bceb0d8a6132010b9dce,1
10d8308d2a16bb25,10d8308d2a16bb2502ed,1
11028896e7070e7b,11028896e7070e7bcb5f,1
11133189c94e18d4,ca72cccd871c6dd60bb1,1
113dae552809b5e1,113dae552809b5e1d3f8,1
11639643d4f85efa,11639643d4f85efa5879,1
119bead08f5d9fbe,119bead08f5d9fbeb3ce,1
11ac8f7787c84b2b,11ac8f7787c84b2b33fb,1
11bef5c4dbf856c0,11bef5c4dbf856c015f9,1
11e4b16e30c17c36,11e4b16e30c17c3691f9,1
1224d23cb1e879e7,1224d23cb1e879e70360,1
122a631698d4f790,122a631698d4f790d769,1
123aa60d730e796a,d10c56f4243d5c311371,1
123db3d33e9c1342,ab6cf0ffdeac28316216,1
125253d94a6aeb3c,65abd5f4199fe749b644,1
12609ca070e55628,12609ca070e556288e71,1
1291ffc4c82e5a2a,1291ffc4c82e5a2a90a4,1
12acb6c71bd7faa6,12acb6c71bd7faa66f1a,1
12d0f040ce71d46d,12d0f040ce71d46db5d5,1
12e35c0b792a4ab5,12e35c0b792a4ab5383d,1
12feffdb86b1aa8c,12feffdb86b1aa8cb6fa,1
1311d6aca242b093,1311d6aca242b0939100,1
131b85616401302e,ed876c98808c2a4ee68a,1
1330988b6701701c,1330988b6701701c720e,1
133faf8c9636b5a9,133faf8c9636b5a953d4,1
13555958d6e05372,13555958d6e053724471,1
13d67e170e565370,13d67e170e5653708db1,1
13f914376b6c9ba8,13f914376b6c9ba8c153,1
140b8685a48211d2,140b8685a48211d28b45,1
1414d7f6535cd6ee,adabc808a55406dbd19f,1
14475bf9386a6210,e59f8fc96623be773cf7,1
144fe7e84f6bac46,144fe7e84f6bac46f44d,1
14c2611bd1b563b8,14c2611bd1b563b8ce2c,1
150013b949419fac,00aa6f33cc0cde358f31,1
1505cb3e5cf449f9,1505cb3e5cf449f92b71,1
15385dda70ef44b1,15385dda70ef44b1ada8,1
1561b2cb3370a99c,5768e0af5fb209e2e0ee,1
1568d5dc250bf341,1568d5dc250bf3412566,1
1574f181380a60ab,1574f181380a60ab247d,1
15be2d7f64c780d8,b640cfb033683500cf41,1
15cbdcec78ef1255,15cbdcec78ef1255e771,1
15d9d1f5bad24dc5,96e478ba341991e434b1,1
15f651a6fb2523f6,15f651a6fb2523f65393,1
16218d9a4efa2cd2,16218d9a4efa2cd2b826,1
1635e1e937665389,1635e1e937665389d608,1
163b0a3d2d378d1d,d4bd6021d7e8c100f04e,1
166f9eee353bd9bb,166f9eee353bd9bbe468,1
16826615766c491c,16826615766c491c3f77,1
1684c4f3ae86178c,df8661cdba2facf27fbb,1
168e199b02901a18,168e199b02901a18c911,1
16a536c48e2329d7,a126da49ea19433db92a,1
16c5f9aae6040c53,16c5f9aae6040c530637,1
16d8146a90df9524,16d8146a90df9524d689,1
16f46a1bdbd9d3cc,786d0a78eac175e9a0c3,1
16f768a3d6f53369,b26d771f697c45fa34b6,1
1703c04e79ea087a,1703c04e79ea087ab88e,1
1721f3d572062a97,1721f3d572062a97a3d1,1
17321c5afbfa75c9,17321c5afbfa75c93b55,1
174f1faa4b386a3f,174f1faa4b386a3f8650,1
17817362a45abf2b,17817362a45abf2b75d1,1
1781f57e3b61e2cc,1781f57e3b61e2ccc4e7,1
1784ffc6d32dfd3e,a873dfd664e607e55b3d,1
17915807b7e89b5a,0a38612607a51dd4e3ac,1
17940ee29c4d1bcd,17940ee29c4d1bcdff0a,1
17bd546ee89e6445,17bd546ee89e6445fcb6,1
17bf653107a56b33,ffe9a41576e8468cdb3e,1
17e56ce94921b763,17e56ce94921b763f43d,1
17f0fa42b8dba299,17f0fa42b8dba299b08a,1
183b0a534d90b259,183b0a534d90b2598c98,1
185e3c27be945766,a3c51e94ee9ed4bc30c9,1
187ab3ea0b8ad607,187ab3ea0b8ad607eaf2,1
188950a9ff10bdf0,188950a9ff10bdf0030e,1
18a0e1ba5022f306,18a0e1ba5022f306ba26,1
18dd02b48929e8a7,38d83daaa1f180daa719,1
18df72e1a34b3e98,18df72e1a34b3e982b2f,1
18ecbd32d9b4f956,4404a143315271ef7624,1
18efde39fa7a4027,18efde39fa7a402735fc,1
19016d1faf952343,19016d1faf95234346c6,1
191486ea9860e4a3,a1a39774542672d13b62,1
191cb25898e9232a,bbc9f5bf8ee11430e345,1
1927528a8fe40d58,1927528a8fe40d58e14b,1
1941c9e3974920a6,1941c9e3974920a6c271,1
199be6a277555eba,199be6a277555eba95d7,1
19b445371849b827,19b445371849b82798a6,1
19c1780be7f54fa8,19c1780be7f54fa8474a,1
19c38160fe9ec561,00aa6f33cc0cde358f31,1
19e7417cf83861f1,b640cfb033683500cf41,1
1a12a704f46d442c,1a12a704f46d442c3d07,1
1a62d74cd2bd36f9,1a62d74cd2bd36f95fd8,1
1a99439da0bdceff,9c889e0f810f0e9ecba7,1
1aa530748fbd9c97,1aa530748fbd9c97c19f,1
1acfd2f5934ff1e8,1acfd2f5934ff1e89925,1
1ae010f512aa08f1,1ae010f512aa08f17f3b,1
1afcce8aa1527e5b,1afcce8aa1527e5ba15c,1
1b1dae39a1f3b2d5,1b1dae39a1f3b2d58154,1
1b42c01907ed1148,2d10b6181ac4c7deb01b,1
1b9961d536484c17,1b9961d536484c177005,1
1baae9d3eeaa9602,b640cfb033683500cf41,1
1bb9f7763c0ce070,1bb9f7763c0ce0709736,1
1bfd1e02b7971d9e,1bfd1e02b7971d9e4afa,1
1c1ce244de396112,1c1ce244de396112401d,1
1c5a2b81346ffd9c,1c5a2b81346ffd9c6e6c,1
1c993f6c9cebb8bf,a1a39774542672d13b62,1
1cb3b2d3bcd9ad7c,6b5ade87f832529783ea,1
1cb81697719ab29c,1cb81697719ab29ccbe2,1
1ce4a8914eef1d49,2b2acce8b3073fc8b6b1,1
1ce4deef85183123,1ce4deef85183123a59a,1
1d0cec0553f8bbc0,43a1e698248bc1e81acf,1
1d26c2036cf03614,1d26c2036cf03614fc06,1
1d35252a0a6a2bb7,1d35252a0a6a2bb7c08a,1
1dca417292013bc7,1dca417292013bc79e12,1
1dcc37fceb50d1fe,1dcc37fceb50d1fe4d74,1
1dd7f40560835831,9388fc3170e42b3d7b42,1
1def9e15c8661c8a,1def9e15c8661c8acf15,1
1e0d871a85e79bf3,c73c11fa31858a0b40d8,1
1e33a072843dde02,1e33a072843dde02c9a4,1
1e3ee57cb4396cf3,1b252648b422338c841a,1
1e5a62bf5ddaab4b,1e5a62bf5ddaab4b6695,1
1e7c2c9ee0572433,1e7c2c9ee057243396ca,1
1ec0ce39b1093c26,1ec0ce39b1093c26820a,1
1ee415e05ab1cf22,1ee415e05ab1cf22b717,1
1f257bbcf8a06a2a,b640cfb033683500cf41,1
1f32f4da03454e7a,e8a18c6ffe2b1432d898,1
1f5aeab5d36c4e23,1f5aeab5d36c4e2373d9,1
1f6fe108dd7f7c7e,1f6fe108dd7f7c7eff7c,1
1f81d80f51c6503b,1f81d80f51c6503bf629,1
1fa627237168f51d,a3c51e94ee9ed4bc30c9,1
1fb339d19acf2dfa,1fb339d19acf2dfa169e,1
1fc74b0c8a92c4a1,1fc74b0c8a92c4a13000,1
1ffb9299490b80de,1ffb9299490b80de7388,1
201f114bf96a4ddf,201f114bf96a4ddfff7a,1
205eb5c22d432343,205eb5c22d4323432eb7,1
2064be792f33d032,1827f6d5a201d5582501,1
20a23646241d95fe,20a23646241d95fe5287,1
20bff514c1d7b60a,20bff514c1d7b60a4603,1
20d24122b63deb96,20d24122b63deb96354c,1
20f863f54202fc89,20f863f54202fc89c039,1
211085d3f648de73,211085d3f648de73a13f,1
21280da63e991ec8,e59f8fc96623be773cf7,1
2144b08a20ef25f7,2144b08a20ef25f7e73a,1
214ade09247459ba,fe823086c9994fad9b79,1
214ebd227257f970,214ebd227257f970f295,1
21602c669ce516e3,26444e8497ce027994fb,1
217901e85cabbd19,217901e85cabbd193cc2,1
218243391b2fb4cf,b640cfb033683500cf41,1
218f468d0a3dd98e,218f468d0a3dd98ec64a,1
2197cae1ee1c292d,2197cae1ee1c292d77a4,1
21b61bb6a19e2807,21b61bb6a19e28072840,1
21d4825ed5ab5a9b,21d4825ed5ab5a9bd15b,1
21d8d29816eee9b6,21d8d29816eee9b64ebf,1
21f1b7da536ca31e,21f1b7da536ca31e2dd9,1
22057c87e82e0e5d,22057c87e82e0e5db277,1
220a474ee9aa9070,220a474ee9aa90705568,1
221b95f64b368a86,221b95f64b368a867b4b,1
22271aa80663e82a,e76f6582b409a665a3d8,1
22446c68bdc8e4b3,22446c68bdc8e4b3a9bf,1
2245b319368cec9d,2245b319368cec9d76c1,1
2252d0b34490e6ba,4ce7157f8ab3a7ab6e8a,1
22561345992af2c2,5dd12e035cb547ab708f,1
2273ea784c2ff0f6,32195ca86eab5cd3385e,1
2289cb324242f34e,2289cb324242f34e02ac,1
22958a89912b7fc6,22958a89912b7fc6ec6e,1
22d8513de11f3300,22d8513de11f3300eef6,1
22dced21129af442,22dced21129af4422b0d,1
230d69c62ee3f7b6,230d69c62ee3f7b60688,1
2335bd54349b9619,2335bd54349b9619bb3b,1
23442b76847a070d,23442b76847a070dae83,1
238feec3b188a5a1,238feec3b188a5a1c761,1
239dcf1a51aa75e2,830485651b866a8a7292,1
23a7b44662725083,23a7b4466272508378fe,1
23ddf574bfedfd82,23ddf574bfedfd82089e,1
23df07095f021ccc,23df07095f021ccc77fc,1
23ee2328e1bbdecb,934687fe5c1ebf51f9d5,1
23fc46f7faa41e5c,aeca4f28d432742ebb4a,1
240ddc4a82149433,240ddc4a821494331c54,1
2442bd420b9892fa,b19a8ccaa240305c24a7,1
24b1db3db46c49df,24b1db3db46c49df840b,1
24bd1b5321a806af,24bd1b5321a806afc99d,1
24e4b1ff7f03d305,24e4b1ff7f03d3058cca,1
24fd86cdd8d17fca,24fd86cdd8d17fca9d17,1
2556c7aee6c8a6eb,2556c7aee6c8a6eb0054,1
2562de068a32b780,2562de068a32b7805e03,1
2574d8bee851aa2a,2574d8bee851aa2aef68,1
259928011683680e,259928011683680e7dbe,1
25c52a1f2560a91b,25c52a1f2560a91b4c0b,1
25ce07a4ae3edf98,25ce07a4ae3edf98dc03,1
25d41d57bc2e06d2,25d41d57bc2e06d24460,1
25e65347adea53a8,25e65347adea53a8e7ec,1
25f51dc05d0db928,a102a24f26a1d8990396,1
26008f1f14cd653c,26008f1f14cd653c13ee,1
261b5a754fb91e66,261b5a754fb91e66f00a,1
2625dca31c565567,934687fe5c1ebf51f9d5,1
2634e71d0b0bc049,0647b8fd785ac0899765,1
263ab0f58216631c,1c41302fe31ffc50536e,1
26451e8d036dd274,65abd5f4199fe749b644,1
266765039f40f4c3,266765039f40f4c322ee,1
267dc922291fcf7b,267dc922291fcf7b0f46,1
26a1b0e8cbdfec60,26a1b0e8cbdfec60a8cc,1
26ab1c50e0f9c761,b7ecf558e3400e9e900a,1
26b433faf5cb653b,26b433faf5cb653b3d5b,1
26e4d87e863480b4,26e4d87e863480b460bd,1
26ede78ea132bbfb,26ede78ea132bbfb009c,1
271e7b2394a92893,271e7b2394a928934e29,1
272c70fb9a4769c4,272c70fb9a4769c4ae75,1
2750601dad23c009,a16bfa90ee88d91ee775,1
2756567bb2495770,2756567bb2495770479d,1
2764952501728792,00aa6f33cc0cde358f31,1
27cfd425631cd785,ae6799f60b94e733b83a,1
27f6834fc1b39043,27f6834fc1b39043229f,1
2800e52e6f6a53c2,2800e52e6f6a53c2eccf,1
2806e9471366c0cd,b640cfb033683500cf41,1
280e77554e41cea8,280e77554e41cea89f5f,1
281e3363bcb655b9,281e3363bcb655b9fd21,1
284aa2db50f20828,5fa8afed65a316d4a44e,1
2873fafb33b081f0,2873fafb33b081f07406,1
288ededc40bba974,288ededc40bba9749a70,1
28c2b1ebeff83277,8721fd29ad4d71a7628f,1
28c2bcc734dfac47,28c2bcc734dfac47e544,1
28c4f44d903c6146,28c4f44d903c614676ae,1
28c53ed7640cad16,f9bc38ccd176bb238d72,1
28ed08fe44310f0c,8b211b21543347660656,1
292cdacd371f90ae,292cdacd371f90aea788,1
2936560a5c83a382,2936560a5c83a382227b,1
296d9aad312c2b93,296d9aad312c2b93477a,1
29c4656c111a77ed,29c4656c111a77edaded,1
29f45f1729675761,29f45f172967576142a1,1
2a34bd9f43453def,2a34bd9f43453defcf48,1
2a48c95eb3065e70,2a48c95eb3065e70565c,1
2a4e381b1f13dfe1,2a4e381b1f13dfe1a7f4,1
2a5cfa296731a366,b50bf0996bd650a49ac3,1
2a793e62356c0d40,00aa6f33cc0cde358f31,1
2a83a3530b7ffd97,2a83a3530b7ffd97ccc2,1
2aa0dcc8271d812c,2aa0dcc8271d812c5601,1
2b0e7c3bff33a3fa,96e478ba341991e434b1,1
2b337d38c88511f5,4ce7157f8ab3a7ab6e8a,1
2b861bdb89a1fbec,2b861bdb89a1fbec0370,1
2baa5e7d994b8877,689bd24d60df52c9fedf,1
2bb5b2c5072091a0,facc58fed688aa51b7e0,1
2bc1fac59762eed3,2bc1fac59762eed38113,1
2bc21a7346b059ae,2bc21a7346b059aeec9a,1
2bdb3fe643686d1e,2bdb3fe643686d1ef6e5,1
2c1366cee83b4da2,2c1366cee83b4da2be1e,1
2c2a978632e1e129,2c2a978632e1e129f220,1
2c34cf87a3371b4f,5d171fe26974417b65b4,1
2c7f19374a16a0fe,2c7f19374a16a0fece65,1
2ca1b9900df0fdc9,2ca1b9900df0fdc9d5d3,1
2ca97a00870da59c,d6bbc455e9406b953a94,1
2cc510d05eb72fcd,2cc510d05eb72fcda10c,1
2cd0d0748892de12,2cd0d0748892de12854e,1
2ce7d2b4f2fb49de,2ce7d2b4f2fb49de9ea1,1
2ce837de96184241,a56c92ed183ae5d48af1,1
2d34e4a7cf5c9876,2d34e4a7cf5c98765635,1
2d3fefbb1ce8b07a,2d3fefbb1ce8b07a8c48,1
2d863b80c20ec4b0,2d863b80c20ec4b00882,1
2d97a050dd07b6b8,2d97a050dd07b6b84787,1
2dd8e0aee3707049,2dd8e0aee37070490676,1
2df3fadc7f010611,2df3fadc7f0106113282,1
2e09e5f97e2a21cd,353b99ec40b912483918,1
2e1b6fb1a2da7a84,ca9c6a6265f160355c53,1
2e1dec096bee4f3c,2e1dec096bee4f3ccdea,1
2e48c4c2b362cd4e,be652027d9853b6c55c3,1
2e4aa3be9ba31f32,2e4aa3be9ba31f32f50c,1
2e50d992f728336e,2e50d992f728336ec6e4,1
2e55ac8a7cc481a6,0ff9d8ee4aa6fd9f4f82,1
2e6f75533ec958ba,2e6f75533ec958babdb1,1
2e73f3ff00fd77a9,a6ab8524c81002ba034a,1
2e93fb7dc0eda490,10908c57cb9fdcff1ab2,1
2e9f0d5cb515146c,2e9f0d5cb515146c3239,1
2ebc6f4347d2bf71,2ebc6f4347d2bf717366,1
2ed14501f1105d45,2ed14501f1105d453b9f,1
2eeb999c84e42d8c,2eeb999c84e42d8c490f,1
2f39bc4e9c4ef523,2f39bc4e9c4ef5234c5f,1
2f3f5dd95987a4fb,2f3f5dd95987a4fbf714,1
2f6fa19c727bee28,2f6fa19c727bee28d3b0,1
2f9e60a0c44dc137,2f9e60a0c44dc137dd25,1
2fbc798cdf0d0b90,2fbc798cdf0d0b90b742,1
2fcd4bd3c54b4d89,2fcd4bd3c54b4d895e9c,1
2fd5a167c283d31f,7a16d207cd3277c22f69,1
30012d1d4aea9433,30012d1d4aea9433b128,1
3018925593c2d777,3018925593c2d777f30f,1
30886816f0b59cc7,30886816f0b59cc77e98,1
308ab0b49a7ff8c4,308ab0b49a7ff8c41829,1
309c2cde118a5ff0,309c2cde118a5ff03635,1
309c317155ca549c,39ccbc44a0ba133fe239,1
30bdfb239bc5f026,30bdfb239bc5f0261d9c,1
30c017304be4cb2e,27969e13e11f6635f717,1
30c83a0d05773d9a,30c83a0d05773d9ab2b8,1
30cd1138d3df4c37,30cd1138d3df4c37a57c,1
30e502763bfa3c76,30e502763bfa3c76229d,1
30f237ac2e2eaf00,df43b6610ec58f4a490b,1
30f3b274b1ab44a8,095b901f0449a9ae6fac,1
30f4aee91012e8fa,30f4aee91012e8fa05e3,1
310665c0ac72c07c,310665c0ac72c07ccd65,1
310cdb82b5c1d692,310cdb82b5c1d692fc8a,1
315f4ff055b9c944,315f4ff055b9c944d066,1
315f990309be0e87,315f990309be0e875c52,1
31612a0f3b281a62,9388fc3170e42b3d7b42,1
3189201f18cf4230,3189201f18cf42304fa5,1
318b24126c5cdcf5,318b24126c5cdcf5e1d2,1
31aaeb3f6d05cde6,31aaeb3f6d05cde69a49,1
31af757aea7bf7f0,31af757aea7bf7f0ab9b,1
31af9946f4472883,31af9946f44728833200,1
31fbfb119447a445,31fbfb119447a445c266,1
325a4281d075cc89,b137a8e8d55103bae082,1
325b504601dbe225,325b504601dbe22593e1,1
32670c030b5253d6,32670c030b5253d6661d,1
326c611944755666,326c611944755666a686,1
327a03a353f45ba7,0d666b820c545cec09c1,1
3289a3dd5c8b9687,245205ffd76d29eb25ff,1
32e1814cfb095b16,32e1814cfb095b169da2,1
32e75f82fa5e3457,444051ca42361064044f,1
330438eca27d5387,330438eca27d5387d088,1
335a14df6befa5ea,335a14df6befa5eadb37,1
33805267cd135a36,33805267cd135a36e0f8,1
3390e96e637413d4,3390e96e637413d4ccaf,1
33e3295a2f20aad8,33e3295a2f20aad8b78e,1
33e8961ccc835d44,a0938db59efdf624fa6c,1
34020d7b1ecdc427,34020d7b1ecdc42725d9,1
3414fb2552a206b2,3414fb2552a206b27500,1
342cd42e5c6a175c,342cd42e5c6a175c8cd9,1
347033738f195b88,347033738f195b8874f7,1
3494dbaf1fbe6752,cf84d86d13f26f7b7c1f,1
3495041c755de416,3495041c755de4164181,1
349f1e09cd67a6dd,349f1e09cd67a6dd0ce9,1
34a59dab67e51424,db004537fd2cd4c1d051,1
34d03831bf7dd8e9,34d03831bf7dd8e90a96,1
34f4a4989ad9929b,074fc2363571104f12ff,1
3516030c517f08d2,87bfd740f03e94f4f689,1
352268e53433e081,352268e53433e081990d,1
35698b3f7f5be923,35698b3f7f5be9236a1e,1
357dca88350bd157,357dca88350bd1576ab2,1
35c077fbe1520634,b640cfb033683500cf41,1
35c9833d8f4095eb,35c9833d8f4095eb0afb,1
35ef7eb7f931a7ac,35ef7eb7f931a7ace230,1
3602ad9628cd8e14,3602ad9628cd8e149521,1
3610b176625aa050,116563be0283e1a8cec6,1
362379fc17aeff7e,362379fc17aeff7e6e14,1
3643468a075b255f,3643468a075b255f7228,1
365ed9d01d63aa41,365ed9d01d63aa41016e,1
367edb82277f89e1,367edb82277f89e19765,1
36c83dfcb985e68e,36c83dfcb985e68eee6a,1
36ce771a5689b4cf,36ce771a5689b4cf8dad,1
370b8080c4daf00a,370b8080c4daf00af26f,1
370f93b9fd1bc1a2,370f93b9fd1bc1a2626c,1
3716af0b2ab89bc5,3716af0b2ab89bc523bb,1
3723a916cf237a23,d10c56f4243d5c311371,1
3737192ccf076841,3737192ccf076841e2a0,1
37380b08d8870d85,37380b08d8870d859381,1
37718a0c5d3b12e5,37718a0c5d3b12e5484e,1
37896d9d830a8162,37896d9d830a81623992,1
37b6f40859571e23,3dd6af729f5c88407101,1
37d783e619d0ca4a,37d783e619d0ca4abe7d,1
37dd498615aab155,2276269c665970af8c9c,1
37f0586cc4636427,37f0586cc4636427f2b4,1
380639bd92c474ab,380639bd92c474ab2852,1
38165038faa14cdd,38165038faa14cdd2ba6,1
3826890dcef42543,3826890dcef42543cb16,1
387506b2cbc7a516,387506b2cbc7a5169339,1
388480c2b69eb6e8,04028097f7b918791e5f,1
389c3304da12a500,389c3304da12a500df4e,1
38af160b8c9d55d7,38af160b8c9d55d7c340,1
38b2e34105d212f8,f3be8df13b30fea60596,1
38b347221d12250f,38b347221d12250f0b4c,1
38c0e9939822a627,6f1ab06e520db8a662d0,1
38c8405dc090316c,38c8405dc090316cd9e0,1
38ce4c6e975f880f,f92c3ba68128db75e02f,1
390ab91fc442a86f,390ab91fc442a86f753c,1
390fb9ea6ed69914,390fb9ea6ed6991492ea,1
3934aaeb45e30736,3934aaeb45e307360f13,1
396837918f5f5890,396837918f5f5890ea2b,1
396bb96b65f67bf0,396bb96b65f67bf0fbbd,1
39ad6761da95706a,39ad6761da95706ad3bc,1
39b0420d6a88bdb4,39b0420d6a88bdb4c6df,1
39e2038906392581,97a4520d4aef65a03beb,1
39f0f5616bbf698d,39f0f5616bbf698d6e15,1
39f16dda160152f4,f2b4873a36743d9640fc,1
3aa330b39f9207a7,3aa330b39f9207a77062,1
3aa99bcfe2961609,3aa99bcfe2961609e157,1
3ab81048cc7a4f45,92def10e210cdfb005fb,1
3ad4bade3d6d3c11,2dd923ae43174041d0cd,1
3aef1da315c98b1d,3aef1da315c98b1de3f9,1
3b04cbb25898b0b3,3b04cbb25898b0b36652,1
3b2617d4c5c979cd,3b2617d4c5c979cdbc94,1
3b57979f67d4a873,3b57979f67d4a873807d,1
3b9f19c5f7045d57,06c63a12f5ad54344512,1
3ba4037e8bdbe3f1,2b522b14bf7c61183dc9,1
3bbd84297d9bd3eb,3bbd84297d9bd3eb07e7,1
3bbfdeef84bff85c,3bbfdeef84bff85cb4a4,1
3bcb8b17e5af100f,728723e9178dbbdf44e5,1
3bd12500415c57a1,3bd12500415c57a12c6a,1
3bea68e7f4613736,3bea68e7f461373665b0,1
3c06ddd883d4f7ca,bbc9f5bf8ee11430e345,1
3c1f014f62ca76fa,3c1f014f62ca76fa2aef,1
3c32ddb1fc184cf5,3c32ddb1fc184cf57f40,1
3c73546125b82d3a,3c73546125b82d3ae4a4,1
3c8a83f9770f3370,3c8a83f9770f3370a5d6,1
3ce9d00acbf156a4,3ce9d00acbf156a4d1ac,1
3d21a3600c8b621c,3d21a3600c8b621c52a6,1
3d4b657097f106d7,3d4b657097f106d7ccb1,1
3da61c1da0c2e9c1,3da61c1da0c2e9c15dad,1
3dae7401f8c0be9f,3dae7401f8c0be9fb4a6,1
3dec3e2fba6702b9,3dec3e2fba6702b9728e,1
3e0b9bf3ed1e283b,3e0b9bf3ed1e283b5f31,1
3e23e0cb5f0a0e2c,3e23e0cb5f0a0e2caf7b,1
3e80523bc9b836cf,fa2010aeacbf29b02a94,1
3e973fbf82b1ece4,3e973fbf82b1ece4590a,1
3e9ad83d4c491def,09fb18fe6812e7f5ecd8,1
3eb4a90264a237ee,3eb4a90264a237ee3d4b,1
3ed5c81abf41a093,3ed5c81abf41a093c59b,1
3ef12378984be585,3ef12378984be5856399,1
3f3b2eae1665b809,3f3b2eae1665b809d9ae,1
3f44a9cadca8ebf2,3f44a9cadca8ebf25805,1
3f80c0893c1950f2,352745cf122b1701029a,1
3f814f72de4e733e,3f814f72de4e733ef13f,1
3f84d6ea2491c14b,3f84d6ea2491c14b7fd7,1
3fb6d17c79335752,3fb6d17c79335752a279,1
3fce7aff7709f236,3fce7aff7709f236a867,1
3fd7ec91101c4f95,3fd7ec91101c4f954d69,1
3ff434930809e579,4ce7157f8ab3a7ab6e8a,1
3ffa9b2015714cd9,3ffa9b2015714cd91679,1
400ce376bc1f29df,9a76dcdaa665ed557bb3,1
40299ad57308c8d8,40299ad57308c8d86b8f,1
40875687f39589dc,00aa6f33cc0cde358f31,1
40b3cb14721e530b,40b3cb14721e530ba261,1
40c9296f0dbe7f0b,e3490a62f033d3890ded,1
40f4588ac4ddc847,40f4588ac4ddc84793ef,1
40f4ed542f4d2eb1,40f4ed542f4d2eb1b2ba,1
410a618ea919583f,410a618ea919583f841f,1
412bfbb416793831,412bfbb416793831e7a9,1
41675c6ef9bfff5f,41675c6ef9bfff5ffd87,1
419b42a4071aee24,419b42a4071aee24718d,1
419ceadfbcc756af,419ceadfbcc756af7c5b,1
41b74cc2579fd867,41b74cc2579fd867a3be,1
41bf98bf04603141,41bf98bf04603141657b,1
41ccc09353432bfc,f880d0b3cd4bfb423ae6,1
41eb1be6bc0495ca,38d83daaa1f180daa719,1
421f1cb0854fed36,421f1cb0854fed36ce67,1
423d9a4f7cac96d1,423d9a4f7cac96d10f59,1
4257ea59b0b1b045,4257ea59b0b1b0456f59,1
42741f5dc600743f,42741f5dc600743f65d6,1
42eb9e113f83a6d9,42eb9e113f83a6d9a6fa,1
42f0fc730d60a055,42f0fc730d60a05591c3,1
43790d04253af098,43790d04253af0982df7,1
43821f59d0363f4d,4ce7157f8ab3a7ab6e8a,1
43872a7e8c955bba,5688d84ce901e3f82f09,1
43a284649a602684,43a284649a602684eaf5,1
43c09a805230593f,43c09a805230593f540a,1
43d10d53f5968d02,43d10d53f5968d02a635,1
43f84cae6561ce31,ca0cadcbdf8e7715c481,1
4409f4cbbef49059,934687fe5c1ebf51f9d5,1
4418f6119c558ce6,4418f6119c558ce65293,1
44532ca72f0aadea,44532ca72f0aadea9c79,1
44613a77367eb74b,44613a77367eb74b616f,1
446e2519aeba3787,446e2519aeba3787df46,1
4477eea7de03e46c,4477eea7de03e46ccbd9,1
44b76e26a3573f51,de672f83e8ac47be9580,1
44d5f0fdf3bcfbe7,9388fc3170e42b3d7b42,1
44e93cd946a36f17,44e93cd946a36f1748e7,1
44f9dfa9b1b3c07e,44f9dfa9b1b3c07e04cb,1
451efaeb87133ce2,cff26038e1378968b078,1
451f3eae555be3c3,2f0d792a1608ca88dff8,1
453419a559313b0e,453419a559313b0e6532,1
453732325d7bd1a8,453732325d7bd1a8b8d7,1
456ae04e258645cd,456ae04e258645cdf62f,1
457f4bdfd3882839,52a605c1bae50e81be73,1
458aaae0e1ccb276,1d9687da62e8ab5be9c3,1
45e7b896aec5aa6b,45e7b896aec5aa6bc008,1
462fc60c01b18156,462fc60c01b181562189,1
46538eb61504869e,46538eb61504869e2d74,1
465ac2815392b1cb,465ac2815392b1cb5708,1
469a66f502057728,469a66f5020577281e23,1
46b1f7f0b78bd210,46b1f7f0b78bd2109861,1
46d96ef5af14a55f,46d96ef5af14a55fd09d,1
46de6dd51e0a9d86,46de6dd51e0a9d865f6c,1
46e1c6442b9e0a5b,6f1ab06e520db8a662d0,1
4702265da337a056,4702265da337a056b6cd,1
47198dc0c8505e27,47198dc0c8505e27433c,1
472c1c7af9bdd28b,472c1c7af9bdd28bc79b,1
47551a604518af0b,47551a604518af0b56cb,1
4767d087079b0981,4767d087079b0981fc7c,1
476de5fdc58e9744,476de5fdc58e9744a28b,1
47796a299ab22aab,47796a299ab22aaba991,1
477ad3cce0b41782,1cd34aa8816569406cc0,1
4795a1de396dbdd3,4795a1de396dbdd3d6e5,1
47c87e8dca644f0d,b640cfb033683500cf41,1
47cd418791f68730,ef4a2d5e83bf5e81363f,1
47f30714ec10f1f8,9371adef88d9a64ad17a,1
480660bf5eadc32b,af45f025b9bab3bea25f,1
4819d7bb11a73dc1,4819d7bb11a73dc1e18e,1
4830f44cecd99b9c,4830f44cecd99b9c42ba,1
483d720058e726be,483d720058e726be12c8,1
484e79472f840120,484e79472f8401206343,1
4860703b263d9f2e,4860703b263d9f2e70eb,1
487da2a892b0c8b3,487da2a892b0c8b3a5d5,1
4883b56ef21f1448,4883b56ef21f14485bb6,1
48934f21170a7263,6d203f0c44cbb0b12cd2,1
48c56e580498803a,48c56e580498803a7e39,1
48ed50a23cc2abc6,48ed50a23cc2abc607ad,1
48f0c699715477f3,9b96ccaf9b24d9901755,1
491a83ac90c6d1d1,491a83ac90c6d1d1a813,1
49433949397029d9,49433949397029d9b070,1
49495c1d48853779,b4b5e44a05b7a977aa16,1
4949b97a8518853c,e9008e314e767aee0ec2,1
494fa56c222f47a7,00aa6f33cc0cde358f31,1
49607c7e8b23f1e4,49607c7e8b23f1e4df35,1
497cdc0cde4c2581,497cdc0cde4c2581a2fa,1
49a2d90195c737da,a3aea2b636c7c946e19c,1
49ac48aafef6afd4,49ac48aafef6afd41702,1
49be5f7261f419cc,49be5f7261f419cc78d6,1
49ea14804fa2fe99,49ea14804fa2fe99b281,1
49fa9bd4796cd6c1,49fa9bd4796cd6c1d630,1
4a17b74bb51cf0ac,4a17b74bb51cf0ac06d7,1
4a25247de8201879,4a25247de82018794032,1
4a53b1ced991e2da,4a53b1ced991e2dac325,1
4a6b044e7d578111,4a6b044e7d578111a879,1
4aa6e79ce44d48a1,d10c56f4243d5c311371,1
4aa706ebbd7d1933,4aa706ebbd7d1933efa5,1
4acc2ecc9dab6dea,4acc2ecc9dab6dea93ce,1
4ad8695a4bfe90db,4ad8695a4bfe90dbaef7,1
4b09bbbb36368d15,ed4a2c35cbcae7ad244d,1
4b1351941c6e019d,9ff502a5714e25560cdf,1
4b3f38c0ee93b5ed,4b3f38c0ee93b5edeb59,1
4b4e4bbd82e31d10,4b4e4bbd82e31d10d82a,1
4b886d1db4267c47,4b886d1db4267c471b3d,1
4bac98b7125dc213,7f60aec64e73c38a3c68,1
4bcd93f62a76a819,4bcd93f62a76a8191d59,1
4bda2bbed646cce2,13b0545aa12767d2a521,1
4be05faafee32d47,4be05faafee32d47911a,1
4be9458664c22b9d,4be9458664c22b9de802,1
4bfbaadff698e070,5185ee2e6ea225a80f03,1
4c20bfbc66b57bb1,4c20bfbc66b57bb1c97f,1
4c3998434180715c,4c3998434180715ceb04,1
4c460c6f4892b030,4c460c6f4892b030fd19,1
4c5f5413cda2df22,c78ca3ae1549229d2788,1
4c616df71a8d1144,4c616df71a8d114408e9,1
4c90310c6d889ab7,4c90310c6d889ab7947e,1
4c9f9fe58ac72502,4c9f9fe58ac725022b2e,1
4cd61d602427b9ec,4cd61d602427b9ec2655,1
4cea8471dba39418,4cea8471dba39418f661,1
4d20ba196b518d49,4d20ba196b518d494cea,1
4d38675551ce4510,4d38675551ce45106750,1
4d5ccf1bfc3c2b53,5d805de473285c6ed91d,1
4d5e59d102a92766,c81e4185f7289b2d96c5,1
4d6e8ebae2dc2c37,5e329ffe2c1d465bac46,1
4d7d4f4982101069,4d7d4f4982101069ae63,1
4d9ca5b04f78a302,4d9ca5b04f78a302dcd7,1
4dad509fad307305,0e02a1bfa31c9293dc1e,1
4df5c850f096522f,34c17ebed364329330d8,1
4e0e0176af061b89,9388fc3170e42b3d7b42,1
4e10ca0a677bca2a,4e10ca0a677bca2af220,1
4e318ffb5d1c9fb9,4e318ffb5d1c9fb990ae,1
4e9ec87a50c7c430,4e9ec87a50c7c430b49f,1
4eaa805681a2a09a,4eaa805681a2a09a770c,1
4eae29fd247fcde7,71ac3056c3b250420b20,1
4ef1eabebd1d33d2,4ef1eabebd1d33d215e1,1
4f0ef32563ddc876,4f0ef32563ddc8761b28,1
4f1ad11e949036e2,4f1ad11e949036e2253b,1
4f3af3c9cb29c48f,4f3af3c9cb29c48f395e,1
4f6cb108195aa65a,4f6cb108195aa65a84f8,1
4fa02193acdb8521,643252894fab580e0410,1
4faef2d631665912,14b5ec3ed87b49d4220c,1
4fb2c91ba8d04fad,b6bd8f2cf30431c2afd5,1
5006732c541c1bae,bbc80c605a441d21e89f,1
50620e89a60c85c5,e8a18c6ffe2b1432d898,1
5070b26169a9f9d5,5070b26169a9f9d5cb4f,1
5075d658f707b705,5075d658f707b7055dde,1
508fcb45390736e6,32195ca86eab5cd3385e,1
50c442f024e3b4bb,50c442f024e3b4bb2ffa,1
50d300ccdb13b6f0,6cbdcce6eaf693328b89,1
51067de29f3b3ba6,51067de29f3b3ba6b731,1
515031791c5962f6,91180afedadbbab32de5,1
516098097c90c098,aa90e97f377fdaa42c29,1
517a78c7623153df,517a78c7623153dfc630,1
51f16385ca1c574d,51f16385ca1c574d9503,1
52095b1cd63ae43a,52095b1cd63ae43a35fe,1
521a6ab45c574814,521a6ab45c5748143561,1
527f63a3e7344282,aa919c250fdbf68f8d30,1
528f5f4fc6d6ce42,528f5f4fc6d6ce423691,1
52a425b4295d3a64,52a425b4295d3a64cf69,1
52d1a456e71b42f0,736648bb32abf3e817e0,1
52dc1bad34cdcdca,7645a3f1c58d890e4963,1
52e456026ad183b4,52e456026ad183b4d1d2,1
52fca45f76a4de0b,b640cfb033683500cf41,1
530500876a15c98a,530500876a15c98a281f,1
53515f6e63c83b33,53515f6e63c83b33a1df,1
53d8cb2295b44701,53d8cb2295b44701d0ea,1
541bdf41733f6b87,541bdf41733f6b87686b,1
542898f4e229b4a1,3e90500e656c470325a0,1
542c18fec63156d6,542c18fec63156d64d43,1
5436e8c588235036,5436e8c588235036ac22,1
544d66075d2991aa,544d66075d2991aa3134,1
5481e76eacd0c24c,b591b18cae593e6cfcc1,1
54a469f5fe93b76e,54a469f5fe93b76eeba8,1
54f408e83b124adc,54f408e83b124adccafd,1
54f9be8de2ae3762,00aa6f33cc0cde358f31,1
550a8e3c02e98d84,550a8e3c02e98d844f75,1
554cacca98004337,554cacca98004337476c,1
555c82d828d6e4bc,555c82d828d6e4bc6416,1
5574f20dbe3f837e,5574f20dbe3f837e358a,1
558a55b82cd9dd08,558a55b82cd9dd08face,1
559796d874bc2d89,f611da44f4fd4f87a99b,1
559cdb39fe0f4d7c,559cdb39fe0f4d7c40c4,1
55c3a22be51668ec,55c3a22be51668ec1345,1
55cc3276595adb44,55cc3276595adb44cfc0,1
561817444f71977a,561817444f71977a02a2,1
5643d8d4c0bd4c8b,5643d8d4c0bd4c8bc1cd,1
565d27b21febb6e7,565d27b21febb6e7ef81,1
566728255e298e00,566728255e298e002f13,1
56a4507852e7025f,9d1f462de2e4b11175f7,1
56cbf63f7edb3a5c,01371d35a03e6c719b38,1
56d7d32b79166e89,c64d5fdc1e316b7a2208,1
56e58d889e8540cc,5c159d66f9a9bda3e19f,1
56f45e8f22735ea1,56f45e8f22735ea170e5,1
570c667d59f75ba1,570c667d59f75ba1619b,1
572d12651834261c,38d83daaa1f180daa719,1
574e68a8f49e4418,574e68a8f49e44184875,1
576a248093762ce2,b64a12f4e2e7907edffd,1
57be2703b69d2382,57be2703b69d23827681,1
57cfeb9b27666526,57cfeb9b2766652690ad,1
589e7de3053e5d70,589e7de3053e5d7057dc,1
58d2967b6b31e7b8,58d2967b6b31e7b8aa4c,1
58dd15532f8fa43a,58dd15532f8fa43ae400,1
58f2d9f2acd3cbbc,756a5bb494d972764656,1
58f3484893b6c047,58f3484893b6c0476582,1
58fd4da97eee9d79,58fd4da97eee9d79bcdb,1
590255655d2159e3,f529ac344a3bf63067f4,1
59364f4d7d33f440,59364f4d7d33f440b1da,1
5955e86e706053e2,5955e86e706053e27ee3,1
59a2121d332fc0bc,59a2121d332fc0bc3545,1
59ad12dae02e225e,91df559e687515f83b03,1
59ad3b3f00efca04,59ad3b3f00efca04a165,1
59d99871968d69c8,59d99871968d69c886b7,1
59efcec6db9599cb,59efcec6db9599cbb140,1
5a0bc0203daecb12,5a0bc0203daecb12e729,1
5a1638288829f4f7,5a1638288829f4f79f87,1
5a4845a2ee7d604e,5a4845a2ee7d604ebcfe,1
5a610ccf266827c3,5a610ccf266827c30bad,1
5a6a38c7412f3611,0ec67409b901ab10e50e,1
5a9eca0aa0787a57,5a9eca0aa0787a574bcc,1
5aaf5fdcfeca84b0,5aaf5fdcfeca84b09e18,1
5b2afdf6dac3638f,5b2afdf6dac3638fd6a1,1
5b3976d4064f7861,c27c0075a54212519914,1
5b6e02a3620dae39,5b6e02a3620dae393241,1
5b871b7c1a4da96e,5b871b7c1a4da96ea693,1
5ba42a51f15f624f,5ba42a51f15f624f411d,1
5bb0369a26942255,b9506586ad507529dfd6,1
5bc08298a2c55bd0,5bc08298a2c55bd08738,1
5be0648511dd3527,608de434053803b3f75f,1
5beaaf4814dbea16,5beaaf4814dbea16d8fd,1
5bf64ac12155d871,8ad736086a19ca0f027c,1
5c09f6c9e67a6c58,d10c56f4243d5c311371,1
5c1753f0a0c9593d,5c1753f0a0c9593d8bae,1
5c2b5e4ad477c8ab,65ec3a591f683a45c540,1
5c3059b2ad087546,5c3059b2ad0875460409,1
5c75d6da34132b61,5c75d6da34132b61cb59,1
5c8f33529da1e101,458c87d29ced777f5c01,1
5c9751b561c932ed,5c9751b561c932ed2cc0,1
5cb817040aa85cfb,5cb817040aa85cfb3c05,1
5cc41c2bad67e4a1,0b927c0fe288a2032fc7,1
5d104938bb303679,b640cfb033683500cf41,1
5d31f514db2a2882,5d31f514db2a28827ddb,1
5d3c00800d58beba,5d3c00800d58beba0f8e,1
5dc26a98a6125335,5dc26a98a61253350e18,1
5dd503ccd82ff919,9634e09f75fb40d044b6,1
5e04ac5901f4ab60,5e04ac5901f4ab60c28a,1
5e212d1cc780aa1b,458c87d29ced777f5c01,1
5e32e90b276e3b8a,5e32e90b276e3b8a84b4,1
5e49244577305a32,5e49244577305a321109,1
5e74326ec8086319,5e74326ec8086319eb12,1
5e8dd8ef33e113d1,5e8dd8ef33e113d1ad41,1
5e8f4775ecec0186,5e8f4775ecec0186b53e,1
5e962c65882640a3,5e962c65882640a33c73,1
5ea6945966e3fba8,5ea6945966e3fba84bb6,1
5ebc8c5a87f72a85,5ebc8c5a87f72a85ff9d,1
5ed5780d58c5d4c7,bbc80c605a441d21e89f,1
5ee5ddbd60aa4c04,5ee5ddbd60aa4c043816,1
5eea163cf12e19fb,5eea163cf12e19fb330b,1
5efef05cc74fae5f,e7adcfde18e133437cf4,1
5f140bc054577e32,5f140bc054577e32e586,1
5f2321aaf4b25a63,5f2321aaf4b25a635e2e,1
5f380ebe245b9571,5f380ebe245b95711efd,1
5f5b48f8544fdb1f,5f5b48f8544fdb1fa1e6,1
5f81541550fc7c36,5f81541550fc7c36e237,1
5f86b321f379e9c9,5f86b321f379e9c9b393,1
5f894c6fdc99697b,6941c93e617c3950efa0,1
5fab7cd5e988f4b6,5fab7cd5e988f4b6625b,1
5fcd23721010a0ec,b640cfb033683500cf41,1
5fdb6c94a8cdd830,5fdb6c94a8cdd830c98d,1
603fe219789e6589,603fe219789e65896c84,1
6049acc306d999ae,6049acc306d999ae65c7,1
6059a8efc7f9b6d7,0ef5dae7b601a846084a,1
605cc087dc477ca7,605cc087dc477ca7ff5d,1
607731ee58f803e1,607731ee58f803e1f251,1
60865bf9f16630de,60865bf9f16630de5114,1
608b0444253d0e75,bbc9f5bf8ee11430e345,1
60b9c371f54a9e62,60b9c371f54a9e62607f,1
60c65dec6cbb1a8b,60c65dec6cbb1a8b7ebd,1
612c08a704cfeef9,b640cfb033683500cf41,1
612ee04eea850a66,612ee04eea850a661621,1
613d79ab214f6b6e,613d79ab214f6b6ed09c,1
6149039aa809f4dd,6149039aa809f4dddf45,1
61b69dfdedf21c10,61b69dfdedf21c10f15b,1
61db8fcf6b46eb0e,0874dce42a9ff03e2331,1
620c0aab7635850f,620c0aab7635850f38a3,1
62370750ebf7035d,62370750ebf7035d513b,1
626a092c83dccf15,36cb3e8a4c0cf11c4f33,1
62736623c3dec81f,b640cfb033683500cf41,1
6273b5fc4eae8267,6273b5fc4eae8267dc58,1
628a3607791700f9,628a3607791700f9b7f6,1
628eb4ec5d29e8e7,503678d70aff50f2ab1e,1
629357e1d81530b4,e45c93ad9dee4f4f4be8,1
629c431328263c2f,629c431328263c2f6f31,1
62ba48c6d82221c2,62ba48c6d82221c2fda3,1
62dd3cb9d4a53595,62dd3cb9d4a53595dc03,1
62e490eec7d9b101,62e490eec7d9b101e767,1
6304e7c3c2974e19,6304e7c3c2974e19ba79,1
632312baa3abb6fc,632312baa3abb6fcf001,1
636d51410e7e9cf6,636d51410e7e9cf67048,1
638d2456273a2921,638d2456273a2921ea4d,1
63a45b33cc0ada12,63a45b33cc0ada12b83c,1
63c5bdd357f33698,eaa30206267ba60c9130,1
63cbc7c5e2044c01,63cbc7c5e2044c01d569,1
63dd3f71af526b13,63dd3f71af526b1306ab,1
63ec37f469e047b7,92cb119d2f3ae3d1f082,1
63fa8ea11ed9e88f,63fa8ea11ed9e88f456b,1
63feda7c676938ad,63feda7c676938adc378,1
644860be614f454a,644860be614f454ad7cc,1
644f53a89589cfcb,644f53a89589cfcbd8c9,1
645caa5a2e4ff7fd,c0dcf4484646bb549b75,1
64647b41bd47db62,934687fe5c1ebf51f9d5,1
647ded8b84135d68,f5933a11d8b8a3d6e174,1
648ae22b7459f96b,3d26bc246374cab85920,1
64911b3281284429,726e504a906129ff0c0a,1
64aa5f2514eecd17,64aa5f2514eecd170a00,1
64bf8516c756fd2b,64bf8516c756fd2b8337,1
65504b18b87e32f9,65504b18b87e32f9c47b,1
6554da882a196f3a,6554da882a196f3a9982,1
657e0111599332f8,657e0111599332f8d8a1,1
658dd10934cdb681,1420b571e3135860454b,1
6594b9cbdacf247e,b4f715c3100a502589f2,1
65954ff2a029765c,65954ff2a029765c54ea,1
65b7066d1e9268e4,65b7066d1e9268e422ce,1
65cfd7f96ca2dc63,65cfd7f96ca2dc639126,1
65dfc0a60bb2594d,f0b8d547c6cf91a9100e,1
66232b6c896acf2e,66232b6c896acf2e4728,1
664d3bff32790533,664d3bff327905337f48,1
6678ab8a9efef09b,6678ab8a9efef09bd65b,1
6685419854aad1e3,bed35b8ff00c7590be2f,1
668cc7158409054a,668cc7158409054af607,1
669aadc397fd3c3f,669aadc397fd3c3fe6ad,1
66ae6ac6c491f903,66ae6ac6c491f90393d8,1
66ee72659f019fe6,66ee72659f019fe6f411,1
66fb7ab00fbf44ea,66fb7ab00fbf44eae598,1
6702120eb45291e6,6702120eb45291e60a86,1
671652c107472f67,671652c107472f67c903,1
672dc7a83499b849,672dc7a83499b849096e,1
672fc27675bf155a,2ff4cf24f8d75b3897cb,1
6755d4cce32b3b99,6755d4cce32b3b99821d,1
678f01f34a343a63,678f01f34a343a637aca,1
67e22e28dac6d70e,67e22e28dac6d70e6706,1
67fdcdf928083795,67fdcdf928083795b9f4,1
6812facf501f86c3,6812facf501f86c355f6,1
6833f679745a78ef,6833f679745a78efe24f,1
687ccfc623d8c588,687ccfc623d8c5881ca7,1
68a5b85d265953d3,b640cfb033683500cf41,1
68d532ef8667ddc7,68d532ef8667ddc7a654,1
691bf9f61d146e3a,2883a60e6bcfa39c75cc,1
692189c860ea48bf,692189c860ea48bf3aef,1
696622f77d7ef2d1,1e505273e670c799c81b,1
696de0a929c5abf5,696de0a929c5abf5b955,1
697413e6967e4b09,697413e6967e4b09d548,1
6979631ac1a35804,6979631ac1a35804dd06,1
6985d7e288026395,d496babb092cc181488e,1
698c35850ce00191,698c35850ce001916c76,1
698d4c2fd8403bcc,0e02a1bfa31c9293dc1e,1
699717f4a9f5efbf,699717f4a9f5efbfcadc,1
69bfb3b87001282e,69bfb3b87001282e8cbf,1
69c99342469baa50,69c99342469baa5003c0,1
69dd128b44e55d19,69dd128b44e55d19a46d,1
6a0072654f46c417,38d83daaa1f180daa719,1
6a073aa5c9f1954a,6a073aa5c9f1954a3007,1
6a35b25d6e18c304,6a35b25d6e18c304cbee,1
6a78d2bcb5d06717,6a78d2bcb5d06717479d,1
6a9f0b72ed3c49ff,102c42bcdc6bce871710,1
6a9fcd29d73066aa,6a9fcd29d73066aa225b,1
6acd54062ccd1875,6acd54062ccd187505ac,1
6addc4414c56735d,b0187b6bff661e741caf,1
6addf2ae29ddea85,6addf2ae29ddea857a03,1
6ae07b83c4755d7e,6ae07b83c4755d7e649c,1
6b07d815595e997e,6b07d815595e997e11b5,1
6b2acb162c961f60,6b2acb162c961f608b00,1
6b42ae8b6c872d51,51b25c9c816c9b485b65,1
6b508ccda0fc1d16,6b508ccda0fc1d16bcc9,1
6b573db2c044ddbc,6b573db2c044ddbc995d,1
6b6b4b0cc2237900,6b6b4b0cc2237900c252,1
6b76c76c4d33de4e,6b76c76c4d33de4e6b65,1
6b7dc11977ace19c,6b7dc11977ace19c65d2,1
6b8f4d6623ded2c0,b640cfb033683500cf41,1
6ba4e7b264ace9d6,6ba4e7b264ace9d63249,1
6bc98e90bc76dda0,6bc98e90bc76dda0fd95,1
6be5adff5bb2bc9d,6be5adff5bb2bc9d3949,1
6bf54dd06e875da5,6bf54dd06e875da5b81a,1
6c15174dc48034b4,6c15174dc48034b4dc25,1
6c31638ebc93961d,6c31638ebc93961dcda8,1
6c5eb0ae8591d887,d10c56f4243d5c311371,1
6c73a9add9d0b751,6cbdcce6eaf693328b89,1
6c7855c3671af338,6c7855c3671af3389ca2,1
6c913e56a555f7f4,6c913e56a555f7f4459b,1
6c932780830b7186,00aa6f33cc0cde358f31,1
6cdd7528fd77b63a,6cdd7528fd77b63adfba,1
6d1b90380a34d3ea,f09cd2f098c35ebe587a,1
6d25025c5517bbca,6d25025c5517bbca5ec3,1
6d43c3661277c6d0,6d43c3661277c6d0c252,1
6d742343ef17fd9b,6d742343ef17fd9bcac7,1
6d7b7c5fc732a62c,a3c51e94ee9ed4bc30c9,1
6daca3680fa73ecf,a56c92ed183ae5d48af1,1
6dc12de8fdbd4eeb,32195ca86eab5cd3385e,1
6dcc2109980f137e,6dcc2109980f137e88d9,1
6e0f0fb61a019f4a,6e0f0fb61a019f4af8d1,1
6e1c6a84376612e6,6e1c6a84376612e67397,1
6e320598e96a59e2,6e320598e96a59e2560b,1
6e4e36101103ea1e,6e4e36101103ea1ef925,1
6e65e21771329f32,6e65e21771329f32485d,1
6e998187fc8343c3,6e998187fc8343c36612,1
6eac1593d5eaea0a,6eac1593d5eaea0ac993,1
6eb2d2186bccc045,4558406fb3aeae328577,1
6ec7a526ced48213,6ec7a526ced4821323cb,1
6ed3f87beaaa8035,6ed3f87beaaa8035209d,1
6eddb9926821b284,6eddb9926821b2844398,1
6eea8b92c6591d27,6eea8b92c6591d276b61,1
6f241b3b0fefdb53,6f241b3b0fefdb5315bf,1
6f7feed9cef6441d,6f7feed9cef6441db2bf,1
6f895e6e3404e63e,6f895e6e3404e63e250c,1
6f9b27cfda4641ca,6d5cb7b14fcb89768b3a,1
6f9bce430443a369,6f9bce430443a369a6b2,1
6fb20e1263f83202,3a7bcc6532c8949e7215,1
6fe81a05ef92b068,a4ab8604d276fc9dd50a,1
70078b2cabf2091d,70078b2cabf2091d1c38,1
701279a4cbb32132,bbc80c605a441d21e89f,1
701392d6e9b9065c,701392d6e9b9065cd6b1,1
702434f85af9bbbd,702434f85af9bbbd9e6d,1
703ac575dd9cd53b,a8601c64bc09bef0a6bb,1
70474a520284cfc8,70474a520284cfc8db77,1
705afe431739c0ec,705afe431739c0ec50a7,1
7079557c8a7ce5b4,d79474eb7a001d4f3622,1
707ab4aa798d0bbf,b3ce8a39621e41096ad4,1
7098477685f53483,7098477685f534832f78,1
70af146cddfb4f83,70af146cddfb4f8345a7,1
70c56aac11974f07,70c56aac11974f0752d5,1
70c8024788f2ed90,70c8024788f2ed90d05f,1
70fec8c1f8eab68e,e317244dd5e3367fdf8a,1
7103ba734b186aac,a4d0462f2125c5784373,1
712fe34c273d1eee,b3d119639bd0f07f483b,1
71538d3b022e236b,71538d3b022e236b1a32,1
716443c17cfc5047,716443c17cfc50475050,1
7172db4721271135,7172db4721271135369b,1
717a2371e6ca0deb,717a2371e6ca0debdf92,1
71901af73d4b2a91,71901af73d4b2a91fc00,1
71a67dddab78732b,6e19974611b6c624a8e0,1
72001557005f9a94,72001557005f9a944ad5,1
72124f540f9158b7,27d5d91fa101f86602b7,1
721aa58ac00aab27,fc1d8080cf3540df23ed,1
7230cd8da1201df7,7230cd8da1201df783a7,1
7255f71b0b5cd5a9,1d816d773388a913bf19,1
726350165b588e4a,726350165b588e4a8ff0,1
729a3e8c671c63c8,729a3e8c671c63c89266,1
729de07dfebaa619,4049f0f9fa52c8d48b58,1
72b008d04c59f8a6,11de1d51eb8872889ceb,1
72f42eef72a2088a,72f42eef72a2088a837d,1
7315345e1eb55dac,7315345e1eb55dac155c,1
732947f9297a633c,732947f9297a633ce68a,1
733d1faabc47fc4c,e8a18c6ffe2b1432d898,1
735d96bd8109f6b4,735d96bd8109f6b4aa8a,1
739d786282cd8dae,facc58fed688aa51b7e0,1
73a1b493bf8766aa,73a1b493bf8766aa911e,1
73d0d721212787fc,73d0d721212787fc86df,1
73e6289a811983a8,73e6289a811983a88c7a,1
73f7fea8a182ec52,73f7fea8a182ec523aac,1
744f7eda9c12a3bf,744f7eda9c12a3bfb513,1
7465e14e31968b82,7465e14e31968b821fe0,1
746d82ee55bd367f,746d82ee55bd367fa9d8,1
749a620bca3cbe66,749a620bca3cbe660d7f,1
74a92641559958a3,74a92641559958a31678,1
74aedb58e09a4876,74aedb58e09a48764b67,1
74b8afe7aff61cb6,74b8afe7aff61cb67521,1
74dd73d9ee9a9c14,584924aa4b761929331b,1
74ef3c15f81b0401,74ef3c15f81b04013aff,1
74fa23a62626453b,8a8faea35a41121eeff8,1
7516a3e61afa234a,7516a3e61afa234aaa2b,1
754a1479272967e4,754a1479272967e4682a,1
7555c5c9e1dff26d,7555c5c9e1dff26da8ca,1
755978f8d6c707db,2adeea64d9e50682f7c4,1
75aa8574b325117c,75aa8574b325117c87ea,1
75ad5844c71f9760,75ad5844c71f9760be32,1
75e728de6a28734f,75e728de6a28734f4c6b,1
75ff7dd33c3bb256,75ff7dd33c3bb2568930,1
760327aa43624db5,bf7951802f366a121b5f,1
7647c2974398c01b,7647c2974398c01b8ba4,1
766c198c844eb197,766c198c844eb1971f4f,1
767759d2643a99eb,767759d2643a99eb8398,1
767e8da2f984af54,96e478ba341991e434b1,1
76a2b60c4981c1e1,32195ca86eab5cd3385e,1
76acb5b4ef43c347,76acb5b4ef43c347a75c,1
76b38370fdeda595,76b38370fdeda595eaa5,1
76f8f19a1fb3f3dc,76f8f19a1fb3f3dcfa95,1
773bd9920327f9f6,fe13923c99035376593f,1
7746d4d20964984e,7746d4d20964984e0c4e,1
77563426822d0f01,77563426822d0f013f6c,1
7783f1b5d8fdad17,7783f1b5d8fdad1706f3,1
778a13633ba18b83,778a13633ba18b831596,1
779545e4cc112327,cf411d67876d3b5e239f,1
7796cf2686b59154,a62a5606e1db8b52c154,1
77afd987cfd99064,77afd987cfd9906475f3,1
77bf2be11e1384b0,4b66d1dc07a2c10b3f90,1
77ca2e62b3fdc236,77ca2e62b3fdc236cf5a,1
77f80bff164ebcb1,77f80bff164ebcb12858,1
78163f0258bb0481,78163f0258bb04810bde,1
785e3f6ea08f316e,785e3f6ea08f316e9b9e,1
7893af7bfdcd9b36,7893af7bfdcd9b36e284,1
7898d22b540caefe,7898d22b540caefe32bd,1
78a755b7b29a6973,78a755b7b29a697366cc,1
78ae15185ed01f9f,3064b9d40c86ae3bb41c,1
78f078256f03bb52,9388fc3170e42b3d7b42,1
7957d34f6ce5afa4,7957d34f6ce5afa470a2,1
797849232951a1a5,797849232951a1a5e08e,1
798e0fc3bcc1f01d,798e0fc3bcc1f01dfd1a,1
79acdef2b0454d21,79acdef2b0454d21b0cb,1
79b39c8b38d2185d,8561f3841feee7dab8bd,1
79cb1013e44e57e8,913a4b5e88aa91f19179,1
79d224d473258c25,79d224d473258c251cbb,1
79dd4a7b89f05d6c,79dd4a7b89f05d6c8ca9,1
7a00273fb9ee5119,2a7e07403842bf86c1ac,1
7a03fe5732bc9dd4,d063b7741cfebba608c4,1
7a1e798aced4c178,00aa6f33cc0cde358f31,1
7a1f6a5c5a83d804,7a1f6a5c5a83d804b292,1
7a301c16bc666802,135c093995bdd9536205,1
7a4537252b7e5195,7a4537252b7e519531b9,1
7a49ae1ae94b53b3,284d200f96227064b28d,1
7a5ea9c09f03fae5,7a5ea9c09f03fae51120,1
7a61cc36c57e6cc2,fd72194d87b229e3802e,1
7a7aebb328830041,7a7aebb3288300410e6f,1
7a8accc510f4e50b,42ba6a5764d4372eabb0,1
7a8bd5890a0c4c42,952db419386b3ebcc9da,1
7a91d65d9e3095c2,7a91d65d9e3095c230ae,1
7ab4dee67ad8559c,7ab4dee67ad8559c7c1e,1
7af3f4b6b5587051,7af3f4b6b5587051205c,1
7afc16fe16b6a38c,7afc16fe16b6a38c4537,1
7b104049e926d37d,7843c612f350249baff2,1
7b185721a65ddf5f,7b185721a65ddf5f7af0,1
7b5520f84781a68d,7b5520f84781a68d7246,1
7b7b155c6500acb6,7b7b155c6500acb64819,1
7bc4d8cd5673d95f,e1e4425f6b92df98d157,1
7bc916bf2164749c,7bc916bf2164749c70fb,1
7be99f9006182c2c,7be99f9006182c2c4d47,1
7c218206ac53b3b7,7c218206ac53b3b7c695,1
7c2d81fa1b5be014,73e6bd1d92c5a29f7d29,1
7c3eba4232d28dbe,7c3eba4232d28dbed5e3,1
7c45156fbd12464d,7c45156fbd12464d1595,1
7c57ff443c9b1cd5,bf754474deec12fd59e6,1
7c9a93502c478401,7c9a93502c478401ad3d,1
7ca78a894a6a580c,f3459cd35d8db0240920,1
7ce3b993841e1946,7ce3b993841e19461d75,1
7d1856c95e3925db,5122d41e9039cffaa4b8,1
7d3bb10ab08b4bf1,7d3bb10ab08b4bf1b5c6,1
7d41be19dc3368d6,7d41be19dc3368d60ada,1
7d473b29a731baa6,7d473b29a731baa6649a,1
7dd4127756841292,7dd41277568412922df0,1
7deb7cf0e7265264,ee2cbb004d2946a75069,1
7e03846cf1677b93,7e03846cf1677b93fdd9,1
7e1a797d1b86250f,7e1a797d1b86250f78fe,1
7e33e433c4415e88,7e33e433c4415e880ccf,1
7e364892d3c48e19,7e364892d3c48e1957cf,1
7e3996f99409725b,6cf38fbb4af8057df4d0,1
7e54922b841a56e6,7e54922b841a56e6136f,1
7e7b1c893d818a5d,7e7b1c893d818a5d6345,1
7e82d5f975a13444,583da1a31bf458b9ee8e,1
7e83a4b47186983d,7e83a4b47186983d82ed,1
7e9cdd3d5460a4ff,7e9cdd3d5460a4ff3650,1
7ec31610e319fb52,7ec31610e319fb5204ca,1
7ec722fcfb7f6da3,7ec722fcfb7f6da389bb,1
7eedd41aa2120e21,7eedd41aa2120e21db05,1
7efd084153a37400,7efd084153a374003c1b,1
7f0cf305e574525e,7f0cf305e574525e5861,1
7f34be31f66b941f,7f34be31f66b941f8e4c,1
7f608094a8620503,6aeb9b3e15068f1ebfdd,1
7f63f190320651fa,7f63f190320651fa6748,1
7f8e57062746d396,d30e42285f378509f207,1
7fdedb63f7a5439e,7fdedb63f7a5439ebcd0,1
7ff2a6102754f38e,7ff2a6102754f38e7e75,1
7ff3d0d2244ee942,7ff3d0d2244ee942c265,1
802185635c254bc8,dec5146ca2fcd9b1a68e,1
8021effac3eb2835,a56c92ed183ae5d48af1,1
80379a770f7f5a9f,80379a770f7f5a9feed7,1
803b358caa39d0c1,803b358caa39d0c11eb2,1
80715ed7edf739b9,80715ed7edf739b98b7e,1
807d7ed2f79e70bd,bf584c81cfd4856d0bbc,1
808f1e9e670a654a,808f1e9e670a654ae587,1
80a0ac3404228e0a,80a0ac3404228e0a5a8f,1
80cbed666cb222b2,80cbed666cb222b2e6bc,1
80db55b4a9561bd8,80db55b4a9561bd82433,1
810a1b4c1a35ff61,810a1b4c1a35ff618c33,1
810e7e7075b9a389,99055c083878242ab931,1
810eea9ebf16770a,31b95abbd7c5232a0eda,1
811de31648e9ae6d,811de31648e9ae6dc52a,1
8129791cee3ef368,8129791cee3ef368e7cb,1
812a97572209fd93,9388fc3170e42b3d7b42,1
81434c390417b6f8,81434c390417b6f84168,1
814a7d47159d9e2c,93cb20c3846d02b8e320,1
8162c861a19a62f0,8162c861a19a62f0b74b,1
817e98a7ce517bd1,817e98a7ce517bd11245,1
81b20afc7b91620e,81b20afc7b91620ef830,1
81e44c659c2a4c0c,81e44c659c2a4c0cec66,1
81e72a3076201dcd,81e72a3076201dcd213e,1
820145253dc27cf3,379e498e8c8c4ebf54ed,1
820dc3b5c629bcd1,820dc3b5c629bcd1c6f2,1
8262262b1f8052b3,8262262b1f8052b3af47,1
826b01a1f4848375,826b01a1f4848375f667,1
827b7458f3836170,827b7458f3836170f4b2,1
8281b570e9546410,e77d40551226cd4c50d1,1
829517b42643b023,14952e195cdf53c08764,1
82a45cd492048fab,82a45cd492048fab13a8,1
82aca1562a16f1ef,9388fc3170e42b3d7b42,1
82d75b2a566990d2,82d75b2a566990d227de,1
82d9ea05ee0d50f1,ebe24e98bb0fd1c693f1,1
82dd55a6ceec648f,82dd55a6ceec648fb5c8,1
8330cfeab696297d,8330cfeab696297d4e68,1
836022684ae10de4,32195ca86eab5cd3385e,1
8376c769b0edd5c3,8376c769b0edd5c3d2be,1
838a722c1ee3cc05,838a722c1ee3cc05fde5,1
83a0723b03ba7ce0,83a0723b03ba7ce0d104,1
83df39253ebc64d9,83df39253ebc64d9ce6a,1
83e1392a04230f92,ae26a669f107d2d81cf7,1
83e427c9b8ffded8,83e427c9b8ffded865ab,1
8427f6317db00f93,8427f6317db00f93af08,1
842c7a1f4afef0ce,842c7a1f4afef0ce9d9d,1
849b13d43712f3c1,849b13d43712f3c1abd9,1
84c6fb15a28b34ff,84c6fb15a28b34ff77a9,1
84dbb4d15e110f40,527004430a1be7b3fa7c,1
84e9c4b1bba30795,84e9c4b1bba30795fa12,1
84f45a2d7c409ac8,84f45a2d7c409ac81331,1
852a45d8b70c51d3,2b0c9a902917a7a5a66e,1
853628a3957b3840,f8b91948486bc99d0df4,1
856c0392d8d6369c,856c0392d8d6369c7f17,1
8577f047d282be30,8577f047d282be30cb06,1
85886d4a26c59516,85886d4a26c595162379,1
85c6ffacef01a300,85c6ffacef01a30023ac,1
85eb0047ed24c64c,85eb0047ed24c64ce90c,1
85ed9bb2c410871b,85ed9bb2c410871bac7e,1
8626bbb773a2a4b7,8626bbb773a2a4b71cd8,1
863eede6d5522fc8,5ff022f97d4af3e95186,1
86423de816780cbe,86423de816780cbe086b,1
8644186a8065ff37,0882ecf717743fa81a63,1
864779ab30922339,864779ab309223391130,1
8651f75cf1aa1a93,2b60637a7f1a45e44487,1
8663a0dceecc47b0,8663a0dceecc47b0e5d9,1
86a73f147a968266,86a73f147a968266f2c0,1
86b190af7c1eec8c,86b190af7c1eec8c28d0,1
86c46e7f18fbbaef,2dd923ae43174041d0cd,1
86ca0a926d963d53,fb6e1a616a0551ab9f54,1
86e4d9b0da1d4a14,86e4d9b0da1d4a14e833,1
86ebd0f033e5e5ce,86ebd0f033e5e5ced307,1
86f545964db7c4b5,3cf2af4575ceba5a1a26,1
874a0698ac73c01b,9388fc3170e42b3d7b42,1
875f5eaaf8c5c600,875f5eaaf8c5c6005c79,1
87605ae75054e275,87605ae75054e2758ec5,1
876e364759b8a9e8,876e364759b8a9e86a50,1
8796e7a1e5e96b48,8796e7a1e5e96b484dbe,1
87b487d1260e81e7,87b487d1260e81e752e2,1
87d3caba7e84e064,164f6647901efde804f1,1
87f2d0d798d7bfb2,1f10262d69983b02bab8,1
880c0e330b544fdc,5fe1fbc875645666cf5c,1
8831f7a0c2b9876b,6ef38dc0b9b63f9dc440,1
8846f70f70b946e0,8846f70f70b946e023c8,1
884d207527f5b349,8b6c0e179c44a2a37bc5,1
8858fd7dd651a2eb,8858fd7dd651a2ebe3f1,1
888337f79b833772,888337f79b8337725a6f,1
888f488ce8960c6f,888f488ce8960c6fe031,1
88976ceed7e06ea0,88976ceed7e06ea087f2,1
88c99029f0ffca05,88c99029f0ffca05c45a,1
88d499f13969c442,2f3e0af47320a4eddbfe,1
88f6a823cbea7750,88f6a823cbea775001f2,1
890395d4045eacf2,890395d4045eacf2b7bc,1
890570c3d4accf8d,890570c3d4accf8de771,1
892332887324fa4a,458c87d29ced777f5c01,1
892735e9393870de,892735e9393870de1d28,1
8938e1b43f000810,bbc9f5bf8ee11430e345,1
893fde5e21c53fe7,893fde5e21c53fe714b4,1
896d4fcba8c3d2fe,896d4fcba8c3d2fec8fb,1
89d22c1d93f48c0c,89d22c1d93f48c0c9a86,1
89fbf3caabf67ff7,89fbf3caabf67ff772e9,1
8a063b5a20230dd3,8a063b5a20230dd3e1f6,1
8a0d746d61f4f7d2,8a0d746d61f4f7d29d33,1
8a1e4a1f557edf9c,8a1e4a1f557edf9c1f34,1
8a1fdb9650286396,3860dee6d4ec63c3cf25,1
8a2bc9f6e7cba949,8a2bc9f6e7cba94996ad,1
8a452e249b179b77,8a452e249b179b77d7ee,1
8a629810e7e6d9ba,8a629810e7e6d9baaccc,1
8a68af58664b2e13,8a68af58664b2e13c8f3,1
8a84c14c07d8a212,8a84c14c07d8a212800a,1
8ab24e618a13d1aa,00aa6f33cc0cde358f31,1
8ae0d3c8eca35810,d10c56f4243d5c311371,1
8ae6e7ce49c03371,8ae6e7ce49c033716a7b,1
8b675fa7b02ba3cb,8b675fa7b02ba3cbf354,1
8b861a7be23e2cd5,4ce7157f8ab3a7ab6e8a,1
8ba329f1c4b2d714,9388fc3170e42b3d7b42,1
8be1b5c7437c4c4a,1b42c1126a4c5a50f26a,1
8becfd3861f1c094,8becfd3861f1c094bbe5,1
8c236c08b47751eb,8c236c08b47751ebe509,1
8c6a02ae9ca23eb5,8c6a02ae9ca23eb51654,1
8c7c345f4be296fc,8c7c345f4be296fc01f4,1
8cb3237427fd0a65,8cb3237427fd0a6565a1,1
8ccb8ebb0fc62b58,8ccb8ebb0fc62b58a4df,1
8ccd5be1d7eb2daf,8ccd5be1d7eb2dafa7a0,1
8ce406090f9ef6fc,8ce406090f9ef6fcdf0a,1
8d0623a82fdac7f7,38fb224f1225b9207eea,1
8d1b95fffabcfada,00aa6f33cc0cde358f31,1
8d275c4313b198d7,8d275c4313b198d7556a,1
8d58b54710bb2d08,8d58b54710bb2d08e7f3,1
8d64c24597203bb8,8d64c24597203bb8acd6,1
8d730da0ab5c2f19,934687fe5c1ebf51f9d5,1
8d8d8d5c8fdc6228,8d8d8d5c8fdc62281ed8,1
8dd0ca82c400a7a6,8dd0ca82c400a7a61447,1
8df6e127a0f63716,8df6e127a0f6371614d2,1
8e08c494ec59c775,8e08c494ec59c7753965,1
8e30c1f4d4b2f234,8e30c1f4d4b2f234b5a8,1
8e38433741aeca64,8e38433741aeca6415af,1
8e7d96ab604470f0,8e7d96ab604470f0d1ee,1
8e92dd7ad5fa4091,8e92dd7ad5fa40917037,1
8ea2f7bbf3aa0cda,8ea2f7bbf3aa0cda90de,1
8eb132cf0fa147f9,8eb132cf0fa147f90d7f,1
8eb470c169d4be3e,596aa520f102f8da2dea,1
8ecc53ce11b26ff8,8ecc53ce11b26ff8460b,1
8edbc51db3f18306,8edbc51db3f18306fc9f,1
8ee1bb7c121b08bb,9388fc3170e42b3d7b42,1
8ef2d68818ce94c7,8ef2d68818ce94c764eb,1
8f07f3e2d136439b,8f07f3e2d136439b2333,1
8f6155b0d76c5053,8f6155b0d76c50533dc2,1
8f6688c48b52d009,abe3a8c4ef1ce066536c,1
8fa3616e9119f57d,8fa3616e9119f57d7572,1
8fb0af9903d7bfff,8fb0af9903d7bfff153f,1
8fb12810dd2fa563,b9506586ad507529dfd6,1
8fd8c4b747621641,8fd8c4b747621641b9f2,1
8fed816d02208973,8fed816d02208973c19e,1
8fede4af3ef4f106,34c17ebed364329330d8,1
8ffd4efbef8a82cb,8ffd4efbef8a82cbc64e,1
9001b40d2b2b0504,23c2a317ccb7e49700b1,1
904af910fb7b2c04,904af910fb7b2c042ef8,1
90c2b4df8118815d,90c2b4df8118815d21c6,1
90d2bd81dabaab37,90d2bd81dabaab370394,1
90dba03e6b67e141,90dba03e6b67e1415d53,1
9106c299d5abf051,9106c299d5abf0510198,1
913e4b171632c15e,20f1553e376738c2bea5,1
9143bf7700abe955,50783702ef3a893d229a,1
91549ad85ece9258,91549ad85ece92586afb,1
9156a21b0877c250,b2fb88411fc4dc22e100,1
915aab808d51ee79,915aab808d51ee7910ca,1
91822ae6384c1d62,91822ae6384c1d62aae1,1
918b62249d043bb2,918b62249d043bb260c5,1
91c4ff6c507f6573,91c4ff6c507f6573e859,1
91dbab5687d13431,91dbab5687d13431d87b,1
921f07a0703fdfd3,921f07a0703fdfd39899,1
9267fe07a7846c29,9267fe07a7846c29d847,1
92683b9429efb4fc,92683b9429efb4fc2631,1
92d179740944b094,1a3162d07eb0a1d15ce4,1
92fd03271c198c3a,b117a92dfc310fda0424,1
92fe7b481abe41ec,92fe7b481abe41ece7bf,1
93181c4563700004,93181c45637000042f82,1
934b3dd331c42d36,934b3dd331c42d36fdd3,1
935610682885b91e,935610682885b91eec44,1
939730414304dce3,4f6565da6cc58179853c,1
93a20e87834c35c0,93a20e87834c35c07311,1
93be41ac891dad88,93be41ac891dad88b053,1
93d8e45461902a18,93d8e45461902a181194,1
93efdc639831afbf,93efdc639831afbf8924,1
93ffdeb4616718d2,6cbdcce6eaf693328b89,1
941830f3c99720b6,941830f3c99720b6546b,1
9420db2c675dd316,9420db2c675dd316b9bb,1
9429492d56644af8,9429492d56644af8abd3,1
9430aeac7ab32347,9430aeac7ab323472b02,1
9432150be14f030f,9432150be14f030fd88b,1
94ad215d590e5ea3,94ad215d590e5ea3c9f2,1
94b98d2e8efb3945,94b98d2e8efb3945eb72,1
94c76a70cfb9b916,94c76a70cfb9b91669d1,1
94cfdf493c52b377,5a1076a356de56a51d0c,1
9520421de01bd005,e8a18c6ffe2b1432d898,1
9527c69bbd0f86cb,9527c69bbd0f86cbcbae,1
954acea7363e5c33,38d83daaa1f180daa719,1
956561332b398f9e,956561332b398f9ea41d,1
9585b31a0237aff7,9585b31a0237aff78d57,1
95bc5c4ebf418788,95bc5c4ebf418788f5f7,1
95c574670e566668,95c574670e5666687fce,1
95ee00dc37d19413,95ee00dc37d19413a907,1
960919845bc74aeb,960919845bc74aeb4d8a,1
963e8453e5a4993d,963e8453e5a4993d0fb0,1
9640daa8c40b114e,2bdc53b4277e875e2c68,1
96596ca4b329aad0,96596ca4b329aad0d098,1
965cf138a8466428,9388fc3170e42b3d7b42,1
967c8d4e6398273d,967c8d4e6398273d6ba6,1
9693013a3a1be224,9693013a3a1be2249477,1
96be56ad4053eaf6,96be56ad4053eaf67ce7,1
96c47bdbe8bab459,136bce28863ae9634106,1
96e1c630806c388b,5b195f5d019e698a175f,1
9709ceee001029d9,9709ceee001029d9a4d2,1
9721e0c36075e49b,126928d1e21a9386f52f,1
9727762cf861be32,9727762cf861be322a13,1
9737b205701ac2db,9737b205701ac2db3cd4,1
9763042d820f4270,9763042d820f42700219,1
977a7a199b9b574e,977a7a199b9b574e6b19,1
97908b2256e4498a,97908b2256e4498ab2ae,1
97af52646486ba01,97af52646486ba01ade1,1
97cd47b6f2827aea,97cd47b6f2827aeae40f,1
97e9e7e15ac1d7b5,eca6539d636a96c7f1ea,1
9826373166add504,9826373166add50474c1,1
984d1be8b37bad5c,984d1be8b37bad5c94d1,1
98716e3e5d5b59ee,98716e3e5d5b59ee8e92,1
98996c8a047ac038,98996c8a047ac0382307,1
98b996b2cc92c647,98b996b2cc92c647a742,1
98cb26a210e25917,865f7a34b42e7c72174a,1
98ce50589d653769,98ce50589d653769a240,1
98fe4ea53aaa53f6,98fe4ea53aaa53f67006,1
9913909f35a28d5f,6deb44ebb344ddba3799,1
994e8f5e7eff6a22,994e8f5e7eff6a22f1f2,1
995c48931ff0848e,995c48931ff0848eadbf,1
996bf536bddbed05,996bf536bddbed05d964,1
998673aea1469c08,998673aea1469c08fa1c,1
99c71058f8b78197,99c71058f8b78197bd1d,1
99c9948484e98792,ab0efd2a399e2e11b7d9,1
99d77e75b072635a,99d77e75b072635a341c,1
99e0af4b164693d0,99e0af4b164693d0c9a3,1
99ed9d60d7c092ff,99ed9d60d7c092ff5823,1
99f790c1335844d8,a4ab8604d276fc9dd50a,1
9a2d8bd89b2a614f,9a2d8bd89b2a614fed59,1
9a39f02abc78496b,9a39f02abc78496b3af3,1
9a5b9578303ccaa1,60e002f41d11041b0795,1
9a7060192cfb9e56,9a7060192cfb9e562d6b,1
9ab6cd526cc66ad9,9ab6cd526cc66ad9be8d,1
9b09cb9f88bc6893,9b09cb9f88bc689311f8,1
9b1a629f7f1d3cb3,dae2991d135a6c0d09d0,1
9b211bcf4a9a8471,9b211bcf4a9a8471ef9a,1
9b2427d4ead227c6,9b2427d4ead227c692d2,1
9b2f6f6c7cb9b6a4,9b2f6f6c7cb9b6a4d58e,1
9b42f0c4939f1f2c,9b42f0c4939f1f2cb959,1
9b8684105e1b99ec,361e4ad3827b649cf6ca,1
9ba624011982503c,9ba624011982503c6c11,1
9ba71bfd1908631f,0c3a4f03cc05a0a5fe64,1
9bb085f09a525bf5,9bb085f09a525bf5c9be,1
9bbf3bfe24c78fe3,9bbf3bfe24c78fe3ca0b,1
9bd4532de3f89ee5,2d9abd05a87abd055039,1
9be6e795568a17d1,9be6e795568a17d12db6,1
9bfd678a766e8b50,ffe9a41576e8468cdb3e,1
9c003640d06580bd,4fa19f4e481596a4ff2f,1
9c05b904757ffdeb,9c05b904757ffdeb45b5,1
9c1c337b185fd12e,9c1c337b185fd12e0441,1
9c281c0d77413328,9c281c0d77413328131e,1
9c708464815981df,9c708464815981dfc4f6,1
9c98117dd66637e7,9388fc3170e42b3d7b42,1
9cc1c548be346ff1,9cc1c548be346ff19a50,1
9cc9b700de3dfe0c,9cc9b700de3dfe0c1da5,1
9ce61ccc4721cccc,9ce61ccc4721ccccdc3c,1
9d1257e39419d45c,facc58fed688aa51b7e0,1
9d2fdad923fdbfc1,9d2fdad923fdbfc16a8b,1
9d432ca37b1d99c6,abe3a8c4ef1ce066536c,1
9d61dc773b35908f,587ff8689fc1aa92f0e6,1
9d67c32ad4c03a67,9d67c32ad4c03a67bffd,1
9d8a4d5c4fd54fb6,9d8a4d5c4fd54fb62aec,1
9d8b0e6c17665c64,9d8b0e6c17665c644fe2,1
9db7d62a9868fd31,9db7d62a9868fd319391,1
9ddd3338c0e0a32a,9ddd3338c0e0a32a045c,1
9deab71a6bcc388b,9deab71a6bcc388ba8d1,1
9e39219cbd06964e,9e39219cbd06964eb059,1
9e40c0b351722106,9e40c0b351722106f246,1
9e575070b5644bbc,9e575070b5644bbcbf84,1
9e6cb1af6a558393,9e6cb1af6a558393573b,1
9e964465549d6800,7248fc4ebb3c7566f534,1
9eb51501fd62dfbb,83f86bf140f952398068,1
9ec6f91a081def76,9ec6f91a081def76a436,1
9f01850c1f0d2b8c,9f01850c1f0d2b8cfdcd,1
9f10d6a74fa9c596,9f10d6a74fa9c596d18a,1
9f15773bd766efa7,9f15773bd766efa74711,1
9f3a697597c8f41c,849ef72be606296557b8,1
9f3c2d0e99c47e03,9f3c2d0e99c47e03768e,1
9f4732211600cd2f,9f4732211600cd2f7cb2,1
9f7e828a69c50a44,46056a337d721863e1aa,1
9f91c23bfe9681c7,5dbbd6891f2ff9699835,1
9fc1ad915e42bc06,9fc1ad915e42bc06c2c2,1
9ff50cb3d02c0beb,4201e0c0fb446738fede,1
9ffaedb66d15c3c3,9ffaedb66d15c3c32fb0,1
a00213e9e5b71912,a00213e9e5b7191267a0,1
a01eeadb520ab497,bd3e4ad95dad1dbd34b5,1
a05b26e3f877828e,a05b26e3f877828e9606,1
a06cabfdd3c248d1,a06cabfdd3c248d15481,1
a0813ad9cb1ceb0d,a0813ad9cb1ceb0d2721,1
a0ad62416b385e0e,a0ad62416b385e0e3cd0,1
a0c0031f0aef7216,a0c0031f0aef72166d19,1
a125f848d08438ab,dcf61bba331da8a6fc0a,1
a126dad2384232f4,0e02a1bfa31c9293dc1e,1
a142b7b93541152a,01e0a8e0a4fe52af1706,1
a1498612fc856b02,a1498612fc856b0276a0,1
a174b1f46079f8b2,a174b1f46079f8b26929,1
a18bcf67ca493ef3,d46a8353d6aaeb76a079,1
a1c353a4409b6084,a1c353a4409b60843732,1
a1d5cb78f937092d,a1d5cb78f937092db198,1
a1f62851f792746a,a1f62851f792746ac472,1
a1faa3b411207eee,a1faa3b411207eeea401,1
a22c6de985a0614e,a22c6de985a0614e6a69,1
a250712a97a8363a,acf52d613bc6e2fd0893,1
a2691a605a2e517e,3a31ca47cfbc533c1b1b,1
a29270559cb29c43,a29270559cb29c431985,1
a29f653faeb8c759,be52e21fc69aa28ba187,1
a2ae5bb58cd68ec5,a2ae5bb58cd68ec57f63,1
a2ec9b540d25c11d,a2ec9b540d25c11de08d,1
a326bf2d630cfe2f,a326bf2d630cfe2f4926,1
a34dfcd68cc3098a,a34dfcd68cc3098a38fe,1
a3500dcff46b9d42,fab4a1ef9f08b0a68b27,1
a398ffb7d8c2ef33,a398ffb7d8c2ef33e4e6,1
a3da2e45d682f1ad,08bb43b3b7bd1d4b2b48,1
a3dbf0c958a3e735,a3dbf0c958a3e7359610,1
a4086b40cb9ab7b6,b73b9351ee10a23b0ad2,1
a40f6b73f317a9ab,a40f6b73f317a9abd2fa,1
a412a397a4c766f6,a412a397a4c766f63594,1
a424c715fa9d8973,97ed182909f717e6f4c1,1
a4265e1b95b6c656,a4265e1b95b6c6563b18,1
a45eb383fa596267,a45eb383fa596267454b,1
a4662651477ed1c6,a4662651477ed1c62114,1
a47cb38983947d11,a47cb38983947d118ec6,1
a498336827f856f7,a498336827f856f7733e,1
a4d808c878d1fe78,a4d808c878d1fe781262,1
a4f906a4271d8f79,a4f906a4271d8f793fc6,1
a511387f426c3f18,a511387f426c3f18f701,1
a5186292c587ea5c,a5186292c587ea5c55e6,1
a52f9750a1420317,aecd61554bb72a181fb0,1
a5754febecd99b85,a5754febecd99b8504a3,1
a5cb5f4e35765ed6,a5cb5f4e35765ed6e932,1
a62115ba520a5dc8,a62115ba520a5dc8e746,1
a62e94c6c2ec0e8c,5cc97f2c761be3a219a1,1
a6376b8c14f9b71b,96e478ba341991e434b1,1
a63f493a4da80a2b,a63f493a4da80a2b36ce,1
a64f3d9d4d235584,a64f3d9d4d2355843e3c,1
a6a4911df043205e,a6a4911df043205ecbd0,1
a6b1dc474c142ea9,cca0a0e92abc7d01d67a,1
a6c07ceb324b03fb,a6c07ceb324b03fbfb29,1
a6ccf9cbf75ff343,a6ccf9cbf75ff3438783,1
a6d2d2457cd06bc2,54d9883ad2522d143986,1
a6db4f778fb6174d,a6db4f778fb6174dd61d,1
a6f45075b206ac84,a6f45075b206ac84393b,1
a71ba9cd1bd567a2,a71ba9cd1bd567a27d28,1
a728f07e36a6d245,b422d504dd23d31c57e5,1
a77a4a40f6c8e6aa,a77a4a40f6c8e6aaa04f,1
a77f6ca6b351afa1,a77f6ca6b351afa18c2b,1
a788c87ce6141573,a788c87ce6141573256d,1
a793e1b0e1f060c8,a793e1b0e1f060c81419,1
a7ac73b3065852b6,a7ac73b3065852b6273c,1
a7d58e28813796fe,a7d58e28813796fe1277,1
a815b2480f98fe95,b94086af21d8415d0585,1
a8448167e333888a,a8448167e333888aadfe,1
a88ed0275a6febf7,a88ed0275a6febf72b70,1
a899414f193d1f2a,a899414f193d1f2ab3f4,1
a8c0736a6d72c18d,a8c0736a6d72c18d545c,1
a8f248310649d20f,a8f248310649d20f3211,1
a914967900856c61,a914967900856c61117c,1
a935ee58e92fe276,a935ee58e92fe276879b,1
a975601c8e11910b,a975601c8e11910b2ae4,1
a98d2405ddc0a1f6,a98d2405ddc0a1f69bd5,1
a990e6c8ea25c93b,a990e6c8ea25c93b1ecd,1
a9a8793b39b2b011,a9a8793b39b2b011f14a,1
a9c15a4ba6a85415,a9c15a4ba6a85415cc3f,1
a9caa9c4d5031b6e,e6654ddb1e7c14e0b607,1
a9eaa36b83e4c519,a9eaa36b83e4c519aa43,1
a9fe9aab228e654e,6ab58e44a4d709836378,1
aa0dc11e1f08122a,65abd5f4199fe749b644,1
aa211715ef26ba25,aa211715ef26ba255bce,1
aa3068ada064f977,32195ca86eab5cd3385e,1
aa5427d1e8621aca,ac3791780fa8be32f2db,1
aa7ffc457ad9b73f,aa7ffc457ad9b73fd972,1
aaf824d40a5875b1,4aa6a726e0e78abe7780,1
ab016fbe226e8814,494a949fbb3d2086f984,1
ab23b4f88cef7dfe,ab23b4f88cef7dfed132,1
ab31919afffe7c82,ab31919afffe7c82e427,1
ab77cda36fe60c25,ab77cda36fe60c25103b,1
ab7df3077bd1c561,8c1d7a5a469916a7b632,1
ab891612d2121f67,f760b69de663bb74da7b,1
ac04e70b804cfc08,ac04e70b804cfc0893d8,1
ac6bb07d1094e6e7,ac6bb07d1094e6e740c7,1
aca18dc7d1e70692,aca18dc7d1e70692a57e,1
acd9c6d009776a45,6270a44f6092c335d21d,1
ace2907b5be439a8,ace2907b5be439a81ea1,1
ace5b182e7d98ef3,51d5ad12e406f0bba7aa,1
ad128c64c4704ce7,ad128c64c4704ce7000e,1
ad31f35d7c4143c8,56a14b792b2bd3c1b23a,1
ad5b2e5303c69e36,ad5b2e5303c69e36a5f2,1
ad65db0d3f649997,ad65db0d3f649997944a,1
ad90d397df05a515,ad90d397df05a51528c3,1
ada761e7b5b9d76f,67d2ffe97125b540bc48,1
adb978ae9106686d,adb978ae9106686df78d,1
adc9518845217525,3b941fb013a2aca2f98b,1
ade6fad9de9a6df5,335e02f62669f58f78a9,1
adec01e81dd71453,adec01e81dd71453ef2b,1
ae5a8d4d3b2a1d9d,ae5a8d4d3b2a1d9d4a1b,1
ae9b4bd4e8ccdf0c,ae9b4bd4e8ccdf0c3f12,1
aee2a080140dee17,7aeda4c71ac6cad49380,1
aeee7265a4e1b24c,6fdcd69a93c3e7110155,1
aefbe82517237af2,aefbe82517237af2bf37,1
aefe9d20e1ffa6cd,0eabd3c977e46962a6c3,1
af133e0f271ae2c6,af133e0f271ae2c6da45,1
af2302c2666504ed,af2302c2666504ed513e,1
af2b24c8f9c353fe,99285945a3ad873d4292,1
af356dc3573a4b6a,af356dc3573a4b6a708d,1
af537c1409919388,a8f12df073e051c97978,1
af80c312df1ff564,af80c312df1ff564fe1e,1
af825319174f5514,af825319174f55144bb5,1
af9753ddced10305,af9753ddced103058409,1
afa51c7082adb5bc,afa51c7082adb5bcc918,1
afab1fbb9cf28d0b,afab1fbb9cf28d0bb1fe,1
afe162de5807adfc,5ec5cf2b7d1201e76dfe,1
afe2fb0e67450d80,afe2fb0e67450d801bde,1
aff294c374dacda1,852511b62479ebd35e64,1
b0224d21509ce97b,b0224d21509ce97b03a2,1
b02271f3a039a679,b02271f3a039a679a8fc,1
b0527adeac94002e,b0527adeac94002e72e6,1
b0827959ce3fa943,b0827959ce3fa943e655,1
b0958f35944589ad,a2c407193fadb2944b32,1
b0ba2ab53446d07a,c2f824144077f1aa22e1,1
b0ced3ebf1630397,b0ced3ebf16303978f15,1
b127c47657f30511,b127c47657f305118043,1
b162e2ce82aa8dca,b162e2ce82aa8dcac4cd,1
b181872eaafc237c,88049adcacf4f6cf4e27,1
b1901a31525c30c9,b1901a31525c30c97b88,1
b1a544021b98cb88,b1a544021b98cb889cfb,1
b1e8de17920dc6ed,b1e8de17920dc6ed27ab,1
b20e890e95b85c15,b20e890e95b85c151d0d,1
b233f3e9277510d8,b233f3e9277510d83b3e,1
b24e1f86ef31a783,b24e1f86ef31a7839621,1
b27e28469d17481f,b27e28469d17481fde94,1
b287d79bf753ed50,934687fe5c1ebf51f9d5,1
b29b1f439b579aa0,b29b1f439b579aa07f71,1
b2c35efbefff0385,82ca96eff6715328c604,1
b2d7ef1c020810a0,b2d7ef1c020810a0569a,1
b3005a6b31812194,b3005a6b31812194b0a7,1
b32ecd919c43df26,b32ecd919c43df26bb4d,1
b33aa4110c63e4ac,b33aa4110c63e4ace809,1
b35e635423bcde21,b35e635423bcde21a49e,1
b3648652b7c269b4,b3648652b7c269b4bcf0,1
b391f2de60fbcf1e,b391f2de60fbcf1e2f33,1
b39de4314fddf841,6f1ab06e520db8a662d0,1
b3b49db62616561c,b3b49db62616561c4419,1
b3f7d96e057ea5ef,b3f7d96e057ea5ef48bc,1
b4030133e1ed419c,b4030133e1ed419c4256,1
b41d1aad241903b6,b41d1aad241903b6ffea,1
b44742449ff315ed,b44742449ff315edfbad,1
b44e7de4de07578f,d8b420987ec5e658f6cb,1
b45c482d4eb3e945,b45c482d4eb3e94569db,1
b48028ce9e8ce81e,b48028ce9e8ce81e9e68,1
b4c8fe495471d412,b4c8fe495471d412e490,1
b4e4918aee00f856,b4e4918aee00f856ba13,1
b50f89ca10738c7d,b50f89ca10738c7da61a,1
b558c4f79066af70,b558c4f79066af70d902,1
b57a98a04799e370,b57a98a04799e370a628,1
b5884faf2907a736,b5884faf2907a736d6dd,1
b5defda81713e8a1,b5defda81713e8a19b9b,1
b6026aaa61319c0b,b6026aaa61319c0be1f7,1
b605a4dd96eed5a6,13b0545aa12767d2a521,1
b60af0e99a42b685,b60af0e99a42b685f841,1
b624172f9969d517,b624172f9969d5179998,1
b67a4c8b9e6d208e,b67a4c8b9e6d208e1d38,1
b67d4d073d88b17e,b67d4d073d88b17ef9e6,1
b6864a6f08aca727,b6864a6f08aca727b399,1
b6a6650584f3f6f7,eaa30206267ba60c9130,1
b711285da2b3bd6f,b711285da2b3bd6f5d95,1
b72c6c35c1b9220d,530c0b6a8ef55c625185,1
b748f1c94d297164,6501ad5b1d329aa9be02,1
b76793fad6bfb36c,b76793fad6bfb36c25c5,1
b76cc0a5ba5f354f,b76cc0a5ba5f354fd4d1,1
b7a79b40a44f2b96,b7a79b40a44f2b96838d,1
b7d161c532a8129b,b7d161c532a8129be7ec,1
b816c6a385e13b6a,b816c6a385e13b6a554d,1
b8412b68d3488649,584924aa4b761929331b,1
b846c71e701cd930,b846c71e701cd930fdad,1
b860f90d6ec2b08c,1f289d07ce2ed6bd300d,1
b87cf4d9a882581b,b87cf4d9a882581bb8ca,1
b891c643f92fbc64,b891c643f92fbc643344,1
b89aa932d10923e4,b89aa932d10923e40c24,1
b8a7c28b9bc58052,b8a7c28b9bc58052edc0,1
b8b9d8e44af9b4c6,b8b9d8e44af9b4c652c5,1
b8c0b67b1d04f2e6,b8c0b67b1d04f2e6e510,1
b8ee5e1e087b3fe0,b8ee5e1e087b3fe0a602,1
b8fb2d168d52449e,a3c51e94ee9ed4bc30c9,1
b9447931b32fb105,14d886b98b0e38360d31,1
b9706a229bc644cd,b9706a229bc644cd3112,1
b97d47ee08f613a1,b4b857e901a042dc292e,1
b98ce5f180850132,b98ce5f18085013216a5,1
b98e18c96f11fa26,39415d223606e0a7a258,1
b993742ea13dbed4,b993742ea13dbed440d3,1
b9a25c40ea38fee4,b9a25c40ea38fee4e86b,1
b9a9fa148b3c9816,7cc5c6b1f83c4c890ae8,1
b9add24d1d54bced,b9add24d1d54bcedb847,1
b9c3fee9c7670711,b9c3fee9c76707112609,1
b9e5afe9ae3b9f9d,b9e5afe9ae3b9f9d4b98,1
b9f5d15230aaa025,b9f5d15230aaa025c715,1
ba022266c93e5d84,ba022266c93e5d84aed7,1
ba0e78751e088abb,ba0e78751e088abb3f24,1
ba22da4e07e93b29,7731f3277649c5212334,1
ba4ca5d5df27992b,ba4ca5d5df27992bac48,1
ba5063a525cf7bc1,ba5063a525cf7bc195c4,1
ba6afd817949ab11,ba6afd817949ab119677,1
ba72892922f23754,16bf5f6cafbd19262126,1
ba7a67502fd89d51,ba7a67502fd89d51a092,1
baa083db1492b7e7,baa083db1492b7e720a3,1
bad4cd773673a427,bad4cd773673a4271a57,1
bafc6a320bf9c03f,bafc6a320bf9c03fbd68,1
bb1facd9929ba13c,bb1facd9929ba13c7468,1
bb35cdd095f7ea89,643252894fab580e0410,1
bb42b68e9d3eeba8,c3d01dbda9d9727ba125,1
bb4fdae99755e69e,bb4fdae99755e69e049e,1
bb537301deb83613,bb537301deb83613293e,1
bb6755ba678643f3,bb6755ba678643f3de16,1
bb8383c795646e7b,bb8383c795646e7bbd7d,1
bc09814389d1c4cf,00aa6f33cc0cde358f31,1
bc2031246819eba6,032be621b5f1a6ba2f02,1
bc3e1c2e564f318f,bc3e1c2e564f318f96e9,1
bc4d3a7c56acec90,bc4d3a7c56acec90374e,1
bc517b42520220e1,3d4cb6da165b5fc81d4e,1
bc8f0cc7447ef51f,bc8f0cc7447ef51f052a,1
bca44c8e52dbee5c,bca44c8e52dbee5cfc2a,1
bcd251942884b0e7,bcd251942884b0e75031,1
bd1b3fe3ea11de31,bd1b3fe3ea11de317764,1
bd1bd58c92ee3d16,32195ca86eab5cd3385e,1
bd2dd45b85fc8e2d,bd2dd45b85fc8e2d4bd8,1
bd2de294deea523c,6221dd4dd0bd4e249309,1
bd574e12cdd43e3c,bd574e12cdd43e3ca5a5,1
bd5fd8922db763d7,ac3791780fa8be32f2db,1
bd6695f4d434f76d,bd6695f4d434f76d7d0e,1
bd8cc3b44d88553b,bd8cc3b44d88553b2dee,1
bda772c05a7777a4,bda772c05a7777a48bb5,1
bdb877b7fa5fa42f,bdb877b7fa5fa42fd4f7,1
bdbb23b73a1717af,b6d098a353a9b7f04ed8,1
bdf637e9d3293d8d,bdf637e9d3293d8d240c,1
be13a3dcaac1db91,e8a18c6ffe2b1432d898,1
be16c8e59c96e617,be16c8e59c96e6172b96,1
be494901bb00517a,be494901bb00517a67b6,1
be7e496ebd7d22db,be7e496ebd7d22db5a95,1
beb3eab9da7ffd26,beb3eab9da7ffd26d152,1
bec1b5a4ea79ed29,bec1b5a4ea79ed29f9bf,1
bef633c87c3b7738,7c08cf91509c4fbbb454,1
bef981e70827cfcf,bef981e70827cfcfdce6,1
bf029644034af978,bf029644034af9784fc4,1
bf078f118656623e,bf078f118656623e65bb,1
bf0abb15af03855c,bf0abb15af03855c3bde,1
bf33abeadd1c3b69,bf33abeadd1c3b69bfc5,1
bf39709ece24bd74,135c093995bdd9536205,1
bf77cb728e34491d,bf77cb728e34491d2f0d,1
bf787d4d1a7916ae,095b901f0449a9ae6fac,1
bfdc0fca0fede2b6,bfdc0fca0fede2b65396,1
bfe19780f081aac1,bfe19780f081aac1512b,1
c0144afd235c9a38,c0144afd235c9a387a54,1
c02e260fe403e043,c02e260fe403e043cac5,1
c040bb0624da7b19,c040bb0624da7b19870c,1
c04b865db6204756,c04b865db62047562d7f,1
c0905a0155f07ac7,c0905a0155f07ac7d061,1
c0984a2758a9dc9e,c0984a2758a9dc9e28d0,1
c0b48ac5e7ee6c6b,c0b48ac5e7ee6c6b4e6e,1
c0b82417b54cd7d2,c0b82417b54cd7d2c417,1
c0cd1388f0bd4a27,5d805de473285c6ed91d,1
c0e7355176ee831f,c0e7355176ee831f3e34,1
c0ec53753b83668f,c0ec53753b83668f35d3,1
c0ee57aa4586d3ec,c0ee57aa4586d3ec8072,1
c114a938ff3fef8b,9e2832db7c9ee4de9f22,1
c12ccfd4af4c1d9f,c12ccfd4af4c1d9f5972,1
c1400ce6e9ce4ef3,c1400ce6e9ce4ef3977d,1
c166d227603439f6,c166d227603439f67536,1
c17a4864c2bf7dbe,c17a4864c2bf7dbe123f,1
c1c6b0016e17c1f0,c1c6b0016e17c1f0e6c5,1
c1cf49c0eebef488,1cce77c5f467204b6000,1
c1ff56c7e106936e,c1ff56c7e106936e2880,1
c242ae0cd80f9dbf,c242ae0cd80f9dbf51b8,1
c24a9eea48dab6a0,c24a9eea48dab6a082c4,1
c25938d92384f6f1,c25938d92384f6f1594c,1
c266e1bc88fe11f6,c266e1bc88fe11f66a20,1
c2842f0db575bd79,c2842f0db575bd79c804,1
c2896fddc67a056b,4ce7157f8ab3a7ab6e8a,1
c2b1ca6ce79ba1c7,c2b1ca6ce79ba1c7efea,1
c2bb8e60978e9417,f4893ef63f2fcbee9643,1
c2c3b5e41377b712,c2c3b5e41377b7124d68,1
c2dbe205c58085d5,c2dbe205c58085d58063,1
c301943da8698ce1,c301943da8698ce14f16,1
c330e1fa00ddd47d,c330e1fa00ddd47da358,1
c33e386ccd987ce2,c33e386ccd987ce2c8cf,1
c34cba4782955806,4ce7157f8ab3a7ab6e8a,1
c3535e3643f5c9de,e1ab51f60d3e03ea9298,1
c36f4ea8b2f3d538,c36f4ea8b2f3d5385bbb,1
c37f83053a0f6751,facc58fed688aa51b7e0,1
c3b5b433a8078b09,c3b5b433a8078b09ce46,1
c3cde91ebdc46775,c3cde91ebdc46775c991,1
c40fc5319d425681,47a9fdc4cd8bae6045c3,1
c419355b0d064c3f,c419355b0d064c3fb568,1
c43c3928166805bb,c43c3928166805bbbe42,1
c450740a947f2639,c450740a947f2639717a,1
c46c483313c29059,d62bac9be8763d38b462,1
c472edb9f79006cd,d5d091e3ca021d58fd8b,1
c473ef7555bfb00e,53b292fa364aec5cb666,1
c47db93c8ab551b9,c47db93c8ab551b96cd8,1
c480573122b54390,c480573122b54390c8e2,1
c481310021b52c30,5ac76c99a5eb4e87032d,1
c48670c862752de7,4ff60754eded8d2f5534,1
c48b13a0b88d9779,c48b13a0b88d9779c523,1
c49280471be6f4bf,ebcbb5fe6bc231d85668,1
c493664c4ea754e7,c493664c4ea754e7aee3,1
c4a8517e26ef2045,c4a8517e26ef20454aed,1
c4cebb1f277a32af,0e02a1bfa31c9293dc1e,1
c4e26ebe4d75f7fb,c4e26ebe4d75f7fbb920,1
c502beb3f0e62b2c,c502beb3f0e62b2c4969,1
c50a648e57353de9,c50a648e57353de9df80,1
c5172449bc5c4a4e,433238b1432cd7c1a475,1
c51f5b7de315f6dd,9bc0f374737b8bfcd593,1
c52764ab1946328a,c52764ab1946328ae1fe,1
c545285bb4d57cb7,c545285bb4d57cb76703,1
c54c2c0654857da0,1fa32a2b33ea8d4505f7,1
c5531c3e0a12b156,c5531c3e0a12b1561224,1
c55dec621c7dc461,9a0f6346fbc02abf43d2,1
c56d0ed7f118ff88,c56d0ed7f118ff8888b2,1
c586beefbf971488,12b0ff4fc50cd4963d5e,1
c592e0c671f4a5d4,c592e0c671f4a5d4d56a,1
c5a140a4d8207734,c5a140a4d8207734dab7,1
c5a866a67ff2af38,304e56dc892504cfef5b,1
c5a92cf8b37449fa,c5a92cf8b37449fa3e84,1
c5cf7509876f79db,c5cf7509876f79db89bd,1
c5edc86b437f0242,c5edc86b437f02422f2d,1
c5f073c8a1f7f777,c5f073c8a1f7f777893e,1
c602e6e124dfdd41,e8a18c6ffe2b1432d898,1
c60d87a3d9df5dc8,32dfa34219eea31d4870,1
c6107529e6802475,c6107529e6802475bf9b,1
c612025f01f6435e,ce1c5192bc35578da3ce,1
c63d9733ebe9cafa,c63d9733ebe9cafa97fc,1
c64d13e8f8a72da1,763a4821f17d9ba31519,1
c689dbfd8808189d,c689dbfd8808189d9f09,1
c6b8d9fe7549bbbf,03a6b4b1ba78f9dd2602,1
c6d9593c770b0a0f,aee758ff4f50ccee52fc,1
c6dc651f04e22e38,c6dc651f04e22e38e034,1
c6e36691f3d50848,c6e36691f3d508486789,1
c71da9ee93e16b44,c71da9ee93e16b44ad65,1
c747c526dbe29f6d,c747c526dbe29f6d34ad,1
c7524778134c97fd,50a01f64beb410abe0a6,1
c7b271bc801ba214,c7b271bc801ba214278b,1
c7da6f4ccef483e7,c7da6f4ccef483e7a74a,1
c7e9e53f7e8b087e,4ce7157f8ab3a7ab6e8a,1
c7f085431807a64b,c7f085431807a64bcb4f,1
c7f89a38c59757bb,c7f89a38c59757bb4c1a,1
c81c9daf24c35af9,c81c9daf24c35af90759,1
c847bc783f6d47cc,c847bc783f6d47cc66ea,1
c858f7f351598791,a84ad393ad508e07ba5a,1
c86971c7d1d0aa5b,c86971c7d1d0aa5b7dcc,1
c8a3074fbbe0675f,c8a3074fbbe0675f2c52,1
c8b6dc5f61a12605,c8b6dc5f61a126054719,1
c8b90a843a6b6a94,a3c51e94ee9ed4bc30c9,1
c8b9c448bb17af08,c8b9c448bb17af086943,1
c8d24c5093128fb1,c8d24c5093128fb1a6da,1
c8f2d6dc4c2a670e,c8f2d6dc4c2a670e887c,1
c901e01abedbf2a3,881c6e6581e15642ea19,1
c90bcc35392dabc5,c90bcc35392dabc56a7e,1
c92fb3c81e6e8dc6,6f5c1105f145fec7edf3,1
c94459b8c70dd281,edf7fa24c0b688acaf35,1
c950ed9aef68c216,c950ed9aef68c21616d9,1
c96808f5c32a0438,c96808f5c32a0438ca1f,1
c9815ea40810e793,c9815ea40810e7939129,1
c98f4ac8ba1fd831,c98f4ac8ba1fd8313fb4,1
c9c5cdaab02a54bb,c9c5cdaab02a54bb4c24,1
c9d06a4e85adb49b,c9d06a4e85adb49b183a,1
ca0cfb35dd6bd6c1,33c2870ae7a4c72dc728,1
ca0faf7d657e8e01,d46a8353d6aaeb76a079,1
ca212b681ead04c1,ca212b681ead04c1ef00,1
ca23425ef4ccd449,ca23425ef4ccd449e162,1
ca646d76598e4991,ca646d76598e49916004,1
caabedb3383f02d1,caabedb3383f02d1e67b,1
cae53ac568d1c6f7,cae53ac568d1c6f7b4d4,1
cafc626e6ab369e7,cafc626e6ab369e7a5b9,1
cb1fa7c9df3b4e00,cb1fa7c9df3b4e00b10a,1
cb2588620224e1e2,13c29c32f77b33650ea2,1
cb3285d2e7385774,cb3285d2e73857746013,1
cb336ff116dedc86,cb336ff116dedc8660e9,1
cb5d0897b1bd06f0,96e478ba341991e434b1,1
cb98860d8d885b22,cb98860d8d885b22be66,1
cba38e9d9362deda,cba38e9d9362deda5e2a,1
cbd902006f3bae67,cbd902006f3bae673ec0,1
cbdea825ad426851,cbdea825ad4268517fe3,1
cbedecb92456afad,f8e92145d1c13790aecd,1
cc2b828be4ea2421,cc2b828be4ea24211d60,1
cc2bf6cb07e2da5a,cc2bf6cb07e2da5ae71a,1
cc4e95b65bd5b248,f9b33dd688ae183362fc,1
cc64c6e427260e3d,cc64c6e427260e3d7b59,1
cc81f93076bb55b7,cc81f93076bb55b76e78,1
ccba34f848a8667d,6501ad5b1d329aa9be02,1
ccc4525b4d8c4f53,ccc4525b4d8c4f5395a4,1
cd130921833b589c,cd130921833b589c36e4,1
cd433ae25adbf1bb,39ab793c337053271391,1
cd47c5ca834135ff,13b0545aa12767d2a521,1
cd5f1e587158f4b2,cd5f1e587158f4b259e4,1
cd7717a7dc333565,c2dd10b020a86e17ac2e,1
cd9ce01ea6ed3789,cd9ce01ea6ed37899514,1
cdae6fd515389fd8,ce6a0cca86beb284bc03,1
cdd755e80b23b9d7,cdd755e80b23b9d7447e,1
ce250b2b87dcdd1b,d2e583f94235f2edc6d7,1
ce5c8582e3a1ca8e,ce5c8582e3a1ca8e4148,1
ce73bf29130a4046,ce73bf29130a40463ab4,1
ce9c8428b4a8516e,ce9c8428b4a8516e2998,1
cead91b179e14c89,cead91b179e14c89779a,1
ceae3664a45f5a49,68ee9baef2b3e1f527d9,1
ceb0c0695e6feb86,b538e28fb7aeef014e3f,1
ceb549d8b9de8d2c,099b007b29c9eb426cb8,1
cec49793fb2a50a2,6b8624453c1391043a09,1
cecc289102b06d19,cecc289102b06d190ee4,1
ceeea7d21d7733ae,ceeea7d21d7733ae2458,1
cf182e94891c6ad9,cf182e94891c6ad9ffde,1
cf345ca234724423,4ce7157f8ab3a7ab6e8a,1
cf446fefc12d5252,cf446fefc12d52523a7a,1
cf70a644843f7492,cf70a644843f74928477,1
cfa58305776949db,cfa58305776949db76dd,1
cfc53bc92796f454,cfc53bc92796f45410b8,1
cfcd28305f5e2246,cfcd28305f5e2246d049,1
d00239ef0554e9b4,d00239ef0554e9b41622,1
d008b9d4f18f202e,d008b9d4f18f202e44ae,1
d013c29c236bef0c,9d612372b8be3cc792e2,1
d02532927c06454c,d02532927c06454c41c8,1
d03b11a544e38e8e,d03b11a544e38e8e8e4f,1
d07d52e3f20c8ee9,332f8e280b6055d0499d,1
d07e589e043256fa,70a43acf6cd6d24d452a,1
d08abf80fb2eb1b3,fb17ec9391110e207ead,1
d08e14e7806efda3,d08e14e7806efda38973,1
d0a3318603ff3e37,d0a3318603ff3e379af6,1
d0df4067a7e001bf,d0df4067a7e001bf2a64,1
d0e12948145c2499,d0e12948145c24993557,1
d0eb7da652d6efbc,d0eb7da652d6efbc72ac,1
d0f2603841a7a02d,d0f2603841a7a02dfa37,1
d104f0b4f7e7acee,acc8a2f411f485607b1a,1
d12bd23d3e825cf6,38d83daaa1f180daa719,1
d13eae21ad02944e,d13eae21ad02944e5ea6,1
d16666734d2ca773,d16666734d2ca773929e,1
d16d02efc89fee0d,d16d02efc89fee0de6b5,1
d18c3b8f1c388328,d18c3b8f1c388328712e,1
d19462f14f608fee,d19462f14f608feec07a,1
d1b59b84e653a0fe,53647a7b46ef80ba11a3,1
d1cba22823a42ae7,d1cba22823a42ae7da82,1
d1d66350c88f0e31,d1d66350c88f0e314908,1
d1e4fc3bf1a90598,d1e4fc3bf1a90598a681,1
d21069c7bebb677a,d21069c7bebb677a0669,1
d23c155144930004,d23c15514493000411c2,1
d2513ac7df512a41,d2513ac7df512a410a93,1
d270eea60fda2cc5,d270eea60fda2cc522af,1
d279f45a826ed669,1bdc28b106aa6566d298,1
d28f11f6941e860f,7c696a034df6f448bc71,1
d29e4421b97e1601,ebb9c8d3a48a0c69446e,1
d2a1c50ab3f0cdd7,d2a1c50ab3f0cdd70cb3,1
d2a7ca5a98dd14ad,d2a7ca5a98dd14adbb4d,1
d2c209d596844108,a7695961095b6315718b,1
d2d449e05b51236e,d2d449e05b51236e6a4b,1
d2e11b22cd159c4c,d2e11b22cd159c4c0b0f,1
d30ae5a4aa4aa800,b92d790437f3ffc6e0c0,1
d3145ebe87459a06,d3145ebe87459a06dc2d,1
d329ad59252a38be,d329ad59252a38be3937,1
d35bea3dc2c4eff7,d35bea3dc2c4eff7cfb8,1
d3752d46426d3b7c,d3752d46426d3b7c95cc,1
d37c7ea6cfd47b5c,d37c7ea6cfd47b5cd18b,1
d3ab15bafdcf1d23,d3ab15bafdcf1d235b67,1
d3b445ea9cbada64,d3b445ea9cbada646e2e,1
d3d45cc396fa2257,d3d45cc396fa22579f2f,1
d432a0fb3c0c5124,d432a0fb3c0c51248a38,1
d44fdd1d39b183b1,d44fdd1d39b183b10f3f,1
d470a16694075b52,d470a16694075b5296ca,1
d471b620806bcd4f,d471b620806bcd4fd45c,1
d4b56011449ded2e,d4b56011449ded2e6b2b,1
d4d8cba9063f3236,d4d8cba9063f32369e21,1
d4da308b2b0ee3a5,13b0545aa12767d2a521,1
d4ffa8af7aad8edb,ae1427076331401e6569,1
d5049ba35bfc261b,d5049ba35bfc261bcdc5,1
d50d8d8d60f35ac7,d50d8d8d60f35ac75586,1
d52ecfb01003bfd7,d52ecfb01003bfd7a812,1
d55c4ed07e4bccfa,d55c4ed07e4bccfaa1c0,1
d57b5498d06f7803,e694654642009ad1bc34,1
d57d16dfff5d95a7,d57d16dfff5d95a7c23f,1
d5886adcd6cd8b2e,7cec5b205c63cb1b5090,1
d58ea6fd14cf981b,d58ea6fd14cf981b29d8,1
d594bf9d4521e00d,d594bf9d4521e00dfb75,1
d5addf52bb18640e,e1494654e9ba770bf8f3,1
d5c4059abda83472,2dd923ae43174041d0cd,1
d5d90d95a2b1c7e3,28335f5e0c4264bc8749,1
d5f0e37a397200d4,34c17ebed364329330d8,1
d5ff4d89695c9760,d5ff4d89695c9760e5b4,1
d609c49ab84f0e87,54649d8202b0cbb65ba4,1
d62a5dba678fb6ac,3b78a31aa2be2d967358,1
d62b2f6d6fc02e6e,dce620e621a793668aaa,1
d6303c5eddf4e315,d6303c5eddf4e315f120,1
d65bc35a8d703cd8,3cc436567ff6fd608845,1
d66c89dd8a223867,86b9339f190ca763b563,1
d675a55e6ad9fb3a,d675a55e6ad9fb3a98a6,1
d6975b35719fde8f,e8a18c6ffe2b1432d898,1
d6afa70dfa06afe5,417a2d7e32df977576c4,1
d6bc34aeed59b804,d6bc34aeed59b804b6c4,1
d6ec7a67f7ceb641,d6ec7a67f7ceb6418cea,1
d702bafc8198d767,d702bafc8198d76799c4,1
d71f1a112211970f,d71f1a112211970f7712,1
d74a52fe2ec485ad,b640cfb033683500cf41,1
d75d21f63d4f6fbe,00aa6f33cc0cde358f31,1
d761b981222655e7,d761b981222655e7a93c,1
d773e7a93e12d39b,8713c83d35f10adddada,1
d77bd1cc5ba35a59,d77bd1cc5ba35a59f247,1
d7a536bfe7951424,d7a536bfe79514240291,1
d7aa1a6ab2b158de,d7aa1a6ab2b158de28f2,1
d7b1275273c3ab3b,d7b1275273c3ab3bf5a9,1
d7c059ded3810c00,d7c059ded3810c00a5e6,1
d7c420d8dca38de9,d7c420d8dca38de9a5f2,1
d7ff2aa353ee8e78,d7ff2aa353ee8e781fbf,1
d800c9b379427021,d800c9b379427021a020,1
d80861135adb869a,bbc9f5bf8ee11430e345,1
d8091e7b85bdd447,d8091e7b85bdd44750ff,1
d829e056bff6b96d,d829e056bff6b96d175e,1
d8540ea29486974e,d8540ea29486974eb3ab,1
d8551c9c98516276,d8551c9c985162763426,1
d877761b62f939f0,013c1bc5d5aac7af8322,1
d89e1ac87e28acbf,d89e1ac87e28acbfe380,1
d8cba4cbf6b3c3dc,d8cba4cbf6b3c3dc3391,1
d8db3de15d4d2f85,d8db3de15d4d2f850688,1
d8f1e78d4d380ae4,11de1d51eb8872889ceb,1
d90f935e674b78cb,d90f935e674b78cb89f0,1
d913f5a3b58d44c3,934687fe5c1ebf51f9d5,1
d93ed470bb6f8b3e,d93ed470bb6f8b3e79b9,1
d956a2a153b5c292,d956a2a153b5c292ce59,1
d9620f93f4ecec75,25289c003ba3e077674e,1
d99d67d55f2de6d6,d99d67d55f2de6d6c4aa,1
d9b2df54a3315a78,d9b2df54a3315a7837b9,1
d9c484122272153b,d9c484122272153b0b06,1
d9c9e202b58cfba9,703fef4120de18d14f3e,1
d9d982fb3bb9483c,d9d982fb3bb9483c3b93,1
da0434b982db21cf,da0434b982db21cfab89,1
da1f5b4e06ea6d08,da1f5b4e06ea6d08ea02,1
da292d27584069e3,da292d27584069e3332d,1
da2b0d2bcb034235,da2b0d2bcb0342359b01,1
da2ce668244435e2,da2ce668244435e29e08,1
da2da435c7732579,55b6ec825235e3540fa5,1
da6ee82c9a09ff81,da6ee82c9a09ff8152c9,1
da7eb41dac2e1ad2,da7eb41dac2e1ad2c644,1
da9eb17bdcc69cfd,da9eb17bdcc69cfd0a73,1
daee438af1fc84e2,daee438af1fc84e2eebe,1
dafc46be73fab648,dafc46be73fab6483982,1
db0187a88247c681,554656b21d31ad5ffbd4,1
db21ba3fa3a00ff8,db21ba3fa3a00ff825cb,1
db315e9cae73f8ce,db315e9cae73f8ce5cfd,1
db4b9a927b911c05,09b6256199b406bb9b44,1
db5af669cdaff63c,db5af669cdaff63c644b,1
db7e62970fdff943,db7e62970fdff9438cb0,1
dba4ba37e6d4d9d0,dba4ba37e6d4d9d0e44a,1
dbdf504e08e22a8f,dbdf504e08e22a8f102b,1
dc0840640aaaeb11,dc0840640aaaeb117dd7,1
dc149e87244063a4,bdbe32367101f1ec96ee,1
dc2ea9d585c795b3,7d7cd372a4b113b2978a,1
dc36ba126d8639f1,dc36ba126d8639f16f9c,1
dc3808fc491119c9,b640cfb033683500cf41,1
dc69add3a47a93c7,dc69add3a47a93c71d85,1
dc8a8c89a1f12231,dc8a8c89a1f122310776,1
dc9aad6a3c06a446,ef8b6fb1d876a7ab9591,1
dc9ab3c232e55c89,dc9ab3c232e55c89e4af,1
dcb528e57779b0f3,dcb528e57779b0f337d1,1
dcc4591ec8bea435,2fec9c25cc068107c577,1
dcc6f8aaa498802a,dcc6f8aaa498802afcbd,1
dcedb8ebe234c1ed,dcedb8ebe234c1ed164a,1
dcef92d25eb17f5e,bbc9f5bf8ee11430e345,1
dd1333670b21a131,dd1333670b21a1319cf4,1
dd16332dc959cf28,1e1d08f7413a73371954,1
dd5a4aba38afac14,4b2c6ba2e8e614a36372,1
dd60b8454c493a2b,dd60b8454c493a2b5f62,1
dd894f9234769c00,dd894f9234769c007a57,1
dd95256e21ec9e62,dd95256e21ec9e626fb3,1
dd99588b6546d88c,00aa6f33cc0cde358f31,1
ddacd100290efd70,2c50f8badece81a67cbd,1
ddc4f680193c6792,ddc4f680193c67925bdb,1
ddfba8bcf03affab,ddfba8bcf03affabc151,1
de2862f818e9c19b,de2862f818e9c19b1f0d,1
de420e69ef65281c,de420e69ef65281c548d,1
de50b7156a8d1a59,2cfecedb273009cf57b5,1
de6606db90d9d6ec,3f24f6a424892b1e18ba,1
de74b89231adc28b,de74b89231adc28b376f,1
de810f4f6b071524,43676ba027088adb563a,1
de8ce25fa18d3580,de8ce25fa18d3580eaab,1
de90484bfc473da5,de90484bfc473da5d5bb,1
deb914abbd7c9d60,f6f87b9a27184b6a6a6f,1
dec92099f60cf7de,db004537fd2cd4c1d051,1
ded9d7747d4f67e5,ded9d7747d4f67e5aac7,1
dedfd72df6f593b7,88080d73b739f355e011,1
df08c80dd601af79,df08c80dd601af79a04b,1
df17744ab0dd2254,df17744ab0dd2254ff1c,1
df2329f7ceabfb56,4f33d3582a1f23022994,1
df3b5428ef2c7b03,df3b5428ef2c7b038deb,1
dfb3d9abc1d89420,dfb3d9abc1d894205d81,1
e02ef94e9eb9dc57,0efabd67fdb87e91a0c1,1
e034953d97c9b45d,e034953d97c9b45d204d,1
e045a6f1420a9138,e045a6f1420a9138dcf0,1
e0770101a911d4d0,e0770101a911d4d096f4,1
e0b133f78d54e057,e0b133f78d54e057c7db,1
e0dc0ac3e6f1f4b1,e0dc0ac3e6f1f4b11e01,1
e0feda311efa9001,e0feda311efa90018bda,1
e109f56a81bd785c,e109f56a81bd785c7ddd,1
e111460414596853,e1114604145968533de9,1
e12770d7581909d3,e12770d7581909d31f92,1
e1367d8f0f41bd76,c7a1fbe805c5f3801657,1
e13767eac8a522c7,dc5712df4e42d81df4f7,1
e1572cdf87a71da5,e1572cdf87a71da5cf4b,1
e1e8d857db9bad4d,e1e8d857db9bad4d2ec8,1
e1fce32ca900c89d,e1fce32ca900c89d7d9e,1
e20996b3dbc01b03,e20996b3dbc01b03e002,1
e22556d4d01d76d6,b640cfb033683500cf41,1
e26ab08531d307d6,e9fda203229b57318fb4,1
e28a39d424674154,e28a39d4246741547cb2,1
e2af350e4dd86f82,e2af350e4dd86f82e7a5,1
e2c2559ae5cc6e89,e2c2559ae5cc6e8921a1,1
e2e1947eb77e743d,e2e1947eb77e743d081c,1
e2ec405227eb0eca,e2ec405227eb0eca10ba,1
e32420a0df9fbcfe,e32420a0df9fbcfe3fee,1
e36c9eeaf29a9abb,e36c9eeaf29a9abb2b06,1
e3905bb0823dccbe,72b7e9951716cd22b6ef,1
e3ac1823d189ff4f,e3ac1823d189ff4fd45a,1
e3bce112fa50d15e,e3bce112fa50d15e17c2,1
e3eff218ee72ea88,e3eff218ee72ea880864,1
e3f1f98a52605e71,1e93095beb208f9c3e28,1
e4061630d8a9aafe,e4061630d8a9aafe4dcc,1
e417b9863778ac75,e417b9863778ac752a6d,1
e432e2aeb8a2fd9c,e432e2aeb8a2fd9c214a,1
e44db891ffe20192,e44db891ffe201925bc6,1
e4506abe2dab6af9,e4506abe2dab6af971bf,1
e45b7801e96a7423,bfcdd4d32b9059425541,1
e46d3dbd56ad0534,e46d3dbd56ad05341c1b,1
e487760b45925c83,0738810ce5de16e9b815,1
e4ba2739de50884c,e4ba2739de50884c773c,1
e4ce9af6636a91d1,e4ce9af6636a91d1122f,1
e4f13af0430e8943,e4f13af0430e89434172,1
e4f67d4d9d007b38,e4f67d4d9d007b3857ef,1
e5181c1ca51a578f,e5181c1ca51a578f3e86,1
e55e61c3bcd830ae,00aa6f33cc0cde358f31,1
e57485055d7cb2f2,e57485055d7cb2f2c739,1
e57d569603018fd3,e57d569603018fd3b3d1,1
e57f4b5f2eb2687a,e57f4b5f2eb2687aceca,1
e596ca1aa24bde7b,0856982bacca638ba882,1
e5d1aeb4224ee32c,e5d1aeb4224ee32cad7a,1
e5d1c55913b1bd40,6860c855632324922cb9,1
e5fdfc9b81669af0,e5fdfc9b81669af0f28d,1
e60bcd7820685286,e60bcd7820685286b599,1
e61ed1e8f782cf32,e61ed1e8f782cf325548,1
e63a75d6ef10a0a2,e63a75d6ef10a0a2066e,1
e66d369559b9e253,e66d369559b9e253b532,1
e6ad5d1a3c0fe765,e6ad5d1a3c0fe765d2e0,1
e6c9897d4d3ccde9,e6c9897d4d3ccde9e629,1
e6cef0afd9f1b258,e6cef0afd9f1b258fea0,1
e6fdf3bcd76a1f7e,e6fdf3bcd76a1f7e48dc,1
e70f54b11d2dfea0,e70f54b11d2dfea0fbf7,1
e73e1cbbb2df1063,e73e1cbbb2df106340e6,1
e75cb4c78cb2f5f8,06b4f50bd2401990ae23,1
e76106c2a3076825,e76106c2a30768255af3,1
e784f618f58737ed,e784f618f58737edafc9,1
e78a689bf6472e8b,0e02a1bfa31c9293dc1e,1
e791c268921c2b7c,3a43a37e9c4b30f8918a,1
e79acd2a5e4eaa4e,e79acd2a5e4eaa4e5dc2,1
e7ca8bb80bb38151,109224427bb0dacad1f9,1
e7e6bebcf892feb7,bb7ea4f508d94a1f7410,1
e8181ef8e4dd9740,e8181ef8e4dd9740e344,1
e831c1c0911ec1ce,e831c1c0911ec1ce2690,1
e84eeff3aaeb50d2,208c942d9a265e930852,1
e85ab9fc2f813245,e85ab9fc2f8132454039,1
e8659b562c08b04a,76d1c47ad65a727ac919,1
e8659fb5d0b7ea16,a56b5c11253c8f372c91,1
e87ba035fa62a0c5,786ac6e43613810fc3fa,1
e88561c684ad6b8e,e88561c684ad6b8e7937,1
e89edf577a533712,24cd12aee55d0f7af709,1
e8a3adc9513e0682,584924aa4b761929331b,1
e8c228ce5e2fc8ff,e8c228ce5e2fc8ff30cb,1
e8c51a6c6a4558ac,2b2acce8b3073fc8b6b1,1
e926f98b3c006b1d,e926f98b3c006b1d5560,1
e9319075bc0cc872,e9319075bc0cc872b919,1
e953cc784709d877,e953cc784709d877a1d6,1
e96dbcfea4af3026,e317244dd5e3367fdf8a,1
e973e040c297d3ac,e973e040c297d3ac5d71,1
e98a1405b0d44259,29f40fb44aca4c9e6bfa,1
e98a60fc12aeb8a4,8b3fb749191c80d1c675,1
e9c90d6e7ace1832,e9c90d6e7ace1832ca60,1
ea0575ee4af8fa44,ea0575ee4af8fa44d46f,1
ea1cd57572cabcce,f21b1e47f3b865452468,1
ea2b71a28d333600,ea2b71a28d3336006ad5,1
ea3a72439684c804,ea3a72439684c804e894,1
ea6a6e70f53b925f,ea6a6e70f53b925f8c5b,1
ea7473f5550c2041,ea7473f5550c2041df5a,1
ea9520057099d9c7,ea9520057099d9c75f27,1
eab51b5ad88a3bdc,eab51b5ad88a3bdc3aa8,1
eadb3eb2abe1e5c6,eadb3eb2abe1e5c65d03,1
eaeb82bd48fa5dfb,eaeb82bd48fa5dfbbd21,1
eaf043a7e7ea5aaa,eaf043a7e7ea5aaa7f85,1
eaf90001e8eae5aa,eaf90001e8eae5aa94b6,1
eb1d1e2875385042,eb1d1e28753850424d52,1
eb4cdf040312562a,eb4cdf040312562acc25,1
eb63d11dc53d4696,eb63d11dc53d469643d2,1
eb6da3c4f70e3e02,4e3f411e2ed48f553096,1
eb71b9f78de67580,8bb488a7aff49449feea,1
eb8d0a8d0339ea2f,eb8d0a8d0339ea2f20bb,1
ec2e8aeb9e729493,ec2e8aeb9e729493b326,1
ec3299af957d79d8,ec3299af957d79d831df,1
ec6ca052e2b3a2c5,ec6ca052e2b3a2c56b31,1
ec6ca1f3def1a741,e59f8fc96623be773cf7,1
ec70459813a62d51,ec70459813a62d51d0cf,1
ec7e0a4a34e736a6,ec7e0a4a34e736a67496,1
eca5f16161346022,022ad2f1847432194d1f,1
ecc61e6ca991b5ea,39ab793c337053271391,1
ecc98912dec7e027,44e4ae3a0cc26e67d039,1
ecd817d4fa8ddeaf,ecd817d4fa8ddeafadaa,1
ecf78a828d7219e7,ecf78a828d7219e7ebcb,1
ed30ce41226b12e9,ed30ce41226b12e9381a,1
ed3934b823992694,d3d92a0c7cf6a7971ff3,1
ed6885084faaf2df,ed6885084faaf2dff486,1
ed9c148ca6c50f3e,38d83daaa1f180daa719,1
eda337fba98a865a,eda337fba98a865a21f5,1
eda583b19b424ce5,eda583b19b424ce5c606,1
edcf927564eb6aa3,38d83daaa1f180daa719,1
edd9e8cac0b89881,edd9e8cac0b89881d87d,1
eded02987e216e70,7f3398b4217cc269e479,1
edfb113d4188d0c0,bbc9f5bf8ee11430e345,1
ee3347d2747a0fd1,f72988efb15d7ac23ca1,1
ee37f95bbf1423ca,ee37f95bbf1423caa52f,1
ee9417c32015931e,ee9417c32015931e4974,1
eeec4fdab4b06dd6,eeec4fdab4b06dd61174,1
ef0357dcf76f9581,ef0357dcf76f95810680,1
ef200a8449820246,e5a7c86c68372cc7f8a0,1
ef26bed43d9e640a,ef26bed43d9e640a35f7,1
ef79bc9c9323460d,ef79bc9c9323460d4f08,1
ef954c29ad08df2d,ef954c29ad08df2d962d,1
ef99124b8cbc25a7,ef99124b8cbc25a7d8be,1
efc03d1b5644c9ca,efc03d1b5644c9ca56bd,1
efd35d2ff723ec93,efd35d2ff723ec9353bc,1
efea961a9d14dd0f,efea961a9d14dd0f1bc4,1
f00fd08a1bf6842d,f00fd08a1bf6842d9df4,1
f029bc226c9b05a7,f029bc226c9b05a76cff,1
f049962e64d45d78,561ab343f1dd6ca24201,1
f081340ed473663d,f081340ed473663deb41,1
f09a15fe58387f18,f09a15fe58387f18a9d0,1
f0bc1024a60e8d85,5e329ffe2c1d465bac46,1
f0f8a8be3a89ae68,f0f8a8be3a89ae68bf0d,1
f0fcd3ad34b440e8,f0fcd3ad34b440e826ef,1
f11860b23ea24df9,f11860b23ea24df98fb7,1
f13c058d1bc8a443,934687fe5c1ebf51f9d5,1
f1491eace88a7b83,f1491eace88a7b83001d,1
f174db19906cc1a0,f174db19906cc1a0c205,1
f17dfab49224b9c4,9af21c05a8955af20878,1
f1a25d1e6c45768d,f1a25d1e6c45768dfb60,1
f1f8c98d7dd09cf4,f1f8c98d7dd09cf4a9d8,1
f20a9b792dc5fdf1,e59f8fc96623be773cf7,1
f22ecbd08497bdef,f22ecbd08497bdefcdd1,1
f2503ad76045f6e5,abe3a8c4ef1ce066536c,1
f2556aba6cc8d2fc,f2556aba6cc8d2fcbe79,1
f282235b5764ee67,f282235b5764ee67518f,1
f2a3f0d78eb88144,f2a3f0d78eb8814490fb,1
f2c4f076e5ee9281,b640cfb033683500cf41,1
f3248739978b80c5,f3248739978b80c5e94a,1
f333de5bc5a7ff95,f333de5bc5a7ff95be3f,1
f378672baf4fd29c,226593f0299dc6f8a46a,1
f388a50908de9b2a,f388a50908de9b2a5ab9,1
f3ba3a9b5f7ad8bf,f3ba3a9b5f7ad8bfe466,1
f3e085c1312bd1d4,f3e085c1312bd1d490ec,1
f3e18470bb73962c,be7def012c0cbb752ee8,1
f3fa6d1050a2202a,db58096f35ba459de357,1
f3feeaf646c4640b,f3feeaf646c4640bbfb8,1
f40a7dab1846c04d,f40a7dab1846c04d94e0,1
f42cb5e68f137111,f42cb5e68f137111c15c,1
f452c9577bd1757a,f452c9577bd1757a9870,1
f45a4233830c7811,7e7e7b18338b9f390e65,1
f4615d6ab21195a4,f4615d6ab21195a491bb,1
f4afa8607819da0d,f4afa8607819da0d6461,1
f4b8da58002391b4,f4b8da58002391b44ed3,1
f4ddd940c33d7cf4,f4ddd940c33d7cf4345b,1
f4e8b0d5f069daab,f4e8b0d5f069daab8aa1,1
f4f4afd3cabfa085,f4f4afd3cabfa0854a76,1
f4febc5f54a763f3,6412a188820e7adebacb,1
f5235b2bcfff1b1b,57e0d1443324b9b9e8f4,1
f54f5d07d5052894,f54f5d07d50528940baf,1
f553763d3fda3ae4,81d00caae56a315071fd,1
f5666ab6c85baad2,f5666ab6c85baad268ad,1
f5851d2a427873b4,f5851d2a427873b41562,1
f5c005d07733f47c,f5c005d07733f47c8428,1
f5d60b1b1d4889f5,f5d60b1b1d4889f5a22b,1
f5eb266064aade91,f5eb266064aade919342,1
f60e4c5cfd46cb4f,bbc9f5bf8ee11430e345,1
f63f440d7b29ec96,f63f440d7b29ec96fef2,1
f646c863c4fe9ada,f646c863c4fe9ada49be,1
f65285dbc3d72e6c,f65285dbc3d72e6ce310,1
f673fe8f5ba727e2,f673fe8f5ba727e2c3d7,1
f67fa2e30ab85e10,f67fa2e30ab85e104eb8,1
f6866dcf003b5d21,cca03c61434ffa45f675,1
f68a5f0f1a555441,7470527222db86f56781,1
f69451edb2e341f3,790f7de777861df1d8eb,1
f6b101c9ebe6aaf7,f6b101c9ebe6aaf7d28e,1
f6b691bdb45a9708,f6b691bdb45a97083a05,1
f6e369181b64fd74,6549f0ec80650b341df1,1
f6e6c021b4ca4765,f6e6c021b4ca4765c918,1
f6e6eed247295d72,f6e6eed247295d72bf37,1
f702ee4466324a9a,1ac315e4f94a5c0b4e3f,1
f75e763d615781eb,584924aa4b761929331b,1
f76145e08b441be1,92c91067764ee5a40432,1
f775bc7acaaecd23,f775bc7acaaecd23253b,1
f78170a62c6691da,f78170a62c6691da9006,1
f795e62e43d8aa95,a3c51e94ee9ed4bc30c9,1
f7cb264653d0d100,f7cb264653d0d100d31d,1
f7cf050863ebb014,f7cf050863ebb014fa5d,1
f7d4992990baa7b2,f7d4992990baa7b26404,1
f7d4cf17eea7f698,f7d4cf17eea7f698014f,1
f7ede043b42194e1,f7ede043b42194e14179,1
f81d74ca466ebc2b,f81d74ca466ebc2b5fb6,1
f82922d3c55b0eba,f82922d3c55b0eba6994,1
f8a13e8cffae95bb,f8a13e8cffae95bb5265,1
f8ccdce0757c0955,a284354703385e90c78c,1
f8f9f790a243198d,f8f9f790a243198d5de4,1
f92f0cceca67b517,6f1ab06e520db8a662d0,1
f95c30143a6b1c65,f95c30143a6b1c65b4ff,1
f98395c08b5a0d67,f98395c08b5a0d6705e5,1
f9add1be704ce61b,b640cfb033683500cf41,1
f9cf0807aed04f3f,f9cf0807aed04f3fb600,1
f9dbce025da49b48,f9dbce025da49b481dc1,1
fa22bf19cc1370c3,07a1a5e2cb391857f27f,1
fa253bd479c362ef,fa253bd479c362efa041,1
fa6eb703bf696a79,fa6eb703bf696a791275,1
fa722e758668c207,9b5cc2cf66df3ba62232,1
fa93c52e8ce98b5e,e9002b5e4a2f78b63edd,1
fafbd977f1c49b59,4b7fe6544877457218db,1
fb284664fbe0a6f2,fb284664fbe0a6f20ddb,1
fb320606724a739a,b2c0a7dd79501b70bd26,1
fb475a67689f2a00,fb475a67689f2a003e60,1
fb91d1d609344692,fb91d1d60934469205eb,1
fbb2bc4b6beec1a7,fbb2bc4b6beec1a769c4,1
fbd29492e8e243eb,9bcb2b6b8088fbc76070,1
fc12130f08335a27,11de1d51eb8872889ceb,1
fc1787e455b4269f,fc1787e455b4269f5e1c,1
fc2c4066bd2b6be4,00aa6f33cc0cde358f31,1
fc7392bae676fed6,fc7392bae676fed6e53f,1
fc74f4dbf2f4a316,fc74f4dbf2f4a316b235,1
fc8408202978f292,fc8408202978f292cde8,1
fcc7996f92268541,fcc7996f92268541a031,1
fcc893207e1029b5,fcc893207e1029b55195,1
fcda50f4829b350b,fcda50f4829b350ba137,1
fcff8782908141b0,fcff8782908141b0bcb5,1
fd16373132948f50,fd16373132948f5048b6,1
fd5c660aa6ee363e,fd5c660aa6ee363ef916,1
fd6234b26a73b6e4,fd6234b26a73b6e4db78,1
fd7d64c7fbfdfafe,fd7d64c7fbfdfafe44c5,1
fd8a21fb2c7ef3af,f1bb016c3d9783458648,1
fd92045ccad46132,fd92045ccad461328359,1
fda7b9c8ad187fc7,d10c56f4243d5c311371,1
fdcaa2dbbe660889,fdcaa2dbbe6608894156,1
fdcf42e779c95bc2,fdcf42e779c95bc22fd0,1
fddfeb627a4ba2c8,fddfeb627a4ba2c8d14b,1
fdfd4638f4ce0a0c,fdfd4638f4ce0a0ce06f,1
fe1e5cb15a8c8024,fe1e5cb15a8c8024cb77,1
fe2f036a9f28592a,fe2f036a9f28592ab39c,1
fe3c8ef21050884b,8f771dcd77f36c3cb397,1
fe5ee11be3bd0a19,18f8ef0b45ee0d1ca447,1
fe796294981e6125,4b1aa11118326178d4bc,1
fe8df2caf3cad0f1,fe8df2caf3cad0f175fa,1
fe91c39b43ebfac1,ae1832c8dd9762bef0f5,1
febfe88841fe6786,febfe88841fe6786bf59,1
fec7d4d09889852b,458c87d29ced777f5c01,1
fee9731877d3c433,6f1ab06e520db8a662d0,1
fef1b48fba57d9f0,fef1b48fba57d9f04f6f,1
fef276a274c7e8f4,9388fc3170e42b3d7b42,1
fef60031e360e9e2,fef60031e360e9e244e9,1
ff3c3861270e66a0,ff3c3861270e66a05c20,1
ff433bce4372f5f5,635ddcef281ba429ef5a,1
ff5986114e0cee7e,ff5986114e0cee7e048b,1
ff5d477be729a719,9b5cc2cf66df3ba62232,1
ff62fe44c19e2e89,ff62fe44c19e2e89a6bd,1
ff90ffb26a3b0ce0,ff90ffb26a3b0ce094f7,1
ff9ab749af54ccaf,ff9ab749af54ccaf13ab,1
ffc0ac89a91d8f93,ffc0ac89a91d8f9365f2,1
ffceb43e573a0e7d,ffceb43e573a0e7dc47e,1
ffd687d9d283d271,a7d0c2c9a837807ab9d6,1
fd5776946f1fdbe8,b640cfb033683500cf41,1
4a46d6887391bfb1,4a46d6887391bfb19f6e,1
a0fe90e6451e756e,a0fe90e6451e756ead34,1
aa774a10b6da3309,b640cfb033683500cf41,1
324a1121d2179f32,324a1121d2179f32b92e,1
0019f7fbb14d2a07,0019f7fbb14d2a073900,2
0043a5d6afbcda61,a4a7ade5549fde8ec8dd,2
006428cd09015c6e,8545371e12e9f8d4950e,2
00777e92a99d6479,e59d4c720f2345652606,2
007e4647fb2b730b,b4ca0389592181800763,2
00aeda3b54dd2e1d,ecc3791744537005b8f2,2
00dfde09ab070f81,00dfde09ab070f816883,2
00ea8f7807ffa4e8,25580d8fb61925218f94,2
00f6c246467e0212,00f6c246467e021243dd,2
0103a8bfac3b09fd,0103a8bfac3b09fd0621,2
012554295b6c3523,a79c9cafdd7993cefe75,2
012bc7ec4a5c573f,6b84057310b0979bccf3,2
013524c5547aa09b,013524c5547aa09b78cc,2
01362c474f73c931,af9dfa8c8bb65b161016,2
0148c14e788455ea,d8de8807f325203b8b09,2
0148d7ff7c4fe34b,a2672c531a897eb22711,2
014fc760927eb2f1,014fc760927eb2f196bd,2
016c7bdee725e4ff,c018e046e27c93c00f93,2
01903c6a72e03df4,01903c6a72e03df497bf,2
01b9bc1f9229fb74,01b9bc1f9229fb74579a,2
01cc0711ece7e3a1,01cc0711ece7e3a11c96,2
01e24d1675df0f49,b3723da8308476d9c7c6,2
01f92413a5d44807,cd799e994b8ebcf1f576,2
020608102f548311,020608102f5483116eaa,2
022131a1b1efdcca,022131a1b1efdcca4d87,2
0231df5fdcfb01fd,887028ccf6244771defa,2
024e486bd5862818,024e486bd58628184be8,2
0252f5dd9a108832,2e027ffae1c79fb3a984,2
0274cee69f199ded,cd799e994b8ebcf1f576,2
028571d287b6222e,028571d287b6222eb803,2
0296975769edac04,0296975769edac041f64,2
02c00176a4667bf9,02c00176a4667bf92a5b,2
02dc79b68d8bdefc,02dc79b68d8bdefc4822,2
02f26e0a76154ee0,ad485d71214f1a3833ae,2
0307940731d20ed4,e8e635af120413e5fec1,2
030ef788fd88f25a,c23b782e768e143cff12,2
031cb82ddd5dd8e0,031cb82ddd5dd8e05515,2
03345bad24883142,03345bad248831428c5c,2
0339d23fdf2e8b61,0339d23fdf2e8b6154c9,2
03692ee365c8e74c,03692ee365c8e74cde88,2
0388e02dcdf016fc,0388e02dcdf016fcada5,2
039c46c114b5f5cb,c46df6cbf8332e6ccbfc,2
03bd01765b498dba,03bd01765b498dbad15d,2
03dd8276a3df382f,03dd8276a3df382fc2d8,2
03fe84bef9c9e3f5,03fe84bef9c9e3f53a32,2
043dceb0ae0b207d,043dceb0ae0b207d3153,2
044adf7f369ab344,044adf7f369ab344276f,2
04590678f8a8fddb,04590678f8a8fddbe196,2
046a1e3ba5291b2c,046a1e3ba5291b2c7070,2
04c5d8ee0821793b,04c5d8ee0821793bd05c,2
04d7220043ebc638,04d7220043ebc638105f,2
04e2e92e26d4d958,b342c8a0b3b2541686b8,2
04f07c09ea725c8c,190e4e3bb1bdca64670b,2
0501119b7e983b79,23d00e63054cbddd1dfb,2
05307a61ea9d4b75,05307a61ea9d4b75df2e,2
058945c14f74923b,058945c14f74923b120b,2
05ba09be4d718a70,05ba09be4d718a70dfae,2
05dbbce5c7a26770,05dbbce5c7a26770ed22,2
05f7cbd717272ce9,8920863440e8dd4e8a7b,2
05f9364186e64383,05f9364186e64383c299,2
060a6bbbb21957c4,9f2f31570b11bf61b5e3,2
060e502b71d1c68c,21601a0689259b03b69e,2
062569866a766cb0,062569866a766cb0e193,2
06847c73bf691f0c,06847c73bf691f0cd6d1,2
069b36dc1c2230f1,069b36dc1c2230f12093,2
06ab9f9188012abc,06ab9f9188012abc99b4,2
06dbe1b70af434d0,7cfa4a2eb336450eda15,2
06f81b5e21d2e64d,06f81b5e21d2e64df057,2
072875efce82b759,072875efce82b7590a6d,2
073f479177324804,cd799e994b8ebcf1f576,2
07404b77915bdd68,07404b77915bdd682167,2
0755ac31e31575cf,8a49f4a76a6c74aea616,2
0758640d5fdaba2a,0758640d5fdaba2a6a36,2
07740fe89e9a917f,91abad19f39ad4da9e24,2
0798082691e94301,0798082691e943017eb0,2
07c46e2db38189fe,07c46e2db38189fe68b2,2
07f7f084bdb5fe0c,e0b51894dd8715201dc1,2
081384a17d5f10f5,cd799e994b8ebcf1f576,2
0817fbb65eb87bfe,c629f06bfd9c1632a2da,2
0827f8a3dfe55eef,74572e3a8d826a2f3fe5,2
0838da12fed53709,e0b51894dd8715201dc1,2
08474e4f517e99ab,78b0c5c031da249bdc55,2
0852b47a8ebac935,0852b47a8ebac935c5e7,2
085ee38d03b84eb9,085ee38d03b84eb9e9e8,2
08765f038b6c2b92,08765f038b6c2b92e9fa,2
0893b80cd2381062,0893b80cd23810626210,2
08b8e3ecc2f44477,08b8e3ecc2f44477ef42,2
08cfc8d5c3b006c7,08cfc8d5c3b006c711df,2
08d686396c196d63,bb28e0ff6e652781f0d2,2
0908526f8162d86d,0908526f8162d86d82d5,2
090d212030439239,e58d4316bee2be88acc6,2
092ab30b8cee38f3,092ab30b8cee38f3db25,2
0934012ace877327,93610e9c27d1397e41d8,2
093f28a1d01e486e,6dd263fa63f892019830,2
094983d4790f15a5,094983d4790f15a57f9c,2
095f3aebe33f5a2d,75e2b3d9395a25a8fd6e,2
0966ba1ad81c1b2e,0966ba1ad81c1b2ec1b5,2
0999c043b46a4387,1632700d3a7e37a863e4,2
099ba6414eeb113f,099ba6414eeb113f4301,2
099dbde9d442bbc5,099dbde9d442bbc538f7,2
09c6d91702569fdb,09c6d91702569fdba14f,2
09d1c90600a43e78,09d1c90600a43e78ce69,2
09d4eb10f317dccf,d361c335236977df5f4b,2
09fb18e3c7476fc7,09fb18e3c7476fc71807,2
09ff6c435626db73,09ff6c435626db73e714,2
0a09699eacf72e3c,0a09699eacf72e3cc746,2
0a233793d750fcab,0a233793d750fcabbc0c,2
0a39c2fa9fd5067d,d9e6476c64fd82f2f89b,2
0a3cddc5e087fbd0,0a3cddc5e087fbd0d14f,2
0a8de5dacb881908,0a8de5dacb881908820e,2
0aad26506f69f5f0,0aad26506f69f5f0afe1,2
0ae003cee0da1eb4,0ae003cee0da1eb4ebb1,2
0aedbe4f3d2a3d94,0aedbe4f3d2a3d946a85,2
0b02a167d3284467,6863cdc669cfb4526183,2
0b271cbee16434bd,0b271cbee16434bdbed1,2
0b426fe43fe10f75,0b426fe43fe10f7533df,2
0b7967991159fe4a,fffe4bcebc9ea55de192,2
0b8d63e2dffc033d,bcb1b27fc844defea37f,2
0b9107e5bb9b943f,0b9107e5bb9b943f22fe,2
0b9ac601b6740552,0b9ac601b6740552db58,2
0ba69379b5b937f3,0ba69379b5b937f39552,2
0bad6d0768ba78db,7047a20448f640cd3899,2
0bd5f9a2e4581a33,00f68622499c40013feb,2
0be3e49e7316a668,0be3e49e7316a668d633,2
0bf2172e8e4d430b,0bf2172e8e4d430bbbad,2
0bf55a19655727f8,0bf55a19655727f8db90,2
0bf6b1e71f5dc7d4,f48372bad28e386015d9,2
0c0b0820a4072193,3e4a708bf82d9f330f73,2
0c1b05b96dd0b6eb,2b3fe61537221d00bc77,2
0c228e8b747a90df,0c228e8b747a90df4957,2
0c2f008c7c4da76c,0c2f008c7c4da76cae77,2
0c3352a887c94110,c5566d6d0bd1cabac24f,2
0c6039c0a38ff93d,0c6039c0a38ff93d9ac4,2
0c679b4d992932ec,65cd7e424e2983745821,2
0c6f2ba2046996c9,0c6f2ba2046996c90017,2
0c8d03d9e3264dc1,af9dfa8c8bb65b161016,2
0cd3c01602bee8d0,0cd3c01602bee8d0fbb3,2
0cd7375ad7482261,93610e9c27d1397e41d8,2
0d0c2e667332790e,0d0c2e667332790e336b,2
0d4c89d3c86bf485,0d4c89d3c86bf4850b29,2
0d83d4192193a84f,0d83d4192193a84fdfdb,2
0da9c610c4ded935,0da9c610c4ded935be35,2
0da9e3016daab651,7cfa4a2eb336450eda15,2
0daa18937fd26af1,0daa18937fd26af11709,2
0dd191763920c011,af9dfa8c8bb65b161016,2
0ddcdfa8180ecae6,0ddcdfa8180ecae6059e,2
0df0b7864eb2cc1a,0df0b7864eb2cc1a3e06,2
0e0803bcbeb47faf,c122559890723bc0825a,2
0e2b3b980193c947,0e2b3b980193c9475732,2
0e4fdf0cd5885e6e,0e4fdf0cd5885e6e64e3,2
0e9e8c7f7cb86811,7e53007fe6808e9520bd,2
0ea633c3bb3f98d8,ea58987f03b83afdd74c,2
0ec2627a7b30ff68,0ec2627a7b30ff682242,2
0ec4ae0d24a42594,0ec4ae0d24a425948e53,2
0ee8af8929d9eb0e,0ee8af8929d9eb0eca87,2
0ef645804ba6ac89,0ef645804ba6ac899ef2,2
0efb91d53c01fc4a,0efb91d53c01fc4a0fc3,2
0eff879a2cf0be49,0eff879a2cf0be496b2e,2
0f17d2692f98d474,cd799e994b8ebcf1f576,2
0f44513634c6d267,0f44513634c6d2671454,2
0f6c311517419245,ad485d71214f1a3833ae,2
0f79ccee70718e72,0f79ccee70718e72370b,2
0f8bf9a296ca5208,0f8bf9a296ca520880b1,2
0f98a307f959aa17,72a62caa4a712a57de5d,2
0fc09cf8ffd680b8,0fc09cf8ffd680b89aba,2
0ffd7869a5247379,0ffd7869a5247379ac79,2
10261ae19809b4be,10261ae19809b4be5f11,2
102e67a3c401d4a6,d310532053d82ab6a87d,2
1052178eaabfeba4,1052178eaabfeba426f0,2
1065ae4cf207c500,0e5f41d1f6e06310b460,2
10808a8b14a8a98a,10808a8b14a8a98accbe,2
10935647f32a2b86,10935647f32a2b868328,2
10a28bcfc2bf796f,10a28bcfc2bf796f895a,2
10ae51ab5ceb3db2,10ae51ab5ceb3db259ba,2
10ddae569708c55b,10ddae569708c55bfcb8,2
10e22432426f4e3b,6a2bab3da36a4c025b3c,2
10e3eeaf153e13a0,b661384cc454c5efaa25,2
115193a10ff12b16,a0fd14d6a61b039dd400,2
11546032df013966,11546032df0139665e7c,2
11696245d163af12,11696245d163af12afa8,2
116a0cf4113f88f1,116a0cf4113f88f1d00c,2
11b1721eddde9838,2667459caf33adbdc0a9,2
11b63f4f968aa4f8,11b63f4f968aa4f889c0,2
11b882251f36f609,11b882251f36f6093f8b,2
11c0f05a5e85e49b,2cf84f8ec46abf97ac86,2
11c11d3f9b5bbc4e,11c11d3f9b5bbc4ee9a7,2
11f0c60ccbb3fa88,11f0c60ccbb3fa884e2c,2
11f0fe221d14ecd4,7cfa4a2eb336450eda15,2
11f5eb37af08e172,7cfa4a2eb336450eda15,2
1259367b95cdae20,1259367b95cdae20bfd1,2
1293bbeab374e478,1293bbeab374e478d2eb,2
129b35fba9b8876e,129b35fba9b8876e990a,2
12bad0fae6300a95,12bad0fae6300a95b12d,2
130989d167999b67,130989d167999b6731b1,2
1317fcc9d28898d1,5122d37cc3eaab8247db,2
132947d9fb2ef8bf,132947d9fb2ef8bf9e06,2
133d78aadf871bde,133d78aadf871bdecf65,2
134245255b7d3ba9,134245255b7d3ba99d11,2
1346f6c5f57ccfaa,652a2643b728dd623650,2
135b65f72ea2f55c,135b65f72ea2f55c9f03,2
13bdef60dc4d85e4,13bdef60dc4d85e4c118,2
1417b2658346050e,1417b2658346050ead29,2
1442d4461f46ac2f,1442d4461f46ac2f59b0,2
144c49e9758963e7,144c49e9758963e749c9,2
1464deaf45f13e6d,2107239ae00791c85116,2
14a49597ed7bd95f,14a49597ed7bd95f56ac,2
14b010578ba7a763,14b010578ba7a763fd9c,2
14d460fef591ad2f,14d460fef591ad2fa291,2
14de929ce4a272fd,14de929ce4a272fd7677,2
152a15bb4710496b,152a15bb4710496bd023,2
1538eb581872f13c,1538eb581872f13c2c7d,2
15433815b3a8468c,f396612c7be3652e5735,2
15bcb7572821c99d,15bcb7572821c99d6f08,2
15d74df5fa5230ac,15d74df5fa5230ac3054,2
15f8af627205f127,15f8af627205f1278bce,2
1635b6efc22653be,4741c38ea4317438ce80,2
165817082141e4d8,165817082141e4d83f30,2
1699fd92f1ba9f79,1699fd92f1ba9f79ba2d,2
16a8a3db14418474,7471fca5c7927da2aed4,2
16aaac48fd9e4fdf,16aaac48fd9e4fdf6e72,2
16b39fb7552e0787,c629f06bfd9c1632a2da,2
16c59a3c4e3c677e,16c59a3c4e3c677ecf6b,2
16d114bc3ac2ee03,16d114bc3ac2ee03993d,2
16f00e28ced9f9b8,16f00e28ced9f9b8b64f,2
173ac43e8c2fe137,173ac43e8c2fe1379911,2
1744edd56841812e,126743dd9ecf479bd089,2
174d2c87da8c5b2e,be7a4209e3deaa4546f1,2
177bb29b8dcc7da6,177bb29b8dcc7da65e69,2
177e746d969b69d9,177e746d969b69d9effe,2
179aa851ef9c4831,179aa851ef9c4831d288,2
17e112942adaff6a,17e112942adaff6a90d0,2
17f37bc3ad345e8f,17f37bc3ad345e8f646e,2
17f6140737e1f4ab,03be00d551a4eb34b342,2
1812e49f0b1a3898,20079373519f12b09186,2
1817603e1b95894d,3f4e4e4694d0b30ae9c4,2
181982008763d37c,55c4cb7d363d5ba34c05,2
182b1a64f9f7c11f,182b1a64f9f7c11fb177,2
1859ae2c513344cb,1859ae2c513344cb1bc6,2
1865e4f9be9639fc,6f6e2fd6868a54c48d13,2
188162d0a1e6c877,188162d0a1e6c877f592,2
18939a6ff5ab0210,cd799e994b8ebcf1f576,2
1899acd8698ce6e8,1899acd8698ce6e8f847,2
189de44bd1e333e7,a1828ecb661c73a787c3,2
18cde08ed119e36c,18cde08ed119e36c6a1d,2
18f171528bca293b,18f171528bca293b0a60,2
1903c06af623ac8a,b81a85f713863f3febad,2
1929781083f962e2,f396612c7be3652e5735,2
193f8405f6e2cd5c,193f8405f6e2cd5c0823,2
1970b9947a694eb7,1970b9947a694eb7227c,2
1991bac0ac9d0353,1991bac0ac9d0353af39,2
19b361ed6522a128,9ab5c118880968306540,2
19bc57e452bf09bc,9c3da457f71df062ff9c,2
19e3ea64c5285a2b,ec7a8d634746e118a3e7,2
19e4ff4769c0fc94,19e4ff4769c0fc949e9f,2
1a23a1987f9bc29f,1a23a1987f9bc29faa7a,2
1a3245cb8334280a,1a3245cb8334280ae5f4,2
1a50ba93a4f0f58a,87b5ba9378bbcf8d6c04,2
1a6458d8e506e0bd,9b67576527eb7185f656,2
1aafeccde9284a6a,1aafeccde9284a6a218b,2
1abc70a8f544ea52,1abc70a8f544ea52af02,2
1af3c85590d1aac3,1af3c85590d1aac3fd37,2
1b0587d5a2cf57d1,1b0587d5a2cf57d10b73,2
1b1f8845fd2e72ca,1b1f8845fd2e72cadf02,2
1b41c7dbab11eec2,1b41c7dbab11eec2c062,2
1b4a7d2c1ba4fe76,c74b109c632198276f3c,2
1b7b1adf8bbedf30,1b7b1adf8bbedf30bea8,2
1bb3f5166ddf5fd4,a20826f218a229eb0187,2
1bc52706f13416b3,1bc52706f13416b3e702,2
1bdc42c9a50eddcc,8e7446805d2b114bea06,2
1bedf397e32ac3fb,1bedf397e32ac3fb862a,2
1bf7025d99037ab1,1bf7025d99037ab1ea77,2
1c33edbf3f092074,1c33edbf3f092074b61e,2
1c450ebf15ef5a4c,1c450ebf15ef5a4cafda,2
1c49a790ed5bb844,1c49a790ed5bb844cdfb,2
1c5ccb42effefd6e,1c5ccb42effefd6e5de4,2
1cb818ae31c92d75,1cb818ae31c92d7578e6,2
1d0ce655086b1ee8,1d0ce655086b1ee87a0d,2
1d28a2cd0278caf8,1d28a2cd0278caf8e196,2
1d37dc27f65096aa,1d37dc27f65096aa1b60,2
1d6d0146f2774055,9f12a690367c7921f499,2
1d72f8914cf0c3cd,d015987676a042214eac,2
1d8726b73b07c8b3,1d8726b73b07c8b31350,2
1d8c59480ba34593,1d8c59480ba345931709,2
1dcbb16d7528abcc,1dcbb16d7528abcc560e,2
1dea1df7d87feb59,1dea1df7d87feb594a7e,2
1dffbc085fb78248,1dffbc085fb782485f25,2
1e2c1698cda73069,1e2c1698cda73069b373,2
1e363653c9a471c0,1e363653c9a471c057ce,2
1e65f759de17c32f,1e65f759de17c32fd019,2
1e70fb9b7d748b4f,1e70fb9b7d748b4f6f10,2
1e8e4e70e8e690cd,a3b402a20ee24ac275bb,2
1e9f926d6d191ddc,1e9f926d6d191ddcc489,2
1eb161c8596adc2e,1eb161c8596adc2e33b3,2
1ed66421b9649ba3,1ed66421b9649ba3413e,2
1eda006f65b97ead,7d0235808fce18426530,2
1ef48358d0168f11,1ef48358d0168f1183cc,2
1eff2129df11ed73,e22a10e7a010866847d7,2
1f196f3919c90605,1f196f3919c906058280,2
1f5d93a45f4186b5,1f5d93a45f4186b5f9b7,2
1f81d053ff3ff272,1f81d053ff3ff272e1d4,2
1fa2cf8eba9ddf8e,1fa2cf8eba9ddf8ea96b,2
1fbe2de376fbe6c0,1fbe2de376fbe6c03362,2
1fc72fbf972e4124,2feed32b41047f22531d,2
1fec0fe25b4943d0,1fec0fe25b4943d0a641,2
2022ff8d41a78566,6b9997161eb377d4d915,2
2035a1a8160b0ea9,2035a1a8160b0ea9ab2a,2
203cb4562260dc82,1e6073ccb7445014cc3e,2
2076f525484f372b,2076f525484f372bd9b0,2
208ed219bd8c97d6,208ed219bd8c97d67146,2
2092bdc0f6733b48,2092bdc0f6733b48911e,2
20aabb7ccabbdbe9,c629f06bfd9c1632a2da,2
20adcc553f8a1477,9de2dfe2881052186364,2
20bcf716eade4d4b,20bcf716eade4d4b30c8,2
20c83fb1e5a7cfe7,a7ce25eb3e69775a5da6,2
20ed686f6dd92dd6,20ed686f6dd92dd6c91e,2
20f26fa5e28e9d62,20f26fa5e28e9d629e3e,2
210a7c2c00047e65,bb68cdfd481988ef1734,2
211e9bee0914ee7f,ec4c28a6cc7b25e13158,2
213865e2660d0bcb,1791354a3cb957df9a92,2
21498cae3afa1fda,21498cae3afa1fdae8ef,2
218f475f07fa3d01,218f475f07fa3d017305,2
21a1b07d161e9f09,21a1b07d161e9f09ee17,2
21b909c7640bf4df,21b909c7640bf4df268b,2
21da9280da476f59,21da9280da476f590773,2
22151ea67b81b974,22151ea67b81b974d16a,2
222c5e34db5cff6a,222c5e34db5cff6af7f1,2
223f7124eca52cfc,223f7124eca52cfcf2f8,2
22590e99a6410359,22590e99a6410359f4f7,2
225abbe988d96f46,e3f236ca6b683e97da93,2
2268990937878928,2268990937878928f58a,2
227eff813e3b301d,227eff813e3b301dd72b,2
2293a2a1fff49ebb,2293a2a1fff49ebbfd2b,2
22e4654e3976d7e3,22e4654e3976d7e303a2,2
231cdda4aeeea6ba,231cdda4aeeea6badb6b,2
232a6a0394671101,232a6a0394671101da03,2
2349bba2c14c6dac,cd799e994b8ebcf1f576,2
235a10f541239036,235a10f541239036cb35,2
23a51c6c3d48d07a,23a51c6c3d48d07a553c,2
23c5508ef1b67fc3,be8dada9dd20b7240ea7,2
23ca99e8e1c6b525,23ca99e8e1c6b525b0d8,2
241be33b5e6dad7c,241be33b5e6dad7ccad4,2
2426602299ccda6c,50d13d6733d618e7d675,2
2454c579ef119ceb,2454c579ef119ceb1ff5,2
2470f81f151e5b59,2470f81f151e5b596fef,2
24add80398bb5d01,9346f65c4732191a4816,2
24b0af08bf10cd60,590fe833f4006db1481c,2
24b9bc7e0f7468cc,24b9bc7e0f7468cc15e0,2
24e0607e62433ed2,24e0607e62433ed27030,2
24e8c7908dab0053,24e8c7908dab0053815e,2
250362e6840e5b15,250362e6840e5b15e9d1,2
2543f1efe185399f,2543f1efe185399f5da0,2
25592677ca9cff62,25592677ca9cff62d667,2
256326aec2254037,ba90dec261cdcbfb63b5,2
2582feca415d6e89,4a99d5e16ce8ad33c815,2
25a5e2199a8705ec,25a5e2199a8705ecf936,2
25cc2f139278a45f,25cc2f139278a45fbcda,2
25e42a4d4af3dfbd,25e42a4d4af3dfbd0c68,2
25ef89c7982408f4,25ef89c7982408f4ed0f,2
25f03507203e60b1,e58d4316bee2be88acc6,2
2609168c81ddeb7e,2609168c81ddeb7ebbf3,2
260bf3099af241b3,260bf3099af241b3215f,2
2653277d5a7efee9,2653277d5a7efee97d13,2
267dedf64c455a36,267dedf64c455a3657cc,2
26941b2bd79ad706,b200cc52aea7d32e3e39,2
26a4b25c44f5020b,26a4b25c44f5020ba009,2
26e26d3bf4e69aa8,26e26d3bf4e69aa878ff,2
2712851a45393570,2712851a45393570d1a4,2
275074acdc155748,275074acdc155748f1dd,2
27696d07b9f47163,0193c7df9235814e99c8,2
2788bade4f3072ad,2788bade4f3072adbfda,2
27b6be4887640409,5c43c4f4f8c9317a3e6d,2
27bc2573411997e9,27bc2573411997e944fb,2
27c1292ddf4637da,27c1292ddf4637dafeca,2
27f3b832460e0b92,27f3b832460e0b923ef1,2
28031d5c493f2c03,28031d5c493f2c03a2da,2
2804b9ade3fc3685,2804b9ade3fc3685ef2e,2
281477e496c5b0fa,281477e496c5b0fab360,2
2832b615c601e6b1,2832b615c601e6b1efd9,2
2847001fe11b2c6c,2847001fe11b2c6c1b8b,2
28adf5d0531dde6e,28adf5d0531dde6e99c0,2
28c23eac15ff6155,28c23eac15ff615529fb,2
28f2da392c01d97d,28f2da392c01d97ded0e,2
29359ad60bf30990,29359ad60bf3099028dd,2
298cecaf16165e13,12db3bbf6c2b1c9e4862,2
299416bee6244667,299416bee6244667585f,2
2997d35266278a68,2997d35266278a680927,2
29c703845e436ba2,29c703845e436ba2bdd3,2
29d0647940993435,f7069092fb04658180a9,2
29fa3600d8d8953e,29fa3600d8d8953e7b39,2
2a0d7b6b860b11e5,2a0d7b6b860b11e5e37f,2
2a26191c397e1640,e59d4c720f2345652606,2
2a3184e9c6561737,ce9b677bd94a0ebd05d9,2
2a7a13a978d398af,2a7a13a978d398afad4a,2
2a9109fef3e4af56,2a9109fef3e4af56305e,2
2a97d4924c14e777,2a97d4924c14e7773d50,2
2ab2da216e9c6298,a3f6d9ca5098733daca1,2
2af7aaee3ee73e83,2af7aaee3ee73e839845,2
2b594eb47908a93a,2b594eb47908a93a4796,2
2b6e62a3ed8ae687,2b6e62a3ed8ae6873e92,2
2b90d1430f9d7291,2b90d1430f9d72917ea0,2
2bc3756708114dee,2bc3756708114dee1e4a,2
2bda5aae2daeb83f,2bda5aae2daeb83fd49d,2
2be1e921beda6494,2be1e921beda6494931e,2
2c1c082a32fafd94,a0fd14d6a61b039dd400,2
2c2250dc4e025335,4a99d5e16ce8ad33c815,2
2c23aac4a838b9e1,2c23aac4a838b9e1b171,2
2c2beb2ef8bb19d4,2c2beb2ef8bb19d436bb,2
2c58727b90d5500b,2c58727b90d5500b7d80,2
2c7f3a3764470637,2c7f3a3764470637ce0d,2
2c9f37b627606cd9,4ef626e66d82570f09b0,2
2cb6062ca51dd886,2cb6062ca51dd8861a4b,2
2ccd3da0d79681e5,2ccd3da0d79681e5eab7,2
2cdb466fdb8b62c1,2adfaf69255bf29ec91d,2
2ce224425411e8d8,2ce224425411e8d85122,2
2cfc3a0ed45d1dbd,2cfc3a0ed45d1dbd9902,2
2cfecba1007397fe,7cfa4a2eb336450eda15,2
2cff6e282bc9e382,2e28adbe889bb71af39d,2
2d0e96129572f84f,39924b670312cbaceaae,2
2d3a7e696d52a81a,2d3a7e696d52a81ad3b4,2
2d4e2bce093997d3,2d4e2bce093997d3af57,2
2d5e06ca0cf2eb7f,2d5e06ca0cf2eb7f0283,2
2d7d5d62d6fbae90,bf616e433a066e3bdf00,2
2d882ed2fcb863c0,2d882ed2fcb863c0eb8f,2
2db8622ec2f85183,1214b5cfe03234e67452,2
2dc9fddadfda0435,2dc9fddadfda0435bddc,2
2dce6c79bcbf4a58,2dce6c79bcbf4a587137,2
2de0708a7aacc09f,37129ddabae35587fe73,2
2e24e5a228c0e1db,5fde5330f2f8527b5421,2
2e478463f2713d27,2e478463f2713d27067c,2
2e846ffc7289f7d1,7cfa4a2eb336450eda15,2
2e9b7f89c299eecc,2e9b7f89c299eecce98c,2
2eb6f564b856b31f,2eb6f564b856b31f7b18,2
2eb80c180f28bbe6,2eb80c180f28bbe675f2,2
2ec235c1b55b1e73,8e9387ad7244b5d2e39e,2
2ed5c90b1108ca0f,2ed5c90b1108ca0f45d7,2
2eff613124cc62a5,2eff613124cc62a5d80c,2
2f070006a1dbb108,2f070006a1dbb108951b,2
2f089077071f5be0,af9dfa8c8bb65b161016,2
2f1ed50a1f0618f3,b396613def9d3aa874a3,2
2f49cd3aaadfd1d8,2f49cd3aaadfd1d8cef2,2
2f5c5dfd229d8f76,2f5c5dfd229d8f76a336,2
2f8ba08a32f829d1,2f8ba08a32f829d13be3,2
2fab19432ad38ff9,2fab19432ad38ff9799c,2
2faf1800963b82a1,2faf1800963b82a10172,2
2fba7481650ddd1d,2a426f9302012eace171,2
2fd128846d2971f5,d49bd8e587971ff859cc,2
2fd132cbdbdfba8d,2fd132cbdbdfba8d13a7,2
300a4b380817f2da,300a4b380817f2da3f97,2
3023eb50b87f140f,3023eb50b87f140f28e7,2
3028ebf3294cc504,3445129259b39becb6af,2
3083ba868f7ca32e,3083ba868f7ca32eeb3e,2
30aa9e2956297296,30aa9e29562972962156,2
30bfda3dd6c5892d,30bfda3dd6c5892dce47,2
30c0a0e8917d8804,30c0a0e8917d8804c234,2
30f78bcc8ccd90ed,30f78bcc8ccd90edebe2,2
30fdf1f16d6b4d16,30fdf1f16d6b4d16e8e1,2
311dead6a1da3843,311dead6a1da3843d852,2
313e9fa21aca9ebe,f40cdbcd81c4fc631215,2
3175aa12bbb8127d,9d85b54621a93d051197,2
3185df5dc5a44b9c,3185df5dc5a44b9cc815,2
3196a0a80e01baf6,3196a0a80e01baf6eb0b,2
31a45dbbdac355b6,31a45dbbdac355b60785,2
31b3699fd4f9f4b5,31b3699fd4f9f4b5dcf1,2
31d42ea021b2b9ca,63e15aa16d72fa60054c,2
31e6407f20bdbf0b,c629f06bfd9c1632a2da,2
320ee8dfb5da5083,320ee8dfb5da5083fac8,2
3260ddc97a02d1ad,3260ddc97a02d1ade975,2
3261a315682fbe9f,3261a315682fbe9ffd63,2
3299c3d1d336b821,3299c3d1d336b821f5c3,2
32c5aa1b4d6e8f82,32c5aa1b4d6e8f822a1f,2
32db225ef13a4b43,ecc3791744537005b8f2,2
32f65d7f1e83dc63,32f65d7f1e83dc63eca4,2
3307fa06101c00ec,3307fa06101c00ec5b76,2
330d29e20c5e62f1,5897c1414d09ff1570b5,2
335112cf3c12d1af,335112cf3c12d1afb5a0,2
336d0bbaca556904,336d0bbaca556904df5b,2
3370e4ba1fa8307a,3370e4ba1fa8307abc3c,2
33a2a5c3f728cff1,33a2a5c3f728cff13385,2
33bdbb13eba5de92,4a99d5e16ce8ad33c815,2
33ce1eb9a43bb01f,af9dfa8c8bb65b161016,2
33ce5cdf7784fe87,d5871f0c0705df1b8061,2
33ffc271e4a48b65,33ffc271e4a48b651c52,2
3402b9aed887d4ec,3402b9aed887d4ec7ac3,2
34210d95b4cc63fb,9000dd1a834105b37b68,2
3429ce5a01d5cebf,3429ce5a01d5cebfdd59,2
3430ba46f7f8b9de,3430ba46f7f8b9de5f80,2
343c362878dc39c1,33cdcfdf7de73244965a,2
346ec0c9ff7305c2,57a15eafd5ebe422e4b0,2
349e1546f90f12fb,349e1546f90f12fb7c82,2
34a3e151bb32fcf1,533d8bd306601280dbdc,2
34a56248722be1a1,34a56248722be1a11b28,2
34c1a1b511dc60ec,4a4b201132e572d38654,2
3503bdbc09c00f14,eab4ed68015ad90a06ff,2
3507b126a26d74e9,3507b126a26d74e9b2ae,2
35189d85dbff38ee,35189d85dbff38eeab0c,2
35268418038d225f,35268418038d225ff777,2
356aa005131e96ca,356aa005131e96cac49a,2
35868e8131dd763e,9801c669d34034c40cf0,2
35c8d2f87401261d,af24f18f7f0205dde1eb,2
35fe9c6cb1aea667,752903f14df24bc7ee29,2
3603c4354b4b2036,3603c4354b4b20369ae2,2
36272b3dc294c549,218145c4d8321015faf9,2
363cc1afed0f8ae7,363cc1afed0f8ae7348c,2
364fcf3a661de05f,364fcf3a661de05f62c3,2
368438eedcd38dec,4688ac3e44798e79b1b9,2
36a0673d71d1aa39,36a0673d71d1aa3990db,2
36a18ece748fa18a,36a18ece748fa18a592e,2
36a7655f6462fee2,9c54a22f187d872ff6f6,2
36ab825869b8850e,2e85df65dde86c970afd,2
36c03e1a7019d0e4,36c03e1a7019d0e4a9af,2
36d863854eee9b06,36d863854eee9b06453e,2
36e395ffd1dd59d5,36e395ffd1dd59d577ca,2
36f3aa3248891008,f8443db19ba6d735fa00,2
36f7638d6550bd99,36f7638d6550bd999bf6,2
370c1619e7959325,370c1619e7959325873f,2
3736e67622ee9941,3736e67622ee99414eee,2
374ef88c46dc238c,374ef88c46dc238cc042,2
3757f56aa27b7d2b,a9b3659dedd8c0bdc1ae,2
3786a45df4348a7f,3786a45df4348a7f5d6a,2
378f8fad728262a8,378f8fad728262a89000,2
37ac65450a6b528e,37ac65450a6b528e73e5,2
37d900ab5377bba1,37d900ab5377bba12021,2
3805c2c479d4a3f9,3805c2c479d4a3f9b880,2
3816ce1cf2f442ef,3816ce1cf2f442efa84d,2
382e7f09fc17a458,382e7f09fc17a4587660,2
38326e63b3edd454,bb833311253c512c6dbb,2
383a14f4af9f3e44,c63f1381934da303f7d5,2
383c31099100096c,126743dd9ecf479bd089,2
385dc77143e67359,be71827e46ae6cc93a94,2
38616233ca864770,bed9daa396ecd6a8f638,2
3861e5f8e8ac80e1,e7244c4ec1241433a752,2
389677f2beb76d5e,389677f2beb76d5ea452,2
389b17f4a8afe419,389b17f4a8afe419a2db,2
38c922337eedabb9,38c922337eedabb95250,2
38e2bff31c6b48db,a4a7ade5549fde8ec8dd,2
38ee64a81cef46ce,38ee64a81cef46cedf72,2
38fbbed83c2e1e0b,c8cfa9ae49b751c5bea0,2
39182ad578e38874,39182ad578e388742969,2
3924843d54cbc991,3924843d54cbc9919020,2
3927782e95133d7b,72762e7f44cfe6d40cbd,2
392e8d582b460813,5a5533ff25e5f45b5f83,2
395b297bc20d018c,f9c9f2247cbe97a18407,2
396bb084ce5b014a,6702981980f1ea170232,2
3970e6645af2b374,62fb97a5b53a2c56efa3,2
399db29f35e4628a,399db29f35e4628a57f4,2
39c6dfe515c9ccce,39c6dfe515c9ccce2e08,2
39d268dd2e960717,39d268dd2e960717bc0a,2
39dbd8260b131b48,39dbd8260b131b481c29,2
3a46e0f930e836ae,7e167ca38f90fc185aed,2
3a6795af482e123d,3a6795af482e123dc2e2,2
3a8175aa6a7e7ed5,3a8175aa6a7e7ed50d6e,2
3a87e7bb733bfccb,3a87e7bb733bfccbc789,2
3ac4b2f8309ae6f2,3ac4b2f8309ae6f2eae6,2
3ad04c191661bd4d,3ad04c191661bd4d08c6,2
3ae50310395bf641,0245efb34680b657c6ed,2
3b4dda4cd1be5372,3b4dda4cd1be5372df88,2
3b5118fc1f1f4584,3b5118fc1f1f4584c978,2
3b7c38f7a2f2cb72,4b2525d8129aea5eb127,2
3b7e10871498bc39,3b7e10871498bc39a4d2,2
3b95ba4f471f7787,3b95ba4f471f7787f792,2
3bb8fc33a1fd8909,3bb8fc33a1fd8909cd27,2
3bf5da5b1089b9a3,3bf5da5b1089b9a38747,2
3c316b8b5c229ffa,3c316b8b5c229ffa7e37,2
3c5e04d1794c4b40,51aceed140f58dc4d006,2
3c7354c7cec8fb40,3c7354c7cec8fb40ec14,2
3cc62aff062dfbad,3cc62aff062dfbadcfc5,2
3cec29ff60d4e31f,3cec29ff60d4e31fee7c,2
3d189789be3c5476,3d189789be3c54769f71,2
3d2a2073b5cd3427,3d2a2073b5cd34273d5f,2
3d543179531436ef,3d543179531436ef4e79,2
3d6607b11d3bb3d0,e5a905fe88d65881fe97,2
3d96cbf5fb6df389,3d96cbf5fb6df3899ee5,2
3d97c377d9c4a7c4,19a7d746aaa4ab4be21b,2
3da5d3ec19d0b96b,3da5d3ec19d0b96b58bc,2
3dc8ff8885c38d60,3dc8ff8885c38d60a16c,2
3dd8104c62d77df8,e58d4316bee2be88acc6,2
3df9b3ab50c8746c,3df9b3ab50c8746cc41a,2
3e1ad18218ad1b17,3e1ad18218ad1b177d17,2
3e59388159e81ca6,dee1fafb7814bd0bb77e,2
3e6a04ed6d7c8616,3e6a04ed6d7c861665d5,2
3e99c7794bb55186,3e99c7794bb5518607bc,2
3ecd934b9c071d63,3ecd934b9c071d6346ff,2
3f33f9f063b955fd,3f33f9f063b955fdbfcb,2
3f3eb8f86c61bc3b,3f3eb8f86c61bc3bb176,2
3f418e63e64d9ef0,c37988bf6e831f1b50d7,2
3f76cb4ec71cfc3c,3f76cb4ec71cfc3cf20a,2
3f78c0375160c61f,cc862cc7742b817fc3b7,2
3f8a5cbf46e62434,3f8a5cbf46e62434d4c8,2
3fbe13375cd7bc1d,3fbe13375cd7bc1d24dc,2
3fc8bdc0d2ce4c0f,3a821c1e0a8cd391fa0e,2
3fd07d45c9e55ba7,3fd07d45c9e55ba7cea6,2
3fd80ec1d826e1e2,3fd80ec1d826e1e2ef35,2
401451f7c391d1aa,401451f7c391d1aa80cf,2
4029ca924a18de01,cf9f1580d5cbe8e34f9f,2
402d8958a72548a8,402d8958a72548a8c189,2
407aa7b72debb9d2,407aa7b72debb9d2f12f,2
40ea9966f86b07ff,40ea9966f86b07ff4269,2
40f1854824392ede,ce9b677bd94a0ebd05d9,2
4103b40c3d8b428e,4103b40c3d8b428ee2aa,2
41471b752266cdd6,41471b752266cdd652d5,2
41685ba94df43061,41685ba94df43061d1e9,2
41706c306056c595,38b76a6fcbb1fcdd3300,2
418a02423e1ba32b,418a02423e1ba32bd169,2
418ce57e279f6e5c,418ce57e279f6e5cd32e,2
419ea33aadba7ee6,419ea33aadba7ee67215,2
41a4a5161f364075,41a4a5161f3640751bb5,2
41de0b888713f7fe,41de0b888713f7fe025a,2
422ef0701a5ca795,422ef0701a5ca795cad8,2
424633113fee66c0,424633113fee66c0f14e,2
425b1630a6e08eca,cd799e994b8ebcf1f576,2
42677cd71b86eacb,42677cd71b86eacb675e,2
4267e6ab872cd315,4267e6ab872cd3157160,2
42696166b869cf47,af9dfa8c8bb65b161016,2
4295ef60d5b80e5f,7a63aa87796afde1cfe1,2
429808a786d9ecde,af9dfa8c8bb65b161016,2
429ac00cf67526c8,140ab8ce58d0b28f3243,2
42b17a9d05366ac6,42b17a9d05366ac6bed6,2
42c2735a8ed67177,7fdf77b19735ba37582b,2
42ce6a3ee92919c2,3f03e5a6046a1d557e69,2
42e07edc558c7b9a,42e07edc558c7b9afc0b,2
42e412dab42cfeae,e80d40c1ca9379113c9f,2
42eb53f60edff032,42eb53f60edff03221a4,2
42f77287c295bd2e,42f77287c295bd2eb77a,2
42ff0ea878840a79,e0b51894dd8715201dc1,2
4314fbe97d1f447d,f72e8a5d7dcae2507473,2
43364cf1033a4034,43364cf1033a4034f7b8,2
438343ca7a0b3a01,438343ca7a0b3a015999,2
439be6466a4058a6,e64b7a2cfecaec6db034,2
439f1b2faf25a4a9,b03d428807b4bc5ffadf,2
43ae9a72e1fbba5a,af9dfa8c8bb65b161016,2
43b659d147171a20,43b659d147171a20454f,2
43c355b8978452c4,43c355b8978452c44b9d,2
43e08e19c30520ca,43e08e19c30520ca05a5,2
4412a92f966c327b,4412a92f966c327b0abd,2
441463b8738aa5ae,b422a1e4914cf70e0fcb,2
4420e010ffec42a4,4420e010ffec42a47fe5,2
444ab8e25eb53fa2,444ab8e25eb53fa2afdb,2
44560e60d0e43cb6,44560e60d0e43cb601c3,2
445e3595918985f8,445e3595918985f83b77,2
446f815ef26a268d,446f815ef26a268dc361,2
449a46905356791e,7cfa4a2eb336450eda15,2
44a2e68af6e520ce,44a2e68af6e520ce6ffa,2
44b030eac9381b3d,7377bf3f15745c9cc7dd,2
44ccadb1a6ac1a26,44ccadb1a6ac1a265035,2
4502dbb54b6b7e80,4502dbb54b6b7e8009f7,2
450d23696e9b8a3c,308db7ee2742d37449d2,2
450e7930007c79f0,450e7930007c79f0d880,2
4528588e2171532b,b9cf6269118cd677bc01,2
453c01eaeb8cbed3,cd799e994b8ebcf1f576,2
455129882e4dc3f2,455129882e4dc3f22c6a,2
457afd8375dc00d5,457afd8375dc00d58932,2
45fc67aed531c1e8,45fc67aed531c1e8fa51,2
4647d0a79c93bcfd,4647d0a79c93bcfd84f9,2
464c303b0c689113,464c303b0c6891132677,2
4670d81fd4191161,991b8da5d0675c723c21,2
4691b3a9bf195b7e,25cfe29d90c8b5ba681f,2
4692727adbf4f937,4692727adbf4f937ab37,2
46954e93873e0d8e,9abca6ed0fd6c82187c5,2
46a5f3c5f68239ac,46a5f3c5f68239ac8157,2
46b8785b6c0032c5,f53d6e76375ea1473095,2
46db96d17112dd7e,46db96d17112dd7e6fc5,2
46dd52f8b6f0b9b3,46dd52f8b6f0b9b356a4,2
46e167a09cedbedf,46e167a09cedbedfbec6,2
47179cda3a7d00bb,47179cda3a7d00bbf680,2
472c0a2a74695d8c,472c0a2a74695d8c2df1,2
4755fdff60ea87a3,4755fdff60ea87a39a82,2
475ebb03d8d71dfa,475ebb03d8d71dfa3c6e,2
4766037884033f42,4766037884033f42ca00,2
478a1d8683603b51,478a1d8683603b51ce9f,2
47996b0e66e31f5c,47996b0e66e31f5cb3ec,2
47c5b327087a8e55,47c5b327087a8e5564e7,2
47c8bc4e500f5a58,f34f2ee5878e433aff3f,2
47d13571bd504c54,083248f8ac8de389d044,2
481168b9d0492595,481168b9d0492595a89b,2
481d259b0a1cdb8a,481d259b0a1cdb8a9784,2
483e265e4d7021a3,483e265e4d7021a32695,2
486788b3b31985f1,56e41b9a29bae9cb1bd7,2
486b7fe6a362f52f,486b7fe6a362f52fe6d6,2
48b543c74d823510,171813428c7d8a95cfec,2
48bfc6b2f31953ad,48bfc6b2f31953ad1a75,2
48d7c11eeac39f0c,48d7c11eeac39f0c845d,2
490d97af14482a86,490d97af14482a86ce17,2
49297c484d0b384c,49297c484d0b384cb93b,2
4943d211d4b4905e,4943d211d4b4905e99e0,2
496460b44335cac1,c06db3b91d9980afc988,2
496ca47f7209dc9c,496ca47f7209dc9c390c,2
4974b355f3b7b376,4974b355f3b7b3769c8e,2
49856817a3429399,49856817a34293998d52,2
499269d9d96207a0,499269d9d96207a0a491,2
49cd2533126da505,e0e93d0a849537d4bdd3,2
49d63bb2ea196e89,49d63bb2ea196e892b32,2
49f0f4f0ded981d8,49f0f4f0ded981d835b7,2
4a069c69ad65ed1a,4a069c69ad65ed1a4993,2
4a15d5ac12ab0fea,af9dfa8c8bb65b161016,2
4a3c66dc336fc169,4a3c66dc336fc16999cf,2
4a3f3e402a1e3e14,4a3f3e402a1e3e14c064,2
4aa88dbc5fef8a5a,4aa88dbc5fef8a5a1a31,2
4ab72bab5b503a48,03e0523ffda44cfcf5f0,2
4acafe6ac6641d1a,4acafe6ac6641d1af69e,2
4b4817b535d83e39,4b4817b535d83e39b0f8,2
4b4e6c1ac788e9cb,4b4e6c1ac788e9cb8b92,2
4b6a58ca526ec53c,4b6a58ca526ec53cdb8d,2
4bb6e658715825bd,4bb6e658715825bdefec,2
4bc1e3cbdf3e00ed,4bc1e3cbdf3e00edd1e4,2
4bfa95eeb1b41bd4,4bfa95eeb1b41bd401a8,2
4c0a7581fdaa55bf,4c0a7581fdaa55bf63bd,2
4c320ffef06c92ad,4c320ffef06c92ad1d8f,2
4c42a460f3f96ce8,4c42a460f3f96ce87a44,2
4c587c6979b9d875,c64f8ac8f1a3c89622c8,2
4c6e25b2aa7bcccb,af9dfa8c8bb65b161016,2
4c71421743e30313,4c71421743e30313bea6,2
4c7d277ae8472842,af9dfa8c8bb65b161016,2
4c982128dbca3bfb,4c982128dbca3bfbaf41,2
4cb3e5bbdc6a3c30,4cb3e5bbdc6a3c303347,2
4cc7c602bd9a55ba,8a09e0dad21da0e20088,2
4cf78fae4c50a16a,4cf78fae4c50a16a5976,2
4d1e9e2723b64228,4d1e9e2723b642282bcf,2
4d3515c502794a96,2cf84f8ec46abf97ac86,2
4d3a13caa473bfb8,e59d4c720f2345652606,2
4d3b84137946b5b7,7cfa4a2eb336450eda15,2
4d5487821d2523ac,4d5487821d2523ac65d5,2
4d8dd23569965d2f,4d8dd23569965d2fdfbd,2
4dd66733a40e0b41,b926ea418a57190250f8,2
4dde1d7b589ac4eb,4dde1d7b589ac4eb59ac,2
4e2aa0bd3d088a7d,4e2aa0bd3d088a7ddd8d,2
4e2eaca5b9b5c9a8,cd799e994b8ebcf1f576,2
4e3918b787de8127,4e3918b787de8127bb27,2
4e5a6151175b6ffb,4e5a6151175b6ffb6f19,2
4e616c47ce389c62,4e616c47ce389c622112,2
4ea9205914d5847f,cd799e994b8ebcf1f576,2
4ead53622d311974,be7a4209e3deaa4546f1,2
4ec28ee4d4ef6bfe,4ec28ee4d4ef6bfe9e3a,2
4ecd815b14f5c494,4ecd815b14f5c49434ba,2
4f2828c35c1797fa,4f2828c35c1797fa2690,2
4f32ac2faff7f27a,85c7ad379dc210b63e41,2
4f503541c5e67316,4f503541c5e6731676ba,2
4f6dd6371b5857a0,4f6dd6371b5857a04185,2
4f70321ff1e64daa,4f70321ff1e64daaa43d,2
4fcc593bd484b6b5,4fcc593bd484b6b5e5d2,2
504095cc7f37bd23,504095cc7f37bd235f2b,2
5079d98cfd21bdb5,5079d98cfd21bdb51722,2
50ae5fda7cae69ab,50ae5fda7cae69ab5ade,2
50b5e4bffa76c669,50b5e4bffa76c6691290,2
50f4d51e78a52fd1,f396612c7be3652e5735,2
51183ebb4179abf6,8920863440e8dd4e8a7b,2
514086b8bed137f1,cd799e994b8ebcf1f576,2
514bd78f6100e4c2,514bd78f6100e4c28e53,2
5152ebde6a65f6da,5152ebde6a65f6da1ffd,2
519cc66a21b728f7,3bdc977b590e7dd062ab,2
51a2f40e9e8fb935,51a2f40e9e8fb9350eae,2
51da0ac01039a2dc,51da0ac01039a2dc96cd,2
51e8bf4cc7c72019,44e88fc7e2f66438b39e,2
51f27a7d18fd4548,51f27a7d18fd45483b62,2
52127008563c83ec,52127008563c83ec0453,2
523de25ecc8d66f7,523de25ecc8d66f7fb04,2
52595f550dc2dad5,af9dfa8c8bb65b161016,2
52781b74c90f99d2,52781b74c90f99d2776b,2
527e4da72991f1b9,e8868916abe8a15ff6d9,2
528947ee42e82176,a200c1c50de523ce1a56,2
52988f535ae200f2,52988f535ae200f20c9e,2
52994e6cb0c11e05,52994e6cb0c11e051044,2
52b6ae7da1b39749,52b6ae7da1b39749460a,2
52be62efb4fdef0f,8920863440e8dd4e8a7b,2
53e1432707a7340f,53e1432707a7340f6a9a,2
53ff734373272d61,b513cc9069f80f2e0b67,2
5409248bbcb6ca97,6d2f6b33c89d7bcfda21,2
541fc68da0ef088d,541fc68da0ef088d6a0e,2
5445b92901bc78e6,5445b92901bc78e61334,2
54a7ec6b73ee6e84,eeb5623c863c854cdde8,2
54c1e14792e5c81a,54c1e14792e5c81a44cd,2
54f52b6ab76b1bfd,a9192eba730688be3459,2
54fd7701946d134a,ed313ff5f0749f576d42,2
5517b4e46c0030d6,5517b4e46c0030d6eebc,2
5549eeec281069cb,5549eeec281069cb44e8,2
5556405f1866b5e7,5556405f1866b5e7fd24,2
555c37e1c1114e1d,555c37e1c1114e1d1c3d,2
555d40e7d9ac402d,555d40e7d9ac402d20bf,2
5586645439ece798,5586645439ece7986e98,2
5596fb042ca1c7dd,5596fb042ca1c7dd229f,2
5599df99426c1ef7,6b5e1d0627d725197ef6,2
55a9b7795b2fb753,55a9b7795b2fb753fa57,2
55c17b60da22892f,55c17b60da22892f326e,2
55d8382352a93ee9,55d8382352a93ee912a0,2
55ef0fa5eeaff5cb,55ef0fa5eeaff5cbdfcb,2
55fffc5b9702f4bd,c56d830ed6645eb86acc,2
5626f3dc39e7335d,5626f3dc39e7335d9dcf,2
563c601b23325ec2,563c601b23325ec2ddb4,2
566a36b9ec671474,566a36b9ec671474aa18,2
56988a796c86c71a,91295b8e72605b71d895,2
56a6a45e50f154e3,0f1cb41a6b61114e8fa3,2
56a7b9347f225659,a04b5c74c813baf421d5,2
56c83739f4320584,058c9a91370e15d7acd1,2
5701561b30f675cd,5701561b30f675cd1251,2
571415cc894964d3,c7ae6ed95d71aad7a489,2
57197b4e02d86f71,57197b4e02d86f713afc,2
579df1f1988556b6,13c8403d824ef90678c4,2
57af404f807af720,a4f267d5c1aeab0ce170,2
57b91f364d2ee20e,57b91f364d2ee20e87a3,2
57c653e87b8e3d52,76a54a88af83721cba93,2
57d803efdfbf8f76,57d803efdfbf8f76be11,2
5800078a4e86f5a0,5800078a4e86f5a021e0,2
583b3d824c98bb75,583b3d824c98bb759115,2
583b5a83c53003b1,da3817c79e0737c7090a,2
587263b7d05c3994,587263b7d05c3994561b,2
58a258eeaa50337f,ecc3791744537005b8f2,2
58c1e2f79df2279f,390dc5a189485fbd80af,2
58c1fe4be4673232,58c1fe4be4673232ba00,2
58c374325f8ca115,4a99d5e16ce8ad33c815,2
58c676308f9a0d2d,8920863440e8dd4e8a7b,2
58d265aeb2befd63,31ac8b0cbc83d53e3871,2
58e3a87775f3cac8,58e3a87775f3cac89d76,2
590ce81585aefa43,d515130cd74b414ba89c,2
5935077aa111e55c,f396612c7be3652e5735,2
59390a87f17480cf,59390a87f17480cfdc15,2
59562e58daa27fba,59562e58daa27fbaf533,2
5971b989fe06a241,5971b989fe06a2414d73,2
59a86f1acb0d312f,59a86f1acb0d312fd875,2
59bbd11b8f87f82e,59bbd11b8f87f82e12a1,2
59d9b00f49062bac,59d9b00f49062bac0c7b,2
59df73f80a87beb0,21f2cf7cf85a75bc83da,2
59e5c23d2d80ff00,164e5945951f852f82a5,2
59f9af0779765c37,59f9af0779765c37497f,2
5a0a3962add2090c,5a0a3962add2090c3e6e,2
5a0e27a629e7902b,ff132f0db4349ed1f2cf,2
5a13b59eafda40df,5a13b59eafda40dfdce3,2
5a2e29ae1eab21fc,5a2e29ae1eab21fc1306,2
5a68c0d91bb7548e,5a68c0d91bb7548e3033,2
5aa11762e9171663,5aa11762e9171663812e,2
5ade734a1d190aa1,c629f06bfd9c1632a2da,2
5aea629f9485bf5e,5aea629f9485bf5e01ce,2
5b0a919fd825ebe8,5b0a919fd825ebe8308e,2
5b1136d9d96f1729,7cfa4a2eb336450eda15,2
5b1c5aed1a9a722e,e0b51894dd8715201dc1,2
5b1e21ad138557eb,5b1e21ad138557eb5ea5,2
5b4c124cd9d36fa4,5b4c124cd9d36fa42c00,2
5b643079768a2317,db828ff638b7575cd342,2
5b67d0a64cceb983,5b67d0a64cceb98305c4,2
5b72f041cfc9fe33,5b72f041cfc9fe3358e4,2
5b854d7dd74dac33,5b854d7dd74dac3377dc,2
5bda8b61778272b0,5bda8b61778272b0fa9b,2
5c0c4f563a887824,5c0c4f563a887824f8cf,2
5c1fdd96fbb9bd5a,5c1fdd96fbb9bd5ab22a,2
5c505a89b764517a,5c505a89b764517ad738,2
5c9a520d8ea8476b,f3c3f7fba98be153650d,2
5ca065f37aa4faad,5ca065f37aa4faad19d7,2
5cb960077219d97e,5cb960077219d97e6e48,2
5cbea837bf9b1f39,ddcd826d2ca38aed7c95,2
5cc779c31e22aa7f,5cc779c31e22aa7f8dbf,2
5cec180fac3d1eac,5cec180fac3d1eac30c5,2
5d120129138575c9,62fb97a5b53a2c56efa3,2
5d397884cd911ecc,5d397884cd911ecc2acf,2
5d83b6df1471b271,5d83b6df1471b27174f4,2
5d84e3e83b4cf75d,543131c6dcc31cba83da,2
5d91755b8c41e87a,5d91755b8c41e87a2cd6,2
5d93085abc42dad4,642d66a77ea9335ff67b,2
5d973eb656ff8143,af24f18f7f0205dde1eb,2
5dc4be989932ec30,5dc4be989932ec301783,2
5ddeb5d4e36469c1,5ddeb5d4e36469c13893,2
5deb6c8d8a3838fb,fc330e8a3544e305f6d7,2
5e08018a61cdccde,5e08018a61cdccde1e51,2
5e225ed61cf3f6b1,5e225ed61cf3f6b1ce04,2
5e3871a22765f04c,90e85f11eeaa11324a56,2
5e3c283ba9de3446,5e93ae2b10de31cf2c38,2
5e44b10da456f640,5e44b10da456f640bd99,2
5e44d7b2be5a7f6b,5e44d7b2be5a7f6bbbe0,2
5e4bc4462091c9ac,5e4bc4462091c9acd7de,2
5e6636bac9cbf9ec,547f67092590e4e3bd28,2
5e8187b2f237ef88,5e8187b2f237ef88227b,2
5e99155f2e0c0e62,5e99155f2e0c0e621e6d,2
5eb36b86f113d4aa,5eb36b86f113d4aa7e31,2
5ec5a4f19d765122,5ec5a4f19d7651228e64,2
5ee21fe2290ab6c7,5ee21fe2290ab6c79452,2
5ee3d2982bd444ca,5ee3d2982bd444ca3ab6,2
5ee788ce7335b55e,8767934991fd068b4c70,2
5ef9cea9a559aa51,5ef9cea9a559aa518702,2
5f0409a2ddc7deb1,5f0409a2ddc7deb1f2e1,2
5f2e4dc9e338b879,0e5f41d1f6e06310b460,2
5f301746a1cb36af,5f301746a1cb36af5fac,2
5f4854e60b99cdc1,5f4854e60b99cdc133d5,2
5f542ffcaebb9292,5f542ffcaebb929219bc,2
5f86612be335d210,5f86612be335d210ac7c,2
5f939345dc8b3a59,625c6f338514c9bcdc64,2
5faebb190de4482c,3f4e4e4694d0b30ae9c4,2
5fe8113bf62b53ca,d62a92dd5054544614d7,2
5ff18b3292f61772,5ff18b3292f61772e243,2
600b46d4f7716a80,190e4e3bb1bdca64670b,2
600c0ee598e08010,600c0ee598e080105147,2
601b81bd0a8eb91f,3c2940a605c1b27081e8,2
6066caabe22815df,6066caabe22815df7b94,2
607f232243702178,607f23224370217868f8,2
6081de987a5f3838,6081de987a5f3838b666,2
608dee8018936d98,608dee8018936d98a46a,2
60a9d60880eae3de,af9dfa8c8bb65b161016,2
60e1bafaa6c4140c,60e1bafaa6c4140cec1d,2
6106ccc54e6ea654,a4a7ade5549fde8ec8dd,2
6117b6e0f0ba9a3f,af9dfa8c8bb65b161016,2
611e1b7e5504db73,611e1b7e5504db731d4b,2
612e9bd53dfaf4dc,23f22ac5b85c283afa10,2
61b1f92713cb81f3,61b1f92713cb81f371ab,2
61b3b32e166b9659,b9b6ed2e5286967e8f7b,2
61c81000953e7334,61c81000953e7334a12f,2
62298a460aba4d92,62298a460aba4d922741,2
62299e7a3ef61fa7,62299e7a3ef61fa7de8b,2
625cb3290981e655,05e9a6b755b79311fa61,2
62681d57569b14b8,62681d57569b14b885a0,2
6291cbb7e21b7970,6291cbb7e21b79703048,2
6295fefb355896ce,6295fefb355896ce0b82,2
62ade7dfd926038f,62ade7dfd926038fab73,2
62e36285fa5e9db0,62e36285fa5e9db0db2c,2
62fa7b792827b829,52eb05f1a09ac0eb0aed,2
6312c1c500ab4087,6312c1c500ab4087f263,2
6335a29949e8db07,358e84139ec0f13775fc,2
633a03d8c6f66ce2,633a03d8c6f66ce2fb1b,2
636149584e88b72b,636149584e88b72b9af0,2
637051fb2189714f,637051fb2189714f7f0a,2
6392ee6fedde14eb,6392ee6fedde14eb589f,2
639ab7eba055ad86,639ab7eba055ad86840e,2
63e435706902eced,63e435706902eced97fe,2
6405860eb739a7e5,af9dfa8c8bb65b161016,2
6409ed5fc75c7391,6409ed5fc75c7391f9f3,2
641558b9b7410cdc,641558b9b7410cdca91e,2
642e008ff6176593,642e008ff61765932100,2
644984f1e001393b,ed313ff5f0749f576d42,2
648b4a1fdb300546,6f6e2fd6868a54c48d13,2
649c5b703bf9186e,649c5b703bf9186e6c76,2
64b5078ed8af93b3,64b5078ed8af93b31aec,2
64bbacea4fd8a8e5,64bbacea4fd8a8e5ca44,2
652802ebcb88052c,652802ebcb88052c5ca1,2
6570e9ca805cdb6f,91467470c330e3fdfa35,2
657117a6b19ad7db,657117a6b19ad7db6694,2
658479f288f169b3,658479f288f169b3c344,2
658569fc010a8ff5,658569fc010a8ff51b69,2
659931f13e706810,324bbea6b499691d339a,2
65df23415f5dc6e4,65df23415f5dc6e43f2f,2
665bbdc03d319557,665bbdc03d3195571f2b,2
6670593c6a119d58,6670593c6a119d589f50,2
6696a4e2d014e35f,6696a4e2d014e35faa68,2
66a21e6419c5247e,66a21e6419c5247ec2f2,2
66c0dfcf1595c97d,66c0dfcf1595c97d6b59,2
66c908a1c3476e6c,26daf5e9c96fd40c2d5a,2
66e88012a6c6b72c,058c9a91370e15d7acd1,2
66f747489fe0b8b6,66f747489fe0b8b6194f,2
67280ef46637a23c,67280ef46637a23ca3ed,2
6740499a8609bcf0,6740499a8609bcf0a411,2
6750cfff9d9608ed,108e79a3b0295f9cbecd,2
67906df467674d2b,9c6e297c752931e06d88,2
67c3c427ca4aac3d,67c3c427ca4aac3dc441,2
67d09f644e23ce0a,67d09f644e23ce0a8f26,2
680251c66006bd17,680251c66006bd178786,2
680a15a3535ad397,86a27e38fd315a54ba0c,2
680a627709b0b442,e58d4316bee2be88acc6,2
6818f390f73482d3,6818f390f73482d32eec,2
6837f9c360a66897,be7a4209e3deaa4546f1,2
6852147cecd52085,6852147cecd520858367,2
686528081befbb1a,686528081befbb1aafa8,2
6897425a2af808f6,1a523b620c66bd1b1693,2
68b7c5fce4ea7296,68b7c5fce4ea7296b66a,2
68e07b643893c7f8,53b9c1f8f5a8ccca67c4,2
68e7a5daeefa67c0,68e7a5daeefa67c00aae,2
69038ba2853f9a5a,69038ba2853f9a5a4a4c,2
690882096fe41a0d,23fc82ecf681547a9bc7,2
691fb7f5096983b2,691fb7f5096983b2243f,2
6929bfa943c56cbd,6929bfa943c56cbdf08f,2
697ffb762dc48267,697ffb762dc48267b348,2
698df4bf4c4f792a,f5f4814ffef75644a6b4,2
69b97c6023afeb46,69b97c6023afeb46c446,2
69c2114ca5858974,69c2114ca5858974a33f,2
69cc07bbebf43a69,69cc07bbebf43a69b6b5,2
6a0daac6b5c30a55,e0b51894dd8715201dc1,2
6a28c5284a34551a,6a28c5284a34551a34ce,2
6a6e002672098092,8cdfcd5f83b682ece196,2
6a71fc0979308654,fe3189842427ea24ec0b,2
6a91b6046c41730a,6a91b6046c41730a8b57,2
6abeffecc39a4fcb,6abeffecc39a4fcb86e0,2
6ad430517fc0dc9f,6ad430517fc0dc9f155c,2
6adb83fe096cc968,6adb83fe096cc9681685,2
6ae2322f04186ebd,6ae2322f04186ebd93a5,2
6aee321dab46af09,6aee321dab46af09bc97,2
6b1c34f1a59fc31c,6b1c34f1a59fc31c3801,2
6b2d75539234dd3b,943fb6b701863b41e855,2
6b5b0fff862fd2d5,6b5b0fff862fd2d5e630,2
6bcb5e8db7268ece,ecc3791744537005b8f2,2
6bd7fc32319fd541,6bd7fc32319fd54175c5,2
6bf21e5aaa97590d,6bf21e5aaa97590d2c5c,2
6bfbf933458928df,6bfbf933458928df4d90,2
6c2ee00a6e5c22a4,6c2ee00a6e5c22a497ed,2
6c6dbb8e7935fcf3,6c6dbb8e7935fcf32b1d,2
6c848da834b623a3,6c848da834b623a37100,2
6cb4d1e70208d375,6cb4d1e70208d3756234,2
6cd2e8393831b346,6cd2e8393831b34608fb,2
6ce82ff01b2b74bf,7cfa4a2eb336450eda15,2
6ce8a1d0f0ee4eb1,6ce8a1d0f0ee4eb1a533,2
6d0173a84a621804,6d0173a84a6218043724,2
6d1b7c083794ddac,6d1b7c083794ddac9596,2
6d45027618d8ea9e,6d45027618d8ea9effe0,2
6d6a329ab271f024,6d6a329ab271f02491ac,2
6d6aec6a5ea1e8ed,6d6aec6a5ea1e8ed1933,2
6d7003dc1925d0f3,4a99d5e16ce8ad33c815,2
6d86afe9cb2ffd6b,ab0f0de85be8a4f0c450,2
6de64a4a4b35b80a,6de64a4a4b35b80aad01,2
6e115190670ce585,6e115190670ce585a8e6,2
6e271e9524c47e79,0fe032b0dd77987ab6fe,2
6e2bb09036cf9e1b,6e2bb09036cf9e1bd4ee,2
6e3d0ce83d94f541,6e3d0ce83d94f54171e4,2
6e42bf8d1780860f,6e42bf8d1780860fae2f,2
6e69a5bbe63e1e43,504c0049b234bd25f001,2
6e77e600a25d4bd1,6e77e600a25d4bd1de28,2
6e9f9bce9a1a9ea3,6e9f9bce9a1a9ea3983a,2
6ebe51b5273055eb,6ebe51b5273055eb76ae,2
6ec9f670bb53cad8,6ec9f670bb53cad8c8e8,2
6ee1ff89c2a60fb6,6ee1ff89c2a60fb6570a,2
6ef094e1ea0b20c1,6ef094e1ea0b20c16072,2
6ef2bc4b3d8b9260,f67a63f59c904a1fbada,2
6f0bdba80ca893bb,6f0bdba80ca893bbb172,2
6f1acf359f91c8b9,6f1acf359f91c8b9663b,2
6f200880fe188136,4741c38ea4317438ce80,2
6f2f0b8c824af853,9346f65c4732191a4816,2
6f442cfe69a72127,cbe9867923b305b0ff5f,2
6f7d0054b6839d27,058c9a91370e15d7acd1,2
6f902f3431c21479,6f902f3431c21479592b,2
6fa0616e0c6ba4f9,acc831aca631e85e1204,2
6fcbf2da0e5bdd1d,6fcbf2da0e5bdd1d121c,2
6fcc918f7cd8ce89,cd799e994b8ebcf1f576,2
6fdda7fb35827ca9,6fdda7fb35827ca97ac3,2
7007e599aeb424e7,7007e599aeb424e71ce9,2
70325afcb38d8600,70325afcb38d860078c0,2
7041ff9103fd7275,7041ff9103fd72752ed4,2
7044d1993d24fada,f6c2d551c1ad4657cb1a,2
705d551534cb7af8,705d551534cb7af83810,2
706b49fa2a1ab231,13cd42c90f36e99172c3,2
708a390e563c5ac9,c72a1cd1413eb71752be,2
70a7ab44dba85589,70a7ab44dba8558997e3,2
70a89540e95e2678,70a89540e95e26782833,2
70b4d4783ce5429a,70b4d4783ce5429ab66e,2
70d0ff5ce5b0c2ac,cc8eb4b6100d51497b16,2
70d48b459e2564d8,70d48b459e2564d842c6,2
710fc0f5d6f7a8b3,710fc0f5d6f7a8b3cb03,2
7125930cc3480ede,1d0a99d373851c763e50,2
714dfe23295b95d8,8920863440e8dd4e8a7b,2
716c59d8cf2e3166,716c59d8cf2e31668979,2
71796ca6191073f7,71796ca6191073f78056,2
718b7bf2b4cb5868,718b7bf2b4cb58686aa1,2
71a4447b38bbae37,71a4447b38bbae375f85,2
71b1afd0c797533c,cd799e994b8ebcf1f576,2
71cc05f0acbfb223,cbdac0da7b3c663d6621,2
71e1c61c62a811d3,bd49c5ae8c1f8cb15645,2
7231fc6069d23c58,7231fc6069d23c58827c,2
7235fbde96ef9cf0,7235fbde96ef9cf0cd71,2
723c62e6900d9721,69dedea125f8ea65ac1e,2
72524591bcda0e3e,72524591bcda0e3e6247,2
727d1aea89b1f8c8,727d1aea89b1f8c8b9a3,2
729a175ae4c7b6ed,9b9d334a35e7b1b0d38c,2
72a021e916de2f1a,e135afbc0bb6df2be533,2
72ea055c00fc67b3,72ea055c00fc67b32639,2
72fab1f6b96ba102,536bd6ed53829443d820,2
73077325baa52623,73077325baa5262397dc,2
730bbb4542021c96,37589f59650f764c46af,2
73357f18b1cf9ddd,894f4b2360b96428303a,2
73567a8f9edb3984,73567a8f9edb398484b8,2
73638de4b2709564,73638de4b27095641c0e,2
73642715a91efb29,c81e3fad62caacd76cf7,2
737c86bb450c9d2e,6b2b804a6e9f8ed885cc,2
73c53a18e961194d,0c4a42cb6235b098ba84,2
73d9732fa9cc7477,73d9732fa9cc74777db6,2
73da1e6f2e838b06,73da1e6f2e838b06a9f3,2
73e093fd990c530a,8270755f9374b178b11b,2
742f10d340e6a714,742f10d340e6a714bf0a,2
745f8a1d14fd23fc,a0f77959e0e784099c28,2
748bc8730f4fadc1,3d07cc764789aae2eed1,2
74b0077fc9607cde,74b0077fc9607cde9b48,2
752d274d06bdde58,af9dfa8c8bb65b161016,2
75368c4dc554509e,75368c4dc554509ec8ff,2
754ca25e99e55fd6,754ca25e99e55fd64433,2
7566ad8ccdba0e44,7566ad8ccdba0e441904,2
75a232962f7c4cc6,75a232962f7c4cc6d868,2
75f02600fdb10710,75f02600fdb1071088bc,2
7612dfee45c38fd6,f6bc9ef12918ce646784,2
76187fca09418f74,1917fe8153f29ab6a6ae,2
761c3442ad5e0c76,761c3442ad5e0c76fdc7,2
7623a1cdb8aedd1e,7623a1cdb8aedd1efe86,2
76518c863c4734ca,76518c863c4734ca0338,2
7664c7c25ff24c06,7664c7c25ff24c068e65,2
769144826dabbd62,769144826dabbd621bcd,2
76bf0133215041bb,76bf0133215041bbf465,2
76c301ffd2d3376d,ef7ad95c417474a3a35f,2
76c3d1ed020e0b40,76c3d1ed020e0b400507,2
76e2d0f9a73adb21,76e2d0f9a73adb2121f0,2
76fd2967a746306d,ad485d71214f1a3833ae,2
774bc7a830f6c08e,74e1e655099e069edcc0,2
775ab64283bddbc3,775ab64283bddbc3140b,2
777df231afae888b,0cca357a7f11221fb522,2
777e5a96b3b5352b,777e5a96b3b5352b72d8,2
778fc02d718b999a,778fc02d718b999a189f,2
77b2cd812cedd207,77b2cd812cedd20786c5,2
77b509e3760d3cfa,77b509e3760d3cfa3d53,2
7800e0817f7f25d7,7800e0817f7f25d7cf95,2
7801049d0d02334c,7801049d0d02334cafde,2
783ee6ec848629c0,783ee6ec848629c00841,2
78572f68a7285b7e,78572f68a7285b7e7c6c,2
788db7dbc8f54fa3,788db7dbc8f54fa32e08,2
7897de930e5c26c3,7897de930e5c26c36025,2
7898d8bf7ce1fd58,7898d8bf7ce1fd58a84d,2
78b46ffda2ef9f04,99f7d0fbd895c4ddb019,2
78bd3769fa222b48,c4d787ddec43451c7db1,2
78c3701d87fcbede,c8aba8a0ab3d7d63d5d9,2
78c632bcac1f3708,78c632bcac1f37080850,2
792888d121491df8,b56ed8410f8d8badb7c1,2
795196d0b788ca73,795196d0b788ca734466,2
795b51fe0c22ec05,65b29aa614577616a6f6,2
799e6c4dd328b068,23c16654818dfa5e0acc,2
79bfecf54a376760,79bfecf54a376760a844,2
79e80f2307be5e98,79e80f2307be5e982936,2
79ef0995478e694c,79ef0995478e694c91c2,2
7a0f64a9089c4fad,7a0f64a9089c4fadb8d0,2
7a278871a5adeeba,4b3da7093a7333bf34ff,2
7a3ceec6d767ad00,d7ffb27fa264ba5a1a22,2
7a421cbd491635dc,7a421cbd491635dc022a,2
7a4e71dbfc4e445f,7a4e71dbfc4e445fb29d,2
7a54bd2e27fa8dc0,7a54bd2e27fa8dc098c8,2
7a7f1920389ef0bf,7a7f1920389ef0bf5925,2
7a83745778144e99,af9dfa8c8bb65b161016,2
7a95202608a324ed,c49a60557770d232ad68,2
7ad334c91db06c8b,7ad334c91db06c8b5389,2
7ae4b60a49696ddf,7ae4b60a49696ddfd0c5,2
7af9c71173e1403d,7af9c71173e1403d1143,2
7b29595c1b28c68a,c629f06bfd9c1632a2da,2
7b2e6f276641b6b0,7b2e6f276641b6b09157,2
7b49a54ae3c8c924,7b49a54ae3c8c9242329,2
7b4b49108f69a622,155b3bc23f52bb27571d,2
7b5716ddaadb257c,7b5716ddaadb257c1ea0,2
7b6d578c8c0e37fb,1f3d686673069bc8e652,2
7b908586101fbadd,7b908586101fbaddd2aa,2
7ba3fa92d6f48e49,7ba3fa92d6f48e491d64,2
7bebab36e61cc940,7bebab36e61cc940b660,2
7bf30b5901d592ca,701edfd53633988fccc9,2
7bf9f2b1cd265063,7bf9f2b1cd2650632da3,2
7c24d4ec8b3cb288,7c24d4ec8b3cb2889efe,2
7c3d999fb167d2d5,7c3d999fb167d2d54141,2
7c7c785617927694,7c7c785617927694a771,2
7c8a00ae13dcc24b,4629f8bed42920fe62cb,2
7c8ca5c07563ed96,7c8ca5c07563ed965525,2
7ca6901c2e2d95f7,7ca6901c2e2d95f7c282,2
7d36edb6da306b65,7d36edb6da306b65ae31,2
7d3cc2dbbc2f3acc,7d3cc2dbbc2f3accb5c2,2
7d62dd486ae34dc9,7d62dd486ae34dc9c466,2
7d95d80afe1c2028,7d95d80afe1c20283cb7,2
7db4119a321296b5,cecd60f0441d6fde9ccc,2
7de84e1743b76b80,cab0b0b6b0212efc66bf,2
7e0532e0bba06c2e,7e0532e0bba06c2ec273,2
7e0e42c9f2880e93,1f883ca10a2c243c5151,2
7e1e555ebb4aa324,7e1e555ebb4aa3249fdd,2
7e39dd1964da7a0e,7e39dd1964da7a0e8a00,2
7e4e465a261053b9,d5871f0c0705df1b8061,2
7e560ce470518e4b,7e560ce470518e4bda26,2
7e64543c5f6e67f9,7e64543c5f6e67f91cf1,2
7e70b919f5aa23f2,4a99d5e16ce8ad33c815,2
7e82a624c46b2f00,7e82a624c46b2f00a809,2
7e84cb17315be399,7e84cb17315be3997324,2
7e8860ecd7addd18,7e8860ecd7addd186a5d,2
7eb573380e5267a2,31b72e5b0964f8bf04f9,2
7ed0e995ede494d0,7ed0e995ede494d00d02,2
7ed48a3f7d87643b,7ed48a3f7d87643beab4,2
7ee141984ca33438,0e5bc69f80e9fbdaa585,2
7f116cf955eaf0f1,9dc7692e8f8b9714d76d,2
7f2160d816e0cf19,7f2160d816e0cf19ab65,2
7f4c91988e1a8c46,7f4c91988e1a8c46bdc3,2
7f6042044b682e81,7f6042044b682e81e893,2
7f63b7ea4bbdb366,7f63b7ea4bbdb366a50b,2
7f898315cef9b414,7f898315cef9b414fef3,2
7f8b358f36c58dbf,fb8269e59a065bfac650,2
7fc94ac3564be545,7866c0e1c43cbcf717b4,2
7fc96fe7426c60cd,7fc96fe7426c60cd90e7,2
7fcb2fe7d25961d3,7fcb2fe7d25961d30766,2
8016e5a10b320cfb,ab983cfd96828b22fa7e,2
801cc3b13a0b0372,9b8016c997690d88e6af,2
80516dfbb6d3ff12,80516dfbb6d3ff12a0ff,2
805ee4d197866447,805ee4d197866447e68a,2
806569488b5c272e,806569488b5c272e8c66,2
809042341a521c94,809042341a521c947470,2
8097925a482f5aa6,cd799e994b8ebcf1f576,2
80cc1303265ba3bc,80cc1303265ba3bce4c9,2
80e969ec6bdd16b6,80e969ec6bdd16b62b0c,2
80ffafd5f7db2a6a,be7a4209e3deaa4546f1,2
80ffda97ca838f25,80ffda97ca838f253f4f,2
8138978441aa98ff,8138978441aa98ff895e,2
8140c3d32546d2cb,8140c3d32546d2cb5446,2
8160528696ce1e5b,8160528696ce1e5bd914,2
8174eea4b077be70,8174eea4b077be703aac,2
818873a998d7cc58,818873a998d7cc58c010,2
81a4ffb9afb19d71,81a4ffb9afb19d716244,2
81d3a66db499ad25,81d3a66db499ad251288,2
81df01ecb87faefe,81df01ecb87faefe9f2d,2
81fefd93278ed89c,81fefd93278ed89cf2a1,2
81ff6e4ba6c62397,c0b6132661e26897f3ec,2
8208f566e354142d,8208f566e354142d475a,2
8220635e6c8f5742,051e8d7c6f0445a3bbb3,2
8242f3350ccdf91a,8242f3350ccdf91afe23,2
8243fc53c14929fd,8243fc53c14929fdded4,2
824af1879e3b44e5,fdd7dec773c43a335b8b,2
8252637d27c8157f,b447be1e0da9cfc3bad2,2
825fa746ae36c963,190e4e3bb1bdca64670b,2
82635c3b3d6c2b69,39f2e2860a656eedd2e2,2
828ed12a6a96f0d7,828ed12a6a96f0d79363,2
82b27aa75ad93f9c,82b27aa75ad93f9c508a,2
82ccff284341332a,82ccff284341332a3e46,2
82f38b7927788e9a,82f38b7927788e9a373b,2
831139e65d942eeb,831139e65d942eeb9497,2
833f146effda669c,dce1e0e9d78df9902a30,2
8351f6bb8860a63c,8351f6bb8860a63cd3e6,2
83836c796d81004e,83836c796d81004e42fe,2
83c0a4bd6140a90f,4a99d5e16ce8ad33c815,2
83cc6036dfa8bd49,83cc6036dfa8bd490680,2
83d5091d3aa79631,69681f03615dc60f8b16,2
83de976521c272d7,83de976521c272d7952f,2
83ee4040d3ac9000,83ee4040d3ac90002d1b,2
8414c7ef59da9ce1,c629f06bfd9c1632a2da,2
8420a847c92ba6a5,8420a847c92ba6a52b67,2
842da5b937ed3ae9,842da5b937ed3ae927cf,2
8450a09d4f346474,8450a09d4f3464742e03,2
84617c4dfff45e33,84617c4dfff45e33693a,2
84a5e585b154d6c5,84a5e585b154d6c54f2c,2
84cb68f744bf2298,84cb68f744bf2298d397,2
84e27b24e66383af,de275868107708c27804,2
84e2d85e61a09927,c8b69b891da2ad9cd725,2
84f7b3305265a327,84f7b3305265a32768ca,2
850ed317ab71b19c,850ed317ab71b19c3b37,2
8530e15325000e26,7cfa4a2eb336450eda15,2
8535c060d543dc7b,3f03e5a6046a1d557e69,2
8557897785548902,8557897785548902c4e4,2
857b372a7bdf2b21,857b372a7bdf2b21ca9a,2
85beb88282558c36,85beb88282558c361e8f,2
85bf56bd9f6fcf1f,5d5a4a97410929b0def1,2
85c28b84b6f573cc,724dd3f78f2a46c01aa8,2
85e05c33dfd61314,85e05c33dfd613147e7a,2
85fa59b0edf621e1,22bc90c1b5c80527d14b,2
8605c59ed6420c08,8605c59ed6420c087ae7,2
8617d0cb2727510b,c629f06bfd9c1632a2da,2
86432b9b6bc42bd0,86432b9b6bc42bd0eced,2
8648cbf69c994ae0,8648cbf69c994ae0b9d7,2
8661a3f3350d5d33,8661a3f3350d5d33e5fe,2
866ee6916d444af9,7d234282e7469da9ba90,2
86767810c1e927c0,3f4e4e4694d0b30ae9c4,2
867e1a3a136ef44e,867e1a3a136ef44e6780,2
86bf75b2b3a924d5,86bf75b2b3a924d507c6,2
86eb3575dbbdd18c,86eb3575dbbdd18cac9e,2
870ed3e3e3f45671,870ed3e3e3f45671116b,2
87246265b071201b,87246265b071201b7f21,2
8731b3908eb99a8b,8731b3908eb99a8bb054,2
873bf04ad09a4716,c629f06bfd9c1632a2da,2
8743bdbfd788f053,8743bdbfd788f053c880,2
8773bc91435dd635,8773bc91435dd6357c8e,2
879ce739718391b5,879ce739718391b5cd0a,2
87d3d86c8409a21f,87d3d86c8409a21f6a69,2
87ec3a83d6428639,8f68185fe22513783bef,2
87f3e456c51eda26,757202e14c1964e96456,2
87fe5d534ff82f47,87fe5d534ff82f4708b6,2
8823dff20d3d85c4,8823dff20d3d85c42d72,2
884f1156034770e9,884f1156034770e95d3a,2
88603c490d1ae075,88603c490d1ae075e800,2
8867c81aac82a5a3,e3ddfd07254088231fbf,2
88b7faa2d04b99cf,88b7faa2d04b99cf6f12,2
88bb1b8dfb99d754,88bb1b8dfb99d754999b,2
88bb8674e7d44aae,b8c3b3a4092f8e37ce3e,2
88be255919046d5f,3806c4f84cfcf6b8b751,2
890071fc823ee530,af9dfa8c8bb65b161016,2
8903c2d94693c97b,8903c2d94693c97bc477,2
891f41e9331354c2,891f41e9331354c22b1a,2
89267ddebb1a723b,7983b4ac82a30fafd453,2
89281bad962996bf,89281bad962996bf8964,2
897eb77b6b02dbe4,4af04bc433999958afc9,2
89c27f0f7f71902e,89c27f0f7f71902e33ec,2
89d3b01e2a6639f3,89d3b01e2a6639f3dca1,2
89d91fe2aca00a32,89d91fe2aca00a32099b,2
89ebcaef5f7e86a7,ad485d71214f1a3833ae,2
89f80630c6b953cd,066e677d2f2df5c26b1f,2
8a04612bec1cfefd,8a04612bec1cfefd3af6,2
8a3a9885249b78b2,8a3a9885249b78b28ae5,2
8a3d67ced28f90ea,9346f65c4732191a4816,2
8a40548be1b00cd5,9203928bc526c99632ba,2
8a66f5435b575fa4,8a66f5435b575fa4ed0f,2
8a71edcdbccc5c3c,8a71edcdbccc5c3ce208,2
8a7667f8f1acc098,5319a2418201195e9f50,2
8a85ce3fb1e93eec,8a85ce3fb1e93eec1861,2
8a8c6a756b798e1c,beb82161302bd761ab2b,2
8a95bce5c7976564,8a95bce5c797656453f2,2
8ab4cc31090ab8e5,8ab4cc31090ab8e570a7,2
8b28c21c98aa9c0c,d83b2002d1a10d607d74,2
8b30a80c66d78a64,8b30a80c66d78a64a364,2
8b3c4b2848b2b234,b661384cc454c5efaa25,2
8b5f609bad60d45b,8b5f609bad60d45b7edd,2
8b6b92664bb154e2,8b6b92664bb154e2bbcb,2
8b7ad9e1f3acc86d,0e5f41d1f6e06310b460,2
8bac3a3b70e470e9,aa3be52c3424aa5797e4,2
8bd7220c69fa1799,8bd7220c69fa1799f3de,2
8bf342e9f06fb06a,8bf342e9f06fb06a0b1b,2
8c03471ca2546bf6,60991e90c41849fd0ac0,2
8c34cd29a2592075,699518974cf5e8b65d78,2
8c3a292dc346a232,8c3a292dc346a2321cb8,2
8c60b1c8bfa50414,573c811af6b15aa31272,2
8c62b13cc7df0d6a,8c62b13cc7df0d6a2f0a,2
8c6b967fb1c4b431,8c6b967fb1c4b431ec95,2
8c7c5d972d1be468,8c7c5d972d1be468806e,2
8cae296d5b571760,c954cb9599d9c5044836,2
8cb3f1d570246ac0,8cb3f1d570246ac09592,2
8cc6f7de7285a1ed,8cc6f7de7285a1ed7a7f,2
8cf5bdb0d4a21ea6,8cf5bdb0d4a21ea61f8d,2
8d052b1d5732ef27,8d052b1d5732ef27d7e3,2
8d1e94f7d51ffc6d,54883841248e08a6c9af,2
8d39fdec5bbdd64f,8d39fdec5bbdd64fc3cc,2
8d76a04aa866fdc8,8608a537a7f21e748cab,2
8d830c5512f3119b,066e677d2f2df5c26b1f,2
8d8f47a1b303615a,8d8f47a1b303615a045f,2
8d96a0851052d408,602b16a56fc2f98fe760,2
8dd25da3387eae6e,8dd25da3387eae6ef3fc,2
8df7d0b6b62eb21f,8df7d0b6b62eb21f5673,2
8e042e80e0902b84,e3a145ef278aa783d5e8,2
8e119ed718e24024,8e119ed718e240240fe1,2
8e43f4573e6f07cd,8e43f4573e6f07cd521d,2
8e4a2fcd79925a89,61155673872a9a5d12d0,2
8e5463e3a5ee7648,190e4e3bb1bdca64670b,2
8e8901052036ba86,8e8901052036ba8683d5,2
8eab3d502325aea0,8eab3d502325aea08012,2
8ebb2b732d1b1666,8ebb2b732d1b16662ce0,2
8ec2f28436b46967,8ec2f28436b46967ae92,2
8eed135fa3e7ffae,8eed135fa3e7ffaeab29,2
8ef9b19b0df91352,8ef9b19b0df913529c9c,2
8ef9f2dafea46b69,8ef9f2dafea46b696b6d,2
8f400216534242e6,8f400216534242e63491,2
8f91a975380f5c0b,8f91a975380f5c0bfeaf,2
8fabbcabca0c05b7,8fabbcabca0c05b7469b,2
8fbb838295f5ca09,8fbb838295f5ca096a28,2
8fc78b61ee463ae9,8fc78b61ee463ae9f144,2
8fe93c0a4e6e9195,60dd05e28be108a467f7,2
8fed365f918a2845,547f67092590e4e3bd28,2
8ffc9634a71a3800,1b4cc20f3abe3e3a6521,2
901aafa14a534cff,901aafa14a534cffb28c,2
909c9af39acc9d55,909c9af39acc9d55138e,2
90c683c1653c51c6,90c683c1653c51c6f76f,2
90cc9c0040e63a37,90cc9c0040e63a37ee5f,2
91001194bb5b962a,b9e519cacb9500681c09,2
911021c47bd99f26,911021c47bd99f26c62f,2
916325ecbd34076b,916325ecbd34076b333e,2
917bbd8fd6d2e003,917bbd8fd6d2e00316b8,2
918a37586208dcc0,918a37586208dcc01a6a,2
91931c309f6e4888,91931c309f6e4888e34e,2
91d26b6cbfdfd479,91d26b6cbfdfd47906e1,2
922a05f19a6f79f1,922a05f19a6f79f15dcc,2
923a23f9d34720b3,923a23f9d34720b3174e,2
9268edbbc77af336,7cfa4a2eb336450eda15,2
9290ff3e9c563a7b,9290ff3e9c563a7b5295,2
92a5f131672a8dab,cd799e994b8ebcf1f576,2
92b70590dd52149e,73f5370ffdd388bd71bd,2
92d464249299431e,92d464249299431e0382,2
92d5643242395510,92d5643242395510646f,2
92e87b609ff0cc01,7cfa4a2eb336450eda15,2
92f7d53e0ea06922,6b526719b11df5b954cf,2
9301f7d4ba9b452d,1105a01204dce5499ec9,2
9302702a2130a69b,9302702a2130a69b27e8,2
933a58c3e9a6efc0,933a58c3e9a6efc028f6,2
933bcc05a06093cf,13c8403d824ef90678c4,2
93673caff4fc04e2,93673caff4fc04e264a3,2
93a334f57ce861d2,93a334f57ce861d21fc6,2
93ca3b2948e480b0,93ca3b2948e480b0e9d0,2
93d3893956b253fe,93d3893956b253febfa2,2
93d7735fc8e5f8f4,8090d5ba06d2ca6c8338,2
93daf956c02033a5,93daf956c02033a51a6e,2
93f6a09d918ab89d,93f6a09d918ab89df265,2
9418a32020709c8d,9418a32020709c8d8d72,2
941e1472d70840ce,941e1472d70840cefb1e,2
94350a04fa4a090a,94350a04fa4a090a3979,2
943e48f433e92b99,21b8b11f28839784d1c4,2
94491d0d19f1478b,94491d0d19f1478b50cd,2
946914d6297177ce,8880fcb1d76d1aa12693,2
94704782f87c8d41,94704782f87c8d4151a2,2
94ac7fa50ecc2330,ed8ff7940d4220f6f2b2,2
94c2cdc5d0a667de,94c2cdc5d0a667deff5b,2
9502374d3a3ccfff,9502374d3a3ccfffba4f,2
950383d8fcaf712e,13cd42c90f36e99172c3,2
952380a6e9a19a0d,952380a6e9a19a0d08fd,2
956480c690e5c8c4,956480c690e5c8c44177,2
9586f15182c62d37,9586f15182c62d37e648,2
958a49bd0fbbbfd0,958a49bd0fbbbfd0d0b0,2
95aaf833653eb2d3,95aaf833653eb2d3335e,2
95d330d0e7a3f969,95d330d0e7a3f969fb7c,2
95ecebe6147c9c78,95ecebe6147c9c788ff3,2
960b56e3251a6c34,813797aa7bf55f1facd4,2
961fdd96cb90d6ed,961fdd96cb90d6ed1e40,2
962dad5842a800ce,33150c466e1b12af5381,2
9638d8b9f1091db1,e5ddf582fd5c916a38d9,2
9639fbb34bc758ff,9639fbb34bc758ff9a76,2
964eafc8ce03e879,964eafc8ce03e87917eb,2
964fc11308fb12bc,964fc11308fb12bc2de8,2
96646ecec5ac7652,96646ecec5ac76527de6,2
9666c62d77e18704,7ca6c28914e1db830063,2
966e1cc1a2d2923a,f78e9eeba9d3080d2637,2
967b8bdfa0a6fe62,2f3c887778bc4a252024,2
96942d5594370d5a,96942d5594370d5a32e2,2
96bf056d192fb4b2,96bf056d192fb4b2c257,2
96f2a607a930c192,96f2a607a930c1920abd,2
96fa41ac1aa2a264,96fa41ac1aa2a264218e,2
96faf1774f033837,22ca98dc1709444153e8,2
9733c1236f479a67,9733c1236f479a678ee2,2
9754b7ebc64f9f11,d3ae55bf2e6fe8e015ca,2
975bdc179783eda1,975bdc179783eda189b0,2
9766b288a807e20a,9766b288a807e20a6183,2
9788fac2336ab6c8,4b6b00da50fc4573c3f3,2
978dfc1feb04f30b,978dfc1feb04f30b93e0,2
9793d1012b053481,9793d1012b053481ed27,2
979dc5c6921448bc,979dc5c6921448bccba7,2
97aac552849e5e19,97aac552849e5e198ea1,2
97ca09f0cf1d4b31,97ca09f0cf1d4b31b58a,2
97e22d02eb08f982,97e22d02eb08f9820880,2
9840a5e3eea6c14c,9840a5e3eea6c14c79ee,2
984a0be8c116c580,c256c761118d43a9a545,2
9857d06099e2b80f,9857d06099e2b80f90ef,2
987a98064e019aa0,987a98064e019aa0777d,2
98941b341cdd3a02,ea431b19e3df0a700284,2
989aa9c4b609804a,989aa9c4b609804a612f,2
98a1d9805fb64241,98a1d9805fb6424191c1,2
98dc49d022451477,98dc49d022451477b1ea,2
98f88bf5e0728e88,98f88bf5e0728e889e45,2
992bd06b03ae8534,992bd06b03ae8534f6ed,2
9938e003bc3e0997,ce2ddb78c7d1481fab55,2
995989d845f1356c,995989d845f1356ce05b,2
9966f30ecfcdb844,9966f30ecfcdb8447c4a,2
997be52d340d3621,997be52d340d362163d7,2
998040147d387709,77810296dc7ea2a8e6e0,2
9999a1d47655c950,9999a1d47655c95053a5,2
99cd1ffdcdf399b0,99cd1ffdcdf399b0ec06,2
99d2668638afac93,99d2668638afac9391eb,2
99da27424e080a57,39beea0eed3763372142,2
99e176ae0d199603,99e176ae0d1996035997,2
99e57f39d88262a7,38f30db4230a1ac05577,2
99f12e4591da5626,c629f06bfd9c1632a2da,2
99f5c33c8e71094b,2112a380495ccfa4305d,2
99f772463054f36a,0e5f41d1f6e06310b460,2
9a0553bef5f7d549,3956c6b0eceb571b80a9,2
9a1c24273ccd0a1e,9a1c24273ccd0a1ea35a,2
9a26e61fdeba0e43,2de769e4e005fee8c8c0,2
9a34749e3ff76779,9a34749e3ff76779ae99,2
9a528c633efbd962,8a09e0dad21da0e20088,2
9a677aa349f2988f,9a677aa349f2988ffead,2
9a699325b94c7e96,9a699325b94c7e968f93,2
9a8a05d4cda3a93f,82dd03c369a3dc2e3381,2
9aa947b0eb9973f4,ad485d71214f1a3833ae,2
9aac06ecec980bfd,9aac06ecec980bfd7e76,2
9abfa83f7bcecc06,9abfa83f7bcecc06a938,2
9af93d8f4f90577b,9af93d8f4f90577bbd2a,2
9b146552ffdcccdc,9b146552ffdcccdc007a,2
9b547720a7257bdb,9b547720a7257bdbe2f5,2
9bb094d160bf8ed0,9bb094d160bf8ed087a1,2
9bb810ff1118ace7,9bb810ff1118ace71233,2
9bd3ce0e7f6bb92c,9bd3ce0e7f6bb92c4efd,2
9be9e87e548d1600,9be9e87e548d16000ca5,2
9c024904c42ca08c,a473bcd7c6f8f26619f7,2
9c06e6eb16928078,9c06e6eb1692807824ad,2
9c2086abdb729578,9c2086abdb729578cd75,2
9c98e4d72facc4c6,9c98e4d72facc4c695ef,2
9cdd84761758d1df,9cdd84761758d1df91d3,2
9ce185da1b1ced9e,66296d7af45b0fa6815a,2
9d0f0c774171983d,b4d2a848f7396d454232,2
9d106ce4ed61c5e2,9d106ce4ed61c5e23518,2
9d248eeffd73e98d,9d248eeffd73e98d0e38,2
9d7954da6b675acf,c2ded43fbce350430669,2
9d7c1c87ce09901c,9d7c1c87ce09901cfb51,2
9d93ce71c59233e4,fce6890629e391911d98,2
9dbce4d7ae8d6f56,7cfa4a2eb336450eda15,2
9de741977e03b584,9de741977e03b5845d37,2
9e241eb9f1fe7be2,9e241eb9f1fe7be2d763,2
9e2b5e95d62570ba,9e2b5e95d62570bad7fc,2
9e34f9568c35955f,0823a2ad254aa2d5ef74,2
9e3df0ee8f232382,a677fa5b655d5201a368,2
9e5560ac6eebc04d,9e5560ac6eebc04d0c15,2
9e5bbf86e1262eb6,d9b383ff260cb090a275,2
9e615e2030ea6235,ad485d71214f1a3833ae,2
9e7fdca3fdbce3fc,9e7fdca3fdbce3fc98af,2
9eaf68d535faae8c,9eaf68d535faae8c6d77,2
9eed4cd7dc786e57,9eed4cd7dc786e57e6f8,2
9f41cc79fb189709,9f41cc79fb189709a54b,2
9f53aabf94f37f91,9f53aabf94f37f912430,2
9f634afd6f483791,6b70d3c117f74e95ec42,2
9f65041e51ee9426,9f65041e51ee942672ff,2
9f8726b6662fb050,9f8726b6662fb0501ec8,2
9fa901b354bc62d7,6b9997161eb377d4d915,2
9fb4fe433b1d3912,cd799e994b8ebcf1f576,2
9fd3202682f91525,9346f65c4732191a4816,2
a0142c89c2eb0c6f,a0142c89c2eb0c6f8e6e,2
a031edbb857eb7b7,a031edbb857eb7b79231,2
a07afb15b4fd3f4d,a07afb15b4fd3f4d466d,2
a081811eb4a54aa1,a081811eb4a54aa16881,2
a0902e19eacc5026,a0902e19eacc5026aac5,2
a091697196050f77,a091697196050f777eff,2
a0a59a4552185417,f55e56b4207b85f01ffd,2
a0acadf12050ad50,af6ba5999b92dda53113,2
a0b624d4a375d68b,a0b624d4a375d68b8f4d,2
a0c546ca75a4e47a,2d2b1dddb002ee4d7994,2
a10db1b28e979de3,a10db1b28e979de3b77b,2
a1134451fd38ef58,a1134451fd38ef581bbe,2
a121723416549f6e,8ae1976192fc302c71f7,2
a1405723f7fe7cb9,a1405723f7fe7cb9f4d3,2
a16920bded1ee77e,a16920bded1ee77e7947,2
a19405da16a3b060,3172c9a2fbb30bd2d4be,2
a1ad2922036a9ca7,a1ad2922036a9ca7e276,2
a1cff9f52b207a4d,a1cff9f52b207a4df77d,2
a1e18fca8fc1abe1,bf664bc61f095ca19fcf,2
a1e690375a1c4dba,a1e690375a1c4dba7afb,2
a233e4598ad775d8,5a5533ff25e5f45b5f83,2
a236d5a7a7927389,72702b8d4a934ecf4a4d,2
a2382a595b68f7d4,7a9cae4320a3672e9a26,2
a2679d9531d3df62,80277a2e7a4ef1a371d4,2
a2743632e49b9f6f,6f80d1b557f51a723082,2
a299626375d9cc4b,a299626375d9cc4b5e4c,2
a29debf2cb6ad823,0eaaf2f8ef370d1c38d0,2
a2bfa351c59f3494,a2bfa351c59f349485e7,2
a2bfb1955bc76a6f,a2bfb1955bc76a6f5995,2
a3086aaaf3a7cfb7,a3086aaaf3a7cfb7ebfd,2
a34031181c516fe8,a34031181c516fe8abd3,2
a36bf404669581df,d7a02af7bd49338e7000,2
a3a0f8e21f116532,a3a0f8e21f1165322453,2
a41140f6851d9654,7ed352a00f86c47beb81,2
a420af33a31ac1e3,a420af33a31ac1e3e1ad,2
a42600e7e061e5dd,ad485d71214f1a3833ae,2
a43ab97a20cd50a1,a43ab97a20cd50a18526,2
a461cebf8371e39b,a461cebf8371e39bb4bf,2
a4697d01d68efa31,a4697d01d68efa313ce1,2
a46cfeaf15c2cc99,c7cd5a505ce5a91f9976,2
a4b30f213538339b,a4b30f213538339b9c56,2
a4e2cc67c95e5fa8,a4e2cc67c95e5fa80211,2
a50c5f50f8915f24,a50c5f50f8915f24382a,2
a529cb175468befd,a529cb175468befde4ea,2
a5333389fe147ddc,a5333389fe147ddc1713,2
a56e3c72be04f77e,a56e3c72be04f77e6818,2
a5c03a50316aa448,a5c03a50316aa4481c78,2
a5c5f40841c23e87,99f7d0fbd895c4ddb019,2
a5f1ddc95826ce57,e3625ccd75c13e794198,2
a5f506ed13ce7cab,a5f506ed13ce7cabcae1,2
a6005a2b48c881f6,9607e191b7e053a9ed9e,2
a604537baf91d97d,9d5ae5c653d431b2a4e0,2
a626bd8b33710a56,a626bd8b33710a567baa,2
a65d2a34cf7dbca4,a65d2a34cf7dbca48e53,2
a67f2a376844ec11,5a5533ff25e5f45b5f83,2
a6a70bf0e1b31e6e,a6a70bf0e1b31e6e8c37,2
a6a9c3d8d65c85a6,c954cb9599d9c5044836,2
a6af764d3b3a6a96,d78478606eb2e1772d9f,2
a6ba62c6f8e5c28d,a6ba62c6f8e5c28d5970,2
a6bc90076ce0f5c0,a6bc90076ce0f5c0cf18,2
a6d8e9b73048e128,a6d8e9b73048e12847ff,2
a6db9c4407ae1618,a3796678b14b47105815,2
a6e5bd98d0c6e659,a6e5bd98d0c6e65947e9,2
a705e7efe3d44344,a705e7efe3d443446b8e,2
a72167075e12d392,a72167075e12d3927f9e,2
a7261a4833e1cb22,a7261a4833e1cb22a418,2
a738ae287569ec52,5f9bf6a336441236d42c,2
a743d2d38be62042,a743d2d38be620426362,2
a7799f9938a0c106,a7799f9938a0c1069ef4,2
a782bc4f7deef926,a782bc4f7deef926c5ef,2
a7b372fa7b919984,a7b372fa7b91998416bc,2
a7c02dd450800d73,a4a7ade5549fde8ec8dd,2
a7e5adf64b86a0ad,a7e5adf64b86a0ad8844,2
a80a2e1bf8b63bef,a80a2e1bf8b63befe14a,2
a8199d2d1bbd3b28,b0e7de755c80961cb75a,2
a82c948b36aa1bd1,a82c948b36aa1bd1f689,2
a8611a3c1bc7cfd1,cd799e994b8ebcf1f576,2
a86709d4b9328a0f,a86709d4b9328a0fc47d,2
a8805fa68fbd831e,cd799e994b8ebcf1f576,2
a88195b43ea987fc,a88195b43ea987fcafb0,2
a8963a8e64341236,a8963a8e6434123632fe,2
a8a4176b4bfccb3e,a8a4176b4bfccb3e2532,2
a8ad60ed0a363a8a,a8ad60ed0a363a8a3ef7,2
a8f4411ec30592df,a8f4411ec30592df072a,2
a937abf95a0efcc8,a937abf95a0efcc8d8cf,2
a944254cd431db8b,6b9997161eb377d4d915,2
a97b462fe47491e0,a97b462fe47491e0636e,2
a9a4d622ae96f4e7,a9a4d622ae96f4e70d25,2
a9ccce7d52576f44,ae3f5beefc87edd5d9ed,2
a9ccf95137f6e20b,a9ccf95137f6e20b752c,2
a9fa584214efd250,a9fa584214efd250c604,2
aa0f83980e007b65,aa0f83980e007b6524bd,2
aa15d9887c3a462f,583fba1e8d68a70756f4,2
aa7464960bb2f368,aa7464960bb2f3680a26,2
aa92dc82e8c51b3d,aa92dc82e8c51b3d036f,2
aabfeaecf410b674,aabfeaecf410b674513d,2
ab2bd18c0c1bedbc,ab2bd18c0c1bedbc504e,2
ab48c913b2b8f984,ab48c913b2b8f984c36b,2
abaed4deafd8dd7c,abaed4deafd8dd7c7a86,2
abc6f94aabce35d5,abc6f94aabce35d57851,2
abe6969c9193bac1,7cfa4a2eb336450eda15,2
ac0e159dfac4745b,ac0e159dfac4745b2787,2
ac1d6bd55fde659c,8920863440e8dd4e8a7b,2
ac54d05fab6b409e,ac54d05fab6b409ea6c6,2
ac72bb5f2d4d68f9,ac72bb5f2d4d68f9952d,2
acb4083abd4f8751,6bbfa873d7038abb2a3f,2
acc918040ff91bc1,220bd944cbbad05127a2,2
acd6f1fb26c5b87f,acd6f1fb26c5b87fb7ce,2
ace76dbc4fcf235f,cd799e994b8ebcf1f576,2
acf2cc373fe04653,acf2cc373fe046534199,2
acf95f7d8210060d,e59d4c720f2345652606,2
ad2a83ec5ff9166b,a3cff8398d297cb106a1,2
ad3e976d22048f68,ad3e976d22048f68fec0,2
ad48da2c2324777d,6b6880a52f348c7a8207,2
ad665742a7335f62,ad665742a7335f62cc9e,2
ad992dc956b4e744,ad992dc956b4e744e203,2
adaddd6d1486d171,adaddd6d1486d171f54c,2
adb816ecc08f1fb4,390dc5a189485fbd80af,2
adc8e05aac7d0a6f,138a1483d87401ad5ce4,2
addefe56a8768611,addefe56a87686117b34,2
ade8153df72e1ad5,2a5ccb4215da131c33ee,2
adf895dbedaaa477,adf895dbedaaa477cbb3,2
adfe22bce32a1003,a63003248dea0c53e081,2
ae04c2c8df6078c2,ae04c2c8df6078c21995,2
ae33f81f7cdc1116,ae33f81f7cdc111664b8,2
ae74bd071ac3da5f,ae74bd071ac3da5f7ccd,2
aec072faf0ba6c7a,aec072faf0ba6c7a5c77,2
aec12001cc646a5d,aec12001cc646a5d0ec2,2
aecf61eeaa737dc5,aecf61eeaa737dc50a74,2
aed43ad9f5b1ea6d,aed43ad9f5b1ea6df0d6,2
aed50edc5d2d71a3,5fbcdbf32ba00fe68bc8,2
aef0faaa132023a5,aef0faaa132023a5397f,2
af09690f269e9d9e,af09690f269e9d9e1e6b,2
af0c9c1445f59fad,672ccd64c854c9a814b9,2
af1a30c175ea9385,af1a30c175ea93851b9e,2
af44526ffa6f6412,3bbca5d12799ab382a40,2
af875bb448fec9fe,af875bb448fec9fe09dd,2
afa9e52e404c91ae,afa9e52e404c91ae8279,2
afae998d808769f7,afae998d808769f74eab,2
afb26d7073672ea3,afb26d7073672ea34210,2
afc10b3316accc44,1660382665915f80e77f,2
afe2539b24509f7b,c54d59a019c93168142d,2
b015a25bbd96b7b1,b015a25bbd96b7b13c58,2
b040e4b8d7d813fb,b040e4b8d7d813fb4f2a,2
b048837a404828f2,ad485d71214f1a3833ae,2
b061dc2659ab8ef7,93610e9c27d1397e41d8,2
b06a1c581532c767,b06a1c581532c76788e8,2
b0996827d15b6f9a,b0996827d15b6f9a84c1,2
b09f7dee32e6acb4,ecc3791744537005b8f2,2
b0a1fcc14d275457,0fe032b0dd77987ab6fe,2
b0bff3f4134a35c4,b0bff3f4134a35c49149,2
b128e35189519e8f,b128e35189519e8fc056,2
b13328fd7b642dc6,2874ad62234eea0bfbaf,2
b15170392bfdb25d,b15170392bfdb25d6901,2
b1608a9058eaee41,1717bd720f684252cbc7,2
b169ba3e6d89770c,b169ba3e6d89770c22e3,2
b19797e122bf31ac,37c1e95a37a1e9e34e34,2
b198bfe9d236499a,b198bfe9d236499acd69,2
b19c7624491db21f,b19c7624491db21f8dbb,2
b233ff7b75aced75,63d329d74c1229085092,2
b242bf45ed31ec76,b242bf45ed31ec765bc2,2
b24a4e253483459a,b24a4e253483459a4a35,2
b251e2ba5819c8eb,b251e2ba5819c8ebb350,2
b26c7a4554a622e3,cd799e994b8ebcf1f576,2
b277ba48cbf9b92a,bec9f36e6e6fe91bdc87,2
b285ed85f4d0f547,b285ed85f4d0f5472d14,2
b28f6131b0e0aa76,b28f6131b0e0aa76fd53,2
b2b09c04a5b20026,b2b09c04a5b200261aea,2
b2d4e656e3be5ed4,b2d4e656e3be5ed4757e,2
b2feeb1c7bdcd037,b2feeb1c7bdcd0378f45,2
b31893c1a31f63eb,b31893c1a31f63eba34e,2
b34ae480d9eaa1d9,cd4c7e84fb080f6b0c79,2
b3541c58ee2bc2d3,b3541c58ee2bc2d3a139,2
b368d20fc37ad403,73bd3a7e7bf4361abf3d,2
b37ad632d35b0b0e,b37ad632d35b0b0ed767,2
b3b4afdf3145497e,b3b4afdf3145497e5847,2
b3ec021977d59dc0,b3ec021977d59dc06d00,2
b4083e2ad662e3b0,b4083e2ad662e3b010d4,2
b40a17aade983142,b40a17aade9831424a02,2
b411b38081e39ec2,8a21f04a61138eb806b0,2
b42e974dc3573a25,b42e974dc3573a253727,2
b4663166f59ec480,b4dd55557ff76f8f263f,2
b46f02a43ac3b645,b46f02a43ac3b6454687,2
b473c36ede5962c1,b473c36ede5962c1400c,2
b4a42439f551a750,b4a42439f551a750ff80,2
b503c188d08c2b6c,b503c188d08c2b6c994a,2
b50d549a04b0b8f7,b50d549a04b0b8f7d1ad,2
b511efb0af24c9b2,af9dfa8c8bb65b161016,2
b51a0df0651142ce,b51a0df0651142ce33ec,2
b5506ce898939d66,828e30fa7c63519b6183,2
b5805ca36ea98547,b5805ca36ea985477b3b,2
b5854957c3fd1560,b5854957c3fd15602226,2
b5a01756af0d6ad6,b5a01756af0d6ad6f856,2
b5eed43206d73bf2,b5eed43206d73bf2ce92,2
b5fb8e767a341a80,b5fb8e767a341a80961d,2
b63875f6927965dc,b63875f6927965dcb8e9,2
b63b8ce3f92556e0,b63b8ce3f92556e04965,2
b65b9970823e4b12,4a5627790df304239a9c,2
b67ae87bcbead031,b67ae87bcbead0313177,2
b6a4eb60eaa114ac,b6a4eb60eaa114ac5217,2
b6c87846b8b4ecb1,dcaa2b017114a7532b66,2
b6dc75d151f1ec52,b6dc75d151f1ec52ad5d,2
b6edd38bca3ffb40,b6edd38bca3ffb40ed37,2
b6ee30afdeadb7d9,b6ee30afdeadb7d9e4b1,2
b6fb9cdd57c67551,40bf06b7c8d3810b2100,2
b75d257d4622de51,b75d257d4622de5160bd,2
b780c2e6c7a340ff,4a07460c909590003878,2
b7b4ed4f9f652663,b7b4ed4f9f6526636f82,2
b7da5748430a94b9,b7da5748430a94b9bf73,2
b7e37b1cf6256bbd,b7e37b1cf6256bbdf43f,2
b7fd84bd00e31e5c,190e4e3bb1bdca64670b,2
b83bc2d324557e95,b83bc2d324557e953579,2
b84c04409ba99c20,b84c04409ba99c20ff3e,2
b88663e3df9c7989,e58d4316bee2be88acc6,2
b8a0e42e5e680313,b8a0e42e5e6803131287,2
b8baa711a361e416,b8baa711a361e4164cb7,2
b8c9a0b455525f31,b8c9a0b455525f314cb8,2
b8cbeb38ccc315ed,b8cbeb38ccc315ed7f02,2
b8f3d7bfad085ef7,b8f3d7bfad085ef74fe7,2
b8f6714b357a720c,487279cb45e34bc0b06a,2
b919bcd96843fcb6,23c16654818dfa5e0acc,2
b944080e548f19af,b944080e548f19af6818,2
b94c045a35a5c1c3,54e3440929e028e93dea,2
b959c33ff8f17d8b,745bcecee1645e4b59b8,2
b95a3921784771a4,b95a3921784771a44576,2
b96e1308d9b40174,c629f06bfd9c1632a2da,2
b96f19f65bae831f,af9dfa8c8bb65b161016,2
b9782b4f09933a02,b9782b4f09933a028201,2
b98de1a7294acc1b,b98de1a7294acc1b142f,2
b9b5299589f5f73a,d81fb4b89383cca6114d,2
b9bea95592e794d7,ecc3791744537005b8f2,2
b9e14f75b46e77c5,b10dbc3a0bca28453655,2
ba0e586ee5cfb54b,ba0e586ee5cfb54b678c,2
ba190cea020f3e99,b1a6c56c56c88b17f4c2,2
ba1f3b45e9b25711,ba1f3b45e9b257111d5a,2
ba40e46a99fe72cc,ba40e46a99fe72ccc463,2
ba53ed1ac84742e6,ba53ed1ac84742e6678b,2
ba66ff52c337e10b,eda641c4be0138d734ce,2
ba6fee9d7fb8ff15,ba6fee9d7fb8ff15ceb4,2
baac4a24fa98f22b,baac4a24fa98f22b8835,2
bab660ca901b79b6,a26f3af09a08dad5c99e,2
bac4969fc19b8d0c,a4a7ade5549fde8ec8dd,2
bacaba381b7894d3,bacaba381b7894d353cc,2
bb045a9ce5de17cb,bb045a9ce5de17cb8330,2
bb2f96da9c2752d6,bb2f96da9c2752d63330,2
bb33b318b8fcbe36,6e1aa1742ac07bd34766,2
bb39e5467f79a32b,6d90963cf42f378a86e9,2
bb6e609cfaba8fda,bb6e609cfaba8fdaaf23,2
bb81496be4137c26,bb81496be4137c26f9f6,2
bb923dc39d1b68ec,8920863440e8dd4e8a7b,2
bbc1ba2ea8d1bcda,4f366430dd649d3bb98e,2
bbe46866f67df52b,bbe46866f67df52bba7f,2
bbf0338e2fd0f16e,af365d09e83c6630e807,2
bbf5a95eabec61e2,bbf5a95eabec61e2e42b,2
bc8daf9e64ce04d7,bc8daf9e64ce04d7da78,2
bcd6ba85052d69fb,bcd6ba85052d69fbc1d5,2
bcf48d14c43914fa,bcf48d14c43914fac1fe,2
bd0fb6d8ff821229,4f366430dd649d3bb98e,2
bd2cfae28b2764ef,bd2cfae28b2764ef9223,2
bd30c631c3202240,bd30c631c320224001ea,2
bd5a13e1b1cbc014,bd5a13e1b1cbc014ea21,2
bd67a17bebc8699b,bd67a17bebc8699be808,2
bd67c07931ffceb9,0d413a9a8bcda3e900c4,2
bd92c0773e330b77,12970464d2e4ae3b804f,2
bd990bd7c30bfcf0,bd990bd7c30bfcf0f467,2
bdaaf673143ad1ed,bdaaf673143ad1ed15a8,2
bdb9e6b0520982cf,bdb9e6b0520982cfa12b,2
bdd07ccfbe23539f,cd799e994b8ebcf1f576,2
bdd215a009875c8b,bdd215a009875c8b2046,2
bdd87802ac8a69b2,58a4fce963976fad660e,2
bdf33355c2223008,c43bc93d7c1707366db8,2
be14509450c9a7ed,be14509450c9a7ed5436,2
be15bf7dac728822,be15bf7dac7288225c82,2
be238c12a1bacef2,be238c12a1bacef2ab84,2
be605978448db28f,be605978448db28f700b,2
be68c6d02c26e839,d0ea6b15db1d9d5307f1,2
be70fffcb2c0b6e2,02e37e7510931250d0bc,2
bed562ba254dad53,bed562ba254dad53f2b0,2
beeafcd021ea46b5,beeafcd021ea46b5304c,2
bf06bcf9ee4412b3,bf06bcf9ee4412b35b69,2
bf139da5a5420813,34b28fe7b1133d1a8477,2
bf24001d327ae7ba,0224b6b1c6d5f7fbc888,2
bf38745d1abe3466,bf38745d1abe34669933,2
bf4ec3f0dfdff233,bf4ec3f0dfdff233f728,2
bfa177f488988828,bfa177f4889888287232,2
bfb0db85b782fd47,b78d60b1fad012e471a5,2
bfb40254ac10582e,063aff74cf29f60d0935,2
bfbdc804b7aaabd1,bfbdc804b7aaabd1628e,2
bfdc7ad50967977a,bfdc7ad50967977aa03d,2
c00c11eab7ad3e59,c00c11eab7ad3e59512c,2
c0156f88a11879ed,c0156f88a11879ed7096,2
c0248cc31fb3eb62,c0248cc31fb3eb62fca3,2
c0412781b74b552a,c0412781b74b552af40f,2
c04e8aeb23a23e45,c04e8aeb23a23e4550b7,2
c0528effce100de2,04290191ac2eabb0b217,2
c054bf3afd25c5ee,be7a4209e3deaa4546f1,2
c08b0ef3f3243e99,3ec9d7ec92743587e4a9,2
c0dcff222305c68b,c0dcff222305c68bd545,2
c0e750cc4bcdba8d,c0e750cc4bcdba8dbb8e,2
c0ecb6ca80aed187,c0ecb6ca80aed187da34,2
c112e1b1b962e220,058c9a91370e15d7acd1,2
c12d11dd0807b1ce,c12d11dd0807b1ceab16,2
c13ed388fffe9ca5,d05c99545634ee2d216f,2
c159b3b577621a35,c159b3b577621a35a7ee,2
c1673429b44793fb,a3cff8398d297cb106a1,2
c16b7af74d3ad66e,c16b7af74d3ad66e5962,2
c1afc6da813cd00a,c1afc6da813cd00ade6c,2
c1d810ed22dc6d7e,c1d810ed22dc6d7e5e0f,2
c1f9a96c1aca0f62,c1f9a96c1aca0f62915e,2
c1ff1b9392170e8e,e27ca973d1ec9f4798c5,2
c25e7f2725c51907,c25e7f2725c51907d400,2
c2769b66bc7fd13f,c2769b66bc7fd13fe6d5,2
c276ee3c736cc700,c276ee3c736cc700f949,2
c28a9fda14e568b9,c28a9fda14e568b9fbac,2
c2909d1ac7100de2,c2909d1ac7100de2d4c6,2
c291ba265465e41d,9b25278ee0e8030e0c1b,2
c2c69ba0a61c2be1,c2c69ba0a61c2be15d46,2
c2d0fa4212ff00b2,c2d0fa4212ff00b2ee72,2
c2d27263b7bd1098,8010ae7b33ea4d4e4efe,2
c3066f4e6cf2e9c6,a4a7ade5549fde8ec8dd,2
c315e28267d8e607,c315e28267d8e6074948,2
c31f44d4a86c9304,c31f44d4a86c930441e9,2
c352aa48b9e70a33,c352aa48b9e70a332b0e,2
c3586852b2bf213d,7cfa4a2eb336450eda15,2
c366990aa982fcb5,c366990aa982fcb5579d,2
c3c4c6b3307ff739,5a5533ff25e5f45b5f83,2
c3cbf512b5872b0d,c3cbf512b5872b0d7aaf,2
c3e4f6878f757241,c3e4f6878f7572414848,2
c3e56a6aa6bb725d,cd799e994b8ebcf1f576,2
c41407f2d20252d7,420bed7c968143eccfec,2
c43291fd83d7dd0d,9fdfa609fdc6049d7992,2
c440a0cdc9f3bd96,c440a0cdc9f3bd965adb,2
c44ca5f0b60309c7,65ed3d32ae5a8360e26a,2
c4780dda2ff836b8,c4780dda2ff836b8f883,2
c47f754a254a6d90,c47f754a254a6d902b5b,2
c48c232f5820043d,c48c232f5820043dc271,2
c4d8d94d9fe78ad6,c4d8d94d9fe78ad633f9,2
c5028626a4407ab8,c5028626a4407ab8c94e,2
c50fb60e866705e2,c50fb60e866705e27a71,2
c531da51b84a5245,c531da51b84a5245b095,2
c595bf3cb67908af,c595bf3cb67908af7fff,2
c5aeaf9d8692efe4,c5aeaf9d8692efe4bcf0,2
c5b785cc9d5ea803,3956c6b0eceb571b80a9,2
c5c4c033035c8df0,c5c4c033035c8df0a68a,2
c5d58e2a4245263b,c5d58e2a4245263b7de3,2
c5d6e004b46dc40f,320bfd5d7a30b51067fb,2
c5f066ea6cbc3895,c5f066ea6cbc3895df67,2
c5f466f468e4f9cf,d5871f0c0705df1b8061,2
c60cf1c1f593050b,c60cf1c1f593050b3c48,2
c6d88eba5a1b4b9d,c6d88eba5a1b4b9daaa5,2
c6dcb48031138168,c6dcb480311381684e7d,2
c6e0321bb0e5caeb,06e556de669e6e51c55a,2
c6e478384c2588a6,c6e478384c2588a6a5ea,2
c70f4a994804f433,dca6cf831b17ff7862bf,2
c73c4d37cfdf36f9,c73c4d37cfdf36f9a34d,2
c7519f274484e765,c7519f274484e765d6b9,2
c782bddcfc4a043f,c782bddcfc4a043f3190,2
c7c1abda6cd5f8da,c7c1abda6cd5f8da81ca,2
c7d9dc93ea755e60,c7d9dc93ea755e60cf80,2
c7dd88eb60fc52b7,c7dd88eb60fc52b76015,2
c7ed5dafe08af9af,f7069092fb04658180a9,2
c7f277178f2b8b95,c7f277178f2b8b95e6da,2
c7f5a9d17e54cfff,3f03e5a6046a1d557e69,2
c8004623f0af3c82,c8004623f0af3c82a485,2
c829671f9dbf72e8,af9dfa8c8bb65b161016,2
c84143d224357fee,c84143d224357feed580,2
c84be7ac3a665241,c629f06bfd9c1632a2da,2
c870855700a0f98c,3956c6b0eceb571b80a9,2
c873847f74311f5a,c873847f74311f5a15ad,2
c8aa2fb8d8d48561,c8aa2fb8d8d485612b45,2
c8df42c065c276d2,93610e9c27d1397e41d8,2
c913df6e0e1ae0a9,c913df6e0e1ae0a9c523,2
c93b08be75b873bd,c93b08be75b873bdfa7e,2
c96953c4021d63f5,c96953c4021d63f52544,2
c988c4da692085a7,c988c4da692085a7785d,2
c989f58bf4b5e3e4,c989f58bf4b5e3e44175,2
c9a0f6b136daf9a6,c9a0f6b136daf9a6aad7,2
c9c2422826c4b6a2,93610e9c27d1397e41d8,2
c9dfcd2ea2620b62,c9dfcd2ea2620b62ce16,2
c9f4a9f2bcc47c85,c9f4a9f2bcc47c85f6cd,2
ca09c27f684f9839,31e0add96a471e4f444f,2
ca0f62367ea3340f,af9dfa8c8bb65b161016,2
ca51290f57c7766c,ca51290f57c7766c9777,2
ca657b65974e6cc7,d208f974a8497ab2758d,2
ca671d512b7959f9,ca671d512b7959f94001,2
ca8a638e03196fe1,ca8a638e03196fe19816,2
ca8fe6c6614ceaa9,b6a4ef938ba8838424d9,2
caf5975398f985a1,af24f18f7f0205dde1eb,2
cafac2efce62ebce,cafac2efce62ebce0605,2
cafefddbbe996988,1351ad1b51a88bf51a3f,2
cafff3aec73eb6fb,cafff3aec73eb6fbfb55,2
cb10d73010591ed5,bf664bc61f095ca19fcf,2
cb181551216e8513,83911cd481b4282c47a0,2
cb257dde0a8aa452,cb257dde0a8aa452d766,2
cb2efba53f07c4c5,17e06b74a6816255cd65,2
cb41735a23bcfe41,cb41735a23bcfe410422,2
cb5a2079799bff74,ac96492ae7e1c87d16f7,2
cb648925d86fe1ad,cb648925d86fe1adcf93,2
cb6817751d461a29,cb6817751d461a295471,2
cb6e8b81ec29b2b8,13c8403d824ef90678c4,2
cba8f0e76a9f2fab,cba8f0e76a9f2fabec5a,2
cbe19c2cd7056935,cbe19c2cd7056935633a,2
cbee86158c9803a4,f7069092fb04658180a9,2
cc1abb10e2d80975,ad060b945966dccf7e46,2
cc1adf04c915a08d,77429d44b8bb82290a02,2
cc4d0b54c307cc26,cc4d0b54c307cc2613ab,2
cc6dfcdbc69cbcdf,cc6dfcdbc69cbcdf1512,2
cc7591bda5482fe7,9346f65c4732191a4816,2
cc8eb4b6100d5149,cc8eb4b6100d51497b16,2
ccb401eda56e4f9d,ccb401eda56e4f9db212,2
ccb72a2df85f54f1,4a99d5e16ce8ad33c815,2
ccce7aa6e309fb70,e58d4316bee2be88acc6,2
ccf805552ecc2b02,ccf805552ecc2b0215a8,2
cd1a47cfbe174d70,cd1a47cfbe174d70f30d,2
cd45e8b159bfeda1,cd45e8b159bfeda1b95a,2
cd8ad4367fa7c9e1,ff99afc638ceeb9ae0ba,2
cdfea8f82acdb187,b2fc5500d77fb6d987f4,2
ce10dc5864244fc8,ce10dc5864244fc86623,2
ce29bd5a528310d9,76fea03acffd8155a057,2
ce356f8b1a42733b,ce356f8b1a42733b95b9,2
ce3d1fa20ba939ac,e5773940ef1f7b3226e9,2
ce691a62a9f0ee50,ce691a62a9f0ee500395,2
ce7a563733f7086b,ce7a563733f7086b0606,2
ce90bac1058c85d0,4c511cbbd6bebec2b81a,2
ce9f533bfa839018,ce9f533bfa839018b683,2
ceaeb41b975cda8c,ceaeb41b975cda8c10ab,2
ced8131605ea03d2,ced8131605ea03d2982a,2
cf0142c606507ec8,6a9ac6eb7a666d388f63,2
cf180bea6c0217e2,797b8582b8492a0c4230,2
cf24b84ace1191e5,cf24b84ace1191e5b8dd,2
cf2afb34011c6161,cf2afb34011c6161f961,2
cf57a6ddc5a3514d,cf57a6ddc5a3514d40b8,2
cf742cf68b026d2b,cf742cf68b026d2bb26e,2
cf7c52e9eefc7565,04f43d160668095ced6e,2
cf88093e1a4175c8,cf88093e1a4175c83ae6,2
cfadef16ff2e613e,390dc5a189485fbd80af,2
cfaedae0f48a4f72,cfaedae0f48a4f72689f,2
cfb5120ee61002ef,cfb5120ee61002ef9926,2
cfe2a016533e64e3,cfe2a016533e64e33e26,2
cff7840435d89495,cff7840435d89495d68f,2
d001a13bc9124877,d001a13bc91248770a13,2
d006ce118722c598,3b162e41fb4c3ea22846,2
d0222cad943726c1,3064347e8dc2da487a4a,2
d0235f2c9f496d45,d0235f2c9f496d45b806,2
d0436a498bc07b7e,d0436a498bc07b7ee327,2
d070e9a8bc1cbac4,d070e9a8bc1cbac4678a,2
d07880e714e755c5,d07880e714e755c5cca7,2
d0a05c1555179503,d0a05c15551795033164,2
d0b1106594b89750,d0b1106594b89750384c,2
d0e9a58475454f53,d0e9a58475454f535e66,2
d0fd6bd155faae51,84bb43a331a35978d7f9,2
d13efe0e88abc3c8,d13efe0e88abc3c8e656,2
d140345860625e8e,d140345860625e8ec36a,2
d144fe759b5b8209,9d5a65e4ee560e150bb1,2
d1499451bde53e98,d1499451bde53e986abd,2
d14b93be0d834763,5fea58cfb01152f30f6f,2
d14d37bbd45858aa,af9dfa8c8bb65b161016,2
d14eca64a671c3a8,d14eca64a671c3a84c32,2
d173d8c5fcf492a1,d173d8c5fcf492a114ac,2
d1921fa40cd275d0,d1921fa40cd275d04a9b,2
d19c86a87f113fea,d19c86a87f113fea388e,2
d1b2f8ea15099807,d1b2f8ea15099807c968,2
d1b80f1ecd04f563,b5f0ab91d3927760f455,2
d1c8500608bb2353,93957793f98fcd5a4a88,2
d1df09989ee5f5f6,d1df09989ee5f5f65f3a,2
d22026401dee14d8,d22026401dee14d8e2a8,2
d23bebe28b728462,5a5533ff25e5f45b5f83,2
d2551fbd0df7c4b9,d2551fbd0df7c4b9e11d,2
d266c9efac4ace74,d266c9efac4ace746b86,2
d278075ef76cce9d,d278075ef76cce9d0718,2
d27a8874530fbb05,5098004c6f2c50ee0c28,2
d29341ea44003e85,d29341ea44003e85499e,2
d29ce463fe090512,d29ce463fe09051229b7,2
d2ac30255b52ef32,d2ac30255b52ef323cfb,2
d2b9745190b93e5f,d2b9745190b93e5fc939,2
d2e1982a35130a27,d2e1982a35130a2771ae,2
d2ea68a2c46748c7,d2ea68a2c46748c734ba,2
d322600fbe3dc447,d322600fbe3dc4477253,2
d3270a71a84f4c2c,cd799e994b8ebcf1f576,2
d343c2d058aa0dc9,287d88119e763b66c31d,2
d34aa947020b6461,d34aa947020b64617fc0,2
d38882df3ca54109,d38882df3ca54109b032,2
d3c2f4de7948c937,d3c2f4de7948c937a149,2
d3c497a26320906f,d3c497a26320906f9806,2
d3e4cee2dec7cf1f,d3e4cee2dec7cf1fab52,2
d4190a6ea3eef24e,d4190a6ea3eef24ebaab,2
d42a46c228ac7d3e,d42a46c228ac7d3ead62,2
d44e6baad8568bcf,af24f18f7f0205dde1eb,2
d45ae10a8b5c1989,d45ae10a8b5c198909fe,2
d45b172152214e19,d45b172152214e19079b,2
d48ec7b0c324078b,d48ec7b0c324078bfa0f,2
d495564d82ca71cd,d495564d82ca71cd33b4,2
d4beba0a50850327,d4beba0a50850327b540,2
d4d03c73147bf6da,d4d03c73147bf6da056a,2
d51d3edf69b0b524,d51d3edf69b0b5248aed,2
d5282eef366e5205,d5282eef366e5205a57b,2
d5550d37d818d3c6,d5550d37d818d3c67565,2
d58cc70c59fab904,38b76a6fcbb1fcdd3300,2
d5a9005e26eb2897,d5a9005e26eb28974790,2
d62640a86a1e3d9b,d62640a86a1e3d9ba7d5,2
d65af2c7ae0bca31,d65af2c7ae0bca31ecb3,2
d65c11ca317a72e5,d65c11ca317a72e5fbd4,2
d65c3c7fed71b80b,be52629e9c3191af7c24,2
d66fbf7b53d9fcc6,5a5533ff25e5f45b5f83,2
d69a6c5dd8c5065c,d69a6c5dd8c5065c9019,2
d6bf327d11860a1f,d6bf327d11860a1f2c34,2
d6c4a8379a222f03,d7ae0b199e06470e5401,2
d6fca3c77f3a509f,d6fca3c77f3a509fc01e,2
d718016c394d5cb5,d718016c394d5cb50c3e,2
d73fb1eb2758e4c0,30f13f0df62e96af91ea,2
d7618801e9223fdf,d7618801e9223fdf141b,2
d76dfbea9b4b58d7,d76dfbea9b4b58d7b55f,2
d776507c3010c3ad,af885b6f58509dc488bd,2
d77b1dc303a27379,d77b1dc303a273793222,2
d7b326044161a4b4,d7b326044161a4b491bd,2
d7b7cb875c2abbdb,d7b7cb875c2abbdbea79,2
d7f676c671a8b305,d7f676c671a8b305b1ee,2
d802b15c1b5e0705,d802b15c1b5e0705a731,2
d8380aeb79bb4797,d8380aeb79bb4797983d,2
d86064b3c3e5d087,a1dcdb8507b3c2ec9504,2
d87ab3956a8f0e41,d87ab3956a8f0e41d943,2
d88c4773dd6029d6,2c4830a3ffdde46fe07b,2
d8a4823dc91a0ba1,d8a4823dc91a0ba172e7,2
d8b4b9989ba419da,d8b4b9989ba419da9287,2
d8bfaa1cd98c0f33,f56c1907eaef06ecf73d,2
d8d878c4a4b5953f,d8d878c4a4b5953f78f2,2
d922c476f6bc7be4,d922c476f6bc7be4bbcd,2
d944ac22781b4da0,d944ac22781b4da03037,2
d96cf8ac1ce6953e,d96cf8ac1ce6953e903c,2
d988461af1511d6f,d988461af1511d6f6b62,2
d9a2603e3946ac4c,d9a2603e3946ac4c8eb2,2
d9a6a1fd5a3195e4,d5e627b94aa927cd3a8b,2
d9c5f359a871db9a,d9c5f359a871db9a25b2,2
d9fa9841cd19742f,93610e9c27d1397e41d8,2
d9fbd557393782d6,71ace3cf3f788f40cd22,2
da104a39780a9b99,da104a39780a9b99d040,2
da2393b299468968,da2393b29946896868c6,2
da3caf5ac7492843,da3caf5ac74928431327,2
da48cf5c29bce380,da48cf5c29bce380193e,2
da51560ef71f1a4e,c0be7ed5336a9282f096,2
da8d14d14297c5cd,da8d14d14297c5cdf945,2
dacfe6d4c4f45950,dacfe6d4c4f45950b4b1,2
dad4cb50d22d27ef,258a92aedb1471d2a96f,2
dae250333af89e3f,2947fea03d71d95dea77,2
dae68392c36d06e8,dae68392c36d06e87299,2
daf924629cb108f1,daf924629cb108f1ad8b,2
db00245ddbf86c27,db00245ddbf86c27765e,2
db0e9a962b7575c8,db0e9a962b7575c86a96,2
db1c3943dca74c20,db1c3943dca74c20dfcb,2
db23d855874b7d77,db23d855874b7d770e92,2
db402baf9158dc08,92caca19542cbc865e2f,2
db4329c00baec8bb,db4329c00baec8bbafee,2
db6f23ce1216942c,db6f23ce1216942c79f2,2
db82b5f2040330e7,db82b5f2040330e701b5,2
db861a2f28b3aa4e,db861a2f28b3aa4e7a50,2
db8c6fbacc64f19d,411ead2674a5a3b7f988,2
db93ed553ef9da87,0fd72ee263614c96b912,2
dbbe1ee9ab364d41,dbbe1ee9ab364d41fbd6,2
dbe04adb9ec8d09b,dbe04adb9ec8d09bfcea,2
dc08c6a280cb809e,dc08c6a280cb809e2495,2
dc2286a7c44fc047,ede4bda42e39bf7eaa23,2
dc3a5b6670b45955,dc3a5b6670b45955da5e,2
dc3b5990c8b31a79,ca906922c010673d4ecb,2
dc437351bf5a9607,dc437351bf5a9607ee1c,2
dc679580c00cf294,dc679580c00cf2948edf,2
dc7751d5fd3f05b6,e9059094e3517e4cbc1b,2
dca53c48fcee2451,af24f18f7f0205dde1eb,2
dcb6f40a21c3747d,dcb6f40a21c3747d4d0d,2
dcc3558b15502bd2,dcc3558b15502bd25898,2
dcd5ac3a5ea29cc8,dcd5ac3a5ea29cc8e803,2
dcd6da2badf93ce6,72d22a5a59a66f53555b,2
dcfc9bd68c1fac1d,4741c38ea4317438ce80,2
dcffa60d90781be4,dcffa60d90781be42e6d,2
dd0c4cc0cb17efb0,dd0c4cc0cb17efb06c66,2
dd601ff3264f0557,dd601ff3264f0557c057,2
dd73c1fce79f7a49,e1b277cc9b68110c8f6c,2
dd98b3d3d9672389,dd98b3d3d967238901ee,2
dddcbc9d62120749,1107baa7e0d5771fe556,2
de08b928061df65e,ff6d60744683a7f925d4,2
de62cad81f59c93b,de62cad81f59c93b54f9,2
de62d5ccf1539468,de62d5ccf15394681b98,2
de8dcb0e8168a1b7,52cd23c641e597bb3082,2
de8f4a90dec4e021,de8f4a90dec4e0215292,2
de92c3a8a8611cbd,de92c3a8a8611cbd518b,2
de9bc7f1410bf524,a0fd14d6a61b039dd400,2
dec21aeb0d20ab21,dec21aeb0d20ab2119d4,2
df0ab68002e8d599,df0ab68002e8d599095b,2
df21ca0d70387361,a4a7ade5549fde8ec8dd,2
df381a4e230291ee,df381a4e230291ee9ade,2
df3d35835f3d2e21,df3d35835f3d2e211875,2
df5e0b947ab67f9a,df5e0b947ab67f9a2ff4,2
df7b8662a8db59e1,7cfa4a2eb336450eda15,2
df7f2fba73cdf11d,8ca9d9dd48d814a9bc25,2
df852234d857c2d0,df852234d857c2d095cb,2
df97943b89548d9b,df97943b89548d9b3da6,2
df9fa1e109bc5054,df9fa1e109bc5054a83b,2
dfb40c9629ff5df2,dfb40c9629ff5df2060d,2
dfe5b37477d0695e,dfe5b37477d0695e017f,2
dfec4b2716a94806,cd799e994b8ebcf1f576,2
dffe14e6616c4f0d,38b76a6fcbb1fcdd3300,2
e00d54eb8a25f410,e00d54eb8a25f41017b4,2
e00f62d12b00fc48,2763ee6271873736885e,2
e05d61cb980ff1f8,e05d61cb980ff1f8ff31,2
e067e8beb3a29632,6f6e2fd6868a54c48d13,2
e0a793263bb800dd,e0a793263bb800dd979b,2
e0ccb9d8c70a73d2,272129d776d78583566d,2
e101007c8ff27102,e101007c8ff27102e545,2
e10cfe847c82db77,706eb21feae68a30a175,2
e11a6ca0561410ae,e11a6ca0561410ae68c7,2
e12a5ce7324079af,e12a5ce7324079aff10b,2
e151f82bd9b60624,e151f82bd9b606243a11,2
e16921f0b2f13d47,e16921f0b2f13d479b50,2
e16dc1fed2900fad,46b0da6d2aa914ff1035,2
e185e23633ce31d7,d0fe7106184be79aab9c,2
e1ba4d92ce90857b,af9dfa8c8bb65b161016,2
e1c35b92ad44f054,e1c35b92ad44f054565f,2
e1e6c77336d7cc69,e1e6c77336d7cc69f77a,2
e1fc0213daca7369,4af5cf44f6542d5968b7,2
e232099accf9cb65,d58f1f403774619cb2ee,2
e2416b6f2e0d52b8,5fe89690849869b04809,2
e25455c792f1dc85,e25455c792f1dc85445b,2
e25c3571beca9cbf,43865ea25f5d6a935a40,2
e27416c15a70f59f,8b9310fee742686febac,2
e282bab9b7e92991,e282bab9b7e929919ada,2
e2aebb6abff8b238,e2aebb6abff8b2381210,2
e2bf5c07a5d781d9,0b32f4cf9ddf37cb1193,2
e2c567d1374af5da,e2c567d1374af5da1734,2
e2dd0911e16e449c,e2dd0911e16e449c897a,2
e2e414a5354dd561,f7069092fb04658180a9,2
e2f95422dcf8782a,e2f95422dcf8782a4ab7,2
e31758c47b14485b,e31758c47b14485bfb51,2
e32953319c8ac098,382aac6f227c67967cdc,2
e344d89fc638f533,e344d89fc638f53302c4,2
e365a5520764046a,dcaa2b017114a7532b66,2
e3717dfdac38c907,e3717dfdac38c9076d82,2
e382a7d08eb8b53a,af9dfa8c8bb65b161016,2
e4144927caede024,e4144927caede0242b96,2
e41f577c13f136c0,e41f577c13f136c0baa9,2
e4208b50a1dd03aa,e4208b50a1dd03aa760a,2
e44d46004146afee,e44d46004146afee006f,2
e4546ef702babe7b,af9dfa8c8bb65b161016,2
e457c55e5de39b0c,e457c55e5de39b0c8934,2
e46acf732a5c0359,e46acf732a5c035951c1,2
e475cd1a7054cd8b,fbcea860b1af51175e16,2
e48062b038a667fb,c5566d6d0bd1cabac24f,2
e49a79ca2bd1a9a1,e49a79ca2bd1a9a1400d,2
e4c5b20567a0d38d,e4c5b20567a0d38da900,2
e4ddf6c14f172217,e4ddf6c14f172217cda8,2
e500e2b68494bc32,e500e2b68494bc327b5d,2
e5425610276ea711,8a09e0dad21da0e20088,2
e56e5d7ec43a1802,e56e5d7ec43a18023fca,2
e57b4bc8b4547445,e57b4bc8b454744555a3,2
e58233153e33c91f,e58233153e33c91fb948,2
e58d682f4c72f3b3,74d7f93e4ee173634a27,2
e5c4109798bd2014,e0ff047bdcc37e442030,2
e602e385b7476286,e602e385b74762869964,2
e615680915bd50f6,e615680915bd50f6dddc,2
e61acc7b29e10393,e61acc7b29e103930708,2
e61d29925c0f74ce,af9dfa8c8bb65b161016,2
e66c8ada3a9fca94,e66c8ada3a9fca94c457,2
e6856f0a65694732,e6856f0a65694732ae2d,2
e6992a7d307d31f0,e6992a7d307d31f01da2,2
e6a5b694b47ccc46,e8868916abe8a15ff6d9,2
e6b5ee49812322ae,e6b5ee49812322ae36bb,2
e6caaddf9c4b03c9,e6caaddf9c4b03c91bbc,2
e6fd8880513b7e07,e7244c4ec1241433a752,2
e7058f63485799bf,e7058f63485799bf853c,2
e75b462eaa12a2b9,e75b462eaa12a2b99d75,2
e762f1770023afb5,e762f1770023afb5f184,2
e77156779fc7e025,e77156779fc7e025613f,2
e7771f404ca3aff7,08890dda96816c93b6bc,2
e78287e5576c7803,e78287e5576c7803d8eb,2
e7856f11a53934b6,e7856f11a53934b660e9,2
e78fad229c2b88e7,e78fad229c2b88e74ee2,2
e7bc3675cd67e2dc,e7bc3675cd67e2dc4528,2
e7be2133ee31e846,e7be2133ee31e8463e48,2
e7cc881bd72c0d0b,e7cc881bd72c0d0b59ed,2
e7d233fc1a24578e,38b76a6fcbb1fcdd3300,2
e8088a3405c38060,de7ca000cf92dab9fbec,2
e80d1bc9982dddc4,9db5ea545459316c7d3f,2
e827c1321eb40870,e827c1321eb408705019,2
e8556b867ee5cfe0,c8cdef444f5f483d6bb9,2
e865a2f73054aca3,e865a2f73054aca3c03c,2
e89d7180df6ff52e,e89d7180df6ff52e90a2,2
e8ac259d706cde5b,e8ac259d706cde5b245d,2
e8dfabc7cee9b36f,e8dfabc7cee9b36f1724,2
e9286f515724d77e,e9286f515724d77e6056,2
e951742e19796cbf,e951742e19796cbffff5,2
e97f4ee8d7c638fa,e97f4ee8d7c638fa0f4f,2
e99a4eb58485a5b9,4fae1e12d2c15150d76c,2
e9f8853bdf98ebd7,e9f8853bdf98ebd7ca93,2
ea01bce0b15c6718,ea01bce0b15c67188297,2
ea0c4b2c325402fc,ea0c4b2c325402fc6202,2
ea4bb55d77b9576a,cd799e994b8ebcf1f576,2
ea56e7f8575a9845,ea56e7f8575a98455936,2
ea71a33743104fb2,ea71a33743104fb27b41,2
ea90ac636604315e,08215e9bd5d6ccb1e08b,2
eaa0be9c6390e3a8,eaa0be9c6390e3a84a1d,2
eaa5fb634c9dd1f3,be7a4209e3deaa4546f1,2
eaab4066a352909d,eaab4066a352909d467e,2
eadf269da9ac3f34,eadf269da9ac3f340a9d,2
eae4c228d66dee01,eae4c228d66dee019661,2
eaeb7ead9e970d5d,e935e361a7fb1e5be3e3,2
eaf09f9c8c7798bd,eaf09f9c8c7798bdf64d,2
eb1b5822168914b3,eb1b5822168914b36a14,2
eb1bdce8893ebe86,06d18943092dff013f74,2
eb412442bbcce0d2,eb412442bbcce0d267f3,2
eb43197d183d1b62,6b9997161eb377d4d915,2
eb4d8d3b159948ec,6f3c85efd8cec4eec4f6,2
eb5bb8f9469ae71e,eb5bb8f9469ae71eeda4,2
eb69adc2a72f1868,eb69adc2a72f1868f4c8,2
eb87e87ba08da2b9,3618adcb2de9ca4e8a29,2
eb89b9bd9639ac67,93610e9c27d1397e41d8,2
ebb03310a2ee45bd,ebb03310a2ee45bd747c,2
ebcaa2fda15c8f9a,ebcaa2fda15c8f9a01e0,2
ebdc1c8b70eee1a3,ebdc1c8b70eee1a3c232,2
ebea87b04016e108,54e16b61658512de4e7a,2
ebf2f5e7f0d6c39b,ebf2f5e7f0d6c39b4a55,2
ebf78e3a125db1aa,ebf78e3a125db1aa4a15,2
ec20107180205913,ec20107180205913f457,2
ec82adf05c812e85,ec82adf05c812e85a020,2
ec9efd30928728cc,ec9efd30928728cca395,2
ecccef72de9156d1,af9dfa8c8bb65b161016,2
ecf05ec4c029202f,ecf05ec4c029202fa4ff,2
ecf30c76565fbda0,dd8a954661758f365f37,2
ed14848f14b67122,ed14848f14b67122b1a8,2
ed2438e09807d53e,ed2438e09807d53ebc17,2
ed75a62a4835e733,ed75a62a4835e733939e,2
eda3a56eb384bd1e,eda3a56eb384bd1eda35,2
eda75f0f9e6e4fd6,13c8403d824ef90678c4,2
ede5159b73bb5864,fe85eb39cd8cad3d1370,2
edef650ca393c9e8,edef650ca393c9e8b612,2
ee6e09af7cc99c8b,ee6e09af7cc99c8b6d9e,2
ee72a39bba6a3448,ee72a39bba6a3448164a,2
eef1b352805e1913,eef1b352805e1913736c,2
eef5aa5f717d3fcf,f48adc3a92e1a5a77c15,2
ef0ca3f712048479,ef0ca3f71204847988c0,2
ef1809c980f2cf3e,316c336ce7c3deff7d97,2
ef6f747e92b1812b,0662b5034f88f2c1754f,2
ef8d93e57546d600,ef8d93e57546d6007cad,2
ef957029eab41152,be7a4209e3deaa4546f1,2
ef9854e1c9251559,ef9854e1c925155984b0,2
ef9d4e5890da769f,ef9d4e5890da769f7dd6,2
efd21413cef2812a,efd21413cef2812a604f,2
efdf64e110d36987,efdf64e110d36987021d,2
efee096363422950,efee096363422950e749,2
f00c5bf15a1d9527,f00c5bf15a1d9527057a,2
f01d412e9b37568d,1aded2dd58da515052bf,2
f022be56460128e7,c629f06bfd9c1632a2da,2
f03a674308008f9b,f03a674308008f9bd5de,2
f03b02451a72b35e,5693701535dccab5dd17,2
f066b4cf363d2cf9,bb585e83e331003ec1d9,2
f06ab0d78e1d29ca,c2f2d862511dbac1114c,2
f078a24b0cc0adda,35bc81543da9b8f7f731,2
f082531b07a4d43a,f082531b07a4d43ae172,2
f09f4a977bca50b8,f09f4a977bca50b88ff6,2
f0a9a9b8054df35f,f0a9a9b8054df35f8dd9,2
f0c183bdd145457f,f0c183bdd145457f4217,2
f0e01785cc837f58,f0e01785cc837f58f9fb,2
f1145974d706bf17,f1145974d706bf17cf4e,2
f117df6e3bea27d1,af9dfa8c8bb65b161016,2
f12465e36b5920ce,b896d596f130d955a1b4,2
f12d48479475035b,f12d48479475035b7ecf,2
f14647648c7b2c18,592dc80be052a18e34ed,2
f146a66d4fb7a730,f146a66d4fb7a73090ea,2
f158eba9d8ea6335,f158eba9d8ea6335456f,2
f1b913e43254769c,f1b913e43254769cf0db,2
f1ec1916bbe35c93,f24e54332d8730a4ca8b,2
f1fcf74e121ef232,f1fcf74e121ef232728b,2
f20572b6a1a98c01,f20572b6a1a98c015424,2
f24d15b3a117f920,f24d15b3a117f920d9ca,2
f2501c648bfb817f,cd799e994b8ebcf1f576,2
f27bc6ecb0589a55,f27bc6ecb0589a55a5d6,2
f2949bbd5fefd454,f2949bbd5fefd4545fb2,2
f2960e5113738a95,ff99afc638ceeb9ae0ba,2
f2e5293b40f1247f,f2e5293b40f1247fc1fb,2
f2fa65cf50db2ab4,f2fa65cf50db2ab4edb7,2
f304eed9503370eb,8920863440e8dd4e8a7b,2
f330685b1e405ec0,f330685b1e405ec04384,2
f341f5307c10c854,f341f5307c10c854a64a,2
f34b42eb9637e00c,af24f18f7f0205dde1eb,2
f365556a053bcda2,f365556a053bcda2718a,2
f36dcb785cd7d0a5,cd799e994b8ebcf1f576,2
f3c2cf6b2b08219d,f3c2cf6b2b08219db1b9,2
f3edc5eb1049e68e,f3edc5eb1049e68e56ed,2
f3efcbb48c446351,f3efcbb48c44635115c7,2
f40c1167e7f2e68f,311e8bb8000e6ecfb471,2
f43835ab968e826b,f43835ab968e826ba43d,2
f445b0d5201ef3ce,9def34fbc294196e7ff0,2
f44df0103df26839,f44df0103df26839c923,2
f475046d85b18d89,f475046d85b18d89d110,2
f486253d5b5d2733,9346f65c4732191a4816,2
f48e73740169a5a8,f48e73740169a5a8d15e,2
f49c6320e08eb5ed,6f6e2fd6868a54c48d13,2
f4bb9a9fb09e1823,f4bb9a9fb09e18236a1d,2
f4c6bc7c150e32cf,1df91b306d6e13101536,2
f4e3c95b2c5da85c,f4e3c95b2c5da85c997c,2
f4ef6a43275acdb8,f4ef6a43275acdb83487,2
f501765c3cabaacd,30c883b844d25cbc4c6a,2
f519055d0de4b92d,f519055d0de4b92d1543,2
f52e080b7606d0fe,c629f06bfd9c1632a2da,2
f542cb6caec42083,b2ab314f57849da85fa7,2
f5501da4e011e5ac,f5501da4e011e5ac95a4,2
f5682360012501a9,6226e4f924913f1028dd,2
f5a1929a58f765f9,f5a1929a58f765f92bd2,2
f5b0d82a674f126f,f5b0d82a674f126f9fb5,2
f5d9a9d2124f6e5f,18ad7e5070e2a8ee7571,2
f5dba0908ef3b6d9,f5dba0908ef3b6d93ba0,2
f609c80b5e63632a,a0fd14d6a61b039dd400,2
f614d7890253b820,f614d7890253b820c7e7,2
f62c14dc49d80043,3f4e4e4694d0b30ae9c4,2
f639768bb3a6e0bf,c954cb9599d9c5044836,2
f6408eef1cd66475,f6408eef1cd66475f4da,2
f647760c087b21ab,f647760c087b21ab9dff,2
f658847553d6869a,39526cd4399b6d513bd0,2
f660421e5f3773ab,b1a6c56c56c88b17f4c2,2
f66934eb28c7831a,f66934eb28c7831ac218,2
f683eb5b3e18b044,f683eb5b3e18b044a4ae,2
f6a7bc408f591db1,f6a7bc408f591db16197,2
f6f644aa62f7c36c,5bfd6297a6d579cf9c67,2
f76d0b0d712cf44c,f76d0b0d712cf44c461b,2
f77b2cafddd68d31,f77b2cafddd68d31d890,2
f7929c8d817b9cf6,f7929c8d817b9cf6b10d,2
f7b6bc2a181ffb48,a7c41bc204951df99d91,2
f7d218e42a3ff810,f7d218e42a3ff810289e,2
f7e5e1052d1db6a7,f7e5e1052d1db6a7230b,2
f7f2f7d97da8a6cb,f7f2f7d97da8a6cbdfd2,2
f7fea433c6453a08,f7fea433c6453a08f529,2
f84f80634d1584de,f84f80634d1584de873c,2
f8871cd40f9990f2,f8871cd40f9990f2e2ee,2
f8af6135aa2065a7,f8af6135aa2065a7ae92,2
f8bd157c8080cf74,f8bd157c8080cf740581,2
f8bed6e5caa4f52f,35377b9689b5bf2a9bc4,2
f8dfe738a9baaf9a,f8dfe738a9baaf9a3a5c,2
f8eaab15b5418b2b,3ca2e0bb32ed171b5ff5,2
f906899db457d8c0,f906899db457d8c0de21,2
f9394f3bd03f8f04,f9394f3bd03f8f04e36e,2
f94c8e05f1acba40,f94c8e05f1acba40beea,2
f95118409eeb9886,f95118409eeb988680ed,2
f971d50a167a6008,f971d50a167a60084da1,2
f9a843ded10aa672,f9a843ded10aa672f9bb,2
f9b88359fee95a11,436caa2ee7f3e8ecd2bc,2
f9bde6913e98bf48,f9bde6913e98bf486fbe,2
f9c21b37a558619f,cd799e994b8ebcf1f576,2
f9e4474e415726e2,a8ac47279a5171e9cc10,2
f9f12a50f4cddc22,f9f12a50f4cddc229809,2
f9fe5d78c354da98,af9dfa8c8bb65b161016,2
fa0d4350bd82847c,fa0d4350bd82847c4c84,2
fa2d6738e55553b3,fa2d6738e55553b3ca4c,2
fa5a8fc65a7e9078,e6f94e11961a6d3e742e,2
fa630b40f3220691,fa630b40f32206913d0b,2
fa71acd7195411b8,fa71acd7195411b8e30f,2
fa71dcb3933e43d2,106eb1048f3669d973ca,2
fad73d9545fdb7f7,fad73d9545fdb7f71474,2
fb1020e3e1b13267,fb1020e3e1b132679144,2
fb362bf38ef73c7c,fb362bf38ef73c7c2f7f,2
fb4c7775742f1add,fb4c7775742f1add2a07,2
fb860151e1cfd1bb,fb860151e1cfd1bb739e,2
fbb0c81032c2e362,fbb0c81032c2e3622f6b,2
fbdec0146909df06,fbdec0146909df06d639,2
fc6cbdf41d1a9b81,fc6cbdf41d1a9b813c28,2
fc80b261717d6391,fc80b261717d6391796e,2
fc8b9903715e9fb0,35f332f823a5582d3fdb,2
fc8eb58e6ef2b2ec,fc8eb58e6ef2b2ecf1af,2
fcc215f2a9d478e6,5a5533ff25e5f45b5f83,2
fcc785383897b4b7,fcc785383897b4b74185,2
fcd250f4643a70bf,fcd250f4643a70bf9260,2
fd14f3310571aaf8,fd14f3310571aaf86118,2
fd2ab678f570ded7,fd2ab678f570ded7b819,2
fd51339bbfb25dbb,fd51339bbfb25dbb96b7,2
fd548e807ef2886d,62cd5d85d157d649e12d,2
fd75d3b88f119518,cd799e994b8ebcf1f576,2
fd77987f5e0acb65,fd77987f5e0acb6545d8,2
fd8689b2edc8b18a,fd8689b2edc8b18a9525,2
fd9435721ad5672d,4f366430dd649d3bb98e,2
fd966fdac2962f26,fd966fdac2962f26f913,2
fdcd94944d2eec77,fdcd94944d2eec7775a1,2
fdef0e6af236917e,fdef0e6af236917e72ef,2
fe006780165ef5a5,fe006780165ef5a53597,2
fe164d099b3ab7f4,fe164d099b3ab7f431f3,2
fe22c87a81fb6893,fe22c87a81fb6893a0df,2
fe94ac7cb28413f2,fe94ac7cb28413f2d951,2
fecb31e7c3800f54,fecb31e7c3800f54c332,2
fed12e912b2cc9eb,8ae7c75aa9bf8c60729b,2
fed854b7d10ed36c,67dc07d5f3a3f5fcd819,2
fee32c03b15c83da,ef4e8da0240c1c6b8e7a,2
fee5ce612949118b,4a99d5e16ce8ad33c815,2
fef49f68365456dc,fef49f68365456dcf15e,2
ff2f59eb8f488b78,b6ac9238d47163687419,2
ff36d78209c6ec0f,ff36d78209c6ec0f1eb1,2
ff3a965b6292fd78,86b597d1b587bbe68ad7,2
ff590329d63c85a7,ff590329d63c85a7f4d9,2
ff63df8fdb8a3c5c,a9192eba730688be3459,2
ff9238d04f92ac63,ff9238d04f92ac63fa97,2
ffc4b419cb79fa91,884538086aa256722c63,2
ffd11f6f87a9afbc,ffd11f6f87a9afbcaa44,2
ffdfa95f0afebe3c,ffdfa95f0afebe3cc193,2
ffe19923ab737ba7,45c23a79abd1a9a74943,2
9cc2ab3f1fb48cfb,9cc2ab3f1fb48cfb2b67,2
dc361283185847e6,60991e90c41849fd0ac0,2
e56e4304a3f84572,60991e90c41849fd0ac0,2
